t,TC0E,TC0F,TC0P,TC1C,TC2C,TC3C,TC4C,TC5C,TC6C,TC7C,TC8C,TCGC,TCMX,TCSA,TCXC,TG0P,TGDD,TGDF,Ts0S,Ts1S,Ts2S,Ts0P,PC0R,PG0R,PSTR,F0Ac,F1Ac,F0Tg,F1Tg,F0Md,F1Md,ioreg.gpu.temp,ioreg.gpu.power,ioreg.gpu.activity,ioreg.gpu.pcipower,sys.wall,sys.thermal,sys.on_ac
0.000,59.012,61.477,52.500,51.000,50.000,52.000,51.000,50.000,49.000,51.000,50.000,51.000,52.062,51.000,52.062,47.562,35.000,35.023,39.992,40.762,37.828,33.996,7.993,0.154,20.193,2881.637,2671.059,1836.000,1700.000,0.000,0.000,,,,2,1789737151.911,0,0
1.000,61.941,65.039,52.500,77.000,71.000,82.000,76.000,79.000,77.000,76.000,75.000,58.000,82.000,63.000,70.734,47.688,35.000,35.023,39.988,40.750,37.820,33.996,37.084,0.251,33.433,2516.673,2342.972,1836.000,1700.000,0.000,0.000,,,,2,1789737152.911,0,0
2.001,65.750,69.680,53.812,67.000,64.000,66.000,65.000,64.000,63.000,65.000,72.000,58.000,77.172,61.000,77.172,47.750,35.000,35.023,39.984,40.742,37.820,34.996,73.590,0.259,85.477,2293.373,2097.352,1836.000,1700.000,0.000,0.000,,,,2,1789737153.912,0,0
3.002,69.395,74.027,54.938,80.000,71.000,81.000,76.000,79.000,75.000,76.000,76.000,60.000,81.000,65.000,80.328,48.188,35.000,35.023,39.984,40.738,37.820,34.996,65.866,0.278,73.622,2128.465,1952.341,1836.000,1700.000,0.000,0.000,,,,2,1789737154.912,0,0
4.001,71.680,76.535,55.562,79.000,72.000,81.000,78.000,81.000,76.000,76.000,76.000,61.000,81.000,66.000,78.547,48.750,35.000,35.023,39.984,40.730,37.820,34.996,52.102,0.313,61.834,2033.462,1853.339,1836.000,1700.000,0.000,0.000,,,,2,1789737155.912,0,0
5.000,71.629,75.996,56.625,73.000,69.000,76.000,71.000,72.000,69.000,71.000,71.000,59.000,76.000,63.000,70.156,49.188,35.000,35.023,39.984,40.730,37.824,34.996,50.055,0.322,71.885,1964.626,1808.300,1836.000,1700.000,0.000,0.000,,,,2,1789737156.911,0,0
5.999,72.773,77.051,57.312,69.000,63.000,73.000,68.000,64.000,63.000,64.000,62.000,59.000,76.219,62.000,76.219,49.812,35.000,35.023,39.984,40.723,37.824,34.996,63.346,0.311,73.137,1902.608,1773.722,1836.000,1700.000,0.000,0.000,,,,2,1789737157.910,0,0
7.002,75.324,79.938,58.125,74.000,69.000,77.000,75.000,74.000,71.000,72.000,72.000,62.000,82.969,66.000,82.969,50.312,35.000,35.023,39.988,40.723,37.828,34.996,65.545,0.282,68.420,1875.537,1741.570,1836.000,1700.000,0.000,0.000,,,,2,1789737158.912,0,0
8.005,77.441,82.230,58.562,85.000,74.000,86.000,81.000,82.000,81.000,76.000,79.000,65.000,86.000,68.000,83.797,50.750,35.000,35.023,39.988,40.723,37.828,34.996,54.629,0.305,62.242,1863.769,1731.535,1836.000,1700.000,0.000,0.000,,,,2,1789737159.917,0,0
9.006,77.293,81.602,59.438,69.000,62.000,68.000,67.000,62.000,61.000,61.000,61.000,59.000,72.734,62.000,72.734,51.312,35.000,35.023,39.992,40.723,37.832,34.996,45.523,0.337,69.877,1868.363,1706.630,1836.000,1700.000,0.000,0.000,,,,2,1789737160.917,0,0
10.006,76.855,80.734,59.438,58.000,57.000,60.000,58.000,57.000,56.000,58.000,57.000,58.000,63.328,57.000,63.328,51.625,35.000,35.023,39.996,40.723,37.836,34.996,20.803,0.246,35.483,1856.694,1701.299,1836.000,1700.000,0.000,0.000,,,,2,1789737161.918,0,0
11.009,76.273,80.152,59.125,57.000,57.000,58.000,57.000,56.000,55.000,57.000,56.000,57.000,58.250,56.000,58.250,51.688,35.000,35.023,39.996,40.730,37.844,34.996,7.582,0.139,17.781,1837.597,1701.420,1836.000,1700.000,0.000,0.000,,,,2,1789737162.920,0,0
12.012,75.703,79.582,58.562,56.000,57.000,58.000,56.000,55.000,55.000,56.000,56.000,57.000,58.000,56.000,57.984,51.875,35.000,35.023,40.004,40.734,37.848,34.996,8.189,0.148,19.082,1844.716,1701.307,1836.000,1700.000,0.000,0.000,,,,2,1789737163.925,0,0
13.013,75.148,79.027,58.188,57.000,56.000,58.000,56.000,55.000,55.000,56.000,56.000,57.000,58.000,56.000,57.922,51.688,35.000,35.023,40.008,40.738,37.855,34.996,8.848,0.158,18.635,1826.049,1711.775,1836.000,1700.000,0.000,0.000,,,,2,1789737164.927,0,0
14.013,74.586,78.465,57.750,56.000,56.000,58.000,56.000,55.000,54.000,55.000,55.000,57.000,58.000,55.000,57.172,51.562,35.000,35.023,40.012,40.746,37.863,34.996,8.067,0.148,18.887,1844.820,1697.025,1836.000,1700.000,0.000,0.000,,,,2,1789737165.928,0,0
15.018,74.074,77.953,57.562,56.000,56.000,57.000,56.000,54.000,54.000,55.000,55.000,56.000,58.281,55.000,58.281,51.625,35.000,35.023,40.016,40.754,37.871,34.996,11.783,0.179,22.670,1837.747,1701.452,1836.000,1700.000,0.000,0.000,,,,2,1789737166.929,0,0
16.019,73.535,77.414,57.375,55.000,55.000,56.000,56.000,54.000,53.000,55.000,55.000,56.000,56.750,55.000,56.750,51.438,35.000,35.023,40.020,40.762,37.883,34.996,8.267,0.148,18.596,1840.256,1685.520,1836.000,1700.000,0.000,0.000,,,,2,1789737167.930,0,0
17.022,72.992,76.871,57.188,55.000,55.000,56.000,55.000,54.000,53.000,55.000,54.000,56.000,56.125,55.000,56.125,51.312,35.000,35.023,40.023,40.766,37.891,34.996,7.951,0.149,18.649,1842.460,1703.183,1836.000,1700.000,0.000,0.000,,,,2,1789737168.933,0,0
18.023,72.453,76.332,56.875,54.000,55.000,55.000,55.000,54.000,53.000,55.000,54.000,55.000,55.797,54.000,55.797,51.188,35.000,35.023,40.031,40.777,37.898,34.996,7.655,0.140,18.156,1830.608,1697.529,1836.000,1700.000,0.000,0.000,,,,2,1789737169.934,0,0
19.026,71.934,75.812,56.812,54.000,55.000,56.000,54.000,53.000,53.000,55.000,54.000,55.000,56.000,54.000,55.766,51.062,35.000,35.023,40.035,40.785,37.910,34.996,8.290,0.144,18.450,1830.775,1695.362,1836.000,1700.000,0.000,0.000,,,,2,1789737170.939,0,0
20.029,71.406,75.285,56.500,54.000,56.000,55.000,54.000,54.000,52.000,54.000,53.000,55.000,56.000,54.000,55.141,50.938,35.000,35.023,40.039,40.793,37.918,34.996,7.328,0.132,17.115,1839.795,1689.720,1836.000,1700.000,0.000,0.000,,,,2,1789737171.942,0,0
21.034,70.895,74.773,56.312,54.000,54.000,55.000,54.000,53.000,52.000,54.000,53.000,55.000,55.031,53.000,55.031,50.812,35.000,35.023,40.047,40.801,37.930,34.996,7.249,0.140,18.098,1842.393,1697.168,1836.000,1700.000,0.000,0.000,,,,2,1789737172.944,0,0
22.036,70.402,74.281,56.062,54.000,54.000,55.000,53.000,53.000,52.000,54.000,53.000,54.000,55.078,53.000,55.078,50.688,35.000,35.023,40.051,40.809,37.941,34.996,7.707,0.137,17.971,1847.082,1697.025,1836.000,1700.000,0.000,0.000,,,,2,1789737173.948,0,0
23.037,69.922,73.801,55.812,54.000,55.000,55.000,54.000,54.000,53.000,54.000,53.000,55.000,55.016,53.000,55.016,50.625,35.000,35.023,40.055,40.816,37.953,34.996,7.647,0.136,17.463,1830.589,1697.225,1836.000,1700.000,0.000,0.000,,,,2,1789737174.950,0,0
24.042,69.461,73.340,55.688,55.000,55.000,56.000,55.000,54.000,53.000,54.000,53.000,54.000,56.000,54.000,55.234,50.500,35.000,35.023,40.062,40.824,37.965,34.996,8.210,0.153,18.273,1830.710,1696.801,1836.000,1700.000,0.000,0.000,,,,2,1789737175.955,0,0
25.045,69.004,72.883,55.562,53.000,54.000,55.000,53.000,52.000,52.000,53.000,52.000,53.000,55.000,53.000,54.875,50.375,35.000,35.023,40.070,40.832,37.977,34.996,8.190,0.144,19.389,1831.064,1697.104,1836.000,1700.000,0.000,0.000,,,,2,1789737176.957,0,0
26.046,68.547,72.426,55.375,53.000,53.000,54.000,53.000,52.000,52.000,53.000,52.000,54.000,54.328,53.000,54.328,50.188,35.000,35.023,40.074,40.836,37.988,34.996,7.999,0.144,18.156,1861.109,1697.089,1836.000,1700.000,0.000,0.000,,,,2,1789737177.958,0,0
27.047,68.098,71.977,55.250,53.000,53.000,54.000,53.000,53.000,51.000,54.000,52.000,53.000,54.156,52.000,54.156,50.000,35.000,35.023,40.078,40.844,38.000,34.996,7.681,0.147,18.433,1844.574,1697.313,1836.000,1700.000,0.000,0.000,,,,2,1789737178.958,0,0
28.048,67.656,71.535,55.125,53.000,53.000,54.000,52.000,53.000,51.000,52.000,51.000,53.000,54.016,52.000,54.016,50.062,35.000,35.023,40.086,40.852,38.012,34.996,7.136,0.138,17.670,1839.729,1710.799,1836.000,1700.000,0.000,0.000,,,,2,1789737179.959,0,0
29.047,67.234,71.113,54.938,53.000,54.000,53.000,53.000,53.000,51.000,53.000,52.000,53.000,54.125,53.000,54.125,49.938,35.000,35.023,40.090,40.855,38.023,34.996,8.871,0.154,19.206,1832.901,1698.883,1836.000,1700.000,0.000,0.000,,,,2,1789737180.959,0,0
30.050,66.820,70.699,54.750,53.000,54.000,54.000,53.000,52.000,51.000,53.000,52.000,54.000,54.000,52.000,53.969,49.812,35.000,35.020,40.098,40.859,38.031,34.996,7.187,0.136,17.628,1842.384,1697.136,1836.000,1700.000,0.000,0.000,,,,2,1789737181.961,0,0
31.050,66.414,70.293,54.688,53.000,53.000,54.000,52.000,52.000,51.000,52.000,51.000,52.000,54.000,52.000,53.891,49.688,35.000,35.020,40.102,40.863,38.043,34.996,7.601,0.144,18.148,1830.747,1701.243,1836.000,1700.000,0.000,0.000,,,,2,1789737182.966,0,0
32.051,66.016,69.895,54.562,53.000,53.000,53.000,52.000,52.000,51.000,53.000,52.000,53.000,53.641,52.000,53.641,49.625,35.000,35.020,40.105,40.871,38.051,34.996,7.554,0.135,17.878,1842.064,1695.147,1836.000,1700.000,0.000,0.000,,,,2,1789737183.967,0,0
33.051,65.617,69.496,54.312,52.000,53.000,54.000,52.000,51.000,51.000,52.000,51.000,52.000,54.000,52.000,53.250,49.500,35.000,35.020,40.109,40.875,38.062,34.996,7.032,0.139,17.845,1830.850,1709.199,1836.000,1700.000,0.000,0.000,,,,2,1789737184.963,0,0
34.051,65.227,69.105,54.375,52.000,53.000,53.000,52.000,52.000,50.000,52.000,51.000,53.000,53.109,52.000,53.109,49.375,35.000,35.020,40.117,40.879,38.070,34.996,7.514,0.139,18.244,1830.664,1707.642,1836.000,1700.000,0.000,0.000,,,,2,1789737185.963,0,0
35.056,64.891,68.770,54.188,55.000,54.000,55.000,54.000,53.000,52.000,54.000,52.000,54.000,55.000,53.000,54.500,49.312,35.000,35.020,40.117,40.883,38.086,34.996,12.827,0.158,22.011,1817.374,1693.687,1836.000,1700.000,0.000,0.000,,,,2,1789737186.970,0,0
36.060,64.539,68.418,54.125,52.000,53.000,53.000,52.000,51.000,51.000,52.000,51.000,54.000,54.000,52.000,53.641,49.250,35.000,35.020,40.125,40.887,38.094,34.996,10.239,0.141,21.253,1842.280,1694.580,1836.000,1700.000,0.000,0.000,,,,2,1789737187.971,0,0
37.063,64.246,68.125,54.188,54.000,53.000,54.000,53.000,52.000,51.000,54.000,52.000,55.000,55.141,53.000,55.141,49.312,35.000,35.020,40.129,40.895,38.102,34.996,13.834,0.156,23.889,1842.186,1701.323,1836.000,1700.000,0.000,0.000,,,,2,1789737188.974,0,0
38.064,63.906,67.785,54.188,53.000,52.000,53.000,52.000,51.000,51.000,52.000,51.000,53.000,53.391,52.000,53.391,49.062,35.000,35.020,40.133,40.895,38.109,34.996,8.047,0.145,19.313,1825.975,1701.388,1836.000,1700.000,0.000,0.000,,,,2,1789737189.974,0,0
39.065,63.570,67.449,53.875,52.000,52.000,53.000,52.000,51.000,50.000,52.000,51.000,52.000,53.172,51.000,53.172,49.062,35.000,35.020,40.137,40.898,38.117,34.996,8.352,0.143,19.020,1837.203,1685.520,1836.000,1700.000,0.000,0.000,,,,2,1789737190.977,0,0
40.065,63.242,67.121,53.938,52.000,53.000,53.000,52.000,51.000,50.000,52.000,51.000,52.000,53.062,52.000,53.062,48.938,35.000,35.020,40.141,40.902,38.129,34.996,7.974,0.133,18.143,1835.630,1697.513,1836.000,1700.000,0.000,0.000,,,,2,1789737191.976,0,0
41.069,62.922,66.801,53.750,52.000,51.000,53.000,52.000,51.000,50.000,52.000,51.000,52.000,53.000,51.000,52.969,48.938,35.000,35.020,40.141,40.906,38.137,34.996,7.176,0.131,17.419,1830.412,1697.393,1836.000,1700.000,0.000,0.000,,,,2,1789737192.984,0,0
42.072,62.613,66.492,53.562,52.000,51.000,53.000,52.000,51.000,51.000,52.000,50.000,52.000,53.094,51.000,53.094,48.812,35.000,35.020,40.145,40.906,38.141,34.996,7.769,0.141,18.513,1830.682,1690.141,1836.000,1700.000,0.000,0.000,,,,2,1789737193.985,0,0
43.076,62.324,66.203,53.562,52.000,53.000,53.000,52.000,51.000,51.000,52.000,51.000,52.000,53.328,51.000,53.328,48.688,35.000,35.020,40.148,40.906,38.148,34.996,9.963,0.138,20.372,1856.369,1701.476,1836.000,1700.000,0.000,0.000,,,,2,1789737194.987,0,0
44.076,62.027,65.711,53.438,52.000,52.000,52.000,52.000,51.000,50.000,52.000,51.000,52.000,52.828,51.000,52.828,48.625,35.000,35.020,40.152,40.910,38.156,34.996,9.140,0.135,19.226,1842.318,1701.516,1836.000,1700.000,0.000,0.000,,,,2,1789737195.988,0,0
45.080,61.762,65.445,53.375,52.000,53.000,53.000,52.000,52.000,50.000,51.000,51.000,52.000,53.516,51.000,53.516,48.625,35.000,35.020,40.152,40.910,38.160,34.996,10.915,0.140,21.618,1839.823,1697.288,1836.000,1700.000,0.000,0.000,,,,2,1789737196.994,0,0
46.082,61.504,65.188,53.375,51.000,53.000,53.000,52.000,51.000,50.000,52.000,51.000,52.000,53.453,51.000,53.453,48.438,35.000,35.020,40.156,40.914,38.168,34.996,11.203,0.144,21.556,1842.261,1711.246,1836.000,1700.000,0.000,0.000,,,,2,1789737197.994,0,0
47.087,61.254,64.938,53.375,52.000,53.000,53.000,52.000,51.000,50.000,52.000,51.000,52.000,53.516,52.000,53.516,48.625,35.000,35.020,40.156,40.914,38.172,34.996,8.734,0.139,18.775,1821.411,1691.157,1836.000,1700.000,0.000,0.000,,,,2,1789737199.001,0,0
48.092,60.992,64.676,53.250,52.000,51.000,53.000,51.000,51.000,50.000,51.000,51.000,52.000,53.000,51.000,52.922,48.562,35.000,35.020,40.160,40.914,38.180,34.996,8.269,0.145,19.277,1856.732,1697.489,1836.000,1700.000,0.000,0.000,,,,2,1789737200.004,0,0
49.095,60.727,64.410,53.312,51.000,51.000,52.000,51.000,51.000,50.000,51.000,50.000,52.000,52.516,51.000,52.516,48.562,35.000,35.020,40.160,40.914,38.184,34.996,8.541,0.141,18.976,1830.747,1697.513,1836.000,1700.000,0.000,0.000,,,,2,1789737201.006,0,0
50.098,60.473,64.156,53.125,53.000,55.000,53.000,53.000,53.000,50.000,52.000,50.000,52.000,55.000,52.000,52.547,48.438,35.000,35.020,40.164,40.914,38.188,34.996,8.008,0.136,17.925,1842.677,1691.602,1836.000,1700.000,0.000,0.000,,,,2,1789737202.008,0,0
51.102,60.289,63.973,53.250,51.000,53.000,53.000,52.000,51.000,50.000,51.000,50.000,52.000,54.641,52.000,54.641,48.438,35.000,35.020,40.164,40.914,38.188,34.996,18.162,0.207,29.517,1844.981,1697.577,1836.000,1700.000,0.000,0.000,,,,2,1789737203.013,0,0
52.104,60.105,63.789,53.125,53.000,52.000,53.000,53.000,51.000,51.000,52.000,53.000,52.000,54.453,52.000,54.453,48.312,35.000,35.020,40.164,40.914,38.195,34.996,13.661,0.167,24.045,1842.677,1697.377,1836.000,1700.000,0.000,0.000,,,,2,1789737204.016,0,0
53.108,59.863,63.547,53.125,55.000,53.000,53.000,52.000,51.000,51.000,51.000,50.000,52.000,55.000,52.000,52.312,48.375,35.000,35.020,40.168,40.914,38.199,34.996,7.614,0.129,18.010,1856.091,1700.753,1836.000,1700.000,0.000,0.000,,,,2,1789737205.019,0,0
54.111,59.668,63.168,53.062,53.000,53.000,53.000,52.000,52.000,51.000,53.000,51.000,53.000,53.547,53.000,53.547,48.312,35.000,35.020,40.168,40.914,38.203,34.996,13.182,0.171,23.595,1830.775,1691.268,1836.000,1700.000,0.000,0.000,,,,2,1789737206.022,0,0
55.114,59.473,62.973,53.062,52.000,53.000,52.000,52.000,51.000,50.000,51.000,51.000,52.000,53.516,52.000,53.516,48.375,35.000,35.020,40.168,40.910,38.207,34.996,10.938,0.151,21.614,1844.688,1700.817,1836.000,1700.000,0.000,0.000,,,,2,1789737207.026,0,0
56.116,59.438,62.938,52.875,56.000,54.000,57.000,55.000,55.000,53.000,54.000,52.000,53.000,58.297,54.000,58.297,48.375,35.000,35.020,40.172,40.910,38.207,34.996,12.432,0.168,22.180,1842.544,1701.154,1836.000,1700.000,0.000,0.000,,,,2,1789737208.027,0,0
57.116,59.254,62.754,53.000,52.000,52.000,53.000,52.000,51.000,50.000,51.000,51.000,52.000,53.547,52.000,53.547,48.125,35.000,35.020,40.172,40.910,38.211,34.996,8.906,0.149,20.068,1842.158,1697.409,1836.000,1700.000,0.000,0.000,,,,2,1789737209.028,0,0
58.120,59.031,62.531,53.000,52.000,51.000,52.000,51.000,51.000,50.000,51.000,50.000,51.000,52.141,51.000,52.141,48.250,35.000,35.020,40.172,40.906,38.215,34.996,6.749,0.124,17.111,1831.055,1711.287,1836.000,1700.000,0.000,0.000,,,,2,1789737210.032,0,0
59.124,58.812,62.312,52.750,51.000,51.000,52.000,51.000,50.000,49.000,50.000,50.000,52.000,52.031,51.000,52.031,48.125,35.000,35.020,40.172,40.906,38.219,34.996,6.518,0.120,16.904,1821.687,1691.419,1836.000,1700.000,0.000,0.000,,,,2,1789737211.036,0,0
60.128,58.598,62.098,52.625,51.000,50.000,52.000,50.000,50.000,50.000,51.000,50.000,51.000,52.000,50.000,52.000,48.062,35.000,35.020,40.172,40.902,38.219,34.996,6.260,0.116,16.733,1831.185,1710.888,1836.000,1700.000,0.000,0.000,,,,2,1789737212.039,0,0
61.131,58.391,61.891,52.562,51.000,52.000,52.000,50.000,50.000,49.000,50.000,50.000,51.000,52.000,51.000,51.922,48.062,35.000,35.020,40.172,40.898,38.223,34.996,6.271,0.118,16.707,1831.157,1689.562,1836.000,1700.000,0.000,0.000,,,,2,1789737213.044,0,0
62.135,58.199,61.699,52.312,51.000,51.000,52.000,51.000,50.000,49.000,51.000,50.000,52.000,52.250,51.000,52.250,48.125,35.000,35.020,40.172,40.898,38.227,34.996,7.234,0.125,17.570,1832.994,1697.073,1836.000,1700.000,0.000,0.000,,,,2,1789737214.046,0,0
63.137,57.992,61.492,52.250,51.000,50.000,52.000,50.000,50.000,49.000,51.000,51.000,51.000,52.000,50.000,51.594,48.000,35.000,35.020,40.172,40.895,38.227,34.996,6.668,0.116,16.892,1856.388,1697.265,1836.000,1700.000,0.000,0.000,,,,2,1789737215.050,0,0
64.141,57.809,61.133,52.375,51.000,50.000,52.000,51.000,51.000,50.000,50.000,51.000,51.000,52.125,50.000,52.125,47.938,35.000,35.020,40.172,40.887,38.227,34.996,7.890,0.128,17.575,1835.499,1697.545,1836.000,1700.000,0.000,0.000,,,,2,1789737216.053,0,0
65.142,57.629,60.953,52.062,50.000,51.000,52.000,51.000,50.000,49.000,50.000,50.000,51.000,52.000,50.000,52.000,47.938,35.000,35.020,40.172,40.887,38.230,34.996,7.194,0.126,18.106,1830.729,1700.857,1836.000,1700.000,0.000,0.000,,,,2,1789737217.054,0,0
66.146,57.441,60.766,52.062,51.000,50.000,52.000,51.000,50.000,49.000,50.000,50.000,51.000,52.000,50.000,51.672,47.750,35.000,35.020,40.172,40.879,38.230,34.996,7.013,0.126,17.700,1830.980,1701.034,1836.000,1700.000,0.000,0.000,,,,2,1789737218.056,0,0
67.146,57.285,60.609,51.875,51.000,51.000,52.000,51.000,51.000,49.000,51.000,50.000,51.000,52.469,51.000,52.469,47.625,35.000,35.020,40.172,40.875,38.230,34.996,8.535,0.128,18.480,1815.147,1710.750,1836.000,1700.000,0.000,0.000,,,,2,1789737219.060,0,0
68.151,57.094,60.418,51.812,50.000,50.000,51.000,50.000,50.000,49.000,50.000,50.000,50.000,51.172,50.000,51.172,47.688,35.000,35.020,40.168,40.867,38.227,34.996,6.422,0.115,17.140,1849.549,1710.832,1836.000,1700.000,0.000,0.000,,,,2,1789737220.065,0,0
69.154,56.938,60.262,51.625,51.000,50.000,52.000,51.000,50.000,49.000,50.000,50.000,50.000,52.078,50.000,52.078,47.562,35.000,35.020,40.168,40.863,38.230,34.996,7.096,0.120,16.843,1821.484,1707.237,1836.000,1700.000,0.000,0.000,,,,2,1789737221.065,0,0
70.158,56.883,60.207,51.750,52.000,53.000,53.000,52.000,51.000,51.000,52.000,51.000,51.000,55.219,52.000,55.219,47.625,35.000,35.016,40.168,40.855,38.230,34.996,13.878,0.193,23.447,1842.677,1701.154,1836.000,1700.000,0.000,0.000,,,,2,1789737222.068,0,0
71.162,56.742,60.066,51.688,54.000,51.000,52.000,52.000,51.000,50.000,50.000,52.000,51.000,54.000,51.000,52.328,47.625,35.000,35.016,40.168,40.852,38.230,34.996,7.489,0.133,19.404,1830.906,1700.576,1836.000,1700.000,0.000,0.000,,,,2,1789737223.072,0,0
72.167,56.684,59.672,51.875,56.000,53.000,65.000,55.000,53.000,52.000,52.000,52.000,52.000,65.000,53.000,54.812,47.375,35.000,35.016,40.164,40.844,38.227,34.996,11.889,0.148,18.614,1831.241,1691.237,1836.000,1700.000,0.000,0.000,,,,2,1789737224.081,0,0
73.171,56.531,59.223,51.688,50.000,50.000,52.000,50.000,50.000,49.000,50.000,50.000,51.000,52.000,51.000,51.922,47.500,35.000,35.016,40.164,40.836,38.227,34.996,8.490,0.144,23.288,1835.620,1700.809,1836.000,1700.000,0.000,0.000,,,,2,1789737225.083,0,0
74.175,56.375,59.066,51.562,51.000,51.000,52.000,51.000,50.000,49.000,50.000,50.000,51.000,52.000,51.000,51.500,47.438,35.000,35.016,40.164,40.832,38.227,34.996,7.125,0.129,17.323,1835.714,1697.233,1836.000,1700.000,0.000,0.000,,,,2,1789737226.086,0,0
75.180,56.254,58.945,51.562,51.000,51.000,52.000,51.000,51.000,49.000,50.000,50.000,51.000,52.422,51.000,52.422,47.312,35.000,35.016,40.160,40.824,38.227,34.996,10.154,0.162,20.512,1835.939,1699.468,1836.000,1700.000,0.000,0.000,,,,2,1789737227.091,0,0
76.183,56.109,58.801,51.562,51.000,50.000,52.000,50.000,49.000,49.000,50.000,50.000,50.000,52.000,50.000,51.641,47.375,35.000,35.016,40.160,40.816,38.223,34.996,8.472,0.151,19.425,1828.896,1695.362,1836.000,1700.000,0.000,0.000,,,,2,1789737228.093,0,0
77.184,55.988,58.680,51.625,50.000,50.000,52.000,51.000,50.000,49.000,51.000,50.000,50.000,52.219,50.000,52.219,47.312,35.000,35.016,40.156,40.812,38.223,34.996,9.331,0.159,19.861,1837.954,1710.718,1836.000,1700.000,0.000,0.000,,,,2,1789737229.099,0,0
78.188,55.852,58.543,51.500,50.000,50.000,51.000,50.000,49.000,49.000,50.000,49.000,50.000,51.719,50.000,51.719,47.188,35.000,35.016,40.156,40.805,38.223,34.996,7.522,0.135,18.579,1856.771,1710.645,1836.000,1700.000,0.000,0.000,,,,2,1789737230.101,0,0
79.191,55.715,58.406,51.375,50.000,51.000,52.000,51.000,50.000,49.000,50.000,50.000,50.000,52.000,50.000,51.375,47.188,35.000,35.016,40.152,40.797,38.219,34.996,7.057,0.133,17.681,1831.129,1681.387,1836.000,1700.000,0.000,0.000,,,,2,1789737231.103,0,0
80.192,55.582,58.273,51.250,50.000,50.000,52.000,50.000,50.000,49.000,50.000,49.000,50.000,52.000,49.000,51.578,47.312,35.000,35.016,40.152,40.789,38.219,34.996,7.920,0.142,18.588,1830.887,1697.433,1836.000,1700.000,0.000,0.000,,,,2,1789737232.104,0,0
81.194,55.438,58.129,51.188,50.000,50.000,51.000,50.000,50.000,49.000,50.000,49.000,50.000,51.000,49.000,50.859,47.250,35.000,35.016,40.148,40.781,38.215,34.996,6.954,0.133,17.668,1831.194,1696.977,1836.000,1700.000,0.000,0.000,,,,2,1789737233.106,0,0
82.195,55.332,58.023,51.188,51.000,51.000,52.000,52.000,50.000,49.000,50.000,50.000,51.000,52.047,51.000,52.047,47.188,35.000,35.016,40.148,40.770,38.211,34.996,8.482,0.143,17.586,1843.035,1697.361,1836.000,1700.000,0.000,0.000,,,,2,1789737234.108,0,0
83.198,55.227,57.781,51.125,51.000,52.000,52.000,51.000,50.000,49.000,50.000,50.000,51.000,52.000,50.000,51.953,47.062,35.000,35.016,40.145,40.766,38.207,34.996,9.373,0.151,20.168,1828.469,1698.610,1836.000,1700.000,0.000,0.000,,,,2,1789737235.109,0,0
84.199,55.125,57.680,51.062,50.000,50.000,52.000,50.000,49.000,49.000,50.000,49.000,50.000,52.094,50.000,52.094,47.062,35.000,35.016,40.141,40.758,38.207,34.996,10.830,0.155,22.506,1821.871,1700.849,1836.000,1700.000,0.000,0.000,,,,2,1789737236.109,0,0
85.201,55.094,57.391,51.125,53.000,51.000,53.000,53.000,52.000,51.000,60.000,52.000,53.000,60.000,52.000,54.031,47.062,35.000,35.016,40.137,40.750,38.203,34.996,9.291,0.138,18.218,1830.887,1701.323,1836.000,1700.000,0.000,0.000,,,,2,1789737237.113,0,0
86.206,55.027,57.324,51.188,51.000,51.000,52.000,51.000,50.000,49.000,50.000,51.000,51.000,53.047,50.000,53.047,47.125,35.000,35.016,40.137,40.742,38.199,34.996,14.149,0.182,26.402,1842.592,1697.353,1836.000,1700.000,0.000,0.000,,,,2,1789737238.116,0,0
87.210,54.984,57.051,51.188,54.000,53.000,56.000,53.000,51.000,50.000,51.000,50.000,50.000,56.000,52.000,53.609,47.125,35.000,35.016,40.133,40.734,38.195,34.996,14.035,0.202,24.511,1831.409,1696.793,1836.000,1700.000,0.000,0.000,,,,2,1789737239.121,0,0
88.213,54.883,56.949,51.188,50.000,50.000,51.000,50.000,50.000,49.000,50.000,49.000,50.000,51.781,50.000,51.781,47.062,35.000,35.016,40.133,40.727,38.191,34.996,8.745,0.163,19.752,1845.122,1697.136,1836.000,1700.000,0.000,0.000,,,,2,1789737240.124,0,0
89.215,54.789,56.855,51.250,50.000,51.000,52.000,51.000,50.000,49.000,50.000,49.000,50.000,52.000,51.000,51.812,47.125,35.000,35.016,40.129,40.719,38.191,34.996,8.072,0.154,18.529,1831.120,1695.450,1836.000,1700.000,0.000,0.000,,,,2,1789737241.126,0,0
90.220,54.789,56.855,51.188,53.000,53.000,53.000,52.000,51.000,50.000,53.000,51.000,51.000,54.828,52.000,54.828,47.000,35.000,35.016,40.129,40.711,38.184,34.996,15.879,0.183,25.249,1835.695,1701.291,1836.000,1700.000,0.000,0.000,,,,2,1789737242.130,0,0
91.224,54.758,56.824,51.312,53.000,53.000,54.000,52.000,51.000,50.000,52.000,51.000,51.000,54.000,52.000,53.766,47.125,35.000,35.016,40.125,40.703,38.180,34.996,12.482,0.176,24.344,1843.356,1711.092,1836.000,1700.000,0.000,0.000,,,,2,1789737243.135,0,0
92.224,54.770,56.836,51.500,53.000,53.000,55.000,54.000,52.000,51.000,55.000,51.000,56.000,56.000,52.000,55.156,47.062,35.000,35.016,40.121,40.699,38.180,34.996,17.563,0.177,27.475,1831.548,1696.953,1836.000,1700.000,0.000,0.000,,,,2,1789737244.137,0,0
93.225,55.168,57.148,51.625,62.000,55.000,58.000,57.000,55.000,53.000,56.000,53.000,53.000,62.000,54.000,56.375,47.125,35.000,35.016,40.121,40.688,38.172,34.996,22.014,0.228,33.304,1826.920,1697.457,1836.000,1700.000,0.000,0.000,,,,2,1789737245.137,0,0
94.230,55.660,57.590,51.750,68.000,61.000,65.000,67.000,64.000,58.000,61.000,58.000,54.000,68.000,57.000,57.125,47.250,35.000,35.016,40.117,40.680,38.168,34.996,14.616,0.203,23.872,1843.091,1697.721,1836.000,1700.000,0.000,0.000,,,,2,1789737246.141,0,0
95.230,56.973,59.105,52.062,57.000,56.000,62.000,57.000,59.000,55.000,64.000,56.000,57.000,64.000,55.000,60.922,47.250,35.000,35.016,40.117,40.676,38.168,34.996,40.823,0.263,52.491,1838.170,1697.617,1836.000,1700.000,0.000,0.000,,,,2,1789737247.141,0,0
96.234,56.969,58.887,52.438,52.000,54.000,54.000,53.000,52.000,51.000,53.000,52.000,57.000,57.000,53.000,56.891,47.438,35.000,35.016,40.113,40.676,38.164,34.996,26.916,0.256,39.813,1817.750,1697.168,1836.000,1700.000,0.000,0.000,,,,2,1789737248.145,0,0
97.237,56.914,58.641,52.625,54.000,53.000,54.000,53.000,53.000,51.000,53.000,52.000,53.000,55.234,53.000,55.234,47.750,35.000,35.016,40.109,40.672,38.160,34.996,21.694,0.238,33.783,1843.186,1709.580,1836.000,1700.000,0.000,0.000,,,,2,1789737249.147,0,0
98.241,58.254,60.211,52.938,56.000,55.000,57.000,56.000,54.000,53.000,54.000,54.000,53.000,62.281,54.000,62.281,47.938,35.000,35.016,40.109,40.668,38.156,34.996,29.240,0.290,40.071,1829.110,1711.075,1836.000,1700.000,0.000,0.000,,,,2,1789737250.152,0,0
99.245,58.113,60.070,53.125,52.000,52.000,54.000,52.000,51.000,51.000,52.000,51.000,52.000,54.000,52.000,53.875,48.000,35.000,35.016,40.105,40.668,38.152,34.996,10.569,0.188,22.122,1831.316,1710.913,1836.000,1700.000,0.000,0.000,,,,2,1789737251.158,0,0
100.248,58.000,59.957,53.062,54.000,53.000,54.000,53.000,53.000,52.000,53.000,52.000,52.000,54.422,52.000,54.422,48.000,35.000,35.016,40.105,40.664,38.148,34.996,12.271,0.195,23.219,1850.006,1692.071,1836.000,1700.000,0.000,0.000,,,,2,1789737252.161,0,0
101.250,57.855,59.812,52.938,57.000,54.000,54.000,54.000,52.000,51.000,52.000,54.000,52.000,57.000,53.000,53.328,48.000,35.000,35.016,40.105,40.664,38.145,34.996,9.916,0.184,20.633,1831.260,1697.297,1836.000,1700.000,0.000,0.000,,,,2,1789737253.161,0,0
102.251,57.715,59.672,53.000,53.000,53.000,54.000,52.000,52.000,50.000,52.000,51.000,52.000,54.000,52.000,53.375,48.125,35.000,35.016,40.105,40.660,38.141,34.996,10.068,0.183,21.120,1829.296,1697.801,1836.000,1700.000,0.000,0.000,,,,2,1789737254.162,0,0
103.255,57.602,59.559,52.938,54.000,53.000,54.000,52.000,52.000,53.000,55.000,56.000,52.000,56.000,52.000,54.125,47.938,35.000,35.016,40.102,40.656,38.137,34.996,12.816,0.192,24.134,1831.465,1697.193,1836.000,1700.000,0.000,0.000,,,,2,1789737255.166,0,0
104.259,57.473,59.430,52.750,52.000,53.000,53.000,53.000,52.000,51.000,52.000,53.000,52.000,53.422,53.000,53.422,48.000,35.000,35.016,40.102,40.656,38.137,34.996,12.400,0.186,23.160,1831.194,1697.521,1836.000,1700.000,0.000,0.000,,,,2,1789737256.170,0,0
105.263,57.371,59.328,53.000,52.000,53.000,53.000,52.000,52.000,51.000,52.000,51.000,52.000,54.250,52.000,54.250,48.062,35.000,35.016,40.098,40.652,38.133,34.996,15.399,0.222,26.579,1845.539,1697.577,1836.000,1700.000,0.000,0.000,,,,2,1789737257.175,0,0
106.267,57.250,59.207,52.812,54.000,53.000,54.000,53.000,51.000,51.000,52.000,51.000,52.000,54.000,52.000,53.562,48.062,35.000,35.016,40.098,40.648,38.129,34.996,10.903,0.194,21.655,1830.915,1696.984,1836.000,1700.000,0.000,0.000,,,,2,1789737258.178,0,0
107.270,57.414,59.371,52.812,59.000,57.000,61.000,59.000,60.000,58.000,58.000,61.000,55.000,62.406,56.000,62.406,47.938,35.000,35.016,40.098,40.648,38.129,34.996,21.093,0.242,30.636,1833.517,1699.211,1836.000,1700.000,0.000,0.000,,,,2,1789737259.181,0,0
108.274,57.328,59.285,53.000,53.000,53.000,54.000,52.000,52.000,51.000,52.000,52.000,52.000,54.672,52.000,54.672,48.125,35.000,35.016,40.098,40.645,38.125,34.996,14.805,0.237,27.587,1845.217,1701.235,1836.000,1700.000,0.000,0.000,,,,2,1789737260.186,0,0
109.279,57.195,59.152,53.000,53.000,52.000,53.000,52.000,51.000,51.000,52.000,51.000,51.000,53.094,51.000,53.094,48.062,35.000,35.016,40.098,40.645,38.121,34.996,9.244,0.177,20.160,1842.837,1697.457,1836.000,1700.000,0.000,0.000,,,,2,1789737261.188,0,0
110.282,57.055,59.012,52.875,52.000,52.000,52.000,52.000,51.000,50.000,51.000,51.000,52.000,52.734,51.000,52.734,48.000,35.000,35.016,40.098,40.641,38.121,34.996,9.247,0.176,19.981,1831.139,1703.046,1836.000,1700.000,0.000,0.000,,,,2,1789737262.195,0,0
111.286,56.926,58.883,52.812,52.000,52.000,53.000,52.000,51.000,50.000,51.000,51.000,53.000,53.000,52.000,52.922,48.125,35.000,35.016,40.098,40.637,38.117,34.996,11.328,0.173,21.855,1840.670,1701.187,1836.000,1700.000,0.000,0.000,,,,2,1789737263.198,0,0
112.291,56.977,58.934,52.625,63.000,57.000,59.000,58.000,55.000,55.000,58.000,54.000,54.000,63.000,57.000,58.453,48.062,35.000,35.016,40.098,40.637,38.117,34.996,15.170,0.194,24.476,1843.073,1711.157,1836.000,1700.000,0.000,0.000,,,,2,1789737264.204,0,0
113.293,56.867,58.824,52.812,53.000,54.000,54.000,53.000,52.000,51.000,52.000,51.000,53.000,54.000,53.000,53.562,47.875,35.000,35.016,40.098,40.633,38.113,34.996,10.911,0.190,22.650,1845.179,1693.297,1836.000,1700.000,0.000,0.000,,,,2,1789737265.205,0,0
114.297,56.750,58.707,52.625,53.000,52.000,54.000,52.000,52.000,50.000,51.000,51.000,52.000,54.000,52.000,53.031,47.812,35.000,35.016,40.098,40.633,38.113,34.996,10.167,0.188,21.007,1835.601,1693.400,1836.000,1700.000,0.000,0.000,,,,2,1789737266.210,0,0
115.299,56.621,58.578,52.625,52.000,51.000,53.000,52.000,51.000,50.000,51.000,50.000,52.000,53.000,51.000,52.625,48.062,35.000,35.016,40.098,40.633,38.113,34.996,9.203,0.176,19.919,1831.092,1707.448,1836.000,1700.000,0.000,0.000,,,,2,1789737267.211,0,0
116.302,56.480,58.438,52.438,52.000,51.000,53.000,52.000,51.000,50.000,51.000,51.000,51.000,53.000,51.000,52.125,47.938,35.000,35.016,40.098,40.633,38.113,34.996,8.554,0.162,19.146,1845.113,1690.720,1836.000,1700.000,0.000,0.000,,,,2,1789737268.214,0,0
117.302,56.344,58.301,52.562,52.000,51.000,53.000,52.000,51.000,50.000,51.000,51.000,51.000,53.000,51.000,52.172,47.812,35.000,35.016,40.098,40.629,38.109,34.996,9.021,0.166,19.780,1847.869,1697.713,1836.000,1700.000,0.000,0.000,,,,2,1789737269.213,0,0
118.307,56.223,58.180,52.500,52.000,51.000,53.000,51.000,51.000,49.000,51.000,50.000,51.000,53.000,51.000,52.422,47.688,35.000,35.016,40.094,40.625,38.109,34.996,9.310,0.171,19.846,1835.789,1697.313,1836.000,1700.000,0.000,0.000,,,,2,1789737270.217,0,0
119.312,56.176,58.133,52.375,52.000,52.000,53.000,52.000,51.000,50.000,51.000,52.000,51.000,54.781,51.000,54.781,47.812,35.000,35.016,40.098,40.625,38.109,34.996,14.842,0.223,25.748,1838.198,1697.513,1836.000,1700.000,0.000,0.000,,,,2,1789737271.224,0,0
120.316,56.055,58.012,52.500,52.000,52.000,53.000,52.000,52.000,50.000,51.000,50.000,51.000,53.000,51.000,52.297,47.688,35.000,35.012,40.098,40.625,38.109,34.996,9.355,0.179,20.013,1833.610,1711.563,1836.000,1700.000,0.000,0.000,,,,2,1789737272.229,0,0
121.320,55.934,57.891,52.438,53.000,52.000,53.000,52.000,52.000,50.000,51.000,50.000,51.000,53.000,51.000,52.188,47.688,35.000,35.012,40.094,40.625,38.109,34.996,9.142,0.172,19.813,1843.007,1697.793,1836.000,1700.000,0.000,0.000,,,,2,1789737273.231,0,0
122.324,55.832,57.789,52.312,52.000,51.000,52.000,52.000,51.000,50.000,51.000,51.000,51.000,52.703,51.000,52.703,47.688,35.000,35.012,40.094,40.621,38.105,34.996,11.316,0.197,22.133,1829.027,1697.457,1836.000,1700.000,0.000,0.000,,,,2,1789737274.236,0,0
123.327,55.727,57.684,52.250,51.000,51.000,52.000,51.000,51.000,49.000,51.000,50.000,51.000,52.422,51.000,52.422,47.750,35.000,35.012,40.094,40.617,38.105,34.996,9.798,0.179,20.504,1830.906,1697.657,1836.000,1700.000,0.000,0.000,,,,2,1789737275.240,0,0
124.332,55.625,57.582,52.125,51.000,51.000,52.000,52.000,51.000,50.000,51.000,50.000,51.000,52.438,51.000,52.438,47.750,35.000,35.012,40.094,40.613,38.102,34.996,9.479,0.169,20.111,1838.329,1697.745,1836.000,1700.000,0.000,0.000,,,,2,1789737276.244,0,0
125.333,55.500,57.457,52.188,51.000,51.000,52.000,51.000,50.000,49.000,50.000,49.000,51.000,52.000,51.000,51.656,47.688,35.000,35.012,40.094,40.609,38.098,34.996,8.422,0.161,19.097,1852.166,1697.121,1836.000,1700.000,0.000,0.000,,,,2,1789737277.245,0,0
126.337,55.375,57.332,52.125,51.000,51.000,52.000,51.000,50.000,49.000,50.000,50.000,51.000,52.000,51.000,51.438,47.688,35.000,35.012,40.094,40.609,38.102,34.996,8.282,0.160,18.980,1843.384,1699.845,1836.000,1700.000,0.000,0.000,,,,2,1789737278.249,0,0
127.341,55.250,57.207,52.062,51.000,51.000,52.000,51.000,50.000,49.000,51.000,50.000,51.000,52.000,51.000,51.406,47.500,35.000,35.012,40.094,40.605,38.098,34.996,8.504,0.160,19.228,1831.548,1710.775,1836.000,1700.000,0.000,0.000,,,,2,1789737279.254,0,0
128.344,55.168,57.023,52.062,52.000,51.000,52.000,51.000,50.000,50.000,50.000,50.000,51.000,52.672,51.000,52.672,47.562,35.000,35.012,40.094,40.602,38.098,34.996,10.289,0.180,20.201,1831.139,1691.594,1836.000,1700.000,0.000,0.000,,,,2,1789737280.255,0,0
129.345,55.121,56.977,51.938,52.000,53.000,53.000,52.000,51.000,49.000,51.000,50.000,51.000,53.656,51.000,53.656,47.500,35.000,35.012,40.090,40.602,38.094,34.996,11.016,0.191,22.123,1831.781,1697.729,1836.000,1700.000,0.000,0.000,,,,2,1789737281.257,0,0
130.349,55.035,56.891,51.938,52.000,51.000,53.000,52.000,51.000,49.000,51.000,50.000,51.000,53.000,51.000,52.312,47.438,35.000,35.012,40.090,40.598,38.094,34.996,9.746,0.181,19.885,1831.176,1711.132,1836.000,1700.000,0.000,0.000,,,,2,1789737282.262,0,0
131.351,54.934,56.789,52.000,52.000,51.000,53.000,51.000,50.000,49.000,50.000,50.000,51.000,53.000,51.000,51.828,47.500,35.000,35.012,40.090,40.594,38.094,34.996,9.415,0.177,20.832,1817.356,1697.209,1836.000,1700.000,0.000,0.000,,,,2,1789737283.262,0,0
132.355,54.906,56.762,51.875,53.000,53.000,53.000,53.000,51.000,50.000,52.000,51.000,51.000,54.047,52.000,54.047,47.500,35.000,35.012,40.090,40.590,38.090,34.996,11.439,0.188,19.694,1845.425,1697.553,1836.000,1700.000,0.000,0.000,,,,2,1789737284.265,0,0
133.358,54.824,56.680,51.938,52.000,52.000,53.000,52.000,50.000,50.000,50.000,50.000,51.000,53.000,52.000,52.344,47.438,35.000,35.012,40.090,40.590,38.090,34.996,11.154,0.192,23.982,1842.912,1710.734,1836.000,1700.000,0.000,0.000,,,,2,1789737285.268,0,0
134.358,54.730,56.586,51.750,52.000,52.000,52.000,52.000,51.000,49.000,50.000,50.000,51.000,52.000,51.000,51.812,47.312,35.000,35.012,40.090,40.582,38.086,34.996,8.983,0.164,19.816,1829.027,1697.329,1836.000,1700.000,0.000,0.000,,,,2,1789737286.270,0,0
135.362,54.656,56.512,51.688,54.000,52.000,52.000,52.000,51.000,50.000,53.000,49.000,50.000,54.000,51.000,52.344,47.438,35.000,35.012,40.086,40.582,38.086,34.996,10.178,0.181,20.619,1817.668,1697.065,1836.000,1700.000,0.000,0.000,,,,2,1789737287.274,0,0
136.366,54.613,56.469,51.875,52.000,52.000,53.000,52.000,51.000,50.000,52.000,50.000,52.000,53.234,52.000,53.234,47.438,35.000,35.012,40.086,40.574,38.082,34.996,13.748,0.205,24.251,1831.129,1697.153,1836.000,1700.000,0.000,0.000,,,,2,1789737288.278,0,0
137.368,54.527,56.383,51.812,53.000,51.000,52.000,51.000,50.000,49.000,50.000,49.000,50.000,53.000,51.000,51.938,47.375,35.000,35.012,40.086,40.574,38.082,34.996,10.394,0.161,21.762,1831.595,1697.041,1836.000,1700.000,0.000,0.000,,,,2,1789737289.280,0,0
138.373,54.453,56.219,51.750,53.000,52.000,52.000,51.000,51.000,50.000,51.000,50.000,50.000,53.000,51.000,52.156,47.188,35.000,35.012,40.082,40.570,38.078,34.996,9.878,0.173,20.473,1836.145,1700.873,1836.000,1700.000,0.000,0.000,,,,2,1789737290.286,0,0
139.376,54.371,56.137,51.750,53.000,51.000,52.000,51.000,49.000,49.000,50.000,49.000,51.000,53.000,51.000,51.750,47.375,35.000,35.012,40.082,40.566,38.078,34.996,10.859,0.161,21.891,1847.423,1707.010,1836.000,1700.000,0.000,0.000,,,,2,1789737291.288,0,0
140.379,54.312,56.078,51.688,52.000,51.000,52.000,52.000,51.000,50.000,51.000,50.000,50.000,52.500,52.000,52.500,47.250,35.000,35.012,40.082,40.562,38.074,34.996,10.638,0.175,21.091,1843.082,1697.497,1836.000,1700.000,0.000,0.000,,,,2,1789737292.293,0,0
141.383,54.238,56.004,51.812,53.000,52.000,52.000,52.000,51.000,49.000,50.000,50.000,51.000,53.000,51.000,51.922,47.188,35.000,35.012,40.082,40.559,38.070,34.996,9.176,0.167,20.130,1833.685,1696.857,1836.000,1700.000,0.000,0.000,,,,2,1789737293.295,0,0
142.388,54.168,55.934,51.625,53.000,51.000,52.000,52.000,51.000,50.000,51.000,50.000,51.000,53.000,52.000,52.016,47.188,35.000,35.012,40.078,40.555,38.070,34.996,11.476,0.161,21.416,1842.912,1697.136,1836.000,1700.000,0.000,0.000,,,,2,1789737294.300,0,0
143.391,54.090,55.855,51.688,52.000,51.000,52.000,51.000,50.000,49.000,50.000,50.000,50.000,52.000,51.000,51.656,47.125,35.000,35.012,40.078,40.551,38.066,34.996,9.820,0.160,21.411,1836.116,1697.713,1836.000,1700.000,0.000,0.000,,,,2,1789737295.303,0,0
144.392,54.012,55.777,51.625,53.000,53.000,53.000,51.000,50.000,49.000,50.000,49.000,51.000,53.000,51.000,51.609,47.250,35.000,35.012,40.078,40.547,38.062,34.996,10.922,0.163,21.634,1831.287,1697.009,1836.000,1700.000,0.000,0.000,,,,2,1789737296.304,0,0
145.393,53.922,55.688,51.562,51.000,52.000,52.000,51.000,50.000,49.000,50.000,50.000,50.000,52.000,50.000,51.203,47.188,35.000,35.012,40.074,40.547,38.059,34.996,8.314,0.157,18.905,1833.601,1710.888,1836.000,1700.000,0.000,0.000,,,,2,1789737297.304,0,0
146.396,53.867,55.633,51.625,52.000,52.000,52.000,52.000,51.000,49.000,50.000,50.000,51.000,52.062,51.000,52.062,47.125,35.000,35.012,40.074,40.539,38.059,34.996,10.113,0.174,20.419,1833.703,1710.986,1836.000,1700.000,0.000,0.000,,,,2,1789737298.306,0,0
147.399,53.789,55.555,51.438,50.000,51.000,52.000,51.000,51.000,49.000,50.000,50.000,50.000,52.000,51.000,51.469,47.125,35.000,35.012,40.074,40.539,38.055,34.996,8.655,0.167,19.387,1842.733,1697.009,1836.000,1700.000,0.000,0.000,,,,2,1789737299.312,0,0
148.404,53.727,55.402,51.562,50.000,50.000,52.000,51.000,50.000,49.000,49.000,49.000,50.000,52.000,50.000,51.797,47.062,35.000,35.012,40.070,40.531,38.051,34.996,10.211,0.184,21.287,1836.182,1680.029,1836.000,1700.000,0.000,0.000,,,,2,1789737300.314,0,0
149.408,53.672,55.348,51.375,50.000,50.000,52.000,51.000,51.000,49.000,50.000,50.000,51.000,52.000,50.000,51.859,47.062,35.000,35.012,40.070,40.527,38.051,34.996,9.137,0.164,19.734,1831.558,1693.400,1836.000,1700.000,0.000,0.000,,,,2,1789737301.320,0,0
150.410,53.609,55.285,51.375,50.000,50.000,51.000,51.000,51.000,48.000,50.000,49.000,51.000,51.734,50.000,51.734,47.125,35.000,35.012,40.070,40.523,38.047,34.996,8.580,0.157,19.069,1843.214,1697.233,1836.000,1700.000,0.000,0.000,,,,2,1789737302.319,0,0
151.411,53.586,55.262,51.375,50.000,51.000,51.000,51.000,50.000,49.000,50.000,50.000,50.000,52.891,50.000,52.891,46.938,35.000,35.012,40.070,40.523,38.043,34.996,10.007,0.170,20.967,1833.909,1697.433,1836.000,1700.000,0.000,0.000,,,,2,1789737303.323,0,0
152.411,53.512,55.188,51.312,50.000,51.000,51.000,50.000,49.000,48.000,49.000,49.000,50.000,51.188,50.000,51.188,46.938,35.000,35.012,40.066,40.520,38.043,34.996,7.867,0.152,18.475,1840.670,1706.768,1836.000,1700.000,0.000,0.000,,,,2,1789737304.323,0,0
153.416,53.441,55.117,51.250,50.000,49.000,51.000,50.000,50.000,49.000,49.000,49.000,50.000,51.219,49.000,51.219,46.938,35.000,35.012,40.062,40.516,38.039,34.996,8.244,0.155,18.831,1817.805,1710.913,1836.000,1700.000,0.000,0.000,,,,2,1789737305.329,0,0
154.416,53.359,55.035,51.062,50.000,49.000,51.000,49.000,50.000,48.000,49.000,49.000,50.000,51.000,50.000,50.891,46.875,35.000,35.012,40.062,40.512,38.035,34.996,8.192,0.156,18.980,1836.229,1710.393,1836.000,1700.000,0.000,0.000,,,,2,1789737306.328,0,0
155.416,53.297,54.973,51.125,50.000,50.000,51.000,50.000,50.000,49.000,50.000,50.000,51.000,51.344,50.000,51.344,46.938,35.000,35.012,40.062,40.508,38.035,34.996,10.045,0.156,20.093,1817.824,1696.929,1836.000,1700.000,0.000,0.000,,,,2,1789737307.328,0,0
156.417,53.234,54.910,51.250,50.000,50.000,51.000,50.000,50.000,48.000,50.000,49.000,50.000,51.312,50.000,51.312,46.875,35.000,35.012,40.062,40.504,38.031,34.996,9.755,0.158,20.871,1822.296,1696.977,1836.000,1700.000,0.000,0.000,,,,2,1789737308.328,0,0
157.420,53.184,54.859,51.125,51.000,50.000,52.000,50.000,50.000,48.000,50.000,50.000,51.000,52.000,50.000,51.547,46.812,35.000,35.012,40.059,40.496,38.027,34.996,10.964,0.157,21.339,1833.853,1697.001,1836.000,1700.000,0.000,0.000,,,,2,1789737309.331,0,0
158.424,53.121,54.715,51.125,50.000,49.000,51.000,50.000,49.000,49.000,49.000,49.000,50.000,51.156,50.000,51.156,46.875,35.000,35.012,40.055,40.496,38.027,34.996,8.380,0.155,19.298,1834.021,1696.737,1836.000,1700.000,0.000,0.000,,,,2,1789737310.337,0,0
159.426,53.051,54.645,51.062,50.000,50.000,51.000,50.000,49.000,48.000,49.000,50.000,50.000,51.000,50.000,50.875,46.750,35.000,35.012,40.055,40.492,38.023,34.996,8.334,0.158,18.923,1831.530,1693.536,1836.000,1700.000,0.000,0.000,,,,2,1789737311.337,0,0
160.427,52.992,54.586,51.125,50.000,50.000,51.000,50.000,48.000,49.000,50.000,49.000,50.000,51.219,50.000,51.219,46.812,35.000,35.012,40.055,40.484,38.020,34.996,10.280,0.162,20.897,1845.349,1710.701,1836.000,1700.000,0.000,0.000,,,,2,1789737312.339,0,0
161.431,52.934,54.527,51.062,50.000,49.000,51.000,50.000,49.000,49.000,49.000,49.000,50.000,51.109,50.000,51.109,46.688,35.000,35.012,40.051,40.484,38.020,34.996,9.044,0.160,19.840,1838.263,1696.945,1836.000,1700.000,0.000,0.000,,,,2,1789737313.343,0,0
162.436,52.871,54.465,50.875,50.000,49.000,51.000,50.000,49.000,48.000,49.000,49.000,50.000,51.000,50.000,51.000,46.625,35.000,35.012,40.051,40.477,38.016,34.996,8.640,0.151,19.023,1835.648,1697.401,1836.000,1700.000,0.000,0.000,,,,2,1789737314.347,0,0
163.440,52.859,54.453,50.938,50.000,50.000,52.000,51.000,50.000,49.000,51.000,50.000,51.000,52.469,50.000,52.469,46.688,35.000,35.012,40.047,40.473,38.012,34.996,11.772,0.173,21.982,1852.366,1697.353,1836.000,1700.000,0.000,0.000,,,,2,1789737315.351,0,0
164.442,52.801,54.395,50.875,50.000,49.000,51.000,50.000,50.000,49.000,49.000,50.000,50.000,51.000,50.000,50.984,46.625,35.000,35.012,40.043,40.469,38.008,34.996,10.658,0.162,21.994,1829.073,1697.273,1836.000,1700.000,0.000,0.000,,,,2,1789737316.353,0,0
165.442,52.781,54.375,51.000,50.000,50.000,51.000,51.000,50.000,49.000,50.000,49.000,50.000,52.203,50.000,52.203,46.688,35.000,35.012,40.043,40.465,38.008,34.996,13.549,0.178,24.122,1831.576,1695.091,1836.000,1700.000,0.000,0.000,,,,2,1789737317.354,0,0
166.445,52.738,54.332,51.000,50.000,50.000,51.000,51.000,49.000,49.000,50.000,49.000,50.000,51.359,50.000,51.359,46.562,35.000,35.012,40.039,40.465,38.000,34.996,10.226,0.171,20.896,1843.016,1710.742,1836.000,1700.000,0.000,0.000,,,,2,1789737318.358,0,0
167.449,52.695,54.289,50.938,50.000,50.000,52.000,51.000,50.000,49.000,50.000,49.000,51.000,52.000,50.000,51.297,46.750,35.000,35.012,40.039,40.461,38.000,34.996,9.704,0.171,20.139,1842.733,1710.758,1836.000,1700.000,0.000,0.000,,,,2,1789737319.359,0,0
168.449,52.660,54.172,51.000,50.000,49.000,51.000,50.000,49.000,49.000,50.000,49.000,50.000,51.609,50.000,51.609,46.625,35.000,35.012,40.035,40.457,37.992,34.996,10.096,0.176,21.324,1838.432,1697.201,1836.000,1700.000,0.000,0.000,,,,2,1789737320.360,0,0
169.451,52.645,54.156,51.000,50.000,50.000,51.000,51.000,50.000,48.000,50.000,50.000,50.000,52.172,51.000,52.172,46.625,35.000,35.012,40.035,40.449,37.992,34.996,10.577,0.180,21.227,1842.761,1696.873,1836.000,1700.000,0.000,0.000,,,,2,1789737321.362,0,0
170.455,52.617,54.129,50.875,50.000,51.000,52.000,51.000,50.000,49.000,50.000,50.000,50.000,52.000,50.000,51.797,46.750,35.000,35.012,40.031,40.445,37.988,34.996,10.587,0.174,21.297,1831.278,1696.993,1836.000,1700.000,0.000,0.000,,,,2,1789737322.367,0,0
171.458,52.574,54.086,50.938,50.000,49.000,51.000,50.000,49.000,48.000,50.000,49.000,50.000,51.234,50.000,51.234,46.688,35.000,35.012,40.031,40.441,37.980,34.996,10.173,0.184,21.087,1835.779,1709.012,1836.000,1700.000,0.000,0.000,,,,2,1789737323.369,0,0
172.461,52.520,54.031,50.812,50.000,50.000,51.000,51.000,50.000,48.000,49.000,49.000,50.000,51.000,49.000,50.844,46.625,35.000,35.012,40.027,40.438,37.977,34.996,8.227,0.161,18.834,1831.632,1707.132,1836.000,1700.000,0.000,0.000,,,,2,1789737324.372,0,0
173.463,52.492,54.004,50.938,51.000,50.000,52.000,50.000,50.000,49.000,50.000,49.000,50.000,52.000,50.000,51.578,46.562,35.000,35.012,40.023,40.430,37.973,34.996,9.408,0.174,20.008,1845.245,1698.842,1836.000,1700.000,0.000,0.000,,,,2,1789737325.374,0,0
174.467,52.629,54.141,51.062,52.000,53.000,54.000,54.000,53.000,51.000,53.000,51.000,55.000,55.969,52.000,55.969,46.625,35.000,35.012,40.023,40.426,37.969,34.996,22.262,0.207,32.136,1854.905,1696.888,1836.000,1700.000,0.000,0.000,,,,2,1789737326.378,0,0
175.470,52.809,54.418,51.125,53.000,52.000,53.000,53.000,51.000,51.000,52.000,51.000,56.000,56.000,52.000,55.328,46.750,35.000,35.012,40.020,40.422,37.965,34.996,22.455,0.208,33.226,1833.965,1697.168,1836.000,1700.000,0.000,0.000,,,,2,1789737327.392,0,0
176.475,53.422,55.180,51.438,52.000,51.000,55.000,53.000,53.000,51.000,54.000,53.000,57.000,57.000,52.000,56.500,46.750,35.000,35.012,40.020,40.422,37.965,34.996,26.684,0.248,37.292,1836.332,1697.241,1836.000,1700.000,0.000,0.000,,,,2,1789737328.387,0,0
177.478,54.020,55.781,51.625,53.000,52.000,53.000,54.000,54.000,51.000,53.000,55.000,57.000,57.000,52.000,55.812,46.875,35.000,35.012,40.016,40.422,37.961,34.996,22.424,0.219,33.220,1831.558,1710.165,1836.000,1700.000,0.000,0.000,,,,2,1789737329.390,0,0
178.483,54.469,56.191,51.938,52.000,51.000,53.000,53.000,51.000,50.000,52.000,51.000,57.000,57.000,52.000,55.828,47.125,35.000,35.012,40.012,40.422,37.957,34.996,23.004,0.230,33.926,1831.530,1700.246,1836.000,1700.000,0.000,0.000,,,,2,1789737330.395,0,0
179.486,54.879,56.551,52.125,52.000,52.000,53.000,53.000,51.000,50.000,53.000,51.000,56.000,56.109,52.000,56.109,47.188,35.000,35.012,40.012,40.426,37.953,34.996,19.659,0.194,30.176,1842.997,1702.780,1836.000,1700.000,0.000,0.000,,,,2,1789737331.398,0,0
180.491,55.180,56.773,52.250,52.000,52.000,52.000,52.000,51.000,52.000,52.000,51.000,58.000,58.000,52.000,56.078,47.188,35.000,35.008,40.008,40.430,37.949,34.996,18.586,0.187,29.259,1829.110,1701.219,1836.000,1700.000,0.000,0.000,,,,2,1789737332.403,0,0
181.495,55.508,57.074,52.375,52.000,53.000,53.000,54.000,52.000,51.000,52.000,52.000,57.000,57.000,53.000,56.828,47.375,35.000,35.008,40.008,40.434,37.945,34.996,23.867,0.234,34.771,1845.794,1694.548,1836.000,1700.000,0.000,0.000,,,,2,1789737333.406,0,0
182.496,55.543,56.996,52.438,52.000,53.000,53.000,53.000,51.000,51.000,52.000,52.000,56.000,56.000,52.000,55.953,47.438,35.000,35.008,40.008,40.438,37.945,34.996,20.044,0.210,30.718,1822.342,1696.713,1836.000,1700.000,0.000,0.000,,,,2,1789737334.407,0,0
183.500,55.660,57.086,52.688,54.000,53.000,55.000,54.000,53.000,52.000,55.000,53.000,58.000,58.000,54.000,56.844,47.500,35.000,35.008,40.004,40.445,37.941,34.996,22.113,0.227,32.275,1844.990,1696.969,1836.000,1700.000,0.000,0.000,,,,2,1789737335.410,0,0
184.501,55.801,57.223,52.938,55.000,55.000,55.000,55.000,54.000,52.000,55.000,53.000,58.000,58.000,54.000,57.203,47.625,35.000,35.008,40.004,40.453,37.938,34.996,22.261,0.224,33.281,1835.948,1697.417,1836.000,1700.000,0.000,0.000,,,,2,1789737336.412,0,0
185.504,55.891,57.270,52.938,56.000,56.000,56.000,55.000,53.000,54.000,54.000,56.000,58.000,58.000,54.000,56.891,47.812,35.000,35.008,40.004,40.461,37.938,34.996,22.163,0.210,32.910,1842.837,1708.915,1836.000,1700.000,0.000,0.000,,,,2,1789737337.416,0,0
186.508,56.000,57.406,53.312,54.000,54.000,56.000,54.000,53.000,53.000,54.000,53.000,57.000,57.656,54.000,57.656,47.750,35.000,35.008,40.004,40.469,37.934,34.996,25.942,0.232,36.811,1840.500,1699.243,1836.000,1700.000,0.000,0.000,,,,2,1789737338.420,0,0
187.509,56.031,57.367,53.438,52.000,53.000,54.000,53.000,52.000,51.000,53.000,52.000,57.000,57.000,52.000,56.719,48.000,35.000,35.008,40.004,40.477,37.934,34.996,20.365,0.207,31.163,1838.235,1697.313,1836.000,1700.000,0.000,0.000,,,,2,1789737339.420,0,0
188.509,56.051,57.387,53.500,53.000,53.000,54.000,53.000,52.000,51.000,52.000,52.000,57.000,57.000,53.000,56.609,48.062,35.000,35.008,40.004,40.488,37.930,34.996,17.726,0.190,28.425,1829.324,1700.729,1836.000,1700.000,0.000,0.000,,,,2,1789737340.419,0,0
189.513,56.219,57.742,53.562,55.000,55.000,55.000,56.000,59.000,55.000,56.000,58.000,58.000,59.438,55.000,59.438,48.062,35.000,35.008,40.004,40.496,37.926,34.996,20.788,0.205,28.601,1852.376,1710.848,1836.000,1700.000,0.000,0.000,,,,2,1789737341.425,0,0
190.517,56.242,57.766,53.750,52.000,53.000,53.000,53.000,51.000,51.000,52.000,54.000,57.000,57.000,53.000,56.859,48.125,35.000,35.008,40.004,40.504,37.926,34.996,19.200,0.197,33.373,1831.017,1699.107,1836.000,1700.000,0.000,0.000,,,,2,1789737342.429,0,0
191.517,56.258,57.781,53.688,53.000,53.000,54.000,53.000,53.000,52.000,54.000,52.000,57.000,57.000,53.000,56.734,48.250,35.000,35.008,40.004,40.516,37.926,34.996,17.482,0.188,27.730,1833.582,1711.319,1836.000,1700.000,0.000,0.000,,,,2,1789737343.432,0,0
192.517,60.422,63.043,54.062,71.000,67.000,74.000,71.000,75.000,70.000,72.000,70.000,64.000,75.000,63.000,72.922,48.250,35.000,35.008,40.004,40.523,37.926,34.996,53.354,0.273,51.840,1831.260,1697.145,1836.000,1700.000,0.000,0.000,,,,2,1789737344.428,0,0
193.518,63.746,67.102,55.312,67.000,66.000,68.000,70.000,65.000,63.000,63.000,64.000,62.000,73.719,62.000,73.719,48.500,35.000,35.008,40.004,40.535,37.922,34.996,67.714,0.294,81.762,1828.804,1711.059,1836.000,1700.000,0.000,0.000,,,,2,1789737345.431,0,0
194.523,67.133,71.172,56.250,70.000,65.000,72.000,69.000,71.000,68.000,70.000,69.000,63.000,77.297,63.000,77.297,49.125,35.000,35.008,40.008,40.547,37.922,34.996,66.750,0.280,75.805,1844.593,1700.978,1836.000,1700.000,0.000,0.000,,,,2,1789737346.434,0,0
195.524,69.230,73.492,56.938,76.000,70.000,77.000,74.000,71.000,76.000,67.000,71.000,63.000,77.000,65.000,75.516,49.625,35.000,35.008,40.008,40.559,37.922,34.996,49.136,0.283,55.477,1833.246,1698.682,1836.000,1700.000,0.000,0.000,,,,2,1789737347.435,0,0
196.524,69.758,73.754,57.812,64.000,60.000,63.000,62.000,62.000,60.000,71.000,60.000,63.000,71.344,61.000,71.344,50.125,35.000,35.008,40.012,40.570,37.922,34.996,59.719,0.288,81.044,1821.503,1710.653,1836.000,1700.000,0.000,0.000,,,,2,1789737348.443,0,0
197.525,72.730,77.215,58.312,75.000,70.000,78.000,75.000,75.000,72.000,73.000,71.000,65.000,81.641,67.000,81.641,50.562,35.000,35.008,40.016,40.586,37.922,34.996,61.079,0.273,64.154,1851.671,1689.047,1836.000,1700.000,0.000,0.000,,,,2,1789737349.436,0,0
198.527,73.809,78.172,59.125,75.000,70.000,79.000,75.000,77.000,74.000,75.000,74.000,66.000,79.000,67.000,77.047,51.000,35.000,35.008,40.016,40.605,37.926,34.996,50.825,0.280,62.602,1830.487,1695.203,1836.000,1700.000,0.000,0.000,,,,2,1789737350.438,0,0
199.527,73.773,77.699,59.812,64.000,63.000,65.000,64.000,63.000,61.000,63.000,62.000,65.000,72.766,62.000,72.766,51.438,35.000,35.008,40.023,40.621,37.930,34.996,58.126,0.254,76.849,1842.290,1701.010,1836.000,1700.000,0.000,0.000,,,,2,1789737351.438,0,0
200.531,75.219,79.188,59.938,78.000,72.000,81.000,77.000,78.000,75.000,76.000,75.000,66.000,81.000,68.000,79.562,51.938,35.000,35.008,40.027,40.637,37.930,34.996,52.719,0.281,54.867,1830.571,1688.983,1836.000,1700.000,0.000,0.000,,,,2,1789737352.442,0,0
201.536,75.121,78.691,60.750,66.000,64.000,66.000,66.000,63.000,63.000,63.000,72.000,65.000,72.125,65.000,72.125,52.250,35.000,35.008,40.035,40.656,37.934,34.996,50.738,0.276,71.501,1839.362,1710.961,1836.000,1700.000,0.000,0.000,,,,2,1789737353.446,0,0
202.541,75.004,78.219,61.062,64.000,63.000,65.000,64.000,65.000,71.000,63.000,61.000,65.000,71.344,63.000,71.344,52.750,35.000,35.008,40.039,40.680,37.938,34.996,32.939,0.297,44.345,1830.580,1691.070,1836.000,1700.000,0.000,0.000,,,,2,1789737354.455,0,0
203.542,74.633,77.848,60.938,60.000,59.000,61.000,61.000,60.000,59.000,60.000,59.000,64.000,64.000,60.000,63.141,53.000,35.000,35.008,40.047,40.699,37.941,34.996,21.189,0.215,34.754,1837.232,1696.649,1836.000,1700.000,0.000,0.000,,,,2,1789737355.454,0,0
204.544,74.258,77.473,60.875,59.000,59.000,61.000,60.000,59.000,58.000,60.000,58.000,64.000,64.000,59.000,62.641,53.062,35.000,35.008,40.055,40.727,37.953,34.996,19.688,0.197,30.368,1856.369,1700.953,1836.000,1700.000,0.000,0.000,,,,2,1789737356.455,0,0
205.546,73.891,77.105,60.688,59.000,59.000,60.000,59.000,58.000,57.000,59.000,58.000,63.000,63.000,59.000,62.578,53.000,35.000,35.008,40.066,40.750,37.957,34.996,19.423,0.209,30.271,1841.922,1691.117,1836.000,1700.000,0.000,0.000,,,,2,1789737357.460,0,0
206.550,73.527,76.742,60.438,59.000,58.000,60.000,59.000,57.000,57.000,58.000,58.000,63.000,63.000,59.000,62.172,53.000,35.000,35.008,40.074,40.777,37.969,34.996,18.015,0.198,28.906,1832.471,1718.804,1836.000,1700.000,0.000,0.000,,,,2,1789737358.462,0,0
207.552,73.168,76.383,60.312,59.000,58.000,59.000,58.000,57.000,57.000,59.000,58.000,63.000,63.000,58.000,62.125,52.938,35.000,35.008,40.082,40.801,37.977,34.996,17.949,0.197,28.485,1841.668,1696.769,1836.000,1700.000,0.000,0.000,,,,2,1789737359.463,0,0
208.556,72.828,76.043,60.188,59.000,58.000,60.000,58.000,57.000,57.000,59.000,58.000,64.000,64.000,59.000,62.266,52.938,35.000,35.008,40.094,40.828,37.988,34.996,20.194,0.218,30.740,1827.606,1696.905,1836.000,1700.000,0.000,0.000,,,,2,1789737360.468,0,0
209.558,72.496,75.711,60.250,58.000,58.000,59.000,59.000,57.000,57.000,58.000,58.000,63.000,63.000,59.000,62.234,52.938,35.000,35.008,40.102,40.855,37.996,34.996,21.434,0.226,32.244,1836.472,1698.826,1836.000,1700.000,0.000,0.000,,,,2,1789737361.471,0,0
210.562,72.164,75.379,60.062,58.000,58.000,59.000,59.000,58.000,57.000,58.000,58.000,63.000,63.000,58.000,61.797,52.875,35.000,35.008,40.113,40.883,38.012,34.996,18.905,0.208,29.641,1829.622,1685.291,1836.000,1700.000,0.000,0.000,,,,2,1789737362.474,0,0
211.566,71.859,75.074,60.062,59.000,58.000,61.000,60.000,59.000,57.000,59.000,58.000,64.000,64.000,59.000,62.484,52.875,35.000,35.008,40.125,40.910,38.023,34.996,25.047,0.254,34.851,1843.884,1697.705,1836.000,1700.000,0.000,0.000,,,,2,1789737363.478,0,0
212.570,71.582,74.797,60.125,59.000,58.000,60.000,59.000,58.000,58.000,59.000,58.000,63.000,63.000,59.000,62.906,52.875,35.000,35.008,40.137,40.941,38.039,34.996,26.171,0.249,37.535,1841.649,1710.710,1836.000,1700.000,0.000,0.000,,,,2,1789737364.482,0,0
213.571,71.289,74.504,60.250,59.000,58.000,60.000,58.000,57.000,57.000,58.000,58.000,63.000,63.000,58.000,62.266,52.812,35.000,35.008,40.148,40.969,38.051,34.996,21.162,0.227,31.047,1843.384,1697.625,1836.000,1700.000,0.000,0.000,,,,2,1789737365.482,0,0
214.574,71.020,74.234,60.250,58.000,58.000,60.000,59.000,58.000,57.000,59.000,58.000,63.000,63.000,58.000,62.688,52.875,35.000,35.008,40.160,41.000,38.062,34.996,24.956,0.242,36.557,1855.221,1697.401,1836.000,1700.000,0.000,0.000,,,,2,1789737366.487,0,0
215.575,70.773,73.988,60.250,59.000,58.000,61.000,60.000,58.000,58.000,59.000,58.000,64.000,64.000,59.000,63.109,52.875,35.000,35.008,40.172,41.027,38.078,34.996,24.931,0.242,34.401,1838.902,1697.841,1836.000,1700.000,0.000,0.000,,,,2,1789737367.487,0,0
216.579,70.512,73.727,60.250,61.000,60.000,61.000,61.000,60.000,59.000,64.000,60.000,63.000,64.000,60.000,62.359,52.812,35.000,35.008,40.184,41.059,38.090,34.996,20.737,0.221,32.370,1836.126,1697.425,1836.000,1700.000,0.000,0.000,,,,2,1789737368.491,0,0
217.584,70.234,73.449,60.250,57.000,57.000,59.000,58.000,57.000,57.000,58.000,58.000,62.000,62.000,58.000,61.656,52.938,35.000,35.008,40.195,41.086,38.105,34.996,21.227,0.221,32.824,1841.263,1722.595,1836.000,1700.000,0.000,0.000,,,,2,1789737369.496,0,0
218.588,70.047,73.262,60.312,59.000,60.000,61.000,60.000,59.000,59.000,60.000,59.000,65.000,65.000,59.000,64.281,52.875,35.000,35.008,40.207,41.113,38.121,34.996,28.946,0.257,39.299,1840.999,1701.235,1836.000,1700.000,0.000,0.000,,,,2,1789737370.499,0,0
219.590,70.156,73.207,60.438,74.000,66.000,71.000,67.000,64.000,64.000,74.000,66.000,69.000,74.000,64.000,71.734,52.750,35.000,35.008,40.223,41.145,38.137,34.996,40.274,0.296,47.033,1829.213,1694.660,1836.000,1700.000,0.000,0.000,,,,2,1789737371.505,0,0
220.593,71.887,75.148,60.938,77.000,67.000,71.000,70.000,79.000,70.000,72.000,69.000,68.000,79.000,67.000,77.078,53.250,35.000,35.008,40.234,41.172,38.152,34.996,48.527,0.337,59.879,1829.343,1710.888,1836.000,1700.000,0.000,0.000,,,,2,1789737372.507,0,0
221.596,73.184,76.512,61.500,69.000,73.000,71.000,70.000,66.000,65.000,65.000,75.000,66.000,77.078,67.000,77.078,53.312,35.000,35.008,40.246,41.199,38.168,34.996,47.906,0.312,59.423,1826.883,1701.500,1836.000,1700.000,0.000,0.000,,,,2,1789737373.510,0,0
222.600,74.137,77.418,61.875,67.000,65.000,85.000,69.000,84.000,67.000,67.000,73.000,66.000,85.000,66.000,77.000,53.625,35.000,35.008,40.262,41.230,38.184,34.996,47.015,0.305,58.478,1835.985,1701.211,1836.000,1700.000,0.000,0.000,,,,2,1789737374.510,0,0
223.601,74.500,77.562,62.312,75.000,65.000,71.000,69.000,68.000,65.000,70.000,72.000,71.000,75.594,66.000,75.594,54.000,35.000,35.008,40.273,41.262,38.199,34.996,47.411,0.306,57.030,1831.409,1697.241,1836.000,1700.000,0.000,0.000,,,,2,1789737375.513,0,0
224.605,76.309,79.605,62.500,78.000,68.000,73.000,73.000,72.000,70.000,70.000,78.000,66.000,81.734,67.000,81.734,54.312,35.000,35.008,40.289,41.293,38.215,34.996,49.587,0.311,60.540,1831.539,1687.281,1836.000,1700.000,0.000,0.000,,,,2,1789737376.519,0,0
225.608,78.258,81.809,63.188,86.000,70.000,79.000,74.000,84.000,73.000,71.000,71.000,65.000,86.000,70.000,84.094,54.562,35.000,35.008,40.301,41.324,38.230,34.996,47.222,0.280,57.714,1817.558,1693.512,1836.000,1700.000,0.000,0.000,,,,2,1789737377.519,0,0
226.610,80.016,83.742,63.625,75.000,71.000,78.000,74.000,70.000,76.000,79.000,81.000,66.000,85.297,70.000,85.297,54.875,35.000,35.008,40.316,41.352,38.250,34.996,47.738,0.276,59.076,1840.830,1702.740,1836.000,1700.000,0.000,0.000,,,,2,1789737378.521,0,0
227.613,81.285,85.020,63.938,80.000,74.000,75.000,73.000,73.000,70.000,76.000,87.000,67.000,87.000,71.000,85.094,55.188,35.000,35.008,40.328,41.379,38.266,34.996,46.565,0.270,56.615,1838.216,1700.897,1836.000,1700.000,0.000,0.000,,,,2,1789737379.524,0,0
228.617,81.688,85.168,64.125,83.000,70.000,74.000,73.000,71.000,69.000,79.000,71.000,68.000,83.000,70.000,82.891,55.312,35.000,35.008,40.344,41.406,38.281,34.996,47.894,0.256,58.288,1850.063,1700.729,1836.000,1700.000,0.000,0.000,,,,2,1789737380.529,0,0
229.619,82.789,86.250,64.562,78.000,70.000,72.000,73.000,70.000,81.000,79.000,83.000,67.000,86.094,70.000,86.094,55.688,35.000,35.008,40.359,41.434,38.301,34.996,47.075,0.293,58.058,1833.087,1698.842,1836.000,1700.000,0.000,0.000,,,,2,1789737381.531,0,0
230.621,83.977,87.449,64.875,80.000,73.000,79.000,74.000,85.000,78.000,71.000,74.000,66.000,87.547,70.000,87.547,55.938,35.000,35.008,40.375,41.457,38.320,34.996,46.261,0.226,56.709,1842.827,1701.010,1836.000,1700.000,0.000,0.000,,,,2,1789737382.533,0,0
231.625,85.152,88.629,65.062,88.000,70.000,79.000,75.000,73.000,75.000,74.000,90.000,68.000,90.000,70.000,88.672,56.250,35.000,35.008,40.391,41.484,38.340,34.996,48.022,0.241,58.705,1898.084,1769.163,1923.000,1781.000,0.000,0.000,,,,2,1789737383.538,0,0
232.630,85.777,89.094,65.375,73.000,81.000,77.000,82.000,71.000,78.000,70.000,81.000,68.000,87.656,73.000,87.656,56.562,35.000,35.008,40.406,41.508,38.359,34.996,47.824,0.267,58.211,1933.478,1796.882,1977.000,1831.000,0.000,0.000,,,,2,1789737384.542,0,0
233.634,86.781,90.070,65.625,74.000,71.000,77.000,76.000,87.000,72.000,77.000,89.000,68.000,89.797,72.000,89.797,56.938,35.000,35.008,40.422,41.535,38.379,34.996,46.660,0.234,57.113,2002.893,1830.952,2031.000,1881.000,0.000,0.000,,,,2,1789737385.547,0,0
234.636,87.406,90.555,65.875,85.000,84.000,78.000,86.000,74.000,74.000,70.000,69.000,67.000,89.281,75.000,89.281,57.188,35.000,35.008,40.438,41.559,38.402,34.996,47.292,0.267,57.967,2033.772,1894.707,2085.000,1931.000,0.000,0.000,,,,2,1789737386.546,0,0
235.637,87.938,90.930,66.188,90.000,72.000,80.000,77.000,75.000,74.000,71.000,87.000,68.000,90.000,72.000,89.531,57.375,35.000,35.008,40.457,41.586,38.426,34.996,47.785,0.228,58.715,2068.371,1942.596,2139.000,1981.000,0.000,0.000,,,,2,1789737387.548,0,0
236.641,88.723,91.648,66.375,79.000,73.000,77.000,75.000,86.000,80.000,81.000,78.000,69.000,91.078,72.000,91.078,57.688,35.000,35.008,40.473,41.613,38.445,34.996,46.015,0.227,56.523,2123.217,1989.962,2193.000,2031.000,0.000,0.000,,,,2,1789737388.554,0,0
237.643,89.039,91.770,66.625,80.000,74.000,83.000,81.000,87.000,80.000,85.000,82.000,70.000,89.984,72.000,89.984,58.000,35.000,35.008,40.492,41.637,38.469,34.996,50.246,0.277,60.074,2197.681,2023.188,2253.000,2087.000,0.000,0.000,,,,2,1789737389.557,0,0
238.645,88.992,91.449,66.875,77.000,75.000,79.000,78.000,81.000,75.000,81.000,89.000,69.000,89.000,73.000,87.547,58.125,35.000,35.008,40.508,41.664,38.488,34.996,48.875,0.313,60.367,2258.908,2080.323,2314.000,2143.000,0.000,0.000,,,,2,1789737390.559,0,0
239.649,89.750,92.188,67.250,75.000,74.000,76.000,84.000,76.000,75.000,93.000,84.000,71.000,93.000,73.000,92.031,58.438,35.000,35.008,40.527,41.688,38.512,34.996,48.592,0.283,59.147,2309.987,2128.704,2374.000,2199.000,0.000,0.000,,,,2,1789737391.562,0,0
240.652,90.129,92.438,67.500,87.000,77.000,82.000,82.000,96.000,84.000,87.000,93.000,70.000,96.000,76.000,91.266,58.625,35.000,35.008,40.543,41.715,38.539,34.996,48.297,0.243,58.168,2366.413,2192.342,2435.000,2255.000,0.000,0.000,,,,2,1789737392.563,1,0
241.654,90.250,92.363,67.812,86.000,73.000,77.000,79.000,77.000,80.000,78.000,91.000,71.000,91.000,74.000,90.609,58.875,35.000,35.008,40.562,41.742,38.562,34.996,51.866,0.302,64.314,2425.827,2246.224,2495.000,2311.000,0.000,0.000,,,,2,1789737393.565,1,0
242.658,90.246,92.148,68.062,96.000,81.000,79.000,79.000,82.000,75.000,75.000,76.000,70.000,96.000,76.000,90.234,59.188,35.000,35.008,40.582,41.770,38.590,34.996,48.806,0.295,59.887,2487.614,2313.253,2556.000,2367.000,0.000,0.000,,,,2,1789737394.572,1,0
243.662,90.449,92.223,68.250,91.000,75.000,83.000,78.000,83.000,75.000,74.000,94.000,70.000,94.000,74.000,91.062,59.312,35.000,35.008,40.605,41.797,38.617,34.996,49.356,0.276,59.958,2544.044,2361.058,2616.000,2423.000,0.000,0.000,,,,2,1789737395.573,1,0
244.664,90.402,92.000,68.500,88.000,76.000,81.000,79.000,87.000,80.000,76.000,76.000,70.000,88.969,75.000,88.969,59.562,35.000,35.008,40.625,41.828,38.645,34.996,49.375,0.299,59.720,2544.763,2354.157,2587.000,2396.000,0.000,0.000,,,,2,1789737396.577,1,0
245.668,90.445,91.934,68.812,87.000,81.000,82.000,91.000,80.000,77.000,76.000,82.000,71.000,91.000,77.000,90.969,59.688,35.000,35.008,40.645,41.855,38.672,34.996,48.063,0.262,58.748,2548.600,2361.492,2573.000,2383.000,0.000,0.000,,,,2,1789737397.579,1,0
246.671,90.262,91.750,69.000,78.000,76.000,80.000,78.000,75.000,82.000,81.000,78.000,70.000,84.656,73.000,84.656,60.000,35.000,35.008,40.664,41.887,38.699,34.996,47.490,0.338,58.801,2553.825,2342.362,2536.000,2349.000,0.000,0.000,,,,2,1789737398.586,1,0
247.675,90.270,91.758,69.062,82.000,74.000,80.000,78.000,84.000,86.000,79.000,77.000,71.000,90.531,75.000,90.531,60.062,35.000,35.008,40.688,41.918,38.727,34.996,48.988,0.298,60.109,2549.322,2364.812,2538.000,2350.000,0.000,0.000,,,,2,1789737399.587,1,0
248.678,90.254,91.742,69.562,79.000,79.000,82.000,78.000,85.000,76.000,84.000,79.000,71.000,89.781,75.000,89.781,60.062,35.000,35.008,40.707,41.949,38.758,34.996,47.682,0.326,60.116,2522.740,2354.141,2534.000,2347.000,0.000,0.000,,,,2,1789737400.592,1,0
249.680,90.297,91.785,69.750,91.000,77.000,86.000,82.000,83.000,80.000,76.000,83.000,70.000,91.578,75.000,91.578,60.375,35.000,35.008,40.730,41.980,38.785,34.996,49.937,0.288,60.800,2553.282,2361.709,2543.000,2355.000,0.000,0.000,,,,2,1789737401.592,1,0
250.684,90.520,92.129,69.875,78.000,75.000,97.000,80.000,74.000,97.000,73.000,74.000,70.000,97.000,75.000,93.203,60.500,35.000,35.008,40.754,42.012,38.816,34.996,47.181,0.202,58.088,2590.338,2388.187,2603.000,2411.000,0.000,0.000,,,,2,1789737402.596,1,0
251.688,91.301,93.141,70.000,76.000,85.000,79.000,79.000,83.000,87.000,86.000,80.000,73.000,95.219,77.000,95.219,60.688,35.000,35.008,40.777,42.043,38.848,34.996,48.404,0.212,58.890,2627.680,2423.965,2664.000,2467.000,0.000,0.000,,,,2,1789737403.598,1,0
252.692,91.410,93.188,70.125,82.000,81.000,86.000,79.000,81.000,77.000,84.000,83.000,72.000,92.641,75.000,92.641,60.688,35.000,35.008,40.801,42.078,38.879,34.996,50.484,0.242,61.668,2676.858,2481.817,2724.000,2523.000,0.000,0.000,,,,2,1789737404.604,1,0
253.694,92.484,94.410,70.375,78.000,76.000,80.000,79.000,76.000,95.000,78.000,97.000,72.000,97.000,74.000,95.719,60.938,35.000,35.008,40.824,42.113,38.910,34.996,49.194,0.239,60.135,2726.302,2541.242,2796.000,2589.000,0.000,0.000,,,,2,1789737405.604,1,0
254.697,93.129,95.055,70.500,76.000,74.000,78.000,78.000,86.000,80.000,81.000,93.000,73.000,95.062,74.000,95.062,61.188,35.000,35.008,40.848,42.145,38.941,34.996,48.874,0.254,59.709,2789.552,2595.848,2867.000,2655.000,0.000,0.000,,,,2,1789737406.607,1,0
255.699,93.801,95.734,70.812,81.000,84.000,95.000,80.000,79.000,82.000,75.000,82.000,72.000,95.812,78.000,95.812,61.375,35.000,35.008,40.871,42.180,38.973,34.996,51.377,0.269,62.891,2855.738,2656.180,2938.000,2721.000,0.000,0.000,,,,2,1789737407.612,1,0
256.704,94.426,96.352,71.125,84.000,80.000,82.000,87.000,76.000,78.000,96.000,75.000,72.000,96.297,77.000,96.297,61.438,35.000,35.008,40.895,42.211,39.004,34.996,48.306,0.237,59.585,2942.619,2716.776,3009.000,2787.000,0.000,0.000,,,,2,1789737408.614,1,0
257.709,95.125,97.070,71.188,80.000,74.000,79.000,83.000,77.000,77.000,98.000,91.000,75.000,98.000,75.000,97.219,61.500,35.000,35.008,40.918,42.246,39.039,34.996,47.133,0.213,58.683,2997.477,2767.656,3081.000,2853.000,0.000,0.000,,,,2,1789737409.621,1,0
258.710,95.488,97.348,71.312,78.000,76.000,79.000,82.000,78.000,87.000,81.000,91.000,73.000,96.578,76.000,96.578,61.500,35.000,35.008,40.945,42.281,39.074,34.996,48.593,0.190,57.662,3100.455,2858.845,3152.000,2919.000,0.000,0.000,,,,2,1789737410.621,1,0
259.713,95.570,97.293,71.438,84.000,75.000,95.000,95.000,81.000,78.000,83.000,75.000,72.000,96.078,76.000,96.078,61.750,35.000,35.008,40.969,42.316,39.109,34.996,47.711,0.234,59.676,3160.251,2891.868,3223.000,2985.000,0.000,0.000,,,,2,1789737411.623,1,0
260.718,95.594,97.176,71.688,84.000,88.000,79.000,95.000,81.000,76.000,80.000,74.000,73.000,95.906,79.000,95.906,61.750,35.000,35.008,40.996,42.352,39.141,34.996,48.419,0.255,59.127,3223.727,2980.059,3295.000,3051.000,0.000,0.000,,,,2,1789737412.633,1,0
261.723,96.348,97.996,71.750,82.000,78.000,95.000,80.000,99.000,80.000,92.000,100.000,74.000,100.000,77.000,98.609,61.875,35.000,35.008,41.020,42.383,39.172,34.996,51.497,0.202,60.225,3245.524,3004.983,3323.000,3077.000,0.000,0.000,,,,2,1789737413.633,1,0
262.726,96.215,97.699,72.000,79.000,76.000,84.000,80.000,97.000,77.000,75.000,99.000,71.000,99.000,76.000,92.219,62.000,35.000,35.008,41.047,42.418,39.207,34.996,45.942,0.256,57.086,3296.734,3048.806,3351.000,3103.000,0.000,0.000,,,,2,1789737414.637,1,0
263.728,96.559,98.035,72.062,81.000,74.000,89.000,80.000,76.000,84.000,81.000,92.000,71.000,97.938,74.000,97.938,62.000,35.000,35.008,41.074,42.449,39.242,34.996,46.016,0.187,57.367,3327.356,3118.935,3379.000,3129.000,0.000,0.000,,,,2,1789737415.637,1,0
264.731,96.871,98.293,72.125,83.000,74.000,82.000,78.000,91.000,75.000,100.000,77.000,75.000,100.000,74.000,97.812,62.062,35.000,35.008,41.098,42.484,39.273,34.996,46.897,0.185,56.972,3374.452,3133.377,3407.000,3155.000,0.000,0.000,,,,2,1789737416.642,1,0
265.736,97.348,98.770,72.062,81.000,75.000,83.000,80.000,82.000,93.000,100.000,78.000,75.000,100.000,74.000,98.781,62.125,35.000,35.008,41.125,42.516,39.309,34.996,47.165,0.181,57.918,3405.350,3159.918,3435.000,3181.000,0.000,0.000,,,,2,1789737417.646,1,0
266.738,97.316,98.598,72.188,80.000,76.000,80.000,92.000,86.000,87.000,78.000,80.000,74.000,96.438,76.000,96.438,62.250,35.000,35.008,41.152,42.551,39.340,34.996,46.668,0.178,58.257,3437.345,3174.127,3463.000,3207.000,0.000,0.000,,,,2,1789737418.649,1,0
267.743,97.410,98.719,72.312,78.000,74.000,78.000,78.000,78.000,80.000,96.000,99.000,74.000,99.000,76.000,97.250,62.250,35.000,35.008,41.176,42.586,39.379,34.996,48.131,0.203,58.226,3454.696,3195.087,3491.000,3233.000,0.000,0.000,,,,2,1789737419.652,1,0
268.747,97.402,98.711,72.500,78.000,79.000,79.000,86.000,79.000,78.000,78.000,93.000,73.000,97.250,77.000,97.219,62.250,35.000,35.008,41.203,42.621,39.414,34.996,47.350,0.191,58.191,3487.223,3257.859,3519.000,3259.000,0.000,0.000,,,,2,1789737420.658,1,0
269.751,97.398,98.707,72.625,79.000,78.000,87.000,83.000,87.000,79.000,76.000,83.000,72.000,97.219,77.000,97.234,62.188,35.000,35.008,41.230,42.656,39.449,34.996,47.672,0.179,57.507,3512.778,3258.095,3547.000,3285.000,0.000,0.000,,,,2,1789737421.661,1,0
270.755,97.391,98.699,72.562,80.000,87.000,82.000,100.000,77.000,84.000,76.000,74.000,71.000,100.000,79.000,98.016,62.312,35.000,35.008,41.285,42.727,39.516,34.996,46.381,0.201,58.136,3539.092,3265.543,3575.000,3311.000,0.000,0.000,,,,2,1789737422.668,1,0
271.760,97.324,98.633,72.875,82.000,75.000,93.000,80.000,86.000,87.000,82.000,76.000,73.000,94.750,76.000,94.750,62.375,35.000,35.008,41.309,42.758,39.551,34.996,50.769,0.209,61.557,3581.626,3315.894,3603.000,3337.000,0.000,0.000,,,,2,1789737423.671,1,0
272.762,97.195,98.504,72.875,83.000,76.000,97.000,81.000,87.000,79.000,75.000,83.000,72.000,97.000,75.000,93.109,62.375,35.000,35.008,41.336,42.793,39.582,34.996,48.232,0.222,59.357,3590.700,3324.437,3632.000,3363.000,0.000,0.000,,,,2,1789737424.674,1,0
273.764,97.188,98.496,73.250,97.000,78.000,83.000,83.000,78.000,86.000,84.000,76.000,74.000,97.016,78.000,97.016,62.562,35.000,35.008,41.363,42.828,39.617,34.996,54.972,0.233,66.179,3617.945,3362.632,3660.000,3389.000,0.000,0.000,,,,2,1789737425.678,1,0
274.767,97.113,98.422,73.375,78.000,77.000,79.000,79.000,95.000,86.000,87.000,76.000,73.000,95.000,76.000,94.766,62.688,35.000,35.008,41.391,42.863,39.652,34.996,47.850,0.221,60.696,3654.266,3402.261,3688.000,3415.000,0.000,0.000,,,,2,1789737426.680,1,0
275.768,97.051,98.359,73.500,91.000,81.000,92.000,88.000,91.000,88.000,85.000,88.000,74.000,95.188,78.000,95.188,62.688,35.000,35.008,41.418,42.895,39.684,34.996,54.852,0.270,62.569,3700.696,3426.516,3716.000,3441.000,0.000,0.000,,,,2,1789737427.678,1,0
276.768,97.008,98.281,73.688,78.000,82.000,85.000,84.000,94.000,78.000,80.000,77.000,74.000,95.625,77.000,95.625,62.812,35.000,35.008,41.445,42.930,39.719,34.996,47.544,0.246,63.578,3710.652,3441.452,3744.000,3467.000,0.000,0.000,,,,2,1789737428.680,1,0
277.768,96.926,98.199,73.750,77.000,76.000,84.000,88.000,80.000,78.000,94.000,80.000,73.000,94.344,75.000,94.344,62.812,35.000,35.008,41.473,42.965,39.754,34.996,49.730,0.288,61.058,3738.551,3466.071,3772.000,3493.000,0.000,0.000,,,,2,1789737429.680,1,0
278.769,96.945,98.219,73.875,78.000,76.000,78.000,94.000,77.000,77.000,93.000,84.000,73.000,97.547,76.000,97.547,62.875,35.000,35.008,41.500,42.996,39.785,34.996,50.087,0.245,61.073,3757.711,3491.281,3800.000,3519.000,0.000,0.000,,,,2,1789737430.680,1,0
279.770,96.961,98.234,73.875,83.000,79.000,91.000,80.000,90.000,84.000,78.000,76.000,72.000,97.531,76.000,97.531,62.812,35.000,35.004,41.527,43.031,39.820,34.996,46.981,0.229,58.346,3817.077,3516.518,3835.000,3551.000,0.000,0.000,,,,2,1789737431.681,1,0
280.770,96.922,98.195,73.938,90.000,79.000,81.000,80.000,77.000,76.000,79.000,98.000,73.000,98.000,77.000,95.703,62.938,35.000,35.004,41.555,43.062,39.852,34.996,47.018,0.254,58.688,3816.713,3549.316,3869.000,3583.000,0.000,0.000,,,,2,1789737432.683,1,0
281.772,96.867,98.141,73.938,82.000,74.000,81.000,89.000,81.000,77.000,80.000,91.000,73.000,95.125,75.000,95.125,62.812,35.000,35.004,41.582,43.094,39.887,34.996,48.162,0.257,58.600,3857.653,3567.500,3904.000,3615.000,0.000,0.000,,,,2,1789737433.684,1,0
282.776,96.801,98.074,74.125,80.000,81.000,92.000,83.000,86.000,85.000,76.000,80.000,72.000,94.766,77.000,94.766,62.938,35.000,35.004,41.609,43.125,39.922,34.996,47.318,0.229,58.324,3868.306,3628.191,3938.000,3647.000,0.000,0.000,,,,2,1789737434.688,1,0
283.778,96.703,97.977,74.000,78.000,75.000,84.000,80.000,97.000,77.000,94.000,76.000,73.000,97.000,76.000,93.703,62.875,35.000,35.004,41.637,43.156,39.953,34.996,47.102,0.263,58.980,3942.009,3646.345,3973.000,3679.000,0.000,0.000,,,,2,1789737435.689,1,0
284.781,96.570,97.844,74.062,83.000,75.000,81.000,87.000,77.000,76.000,95.000,77.000,75.000,95.000,75.000,92.391,62.812,35.000,35.004,41.664,43.188,39.984,34.996,47.899,0.233,59.031,3973.948,3692.686,4007.000,3711.000,0.000,0.000,,,,2,1789737436.695,1,0
285.786,96.391,97.664,74.000,81.000,77.000,93.000,83.000,77.000,89.000,82.000,78.000,72.000,93.000,76.000,90.797,62.812,35.000,35.004,41.691,43.219,40.016,34.996,50.583,0.311,62.207,4007.971,3721.623,4042.000,3743.000,0.000,0.000,,,,2,1789737437.699,1,0
286.789,96.262,97.535,74.188,95.000,75.000,79.000,80.000,80.000,77.000,95.000,79.000,74.000,95.000,76.000,92.312,62.938,35.000,35.004,41.719,43.250,40.047,34.996,52.423,0.368,64.695,4051.226,3750.820,4077.000,3775.000,0.000,0.000,,,,2,1789737438.701,1,0
287.791,96.180,97.418,74.375,100.000,76.000,83.000,81.000,86.000,78.000,76.000,87.000,71.000,100.000,77.000,93.703,63.000,35.000,35.004,41.746,43.281,40.078,34.996,47.540,0.260,58.708,4063.526,3760.655,4111.000,3807.000,0.000,0.000,,,,2,1789737439.704,1,0
288.792,96.059,97.297,74.562,96.000,76.000,81.000,81.000,84.000,79.000,85.000,76.000,72.000,96.000,77.000,92.266,63.000,35.000,35.004,41.770,43.309,40.109,34.996,49.858,0.254,61.212,4121.398,3808.557,4146.000,3839.000,0.000,0.000,,,,2,1789737440.707,1,0
289.797,95.988,97.227,74.500,79.000,75.000,85.000,87.000,80.000,86.000,88.000,76.000,72.000,93.750,76.000,93.750,62.938,35.000,35.004,41.797,43.340,40.141,34.996,47.387,0.251,58.827,4108.370,3847.757,4180.000,3871.000,0.000,0.000,,,,2,1789737441.710,1,0
290.801,95.902,97.141,74.500,89.000,78.000,80.000,80.000,82.000,80.000,81.000,88.000,72.000,93.297,76.000,93.297,62.875,35.000,35.004,41.824,43.367,40.168,34.996,48.479,0.264,59.835,4180.359,3857.942,4215.000,3903.000,0.000,0.000,,,,2,1789737442.714,1,0
291.806,95.918,97.156,74.625,100.000,75.000,98.000,82.000,79.000,78.000,76.000,88.000,72.000,100.000,75.000,96.438,62.938,35.000,35.004,41.852,43.398,40.199,34.996,49.685,0.244,60.023,4191.750,3898.593,4219.000,3907.000,0.000,0.000,,,,2,1789737443.718,1,0
292.810,95.883,97.121,74.688,77.000,79.000,80.000,79.000,82.000,77.000,89.000,95.000,74.000,95.000,76.000,94.734,63.062,35.000,35.004,41.879,43.426,40.230,34.996,51.682,0.249,65.354,4192.872,3910.069,4234.000,3921.000,0.000,0.000,,,,2,1789737444.721,1,0
293.811,95.816,97.055,74.750,79.000,80.000,82.000,92.000,84.000,77.000,89.000,74.000,73.000,93.734,76.000,93.734,63.000,35.000,35.004,41.902,43.457,40.258,34.996,49.307,0.247,61.105,4240.882,3929.831,4236.000,3923.000,0.000,0.000,,,,2,1789737445.721,1,0
294.811,95.762,97.000,74.750,88.000,75.000,82.000,86.000,79.000,78.000,85.000,87.000,73.000,94.141,76.000,94.141,63.062,35.000,35.004,41.930,43.480,40.289,34.996,47.008,0.237,58.522,4227.535,3909.050,4229.000,3916.000,0.000,0.000,,,,2,1789737446.722,1,0
295.816,95.711,96.949,74.750,92.000,83.000,86.000,90.000,80.000,82.000,80.000,89.000,73.000,94.141,78.000,94.141,62.938,35.000,35.004,41.957,43.512,40.316,34.996,49.179,0.270,60.134,4203.496,3930.388,4226.000,3913.000,0.000,0.000,,,,2,1789737447.727,1,0
296.821,95.809,97.047,75.000,87.000,77.000,99.000,94.000,84.000,94.000,88.000,79.000,75.000,99.000,77.000,98.781,62.875,35.000,35.004,41.984,43.539,40.348,34.996,59.033,0.226,69.783,4216.000,3909.729,4222.000,3910.000,0.000,0.000,,,,2,1789737448.735,1,0
297.826,95.875,97.457,75.188,96.000,77.000,83.000,85.000,85.000,82.000,88.000,88.000,75.000,97.875,77.000,97.875,63.125,35.000,35.004,42.008,43.566,40.375,34.996,58.737,0.237,70.315,4227.535,3940.801,4257.000,3942.000,0.000,0.000,,,,2,1789737449.739,1,0
298.829,95.820,97.402,75.312,79.000,80.000,81.000,82.000,85.000,88.000,76.000,84.000,73.000,94.188,77.000,94.188,63.188,35.000,35.004,42.035,43.594,40.406,34.996,50.211,0.280,63.278,4278.431,3962.357,4291.000,3974.000,0.000,0.000,,,,2,1789737450.740,1,0
299.831,95.770,97.352,75.250,94.000,77.000,82.000,80.000,79.000,82.000,79.000,96.000,73.000,96.000,77.000,94.188,63.312,35.000,35.004,42.062,43.621,40.434,34.996,48.808,0.244,60.398,4290.925,3973.905,4326.000,4006.000,0.000,0.000,,,,2,1789737451.743,1,0
300.836,95.727,97.309,75.250,81.000,76.000,85.000,89.000,83.000,78.000,82.000,88.000,72.000,94.359,76.000,94.359,63.312,35.000,35.004,42.090,43.648,40.461,34.996,47.257,0.252,58.757,4303.955,3994.497,4367.000,4044.000,0.000,0.000,,,,2,1789737452.748,1,0
301.838,95.672,97.254,75.250,90.000,75.000,85.000,79.000,81.000,88.000,78.000,86.000,72.000,94.031,76.000,94.031,63.312,35.000,35.004,42.113,43.672,40.484,34.996,46.900,0.235,58.555,4368.137,4005.741,4375.000,4051.000,0.000,0.000,,,,2,1789737453.750,1,0
302.842,95.652,97.234,75.125,81.000,76.000,83.000,81.000,84.000,77.000,98.000,84.000,74.000,98.000,76.000,95.000,63.188,35.000,35.004,42.141,43.699,40.512,34.996,47.853,0.245,59.538,4354.979,4015.840,4371.000,4048.000,0.000,0.000,,,,2,1789737454.755,1,0
303.843,95.535,97.117,75.125,92.000,84.000,88.000,84.000,88.000,88.000,81.000,80.000,72.000,92.000,78.000,91.906,63.125,35.000,35.004,42.164,43.727,40.539,34.996,48.548,0.280,59.812,4380.895,4040.132,4378.000,4054.000,0.000,0.000,,,,2,1789737455.754,1,0
304.848,95.508,97.090,75.125,96.000,77.000,81.000,80.000,93.000,80.000,85.000,76.000,72.000,96.000,77.000,94.641,63.062,35.000,35.004,42.188,43.746,40.566,34.996,47.980,0.232,60.210,4354.399,4027.792,4357.000,4035.000,0.000,0.000,,,,2,1789737456.764,1,0
305.849,95.535,97.117,75.188,80.000,77.000,87.000,79.000,77.000,77.000,92.000,93.000,73.000,96.391,75.000,96.391,63.062,35.000,35.004,42.215,43.773,40.594,34.996,46.642,0.228,57.660,4367.130,4029.234,4362.000,4039.000,0.000,0.000,,,,2,1789737457.761,1,0
306.850,95.496,97.078,75.062,77.000,80.000,83.000,79.000,78.000,76.000,92.000,90.000,74.000,94.266,76.000,94.266,63.125,35.000,35.004,42.242,43.797,40.617,34.996,46.399,0.239,57.875,4354.874,4028.198,4380.000,4056.000,0.000,0.000,,,,2,1789737458.761,1,0
307.851,95.438,96.980,75.000,84.000,78.000,90.000,82.000,78.000,86.000,79.000,86.000,73.000,93.719,77.000,93.719,63.125,35.000,35.004,42.266,43.816,40.641,34.996,51.632,0.256,62.600,4354.979,4017.633,4380.000,4056.000,0.000,0.000,,,,2,1789737459.765,1,0
308.855,95.371,96.914,75.125,93.000,77.000,96.000,84.000,83.000,78.000,79.000,82.000,72.000,96.000,76.000,93.328,63.062,35.000,35.004,42.289,43.840,40.668,34.996,51.040,0.318,62.183,4354.926,4050.542,4365.000,4042.000,0.000,0.000,,,,2,1789737460.768,1,0
309.859,95.355,96.898,75.188,84.000,76.000,100.000,81.000,77.000,78.000,75.000,99.000,72.000,100.000,76.000,94.812,63.000,35.000,35.004,42.312,43.863,40.691,34.996,50.155,0.279,61.856,4354.769,4017.095,4358.000,4036.000,0.000,0.000,,,,2,1789737461.771,1,0
310.864,95.465,96.996,75.062,90.000,75.000,89.000,79.000,78.000,76.000,77.000,100.000,72.000,100.000,74.000,96.891,63.125,35.000,35.004,42.336,43.883,40.711,34.996,47.917,0.209,59.320,4380.788,4050.314,4365.000,4042.000,0.000,0.000,,,,2,1789737462.776,1,0
311.865,95.504,96.961,75.000,95.000,78.000,84.000,82.000,83.000,88.000,78.000,80.000,72.000,96.312,76.000,96.312,62.875,35.000,35.004,42.359,43.902,40.734,34.996,47.069,0.213,58.049,4380.415,4061.234,4402.000,4076.000,0.000,0.000,,,,2,1789737463.778,1,0
312.868,95.523,96.980,75.000,78.000,85.000,78.000,94.000,76.000,76.000,73.000,84.000,71.000,96.125,78.000,96.125,62.812,35.000,35.004,42.383,43.926,40.758,34.996,46.217,0.208,57.945,4366.389,4049.585,4403.000,4077.000,0.000,0.000,,,,2,1789737464.782,1,0
313.872,95.535,96.867,75.062,75.000,73.000,76.000,77.000,77.000,76.000,100.000,100.000,74.000,100.000,74.000,95.734,62.625,35.000,35.004,42.406,43.945,40.781,34.996,46.992,0.187,58.234,4393.137,4083.253,4418.000,4091.000,0.000,0.000,,,,2,1789737465.785,1,0
314.875,95.758,97.227,74.938,96.000,79.000,83.000,84.000,76.000,78.000,79.000,100.000,71.000,100.000,78.000,98.469,62.750,35.000,35.004,42.430,43.965,40.801,34.996,54.315,0.235,65.575,4393.352,4072.675,4398.000,4073.000,0.000,0.000,,,,2,1789737466.788,1,0
315.877,95.836,97.230,75.000,77.000,73.000,80.000,84.000,89.000,76.000,76.000,100.000,72.000,100.000,74.000,96.547,62.875,35.000,35.004,42.453,43.984,40.824,34.996,48.766,0.207,60.640,4406.850,4118.004,4439.000,4111.000,0.000,0.000,,,,2,1789737467.789,1,0
316.880,95.988,97.477,75.188,92.000,75.000,77.000,79.000,78.000,76.000,88.000,93.000,74.000,98.328,76.000,98.328,62.812,35.000,35.004,42.477,44.004,40.844,34.996,54.524,0.224,66.374,4433.989,4119.229,4480.000,4149.000,0.000,0.000,,,,2,1789737468.790,1,0
317.882,96.078,97.566,75.375,79.000,75.000,79.000,79.000,77.000,79.000,92.000,98.000,72.000,98.031,76.000,98.031,62.812,35.000,35.004,42.500,44.023,40.863,34.996,55.767,0.230,67.588,4489.450,4177.061,4521.000,4187.000,0.000,0.000,,,,2,1789737469.795,1,0
318.885,96.105,97.496,75.375,92.000,78.000,79.000,79.000,81.000,76.000,100.000,75.000,74.000,100.000,76.000,96.609,62.938,35.000,35.004,42.523,44.039,40.883,34.996,47.869,0.210,58.838,4531.551,4178.273,4563.000,4225.000,0.000,0.000,,,,2,1789737470.798,1,0
319.886,96.070,97.461,75.312,86.000,77.000,86.000,80.000,88.000,92.000,76.000,81.000,72.000,95.000,76.000,95.000,62.812,35.000,35.004,42.543,44.055,40.902,34.996,51.223,0.257,62.594,4544.938,4238.236,4604.000,4263.000,0.000,0.000,,,,2,1789737471.798,1,0
320.888,96.043,97.434,75.375,86.000,77.000,90.000,82.000,80.000,86.000,76.000,87.000,72.000,95.281,76.000,95.281,62.750,35.000,35.004,42.566,44.074,40.922,34.996,51.913,0.269,63.064,4587.273,4249.693,4631.000,4288.000,0.000,0.000,,,,2,1789737472.799,1,0
321.892,96.051,97.441,75.125,83.000,78.000,84.000,79.000,97.000,76.000,76.000,86.000,71.000,97.000,76.000,96.234,62.750,35.000,35.004,42.590,44.094,40.941,34.996,48.826,0.214,60.606,4617.575,4249.894,4636.000,4293.000,0.000,0.000,,,,2,1789737473.803,1,0
322.894,96.082,97.473,75.062,79.000,75.000,97.000,79.000,81.000,96.000,81.000,75.000,71.000,97.094,76.000,97.094,62.750,35.000,35.004,42.609,44.109,40.961,34.996,47.167,0.188,58.526,4617.930,4275.027,4650.000,4306.000,0.000,0.000,,,,2,1789737474.805,1,0
323.898,95.992,97.383,75.000,84.000,80.000,86.000,82.000,81.000,85.000,83.000,87.000,72.000,93.172,76.000,93.172,62.688,35.000,35.004,42.633,44.129,40.980,34.996,53.151,0.212,64.356,4632.251,4286.275,4671.000,4325.000,0.000,0.000,,,,2,1789737475.810,1,0
324.899,95.883,97.273,75.125,77.000,78.000,77.000,86.000,76.000,75.000,93.000,73.000,73.000,93.000,75.000,92.469,62.688,35.000,35.004,42.652,44.145,40.996,34.996,47.983,0.244,59.714,4631.833,4286.990,4659.000,4314.000,0.000,0.000,,,,2,1789737476.809,1,0
325.902,95.848,97.238,75.125,88.000,77.000,83.000,94.000,76.000,78.000,86.000,75.000,72.000,94.734,77.000,94.734,62.750,35.000,35.004,42.672,44.152,41.012,34.996,48.827,0.191,59.453,4646.720,4263.181,4640.000,4297.000,0.000,0.000,,,,2,1789737477.814,1,0
326.907,95.863,97.254,74.938,77.000,92.000,77.000,83.000,93.000,77.000,73.000,75.000,70.000,96.438,78.000,96.438,62.500,35.000,35.004,42.688,44.164,41.031,34.996,47.131,0.191,59.937,4677.694,4311.739,4642.000,4299.000,0.000,0.000,,,,2,1789737478.820,1,0
327.911,95.914,97.305,74.938,76.000,72.000,100.000,78.000,77.000,74.000,96.000,72.000,73.000,100.000,72.000,97.406,62.500,35.000,35.004,42.707,44.172,41.047,34.996,46.583,0.205,58.835,4675.932,4285.562,4659.000,4314.000,0.000,0.000,,,,2,1789737479.821,1,0
328.913,95.867,97.258,74.812,79.000,87.000,79.000,86.000,76.000,76.000,73.000,92.000,71.000,94.500,79.000,94.500,62.500,35.000,35.004,42.723,44.184,41.062,34.996,50.704,0.237,61.788,4676.114,4311.842,4683.000,4337.000,0.000,0.000,,,,2,1789737480.828,1,0
329.917,95.887,97.277,74.875,77.000,73.000,79.000,78.000,79.000,81.000,82.000,100.000,72.000,100.000,74.000,96.453,62.438,35.000,35.004,42.742,44.191,41.078,34.996,51.204,0.218,62.429,4676.843,4312.720,4701.000,4353.000,0.000,0.000,,,,2,1789737481.831,1,0
330.920,95.891,97.281,74.875,81.000,74.000,79.000,89.000,95.000,77.000,78.000,77.000,72.000,95.969,74.000,95.969,62.375,35.000,35.004,42.758,44.199,41.094,34.996,49.673,0.235,62.099,4722.302,4324.116,4714.000,4365.000,0.000,0.000,,,,2,1789737482.830,1,0
331.921,95.816,97.207,74.875,87.000,75.000,82.000,79.000,87.000,86.000,86.000,75.000,71.000,93.594,75.000,93.594,62.312,35.000,35.004,42.773,44.207,41.105,34.996,48.924,0.223,60.016,4691.899,4350.874,4705.000,4357.000,0.000,0.000,,,,2,1789737483.833,1,0
332.926,95.711,97.102,74.750,92.000,74.000,92.000,80.000,76.000,83.000,75.000,76.000,72.000,92.453,75.000,92.453,62.188,35.000,35.004,42.793,44.215,41.121,34.996,45.941,0.186,58.281,4722.302,4351.505,4688.000,4341.000,0.000,0.000,,,,2,1789737484.836,1,0
333.927,95.625,97.016,74.688,76.000,75.000,76.000,94.000,75.000,76.000,88.000,73.000,70.000,94.000,75.000,92.938,62.375,35.000,35.004,42.809,44.227,41.137,34.996,45.133,0.202,56.795,4722.798,4352.347,4675.000,4329.000,0.000,0.000,,,,2,1789737485.840,1,0
334.928,95.559,96.949,74.688,81.000,74.000,83.000,78.000,84.000,87.000,89.000,82.000,72.000,93.438,74.000,93.438,62.250,35.000,35.004,42.828,44.234,41.148,34.996,45.781,0.170,57.037,4676.782,4324.688,4667.000,4322.000,0.000,0.000,,,,2,1789737486.838,1,0
335.928,95.555,96.945,74.562,76.000,73.000,78.000,79.000,78.000,91.000,90.000,84.000,73.000,95.516,73.000,95.516,62.125,35.000,35.004,42.840,44.242,41.164,34.996,46.263,0.182,57.843,4676.782,4325.052,4678.000,4332.000,0.000,0.000,,,,2,1789737487.839,1,0
336.928,95.559,96.949,74.375,85.000,77.000,83.000,79.000,90.000,97.000,78.000,94.000,71.000,97.000,75.000,95.609,62.125,35.000,35.004,42.859,44.246,41.176,34.996,55.134,0.234,64.233,4676.904,4327.183,4690.000,4343.000,0.000,0.000,,,,2,1789737488.839,1,0
337.930,95.500,96.891,74.688,82.000,75.000,87.000,79.000,83.000,84.000,97.000,74.000,73.000,97.000,75.000,93.688,62.188,35.000,35.004,42.875,44.250,41.195,35.996,50.026,0.248,63.264,4707.544,4350.453,4685.000,4338.000,0.000,0.000,,,,2,1789737489.844,1,0
338.934,95.465,96.855,74.625,79.000,75.000,80.000,89.000,74.000,76.000,75.000,99.000,71.000,99.000,75.000,94.391,62.125,35.000,35.004,42.891,44.258,41.215,35.996,47.346,0.229,60.294,4692.938,4325.779,4686.000,4339.000,0.000,0.000,,,,2,1789737490.844,1,0
339.935,95.383,96.773,74.375,77.000,87.000,79.000,78.000,93.000,73.000,74.000,72.000,70.000,93.000,77.000,92.812,62.000,35.000,35.004,42.906,44.266,41.234,35.996,46.681,0.213,57.700,4676.357,4351.347,4674.000,4328.000,0.000,0.000,,,,2,1789737491.847,1,0
340.936,95.426,96.816,74.500,88.000,84.000,81.000,80.000,90.000,76.000,84.000,74.000,72.000,96.828,77.000,96.828,62.250,35.000,35.004,42.918,44.270,41.254,35.996,46.271,0.179,57.903,4676.357,4351.137,4695.000,4348.000,0.000,0.000,,,,2,1789737492.846,1,0
341.940,95.457,96.848,74.312,76.000,74.000,74.000,94.000,73.000,75.000,73.000,99.000,70.000,99.000,75.000,96.344,61.875,35.000,35.004,42.934,44.273,41.270,35.996,48.675,0.230,59.753,4707.605,4351.663,4715.000,4366.000,0.000,0.000,,,,2,1789737493.852,1,0
342.942,95.480,96.773,74.438,78.000,74.000,100.000,93.000,75.000,75.000,71.000,72.000,70.000,100.000,74.000,95.891,61.938,35.000,35.004,42.949,44.281,41.289,35.996,51.633,0.221,64.137,4691.593,4351.347,4705.000,4357.000,0.000,0.000,,,,2,1789737494.855,1,0
343.943,95.711,97.105,74.438,79.000,73.000,81.000,79.000,77.000,100.000,79.000,91.000,71.000,100.000,74.000,98.031,61.938,35.000,35.004,42.965,44.285,41.305,35.996,46.861,0.180,58.288,4691.593,4376.953,4746.000,4395.000,0.000,0.000,,,,2,1789737495.855,1,0
344.943,95.816,97.234,74.375,86.000,75.000,97.000,79.000,74.000,98.000,73.000,77.000,70.000,98.000,75.000,97.453,61.938,35.000,35.004,42.980,44.289,41.320,35.996,51.858,0.211,63.255,4721.931,4430.279,4787.000,4433.000,0.000,0.000,,,,2,1789737496.857,1,0
345.948,95.801,97.219,74.312,76.000,73.000,75.000,93.000,74.000,75.000,75.000,96.000,71.000,96.000,74.000,95.328,61.938,35.000,35.004,42.992,44.293,41.340,35.996,49.493,0.219,61.306,4737.029,4390.458,4828.000,4471.000,0.000,0.000,,,,2,1789737497.858,1,0
346.953,95.785,97.062,74.375,97.000,74.000,100.000,78.000,76.000,74.000,71.000,71.000,69.000,100.000,74.000,95.406,61.875,35.000,35.004,43.008,44.297,41.355,35.996,46.587,0.197,59.127,4800.512,4443.512,4831.000,4474.000,0.000,0.000,,,,2,1789737498.865,1,0
347.956,95.711,96.988,74.250,80.000,81.000,82.000,80.000,85.000,89.000,74.000,73.000,70.000,93.312,76.000,93.312,61.812,35.000,35.004,43.023,44.297,41.367,35.996,44.328,0.175,55.298,4784.435,4429.788,4823.000,4466.000,0.000,0.000,,,,2,1789737499.866,1,0
348.960,95.688,96.965,74.062,76.000,75.000,78.000,79.000,77.000,89.000,74.000,97.000,71.000,97.000,75.000,94.953,61.812,35.000,35.004,43.035,44.301,41.383,35.996,47.613,0.215,58.632,4816.375,4443.019,4827.000,4470.000,0.000,0.000,,,,2,1789737500.870,1,0
349.964,95.707,96.984,73.938,91.000,74.000,81.000,78.000,77.000,85.000,82.000,100.000,72.000,100.000,73.000,96.406,61.750,35.000,35.004,43.051,44.305,41.398,35.996,49.490,0.214,59.310,4815.603,4471.383,4843.000,4485.000,0.000,0.000,,,,2,1789737501.876,1,0
350.967,95.828,97.105,74.125,80.000,86.000,77.000,77.000,74.000,75.000,72.000,100.000,70.000,100.000,76.000,98.656,61.875,35.000,35.004,43.062,44.305,41.410,35.996,48.616,0.208,63.654,4817.020,4485.702,4884.000,4523.000,0.000,0.000,,,,2,1789737502.880,1,0
351.972,96.000,97.480,73.875,79.000,73.000,79.000,100.000,100.000,76.000,74.000,71.000,69.000,100.000,74.000,99.297,61.812,35.000,35.004,43.078,44.309,41.426,35.996,45.235,0.156,57.709,4865.391,4499.775,4934.000,4569.000,0.000,0.000,,,,2,1789737503.883,1,0
352.976,96.160,97.781,73.750,76.000,78.000,79.000,92.000,100.000,75.000,75.000,71.000,69.000,100.000,77.000,99.078,61.625,35.000,35.004,43.090,44.309,41.438,35.996,44.327,0.149,54.407,4897.560,4525.114,4984.000,4615.000,0.000,0.000,,,,2,1789737504.886,1,0
353.981,96.312,98.082,73.688,98.000,78.000,87.000,81.000,93.000,76.000,78.000,83.000,70.000,99.391,76.000,99.391,61.625,35.000,35.004,43.102,44.312,41.449,35.996,51.355,0.179,62.251,4914.273,4567.542,5033.000,4661.000,0.000,0.000,,,,2,1789737505.891,1,0
354.985,96.324,98.094,73.812,94.000,74.000,83.000,79.000,76.000,75.000,96.000,72.000,72.000,96.750,75.000,96.750,61.500,35.000,35.004,43.113,44.309,41.461,35.996,50.014,0.208,62.097,4966.339,4581.610,5083.000,4707.000,0.000,0.000,,,,2,1789737506.898,1,0
355.988,96.352,98.121,73.625,78.000,73.000,77.000,77.000,100.000,95.000,76.000,76.000,69.000,100.000,74.000,97.172,61.625,35.000,35.004,43.129,44.312,41.473,35.996,44.704,0.177,56.466,5070.494,4641.508,5133.000,4753.000,0.000,0.000,,,,2,1789737507.898,1,0
356.992,96.445,98.215,73.562,98.000,81.000,88.000,88.000,79.000,78.000,73.000,81.000,69.000,99.234,78.000,99.234,61.562,35.000,35.004,43.141,44.312,41.484,35.996,50.113,0.177,60.026,5087.620,4701.089,5182.000,4799.000,0.000,0.000,,,,2,1789737508.904,1,0
357.993,96.449,98.219,73.688,90.000,74.000,85.000,80.000,95.000,77.000,78.000,85.000,70.000,96.578,74.000,96.578,61.625,35.000,35.004,43.152,44.312,41.492,35.996,51.967,0.206,65.151,5123.097,4761.338,5232.000,4845.000,0.000,0.000,,,,2,1789737509.905,1,0
358.998,96.398,98.168,73.562,80.000,77.000,90.000,79.000,76.000,95.000,72.000,74.000,69.000,95.000,75.000,94.844,61.562,35.000,35.004,43.164,44.312,41.504,35.996,47.348,0.190,60.031,5178.143,4792.396,5282.000,4891.000,0.000,0.000,,,,2,1789737510.908,1,0
360.001,96.434,98.203,73.625,89.000,75.000,86.000,80.000,81.000,79.000,77.000,88.000,71.000,97.500,75.000,97.500,61.500,35.000,35.004,43.176,44.316,41.516,35.996,49.753,0.201,60.853,5197.055,4808.078,5331.000,4937.000,0.000,0.000,,,,2,1789737511.911,1,0
361.001,96.453,98.223,73.688,82.000,74.000,100.000,82.000,94.000,77.000,83.000,74.000,70.000,100.000,73.000,97.156,61.438,35.000,35.004,43.188,44.312,41.523,35.996,57.539,0.257,69.313,5272.176,4854.238,5357.000,4961.000,0.000,0.000,,,,2,1789737512.913,1,0
362.004,96.457,98.227,73.750,77.000,74.000,78.000,79.000,74.000,95.000,72.000,93.000,70.000,96.484,74.000,96.484,61.438,35.000,35.004,43.199,44.312,41.531,35.996,48.597,0.193,61.489,5253.327,4919.982,5374.000,4976.000,0.000,0.000,,,,2,1789737513.915,1,0
363.004,96.344,98.113,73.688,77.000,84.000,76.000,79.000,82.000,74.000,94.000,80.000,72.000,94.000,76.000,92.859,61.438,35.000,35.004,43.207,44.316,41.543,35.996,52.280,0.256,65.080,5330.648,4903.229,5355.000,4959.000,0.000,0.000,,,,2,1789737514.917,1,0
364.007,96.430,98.199,74.062,95.000,86.000,98.000,91.000,96.000,90.000,90.000,92.000,73.000,99.094,77.000,99.094,61.375,35.000,35.004,43.219,44.316,41.551,35.996,79.624,0.277,85.334,5330.253,4953.492,5396.000,4997.000,0.000,0.000,,,,2,1789737515.923,1,0
365.011,96.383,98.152,75.250,95.000,84.000,97.000,91.000,97.000,91.000,94.000,95.000,73.000,97.000,77.000,94.953,61.625,35.000,35.004,43.230,44.312,41.559,35.996,77.247,0.277,90.752,5349.819,4954.788,5397.000,4998.000,0.000,0.000,,,,2,1789737516.924,1,0
366.014,96.383,98.152,76.250,83.000,89.000,83.000,81.000,77.000,97.000,76.000,100.000,71.000,100.000,78.000,96.328,61.812,35.000,35.004,43.242,44.316,41.562,35.996,79.103,0.293,94.409,5389.302,4970.179,5414.000,5013.000,0.000,0.000,,,,2,1789737517.926,1,0
367.017,96.461,98.230,76.750,90.000,80.000,97.000,86.000,88.000,87.000,88.000,86.000,72.000,98.938,76.000,98.938,62.188,35.000,35.004,43.254,44.316,41.570,35.996,80.021,0.293,90.941,5388.254,4987.047,5452.000,5049.000,0.000,0.000,,,,2,1789737518.928,1,0
368.020,96.566,98.336,77.188,96.000,86.000,98.000,93.000,96.000,93.000,93.000,93.000,74.000,99.672,78.000,99.672,62.188,35.000,35.004,43.262,44.316,41.578,35.996,74.443,0.349,85.786,5408.573,5021.621,5499.000,5092.000,0.000,0.000,,,,2,1789737519.931,1,0
369.021,96.645,98.680,77.750,95.000,87.000,98.000,91.000,96.000,88.000,90.000,92.000,74.000,98.953,78.000,98.953,62.562,35.000,35.004,43.277,44.320,41.586,35.996,73.230,0.320,86.993,5449.261,5037.572,5560.000,5149.000,0.000,0.000,,,,2,1789737520.949,1,0
370.025,96.672,98.707,78.250,85.000,87.000,89.000,93.000,82.000,77.000,78.000,91.000,72.000,97.641,78.000,97.641,62.812,35.000,35.004,43.289,44.324,41.594,35.996,73.375,0.305,88.818,5553.927,5090.066,5616.000,5200.000,0.000,0.000,,,,2,1789737521.935,1,0
371.026,96.699,98.734,78.625,85.000,78.000,99.000,82.000,85.000,79.000,81.000,93.000,72.000,99.000,77.000,97.547,62.812,35.000,35.004,43.301,44.324,41.598,35.996,78.495,0.324,91.627,5554.099,5161.586,5616.000,5200.000,0.000,0.000,,,,2,1789737522.936,1,0
372.027,96.742,98.777,78.750,88.000,78.000,97.000,84.000,95.000,91.000,84.000,97.000,73.000,98.062,76.000,98.062,63.125,35.000,35.004,43.312,44.328,41.605,35.996,59.706,0.257,69.972,5553.499,5197.505,5616.000,5200.000,0.000,0.000,,,,2,1789737523.941,1,0
373.028,96.816,98.852,78.375,76.000,72.000,75.000,89.000,95.000,74.000,84.000,82.000,74.000,99.109,73.000,99.109,63.188,35.000,35.004,43.324,44.332,41.613,35.996,48.477,0.196,64.160,5595.536,5197.205,5616.000,5200.000,0.000,0.000,,,,2,1789737524.938,1,0
374.029,96.898,98.934,77.875,72.000,70.000,74.000,77.000,73.000,96.000,72.000,100.000,70.000,100.000,72.000,99.375,63.125,35.000,35.004,43.336,44.336,41.617,35.996,48.322,0.182,60.754,5595.449,5197.430,5616.000,5200.000,0.000,0.000,,,,2,1789737525.939,1,0
375.030,96.930,98.965,77.312,88.000,74.000,100.000,79.000,74.000,97.000,72.000,98.000,70.000,100.000,75.000,97.844,62.938,35.000,35.004,43.348,44.336,41.625,35.996,47.064,0.160,56.746,5573.705,5197.655,5616.000,5200.000,0.000,0.000,,,,2,1789737526.940,1,0
376.034,97.031,99.066,77.125,93.000,74.000,80.000,76.000,100.000,73.000,77.000,71.000,69.000,100.000,74.000,99.859,62.875,35.000,35.004,43.363,44.344,41.633,35.996,44.658,0.150,58.203,5615.699,5197.430,5616.000,5200.000,0.000,0.000,,,,2,1789737527.945,1,0
377.038,97.137,99.172,76.500,73.000,91.000,71.000,75.000,75.000,70.000,100.000,71.000,73.000,100.000,76.000,99.969,62.562,35.000,35.004,43.375,44.348,41.641,35.996,41.106,0.131,53.303,5639.186,5196.680,5616.000,5200.000,0.000,0.000,,,,2,1789737528.948,1,0
378.043,97.223,99.258,76.188,71.000,69.000,71.000,75.000,73.000,96.000,71.000,100.000,69.000,100.000,71.000,99.609,62.562,35.000,35.004,43.387,44.352,41.648,35.996,42.676,0.138,54.452,5616.575,5197.880,5616.000,5200.000,0.000,0.000,,,,2,1789737529.955,1,0
379.043,97.312,99.508,75.750,73.000,90.000,71.000,75.000,73.000,74.000,73.000,100.000,70.000,100.000,76.000,99.922,62.375,35.000,35.004,43.398,44.352,41.652,35.996,42.050,0.122,53.239,5615.612,5197.880,5616.000,5200.000,0.000,0.000,,,,2,1789737530.954,1,0
380.046,97.391,99.586,75.438,86.000,83.000,82.000,81.000,78.000,79.000,73.000,98.000,69.000,99.797,76.000,99.797,62.125,35.000,35.004,43.410,44.355,41.660,35.996,44.635,0.135,55.486,5617.276,5198.631,5616.000,5200.000,0.000,0.000,,,,2,1789737531.956,1,0
381.049,97.457,99.652,75.188,74.000,69.000,72.000,75.000,72.000,96.000,70.000,100.000,68.000,100.000,70.000,99.562,62.000,35.000,35.004,43.422,44.355,41.664,35.996,43.890,0.142,56.966,5617.364,5198.932,5616.000,5200.000,0.000,0.000,,,,2,1789737532.961,1,0
382.053,97.535,99.730,74.875,70.000,68.000,74.000,71.000,100.000,74.000,76.000,99.000,68.000,100.000,70.000,100.000,61.750,35.000,35.004,43.434,44.359,41.672,35.996,43.357,0.140,55.121,5638.744,5197.355,5616.000,5200.000,0.000,0.000,,,,2,1789737533.964,1,0
383.055,97.605,99.801,74.688,100.000,88.000,79.000,78.000,73.000,70.000,70.000,69.000,68.000,100.000,77.000,99.750,61.750,35.000,35.004,43.445,44.359,41.676,35.996,46.969,0.164,58.252,5616.225,5199.382,5616.000,5200.000,0.000,0.000,,,,2,1789737534.967,1,0
384.060,97.672,99.867,74.438,70.000,68.000,74.000,69.000,100.000,70.000,97.000,71.000,71.000,100.000,69.000,99.781,61.562,35.000,35.004,43.457,44.363,41.680,35.996,45.230,0.147,57.917,5617.101,5196.905,5616.000,5200.000,0.000,0.000,,,,2,1789737535.972,1,0
385.060,97.742,99.938,74.312,70.000,68.000,74.000,70.000,100.000,73.000,76.000,98.000,68.000,100.000,69.000,99.828,61.562,35.000,35.004,43.465,44.363,41.688,35.996,44.736,0.115,56.184,5616.575,5198.856,5616.000,5200.000,0.000,0.000,,,,2,1789737536.970,1,0
386.065,97.773,99.969,74.188,100.000,70.000,77.000,75.000,70.000,73.000,70.000,96.000,67.000,100.000,72.000,98.781,61.375,35.000,35.004,43.477,44.363,41.691,35.996,49.303,0.182,61.309,5617.013,5195.930,5616.000,5200.000,0.000,0.000,,,,2,1789737537.979,1,0
387.067,97.836,100.031,74.062,100.000,71.000,76.000,73.000,69.000,73.000,69.000,96.000,68.000,100.000,71.000,99.781,61.188,35.000,35.004,43.488,44.359,41.695,35.996,42.911,0.127,54.644,5617.013,5197.280,5616.000,5200.000,0.000,0.000,,,,2,1789737538.980,1,0
388.070,97.887,100.082,73.812,100.000,71.000,76.000,94.000,68.000,72.000,68.000,67.000,66.000,100.000,72.000,99.453,61.250,35.000,35.004,43.496,44.359,41.703,35.996,42.869,0.124,54.498,5615.961,5196.680,5616.000,5200.000,0.000,0.000,,,,2,1789737539.982,1,0
389.072,97.941,100.191,73.438,100.000,72.000,76.000,98.000,72.000,73.000,70.000,69.000,67.000,100.000,72.000,99.594,61.062,35.000,35.004,43.504,44.359,41.707,35.996,44.900,0.127,56.350,5617.189,5199.156,5616.000,5200.000,0.000,0.000,,,,2,1789737540.982,1,0
390.072,97.973,100.223,73.375,82.000,74.000,78.000,100.000,74.000,97.000,70.000,72.000,67.000,100.000,75.000,99.000,60.938,35.000,35.004,43.516,44.355,41.711,35.996,47.150,0.131,58.108,5616.926,5198.631,5616.000,5200.000,0.000,0.000,,,,2,1789737541.984,1,0
391.077,97.996,100.246,73.312,75.000,94.000,74.000,78.000,72.000,100.000,69.000,72.000,68.000,100.000,78.000,98.656,60.875,35.000,35.004,43.523,44.352,41.711,35.996,48.577,0.139,61.329,5615.961,5196.830,5616.000,5200.000,0.000,0.000,,,,2,1789737542.989,1,0
392.078,98.016,100.266,73.125,100.000,72.000,76.000,75.000,70.000,74.000,70.000,100.000,67.000,100.000,73.000,98.641,60.875,35.000,35.004,43.531,44.348,41.715,35.996,46.953,0.129,59.096,5615.874,5198.105,5616.000,5200.000,0.000,0.000,,,,2,1789737543.988,1,0
393.081,98.074,100.324,73.000,72.000,69.000,86.000,76.000,71.000,74.000,71.000,100.000,68.000,100.000,69.000,99.984,60.750,35.000,35.004,43.539,44.344,41.719,35.996,44.763,0.127,56.471,5616.312,5199.007,5616.000,5200.000,0.000,0.000,,,,2,1789737544.993,1,0
394.086,98.121,100.371,72.688,76.000,88.000,76.000,75.000,100.000,70.000,74.000,69.000,67.000,100.000,75.000,99.547,60.625,35.000,35.004,43.547,44.340,41.719,35.996,45.414,0.113,57.302,5615.261,5198.030,5616.000,5200.000,0.000,0.000,,,,2,1789737545.999,1,0
395.089,98.180,100.430,72.688,100.000,69.000,77.000,73.000,74.000,68.000,99.000,69.000,72.000,100.000,71.000,99.953,60.438,35.000,35.004,43.555,44.336,41.723,35.996,43.190,0.129,55.056,5615.787,5235.907,5616.000,5200.000,0.000,0.000,,,,2,1789737546.999,1,0
396.093,98.223,100.473,72.562,100.000,70.000,76.000,73.000,73.000,68.000,98.000,70.000,71.000,100.000,71.000,99.609,60.438,35.000,35.004,43.562,44.332,41.723,35.996,43.241,0.121,55.098,5615.874,5197.505,5616.000,5200.000,0.000,0.000,,,,2,1789737548.005,1,0
397.098,98.277,100.527,72.375,94.000,71.000,75.000,73.000,73.000,68.000,100.000,69.000,71.000,100.000,71.000,99.953,60.375,35.000,35.004,43.566,44.324,41.723,35.996,42.792,0.135,54.734,5615.874,5197.580,5616.000,5200.000,0.000,0.000,,,,2,1789737549.011,1,0
398.099,98.332,100.582,72.188,95.000,72.000,73.000,73.000,72.000,68.000,99.000,69.000,72.000,100.000,72.000,100.000,60.125,35.000,35.004,43.574,44.320,41.727,35.996,43.574,0.127,54.481,5618.153,5198.706,5616.000,5200.000,0.000,0.000,,,,2,1789737550.011,1,0
399.104,98.363,100.594,72.062,88.000,68.000,74.000,71.000,82.000,69.000,99.000,70.000,71.000,99.328,69.000,99.328,60.125,35.000,35.004,43.582,44.312,41.727,35.996,43.078,0.135,54.938,5617.013,5199.156,5616.000,5200.000,0.000,0.000,,,,2,1789737551.016,1,0
400.107,98.402,100.633,71.875,76.000,86.000,74.000,75.000,69.000,73.000,70.000,100.000,67.000,100.000,73.000,99.641,60.000,35.000,35.004,43.586,44.309,41.727,35.996,44.357,0.121,55.554,5638.921,5181.198,5616.000,5200.000,0.000,0.000,,,,2,1789737552.019,1,0
401.110,98.402,100.633,71.875,99.000,70.000,76.000,74.000,76.000,69.000,100.000,70.000,71.000,100.000,72.000,98.359,60.062,35.000,35.004,43.590,44.293,41.723,35.996,46.227,0.133,57.570,5574.568,5181.049,5616.000,5200.000,0.000,0.000,,,,2,1789737553.023,1,0
402.115,98.332,100.562,71.812,91.000,69.000,74.000,73.000,71.000,72.000,70.000,90.000,67.000,96.172,70.000,96.172,59.875,35.000,35.004,43.594,44.277,41.723,35.996,45.169,0.128,56.764,5574.395,5181.794,5616.000,5200.000,0.000,0.000,,,,2,1789737554.027,1,0
403.119,98.355,100.586,71.625,99.000,87.000,80.000,79.000,73.000,71.000,70.000,67.000,66.000,99.125,74.000,99.125,59.812,35.000,35.004,43.598,44.273,41.723,35.996,44.607,0.119,57.314,5574.222,5198.631,5616.000,5200.000,0.000,0.000,,,,2,1789737555.030,1,0
404.123,98.379,100.609,71.562,94.000,69.000,74.000,72.000,77.000,68.000,100.000,69.000,70.000,100.000,70.000,99.109,59.750,35.000,35.004,43.602,44.262,41.723,35.996,42.961,0.136,54.107,5617.276,5200.283,5616.000,5200.000,0.000,0.000,,,,2,1789737556.035,1,0
405.127,98.422,100.652,71.312,85.000,67.000,71.000,71.000,70.000,79.000,69.000,100.000,66.000,100.000,68.000,99.766,59.625,35.000,35.004,43.602,44.246,41.719,35.996,45.366,0.125,57.683,5617.540,5215.501,5616.000,5200.000,0.000,0.000,,,,2,1789737557.040,1,0
406.129,98.473,100.703,71.375,71.000,69.000,72.000,93.000,70.000,74.000,70.000,100.000,67.000,100.000,69.000,99.984,59.625,35.000,35.004,43.602,44.234,41.715,35.996,45.582,0.116,56.288,5619.293,5198.481,5616.000,5200.000,0.000,0.000,,,,2,1789737558.041,1,0
407.133,98.508,100.738,71.125,73.000,88.000,100.000,75.000,73.000,70.000,69.000,70.000,67.000,100.000,73.000,99.609,59.688,35.000,35.004,43.605,44.219,41.715,35.996,45.339,0.118,57.239,5616.838,5200.584,5616.000,5200.000,0.000,0.000,,,,2,1789737559.045,1,0
408.138,98.531,100.762,71.062,75.000,77.000,97.000,89.000,70.000,70.000,66.000,66.000,65.000,99.234,74.000,99.234,59.438,35.000,35.004,43.605,44.203,41.711,35.996,44.501,0.142,56.208,5618.679,5179.260,5616.000,5200.000,0.000,0.000,,,,2,1789737560.050,1,0
409.140,98.570,100.766,70.875,100.000,69.000,76.000,74.000,69.000,95.000,68.000,70.000,66.000,100.000,70.000,99.750,59.625,35.000,35.004,43.605,44.188,41.707,35.996,44.740,0.137,56.615,5616.926,5216.786,5616.000,5200.000,0.000,0.000,,,,2,1789737561.053,1,0
410.141,98.598,100.793,70.812,76.000,89.000,74.000,76.000,70.000,100.000,68.000,71.000,66.000,100.000,74.000,99.547,59.500,35.000,35.004,43.605,44.172,41.703,35.996,47.511,0.118,58.736,5617.452,5235.602,5616.000,5200.000,0.000,0.000,,,,2,1789737562.054,1,0
411.143,98.641,100.836,70.688,93.000,70.000,72.000,73.000,71.000,68.000,100.000,69.000,71.000,100.000,71.000,99.969,59.562,35.000,35.004,43.605,44.152,41.699,35.996,47.456,0.123,59.763,5618.065,5199.682,5616.000,5200.000,0.000,0.000,,,,2,1789737563.055,1,0
412.148,98.625,100.820,70.562,72.000,84.000,75.000,75.000,69.000,72.000,68.000,95.000,66.000,98.062,74.000,98.062,59.438,35.000,35.004,43.605,44.141,41.699,35.996,47.129,0.121,57.701,5618.679,5199.382,5616.000,5200.000,0.000,0.000,,,,2,1789737564.059,1,0
413.148,98.648,100.844,70.750,91.000,76.000,71.000,76.000,70.000,100.000,68.000,72.000,66.000,100.000,74.000,99.375,59.438,35.000,35.004,43.605,44.121,41.691,35.996,46.263,0.113,58.450,5618.854,5179.856,5616.000,5200.000,0.000,0.000,,,,2,1789737565.060,1,0
414.148,98.684,100.879,70.625,70.000,84.000,79.000,72.000,100.000,69.000,74.000,67.000,66.000,100.000,72.000,99.859,59.375,35.000,35.004,43.605,44.105,41.691,35.996,44.487,0.122,57.187,5575.344,5196.455,5616.000,5200.000,0.000,0.000,,,,2,1789737566.058,1,0
415.150,98.727,100.922,70.438,71.000,84.000,74.000,73.000,70.000,72.000,71.000,100.000,68.000,100.000,74.000,99.969,59.250,35.000,35.004,43.602,44.090,41.684,35.996,43.969,0.125,55.209,5575.000,5236.135,5616.000,5200.000,0.000,0.000,,,,2,1789737567.063,1,0
416.153,98.762,100.957,70.375,69.000,67.000,73.000,70.000,100.000,72.000,74.000,99.000,67.000,100.000,68.000,99.938,59.250,35.000,35.004,43.602,44.074,41.680,35.996,47.623,0.143,59.610,5618.416,5198.856,5616.000,5200.000,0.000,0.000,,,,2,1789737568.064,1,0
417.156,98.715,100.910,70.250,73.000,70.000,72.000,85.000,76.000,72.000,78.000,85.000,66.000,97.188,71.000,97.188,59.188,35.000,35.004,43.602,44.059,41.676,35.996,45.020,0.131,56.400,5576.208,5197.280,5616.000,5200.000,0.000,0.000,,,,2,1789737569.068,1,0
418.160,98.719,100.914,70.250,70.000,86.000,72.000,73.000,73.000,70.000,100.000,70.000,70.000,100.000,72.000,98.828,59.125,35.000,35.004,43.602,44.039,41.668,35.996,44.976,0.131,56.517,5640.600,5199.007,5616.000,5200.000,0.000,0.000,,,,2,1789737570.073,1,0
419.162,98.477,100.672,70.125,94.000,69.000,78.000,75.000,72.000,86.000,72.000,69.000,67.000,94.000,71.000,91.031,59.062,35.000,35.004,43.598,44.023,41.660,35.996,46.924,0.191,59.339,5618.942,5198.181,5616.000,5200.000,0.000,0.000,,,,2,1789737571.074,1,0
420.162,98.391,100.586,70.250,71.000,68.000,72.000,73.000,72.000,72.000,100.000,99.000,70.000,100.000,70.000,95.766,59.188,35.000,35.004,43.598,44.004,41.656,35.996,47.792,0.138,59.514,5618.328,5199.082,5616.000,5200.000,0.000,0.000,,,,2,1789737572.075,1,0
421.164,98.332,100.527,70.188,83.000,70.000,75.000,91.000,71.000,97.000,69.000,71.000,66.000,97.000,71.000,96.438,59.000,35.000,35.004,43.594,43.988,41.652,35.996,47.177,0.159,59.444,5575.776,5198.631,5616.000,5200.000,0.000,0.000,,,,2,1789737573.075,1,0
422.169,98.121,100.316,70.188,82.000,70.000,85.000,75.000,74.000,72.000,70.000,92.000,66.000,92.000,71.000,91.562,58.938,35.000,35.004,43.594,43.973,41.645,35.996,49.366,0.196,61.081,5619.118,5199.382,5616.000,5200.000,0.000,0.000,,,,2,1789737574.082,1,0
423.172,97.844,100.039,70.125,75.000,75.000,75.000,75.000,87.000,70.000,96.000,69.000,69.000,96.000,71.000,89.312,59.062,35.000,35.004,43.594,43.953,41.641,35.996,48.465,0.202,60.946,5619.206,5198.105,5616.000,5200.000,0.000,0.000,,,,2,1789737575.085,1,0
424.172,97.633,99.828,70.312,73.000,70.000,73.000,78.000,70.000,93.000,68.000,87.000,65.000,93.000,71.000,91.109,59.125,35.000,35.004,43.590,43.938,41.633,35.996,51.140,0.194,62.554,5619.118,5201.109,5616.000,5200.000,0.000,0.000,,,,2,1789737576.083,1,0
425.176,97.398,99.594,70.188,76.000,82.000,86.000,76.000,75.000,70.000,78.000,69.000,68.000,90.031,73.000,90.031,59.000,35.000,35.004,43.586,43.918,41.625,35.996,49.444,0.204,61.887,5619.206,5199.307,5616.000,5200.000,0.000,0.000,,,,2,1789737577.089,1,0
426.179,97.426,99.621,70.188,89.000,69.000,72.000,71.000,73.000,70.000,100.000,77.000,71.000,100.000,70.000,98.391,58.938,35.000,35.004,43.586,43.902,41.617,35.996,50.105,0.191,61.641,5619.381,5199.833,5616.000,5200.000,0.000,0.000,,,,2,1789737578.090,1,0
427.181,97.367,99.562,70.125,73.000,69.000,100.000,74.000,72.000,73.000,71.000,100.000,68.000,100.000,70.000,95.469,59.062,35.000,35.004,43.586,43.887,41.609,35.996,50.099,0.184,61.321,5619.206,5197.880,5616.000,5200.000,0.000,0.000,,,,2,1789737579.094,1,0
428.187,97.441,99.637,70.250,69.000,67.000,70.000,71.000,72.000,72.000,100.000,99.000,71.000,100.000,69.000,99.766,59.000,35.000,35.004,43.582,43.871,41.602,35.996,49.486,0.168,61.433,5619.206,5199.908,5616.000,5200.000,0.000,0.000,,,,2,1789737580.099,1,0
429.187,97.547,99.742,70.250,70.000,68.000,71.000,72.000,71.000,93.000,69.000,100.000,67.000,100.000,69.000,100.000,58.938,35.000,35.004,43.578,43.855,41.598,35.996,48.702,0.168,59.414,5619.469,5198.856,5616.000,5200.000,0.000,0.000,,,,2,1789737581.099,1,0
430.191,97.664,99.867,70.250,70.000,89.000,68.000,73.000,69.000,71.000,70.000,100.000,67.000,100.000,74.000,99.938,59.000,35.000,35.004,43.574,43.840,41.590,35.996,47.212,0.137,59.177,5619.206,5199.156,5616.000,5200.000,0.000,0.000,,,,2,1789737582.104,1,0
431.195,97.543,99.746,70.125,91.000,72.000,84.000,78.000,74.000,72.000,71.000,89.000,67.000,93.828,72.000,93.828,59.062,35.000,35.004,43.570,43.820,41.582,35.996,47.005,0.144,57.626,5620.960,5197.730,5616.000,5200.000,0.000,0.000,,,,2,1789737583.107,1,0
432.195,97.555,99.758,70.000,71.000,68.000,77.000,72.000,73.000,82.000,70.000,100.000,67.000,100.000,69.000,97.969,58.938,35.000,35.004,43.570,43.805,41.574,35.996,47.316,0.169,59.703,5620.083,5200.809,5616.000,5200.000,0.000,0.000,,,,2,1789737584.106,1,0
433.198,97.461,99.664,70.125,70.000,69.000,72.000,72.000,74.000,93.000,98.000,72.000,70.000,98.000,70.000,94.500,58.938,35.000,35.004,43.566,43.789,41.566,35.996,48.141,0.171,59.064,5619.293,5201.034,5616.000,5200.000,0.000,0.000,,,,2,1789737585.110,1,0
434.203,97.273,99.477,70.000,72.000,77.000,73.000,72.000,69.000,73.000,77.000,91.000,68.000,91.484,71.000,91.484,59.000,35.000,35.004,43.562,43.773,41.559,35.996,45.599,0.150,57.906,5619.731,5200.584,5616.000,5200.000,0.000,0.000,,,,2,1789737586.114,1,0
435.207,97.305,99.508,69.938,93.000,71.000,76.000,73.000,70.000,88.000,68.000,74.000,66.000,98.297,71.000,98.297,58.938,35.000,35.004,43.559,43.758,41.555,35.996,46.167,0.165,57.494,5619.731,5237.583,5616.000,5200.000,0.000,0.000,,,,2,1789737587.119,1,0
436.210,97.254,99.457,69.875,73.000,69.000,80.000,75.000,71.000,73.000,92.000,89.000,68.000,95.688,70.000,95.688,58.750,35.000,35.004,43.555,43.742,41.543,35.996,46.563,0.152,57.982,5620.697,5200.283,5616.000,5200.000,0.000,0.000,,,,2,1789737588.122,1,0
437.215,97.320,99.523,69.750,72.000,68.000,73.000,91.000,69.000,72.000,69.000,99.000,67.000,99.328,70.000,99.328,58.938,35.000,35.004,43.555,43.727,41.535,35.996,48.091,0.131,60.482,5619.995,5198.556,5616.000,5200.000,0.000,0.000,,,,2,1789737589.126,1,0
438.219,97.285,99.488,69.688,76.000,71.000,100.000,95.000,71.000,71.000,67.000,67.000,66.000,100.000,71.000,96.203,58.812,35.000,35.004,43.551,43.707,41.527,35.996,46.709,0.165,58.623,5618.153,5162.549,5616.000,5200.000,0.000,0.000,,,,2,1789737590.132,1,0
439.224,97.090,99.293,69.812,90.000,71.000,95.000,77.000,75.000,75.000,85.000,91.000,67.000,95.000,72.000,91.031,58.875,35.000,35.004,43.547,43.691,41.523,35.996,47.236,0.167,57.013,5621.136,5199.457,5616.000,5200.000,0.000,0.000,,,,2,1789737591.136,1,0
440.228,97.098,99.289,69.750,71.000,68.000,71.000,71.000,71.000,71.000,100.000,99.000,71.000,100.000,70.000,97.375,58.812,35.000,35.004,43.543,43.676,41.512,35.996,48.516,0.182,61.197,5640.600,5202.162,5616.000,5200.000,0.000,0.000,,,,2,1789737592.139,1,0
441.228,96.938,99.129,69.812,73.000,73.000,75.000,81.000,72.000,73.000,76.000,94.000,69.000,94.000,70.000,92.016,58.625,35.000,35.004,43.539,43.660,41.504,35.996,51.847,0.255,64.106,5619.644,5200.584,5616.000,5200.000,0.000,0.000,,,,2,1789737593.141,1,0
442.229,96.762,98.953,69.875,75.000,82.000,77.000,76.000,73.000,70.000,92.000,71.000,69.000,92.000,72.000,91.250,58.938,35.000,35.004,43.535,43.645,41.496,35.996,51.605,0.253,63.294,5598.843,5199.833,5616.000,5200.000,0.000,0.000,,,,2,1789737594.140,1,0
443.234,96.543,98.734,69.875,77.000,70.000,84.000,83.000,84.000,73.000,90.000,80.000,69.000,90.000,71.000,89.781,58.688,35.000,35.004,43.531,43.629,41.488,35.996,52.579,0.263,63.130,5600.411,5198.181,5616.000,5200.000,0.000,0.000,,,,2,1789737595.147,1,0
444.236,96.297,98.488,70.000,72.000,71.000,73.000,74.000,74.000,82.000,75.000,78.000,68.000,88.641,72.000,88.641,58.875,35.000,35.004,43.527,43.613,41.484,35.996,47.246,0.205,61.192,5599.975,5199.382,5616.000,5200.000,0.000,0.000,,,,2,1789737596.148,1,0
445.239,96.082,98.273,69.812,82.000,70.000,82.000,76.000,71.000,78.000,70.000,77.000,68.000,89.375,70.000,89.375,58.875,35.000,35.004,43.523,43.598,41.473,35.996,46.468,0.182,58.353,5599.801,5200.809,5616.000,5200.000,0.000,0.000,,,,2,1789737597.151,1,0
446.243,95.824,98.016,69.875,75.000,69.000,76.000,81.000,76.000,76.000,87.000,72.000,68.000,87.906,70.000,87.906,58.812,35.000,35.004,43.520,43.586,41.469,35.996,48.464,0.260,59.593,5643.076,5198.481,5616.000,5200.000,0.000,0.000,,,,2,1789737598.155,1,0
447.246,95.660,97.852,69.938,87.000,70.000,74.000,75.000,75.000,73.000,69.000,93.000,66.000,93.000,70.000,90.500,58.750,35.000,35.004,43.516,43.566,41.457,35.996,45.916,0.186,58.865,5621.575,5199.607,5616.000,5200.000,0.000,0.000,,,,2,1789737599.157,1,0
448.249,95.438,97.629,69.812,79.000,84.000,71.000,72.000,69.000,71.000,68.000,94.000,66.000,94.000,73.000,88.547,58.625,35.000,35.004,43.516,43.555,41.449,35.996,45.700,0.234,58.033,5600.236,5198.256,5616.000,5200.000,0.000,0.000,,,,2,1789737600.159,1,0
449.252,95.309,97.500,69.625,74.000,78.000,74.000,77.000,70.000,83.000,69.000,80.000,67.000,91.359,70.000,91.359,58.688,35.000,35.004,43.512,43.539,41.441,35.996,46.994,0.185,58.190,5599.278,5181.124,5616.000,5200.000,0.000,0.000,,,,2,1789737601.163,1,0
450.257,95.070,97.262,69.625,81.000,81.000,76.000,75.000,74.000,70.000,72.000,78.000,67.000,87.703,72.000,87.703,58.688,35.000,35.004,43.508,43.523,41.434,35.996,46.422,0.218,57.993,5643.341,5199.457,5616.000,5200.000,0.000,0.000,,,,2,1789737602.169,1,0
451.260,95.105,97.297,69.688,72.000,69.000,70.000,92.000,69.000,72.000,69.000,98.000,67.000,98.000,69.000,96.141,58.688,35.000,35.004,43.504,43.508,41.422,35.996,46.498,0.192,58.492,5598.495,5200.133,5616.000,5200.000,0.000,0.000,,,,2,1789737603.170,1,0
452.264,94.961,97.152,69.625,72.000,86.000,71.000,75.000,68.000,70.000,67.000,92.000,65.000,92.000,73.000,90.453,58.562,35.000,35.004,43.500,43.492,41.418,35.996,46.601,0.220,58.957,5598.669,5199.833,5616.000,5200.000,0.000,0.000,,,,2,1789737604.178,1,0
453.269,94.707,96.898,69.562,72.000,69.000,74.000,75.000,74.000,83.000,84.000,70.000,67.000,86.953,68.000,86.953,58.625,35.000,35.004,43.496,43.480,41.406,35.996,53.887,0.262,66.021,5601.021,5199.682,5616.000,5200.000,0.000,0.000,,,,2,1789737605.181,1,0
454.269,94.625,96.816,69.750,75.000,84.000,81.000,74.000,98.000,70.000,74.000,69.000,67.000,98.000,72.000,92.016,58.688,35.000,35.004,43.492,43.465,41.402,35.996,49.075,0.254,60.629,5644.226,5198.331,5616.000,5200.000,0.000,0.000,,,,2,1789737606.180,1,0
455.271,94.406,96.598,69.750,73.000,68.000,86.000,75.000,93.000,71.000,79.000,69.000,67.000,93.000,69.000,87.641,58.562,35.000,35.004,43.488,43.453,41.395,35.996,46.142,0.257,58.373,5577.850,5198.181,5616.000,5200.000,0.000,0.000,,,,2,1789737607.181,1,0
456.274,94.273,96.465,69.688,74.000,86.000,97.000,75.000,70.000,69.000,69.000,67.000,67.000,97.000,73.000,90.203,58.438,35.000,35.004,43.484,43.438,41.383,35.996,44.845,0.213,56.547,5578.195,5198.631,5616.000,5200.000,0.000,0.000,,,,2,1789737608.186,1,0
457.279,94.105,96.297,69.625,85.000,69.000,74.000,74.000,74.000,71.000,71.000,89.000,67.000,89.000,69.000,88.906,58.438,35.000,35.004,43.480,43.426,41.375,35.996,46.156,0.183,57.763,5620.785,5199.682,5616.000,5200.000,0.000,0.000,,,,2,1789737609.189,1,0
458.280,93.973,96.164,69.625,73.000,90.000,70.000,95.000,68.000,70.000,68.000,68.000,66.000,95.000,74.000,89.766,58.312,35.000,35.004,43.477,43.410,41.367,35.996,45.196,0.203,56.686,5620.960,5198.331,5616.000,5200.000,0.000,0.000,,,,2,1789737610.195,1,0
459.281,93.859,96.051,69.500,73.000,68.000,91.000,71.000,73.000,70.000,70.000,93.000,66.000,93.000,68.000,90.328,58.500,35.000,35.004,43.473,43.398,41.359,35.996,46.658,0.165,58.005,5621.136,5181.497,5616.000,5200.000,0.000,0.000,,,,2,1789737611.196,1,0
460.282,93.727,95.918,69.375,72.000,83.000,72.000,75.000,71.000,70.000,70.000,91.000,67.000,91.000,71.000,89.625,58.375,35.000,35.004,43.469,43.387,41.355,35.996,46.289,0.186,57.600,5643.518,5199.682,5616.000,5200.000,0.000,0.000,,,,2,1789737612.194,1,0
461.286,93.707,95.898,69.312,73.000,68.000,90.000,72.000,75.000,78.000,98.000,69.000,69.000,98.000,68.000,93.172,58.375,35.000,35.004,43.465,43.371,41.344,35.996,46.023,0.212,58.150,5643.695,5199.983,5616.000,5200.000,0.000,0.000,,,,2,1789737613.200,1,0
462.287,93.637,95.605,69.312,70.000,68.000,73.000,73.000,97.000,70.000,96.000,70.000,68.000,97.000,69.000,91.422,58.250,35.000,35.004,43.461,43.359,41.340,35.996,46.205,0.152,57.682,5620.785,5199.833,5616.000,5200.000,0.000,0.000,,,,2,1789737614.200,1,0
463.288,93.664,95.500,69.375,71.000,87.000,71.000,73.000,69.000,91.000,68.000,71.000,66.000,94.281,72.000,94.281,58.312,35.000,35.004,43.457,43.344,41.332,35.996,46.816,0.162,58.360,5643.164,5199.457,5616.000,5200.000,0.000,0.000,,,,2,1789737615.201,1,0
464.290,93.539,95.375,69.188,72.000,69.000,74.000,73.000,81.000,76.000,70.000,91.000,67.000,91.000,69.000,89.781,58.250,35.000,35.004,43.453,43.332,41.324,35.996,47.600,0.185,59.274,5643.341,5200.283,5616.000,5200.000,0.000,0.000,,,,2,1789737616.201,1,0
465.293,93.219,95.055,69.188,76.000,71.000,77.000,74.000,73.000,76.000,70.000,73.000,67.000,83.234,68.000,83.234,58.312,35.000,35.004,43.449,43.320,41.316,35.996,46.876,0.240,58.039,5599.626,5198.631,5616.000,5200.000,0.000,0.000,,,,2,1789737617.204,1,0
466.335,92.910,94.746,69.188,74.000,72.000,72.000,71.000,74.000,70.000,80.000,71.000,68.000,83.281,68.000,83.281,58.312,35.000,35.004,43.441,43.305,41.309,35.996,46.108,0.284,58.554,5577.850,5198.856,5616.000,5200.000,0.000,0.000,,,,2,1789737618.248,1,0
467.338,92.555,94.391,69.125,82.000,73.000,75.000,73.000,72.000,71.000,71.000,78.000,67.000,82.000,69.000,81.609,58.250,35.000,35.004,43.438,43.293,41.301,35.996,49.633,0.326,60.596,5643.695,5198.631,5616.000,5200.000,0.000,0.000,,,,2,1789737619.248,1,0
468.342,92.195,94.031,69.250,76.000,69.000,75.000,73.000,75.000,71.000,69.000,74.000,66.000,81.094,68.000,81.094,58.125,35.000,35.004,43.434,43.281,41.293,35.996,46.087,0.298,57.904,5622.452,5199.082,5616.000,5200.000,0.000,0.000,,,,2,1789737620.253,1,0
469.344,91.980,93.816,69.312,74.000,68.000,75.000,74.000,85.000,73.000,69.000,86.000,66.000,86.000,69.000,85.312,58.188,35.000,35.004,43.430,43.270,41.285,35.996,46.119,0.265,56.917,5621.399,5197.430,5616.000,5200.000,0.000,0.000,,,,2,1789737621.257,1,0
470.348,91.773,93.609,69.250,90.000,69.000,79.000,75.000,92.000,72.000,71.000,68.000,67.000,92.000,70.000,85.250,58.062,35.000,35.004,43.426,43.262,41.277,35.996,50.280,0.286,62.236,5622.364,5236.897,5616.000,5200.000,0.000,0.000,,,,2,1789737622.258,1,0
471.354,91.449,93.285,69.188,82.000,77.000,84.000,80.000,83.000,80.000,81.000,80.000,68.000,84.000,71.000,81.453,58.188,35.000,35.004,43.422,43.250,41.270,35.996,48.395,0.256,59.914,5600.324,5198.932,5616.000,5200.000,0.000,0.000,,,,2,1789737623.265,1,0
472.357,91.258,93.094,69.500,78.000,79.000,74.000,72.000,69.000,70.000,70.000,91.000,67.000,91.000,71.000,85.344,58.125,35.000,35.004,43.418,43.238,41.262,35.996,51.684,0.271,64.337,5644.491,5202.087,5616.000,5200.000,0.000,0.000,,,,2,1789737624.271,1,0
473.361,90.961,92.797,69.375,74.000,69.000,77.000,74.000,78.000,70.000,73.000,83.000,68.000,83.000,68.000,81.797,58.188,35.000,35.004,43.414,43.230,41.254,35.996,49.457,0.301,60.543,5622.452,5199.607,5616.000,5200.000,0.000,0.000,,,,2,1789737625.272,1,0
474.366,90.734,92.570,69.562,74.000,70.000,77.000,78.000,76.000,74.000,71.000,69.000,66.000,83.609,69.000,83.609,58.125,35.000,35.004,43.410,43.219,41.246,35.996,48.874,0.296,62.517,5577.936,5200.809,5616.000,5200.000,0.000,0.000,,,,2,1789737626.276,1,0
475.370,90.660,92.496,69.500,79.000,81.000,74.000,75.000,69.000,90.000,68.000,71.000,66.000,90.000,71.000,88.422,58.125,35.000,35.004,43.410,43.211,41.238,35.996,49.535,0.250,61.367,5621.663,5198.030,5616.000,5200.000,0.000,0.000,,,,2,1789737627.281,1,0
476.371,90.434,92.270,69.500,84.000,70.000,72.000,71.000,70.000,68.000,88.000,67.000,68.000,88.000,69.000,83.344,58.188,35.000,35.004,43.402,43.199,41.230,35.996,47.270,0.267,59.962,5600.149,5199.307,5616.000,5200.000,0.000,0.000,,,,2,1789737628.281,1,0
477.374,90.441,92.277,69.375,72.000,69.000,71.000,72.000,73.000,88.000,68.000,89.000,66.000,90.719,70.000,90.719,58.062,35.000,35.004,43.398,43.195,41.223,35.996,48.138,0.216,58.903,5621.575,5198.932,5555.000,5144.000,0.000,0.000,,,,2,1789737629.286,1,0
478.375,91.941,94.043,69.375,73.000,68.000,100.000,76.000,72.000,97.000,67.000,70.000,65.000,100.000,69.000,96.453,58.125,35.000,35.004,43.398,43.180,41.211,35.996,48.022,0.155,58.880,5600.934,5199.532,5616.000,5200.000,0.000,0.000,,,,2,1789737630.287,1,0
479.377,93.418,95.754,69.312,71.000,66.000,100.000,71.000,94.000,70.000,70.000,70.000,66.000,100.000,67.000,97.844,58.000,35.000,35.004,43.391,43.172,41.207,35.996,47.652,0.161,59.274,5600.324,5200.734,5616.000,5200.000,0.000,0.000,,,,2,1789737631.288,1,0
480.379,93.270,95.371,69.312,70.000,76.000,73.000,79.000,82.000,68.000,70.000,67.000,66.000,88.688,69.000,88.688,58.062,35.000,35.000,43.387,43.164,41.199,35.996,50.028,0.193,60.615,5600.934,5201.485,5616.000,5200.000,0.000,0.000,,,,2,1789737632.290,1,0
481.384,92.879,94.980,69.500,76.000,69.000,85.000,79.000,76.000,70.000,70.000,68.000,68.000,85.000,69.000,80.781,58.125,35.000,35.000,43.383,43.156,41.191,35.996,50.798,0.270,63.085,5600.149,5200.584,5616.000,5200.000,0.000,0.000,,,,2,1789737633.295,1,0
482.387,92.727,94.828,69.438,72.000,69.000,81.000,81.000,72.000,71.000,69.000,89.000,66.000,89.000,69.000,88.094,58.000,35.000,35.000,43.379,43.148,41.184,35.996,47.404,0.253,59.152,5621.750,5200.584,5616.000,5200.000,0.000,0.000,,,,2,1789737634.302,1,0
483.391,92.535,94.637,69.188,74.000,69.000,74.000,75.000,73.000,69.000,88.000,84.000,69.000,88.000,70.000,86.547,58.000,35.000,35.000,43.375,43.141,41.176,35.996,46.841,0.233,60.464,5601.021,5201.561,5616.000,5200.000,0.000,0.000,,,,2,1789737635.305,1,0
484.395,92.332,94.434,69.312,73.000,79.000,78.000,75.000,73.000,70.000,81.000,69.000,68.000,86.016,70.000,86.016,58.062,35.000,35.000,43.371,43.129,41.168,35.996,48.408,0.235,59.023,5643.341,5199.908,5616.000,5200.000,0.000,0.000,,,,2,1789737636.311,1,0
485.398,91.996,94.098,69.312,79.000,78.000,90.000,75.000,70.000,70.000,69.000,67.000,70.000,90.000,70.000,81.625,58.000,35.000,35.000,43.367,43.121,41.160,35.996,48.441,0.274,60.212,5621.837,5199.532,5616.000,5200.000,0.000,0.000,,,,2,1789737637.309,1,0
486.403,92.016,94.117,69.125,75.000,71.000,77.000,76.000,82.000,74.000,74.000,79.000,67.000,92.625,69.000,92.625,58.000,35.000,35.000,43.367,43.121,41.156,35.996,49.610,0.248,62.279,5644.137,5200.133,5616.000,5200.000,0.000,0.000,,,,2,1789737638.314,1,0
487.403,91.773,93.875,69.250,86.000,69.000,72.000,71.000,74.000,68.000,89.000,68.000,67.000,89.000,69.000,84.281,57.875,35.000,35.000,43.363,43.113,41.148,35.996,48.917,0.308,61.366,5620.697,5199.908,5616.000,5200.000,0.000,0.000,,,,2,1789737639.313,1,0
488.403,91.422,93.523,69.312,69.000,67.000,70.000,86.000,69.000,69.000,69.000,88.000,66.000,88.000,68.000,80.453,57.875,35.000,35.000,43.359,43.109,41.141,35.996,51.371,0.241,61.776,5621.311,5199.532,5616.000,5200.000,0.000,0.000,,,,2,1789737640.317,1,0
489.405,91.496,93.598,69.312,76.000,70.000,82.000,73.000,80.000,78.000,68.000,82.000,67.000,93.578,70.000,93.578,58.000,35.000,35.000,43.355,43.102,41.133,35.996,50.188,0.206,63.486,5577.159,5199.682,5616.000,5200.000,0.000,0.000,,,,2,1789737641.321,1,0
490.408,91.172,93.273,69.500,73.000,70.000,76.000,70.000,69.000,69.000,70.000,73.000,68.000,81.234,68.000,81.234,58.000,35.000,35.000,43.352,43.098,41.125,35.996,49.860,0.260,61.535,5620.609,5200.659,5616.000,5200.000,0.000,0.000,,,,2,1789737642.318,1,0
491.411,90.871,92.973,69.312,75.000,68.000,81.000,71.000,69.000,77.000,68.000,90.000,68.000,90.000,68.000,81.531,58.000,35.000,35.000,43.348,43.094,41.121,35.996,48.113,0.304,59.866,5578.542,5200.584,5616.000,5200.000,0.000,0.000,,,,2,1789737643.321,1,0
492.413,90.797,92.898,69.625,90.000,81.000,93.000,87.000,91.000,86.000,87.000,87.000,68.000,93.000,73.000,88.500,58.000,35.000,35.000,43.344,43.090,41.113,35.996,64.393,0.259,69.389,5643.695,5199.231,5616.000,5200.000,0.000,0.000,,,,2,1789737644.324,1,0
493.417,90.629,92.730,70.500,87.000,71.000,93.000,78.000,77.000,72.000,72.000,84.000,67.000,93.000,70.000,85.344,58.000,35.000,35.000,43.340,43.086,41.105,35.996,65.580,0.346,84.609,5621.837,5199.156,5616.000,5200.000,0.000,0.000,,,,2,1789737645.330,1,0
494.421,91.062,93.129,70.812,92.000,81.000,96.000,89.000,92.000,87.000,89.000,87.000,70.000,96.000,74.000,92.797,58.312,35.000,35.000,43.340,43.082,41.098,35.996,65.954,0.380,71.758,5643.429,5199.382,5616.000,5200.000,0.000,0.000,,,,2,1789737646.334,1,0
495.425,91.016,92.875,71.562,81.000,77.000,85.000,79.000,79.000,76.000,79.000,74.000,69.000,89.609,72.000,89.609,58.500,35.000,35.000,43.336,43.078,41.090,35.996,78.140,0.304,96.497,5643.341,5200.884,5616.000,5200.000,0.000,0.000,,,,2,1789737647.340,1,0
496.432,90.805,92.664,71.938,73.000,81.000,76.000,73.000,71.000,70.000,70.000,89.000,67.000,89.000,72.000,84.328,58.688,35.000,35.000,43.332,43.070,41.082,35.996,49.373,0.342,64.100,5620.258,5200.058,5616.000,5200.000,0.000,0.000,,,,2,1789737648.347,1,0
497.435,90.797,92.469,71.625,73.000,72.000,73.000,99.000,69.000,99.000,67.000,70.000,66.000,99.000,70.000,90.516,58.562,35.000,35.000,43.332,43.070,41.078,35.996,50.892,0.240,62.019,5642.368,5201.034,5616.000,5200.000,0.000,0.000,,,,2,1789737649.346,1,0
498.435,90.742,92.414,71.438,72.000,71.000,73.000,77.000,75.000,73.000,83.000,88.000,70.000,88.984,70.000,88.984,58.688,35.000,35.000,43.328,43.066,41.070,35.996,51.341,0.272,63.327,5642.103,5200.358,5616.000,5200.000,0.000,0.000,,,,2,1789737650.346,1,0
499.437,90.703,92.375,71.375,76.000,69.000,77.000,76.000,85.000,72.000,77.000,82.000,67.000,89.578,70.000,89.578,58.812,35.000,35.000,43.328,43.062,41.059,35.996,51.631,0.255,63.176,5621.136,5197.880,5604.000,5189.000,0.000,0.000,,,,2,1789737651.350,1,0
500.442,90.582,92.254,71.312,85.000,69.000,74.000,73.000,83.000,70.000,93.000,69.000,68.000,93.000,70.000,86.828,58.750,35.000,35.000,43.324,43.059,41.055,35.996,50.364,0.287,62.915,5599.191,5199.231,5565.000,5153.000,0.000,0.000,,,,2,1789737652.355,1,0
501.446,90.539,92.043,71.250,72.000,69.000,71.000,89.000,69.000,72.000,73.000,95.000,68.000,95.000,69.000,89.172,58.750,35.000,35.000,43.324,43.051,41.047,35.996,50.558,0.244,62.225,5555.898,5181.124,5503.000,5096.000,0.000,0.000,,,,2,1789737653.359,1,0
502.449,90.430,91.934,71.125,80.000,77.000,78.000,78.000,74.000,79.000,70.000,88.000,68.000,88.000,73.000,87.016,58.562,35.000,35.000,43.324,43.047,41.039,35.996,51.791,0.285,63.078,5514.791,5144.915,5463.000,5059.000,0.000,0.000,,,,2,1789737654.361,1,0
503.450,90.180,91.684,71.125,81.000,72.000,86.000,74.000,72.000,71.000,70.000,72.000,67.000,86.000,70.000,82.469,58.750,35.000,35.000,43.320,43.043,41.031,35.996,51.701,0.312,64.747,5492.661,5039.688,5402.000,5002.000,0.000,0.000,,,,2,1789737655.362,1,0
504.450,90.047,91.551,70.938,75.000,70.000,93.000,75.000,73.000,72.000,73.000,85.000,67.000,93.000,71.000,85.859,58.750,35.000,35.000,43.320,43.039,41.027,35.996,48.750,0.254,60.111,5409.548,4988.914,5342.000,4947.000,0.000,0.000,,,,2,1789737656.363,1,0
505.453,90.012,91.516,71.125,96.000,85.000,76.000,76.000,70.000,70.000,69.000,69.000,67.000,96.000,74.000,89.000,58.750,35.000,35.000,43.320,43.035,41.023,35.996,51.757,0.262,63.268,5390.594,4987.739,5328.000,4934.000,0.000,0.000,,,,2,1789737657.364,1,0
506.458,89.730,91.234,71.000,71.000,69.000,71.000,76.000,74.000,77.000,89.000,68.000,69.000,89.000,68.000,81.016,58.812,35.000,35.000,43.316,43.031,41.020,35.996,49.187,0.322,62.050,5351.012,4971.689,5279.000,4888.000,0.000,0.000,,,,2,1789737658.368,1,0
507.461,89.445,90.949,70.938,74.000,70.000,74.000,74.000,71.000,73.000,69.000,68.000,71.000,80.641,68.000,80.641,58.812,35.000,35.000,43.316,43.027,41.012,35.996,48.639,0.294,60.668,5292.639,4921.327,5229.000,4842.000,0.000,0.000,,,,2,1789737659.372,1,0
508.463,89.168,90.672,70.812,71.000,74.000,78.000,70.000,69.000,67.000,81.000,67.000,70.000,81.000,68.000,80.500,58.750,35.000,35.000,43.316,43.027,41.008,35.996,49.191,0.295,60.982,5273.257,4855.482,5179.000,4796.000,0.000,0.000,,,,2,1789737660.374,1,0
509.465,88.918,90.422,70.750,76.000,69.000,80.000,73.000,72.000,74.000,69.000,67.000,68.000,81.188,68.000,81.188,58.625,35.000,35.000,43.316,43.027,41.004,35.996,48.399,0.250,60.918,5234.688,4809.812,5130.000,4750.000,0.000,0.000,,,,2,1789737661.376,1,0
510.469,88.805,90.309,70.812,79.000,68.000,96.000,72.000,77.000,69.000,72.000,75.000,68.000,96.000,68.000,85.234,58.688,35.000,35.000,43.316,43.027,40.996,35.996,49.773,0.287,61.214,5178.589,4823.022,5080.000,4704.000,0.000,0.000,,,,2,1789737662.379,1,0
511.474,88.762,90.266,70.750,72.000,70.000,80.000,83.000,70.000,73.000,69.000,93.000,68.000,93.000,70.000,87.516,58.625,35.000,35.000,43.316,43.027,40.996,35.996,47.685,0.220,59.751,5160.477,4762.346,5030.000,4658.000,0.000,0.000,,,,2,1789737663.386,1,0
512.477,88.848,90.352,70.812,81.000,69.000,74.000,74.000,72.000,86.000,78.000,87.000,69.000,91.500,70.000,91.500,58.562,35.000,35.000,43.316,43.027,40.992,35.996,50.905,0.217,62.254,5088.052,4700.230,4980.000,4612.000,0.000,0.000,,,,2,1789737664.388,1,0
513.478,88.816,90.172,70.875,71.000,86.000,70.000,73.000,70.000,69.000,97.000,71.000,70.000,97.000,73.000,87.797,58.562,35.000,35.000,43.312,43.027,40.988,35.996,48.042,0.276,59.772,5018.121,4626.179,4931.000,4566.000,0.000,0.000,,,,2,1789737665.389,1,0
514.481,88.711,90.066,70.750,77.000,81.000,77.000,79.000,77.000,75.000,80.000,82.000,71.000,85.484,71.000,85.484,58.688,35.000,35.000,43.312,43.027,40.984,35.996,53.639,0.284,64.461,4966.545,4625.763,4881.000,4520.000,0.000,0.000,,,,2,1789737666.391,1,0
515.484,88.520,89.875,70.812,76.000,68.000,87.000,71.000,70.000,69.000,70.000,85.000,69.000,87.000,68.000,82.562,58.688,35.000,35.000,43.312,43.027,40.980,35.996,49.175,0.305,61.920,4932.655,4569.456,4831.000,4474.000,0.000,0.000,,,,2,1789737667.397,1,0
516.485,88.508,89.863,70.812,78.000,71.000,77.000,85.000,91.000,73.000,87.000,70.000,68.000,91.000,71.000,88.125,58.688,35.000,35.000,43.312,43.027,40.977,35.996,51.360,0.289,61.934,4866.904,4526.195,4790.000,4436.000,0.000,0.000,,,,2,1789737668.401,1,0
517.487,88.375,89.730,71.062,70.000,81.000,71.000,72.000,71.000,69.000,69.000,87.000,67.000,87.000,71.000,84.344,58.688,35.000,35.000,43.312,43.031,40.977,35.996,50.297,0.243,63.683,4817.793,4485.702,4749.000,4398.000,0.000,0.000,,,,2,1789737669.399,1,0
518.488,88.402,89.758,71.000,76.000,74.000,78.000,79.000,76.000,71.000,79.000,74.000,68.000,89.203,71.000,89.203,58.812,35.000,35.000,43.312,43.027,40.973,35.996,47.112,0.216,56.689,4787.107,4443.676,4727.000,4377.000,0.000,0.000,,,,2,1789737670.402,1,0
519.492,88.363,89.719,71.000,90.000,72.000,75.000,76.000,72.000,84.000,71.000,74.000,67.000,90.000,71.000,87.156,58.688,35.000,35.000,43.312,43.031,40.969,35.996,48.923,0.255,61.146,4771.814,4418.208,4706.000,4358.000,0.000,0.000,,,,2,1789737671.406,1,0
520.496,88.379,89.734,71.062,91.000,69.000,77.000,74.000,74.000,80.000,74.000,70.000,69.000,91.000,70.000,88.828,58.875,35.000,35.000,43.312,43.031,40.969,35.996,48.271,0.230,58.952,4740.397,4417.720,4702.000,4354.000,0.000,0.000,,,,2,1789737672.407,1,0
521.500,88.398,89.754,70.938,76.000,76.000,82.000,76.000,91.000,72.000,81.000,70.000,67.000,91.000,72.000,89.016,58.875,35.000,35.000,43.312,43.031,40.965,35.996,47.277,0.195,58.395,4755.112,4404.748,4699.000,4351.000,0.000,0.000,,,,2,1789737673.413,1,0
522.503,88.363,89.719,70.875,93.000,72.000,80.000,75.000,73.000,70.000,70.000,92.000,67.000,93.000,72.000,87.328,58.812,35.000,35.000,43.309,43.027,40.965,35.996,49.178,0.269,60.262,4724.472,4378.923,4679.000,4333.000,0.000,0.000,,,,2,1789737674.416,1,0
523.506,88.523,89.824,70.938,75.000,69.000,96.000,88.000,72.000,72.000,71.000,73.000,67.000,96.000,70.000,89.344,58.938,35.000,35.000,43.309,43.027,40.965,35.996,47.819,0.260,59.183,4723.790,4353.136,4700.000,4352.000,0.000,0.000,,,,2,1789737675.419,1,0
524.511,89.375,90.973,70.938,84.000,70.000,79.000,81.000,74.000,87.000,74.000,69.000,68.000,93.625,71.000,93.625,59.000,35.000,35.000,43.309,43.023,40.961,35.996,48.403,0.185,59.517,4725.712,4365.383,4741.000,4390.000,0.000,0.000,,,,2,1789737676.426,1,0
525.514,90.930,92.832,70.938,72.000,70.000,73.000,78.000,96.000,99.000,71.000,72.000,66.000,99.000,70.000,95.594,58.875,35.000,35.000,43.309,43.023,40.957,35.996,49.161,0.173,60.365,4741.708,4405.125,4782.000,4428.000,0.000,0.000,,,,2,1789737677.426,1,0
526.519,91.465,93.340,71.000,93.000,69.000,76.000,74.000,74.000,71.000,90.000,70.000,69.000,93.078,70.000,93.078,58.938,35.000,35.000,43.309,43.023,40.957,35.996,48.000,0.194,59.988,4772.447,4418.316,4823.000,4466.000,0.000,0.000,,,,2,1789737678.432,1,0
527.524,91.461,93.148,70.875,85.000,69.000,86.000,74.000,72.000,72.000,71.000,94.000,68.000,94.000,70.000,91.406,58.938,35.000,35.000,43.309,43.020,40.957,35.996,48.630,0.193,60.002,4787.616,4446.531,4864.000,4504.000,0.000,0.000,,,,2,1789737679.438,1,0
528.527,91.480,93.035,70.875,80.000,72.000,86.000,78.000,79.000,73.000,73.000,82.000,68.000,91.859,71.000,91.859,59.125,35.000,35.000,43.309,43.016,40.957,35.996,48.482,0.200,58.954,4867.957,4514.107,4914.000,4550.000,0.000,0.000,,,,2,1789737680.438,1,0
529.527,91.379,92.934,70.938,87.000,69.000,89.000,74.000,73.000,71.000,71.000,71.000,67.000,89.000,69.000,88.281,59.000,35.000,35.000,43.309,43.012,40.953,35.996,48.231,0.250,60.574,4868.417,4556.904,4963.000,4596.000,0.000,0.000,,,,2,1789737681.441,1,0
530.530,91.406,92.844,70.875,70.000,68.000,74.000,71.000,99.000,70.000,98.000,71.000,70.000,99.000,69.000,91.766,59.000,35.000,35.000,43.305,43.008,40.953,35.996,45.922,0.201,57.395,4917.630,4583.943,5013.000,4642.000,0.000,0.000,,,,2,1789737682.444,1,0
531.530,91.301,92.594,70.875,73.000,78.000,76.000,75.000,95.000,71.000,95.000,70.000,71.000,95.000,71.000,88.078,59.062,35.000,35.000,43.305,43.008,40.953,35.996,49.500,0.261,61.138,4968.258,4641.448,5063.000,4688.000,0.000,0.000,,,,2,1789737683.442,1,0
532.530,91.273,92.566,70.688,72.000,70.000,72.000,75.000,71.000,70.000,93.000,90.000,69.000,93.000,70.000,90.469,59.000,35.000,35.000,43.309,43.004,40.953,35.996,48.599,0.206,60.320,5036.585,4686.523,5112.000,4734.000,0.000,0.000,,,,2,1789737684.442,1,0
533.535,91.270,92.434,70.625,71.000,68.000,73.000,71.000,72.000,91.000,96.000,71.000,69.000,96.000,68.000,91.062,58.938,35.000,35.000,43.309,43.004,40.949,35.996,47.476,0.224,59.274,5126.379,4701.212,5162.000,4780.000,0.000,0.000,,,,2,1789737685.447,1,0
534.538,91.875,93.348,70.750,72.000,70.000,72.000,98.000,70.000,98.000,70.000,71.000,67.000,98.000,68.000,96.125,59.062,35.000,35.000,43.305,43.000,40.949,35.996,49.154,0.179,60.637,5163.956,4793.672,5212.000,4826.000,0.000,0.000,,,,2,1789737686.450,1,0
535.539,92.234,93.918,70.625,72.000,70.000,88.000,74.000,74.000,79.000,70.000,95.000,68.000,95.844,70.000,95.844,59.062,35.000,35.000,43.305,42.996,40.949,35.996,44.457,0.140,55.391,5162.327,4792.843,5261.000,4872.000,0.000,0.000,,,,2,1789737687.451,1,0
536.542,92.129,93.812,70.688,71.000,78.000,73.000,77.000,70.000,90.000,70.000,73.000,67.000,90.000,70.000,88.891,59.062,35.000,35.000,43.305,42.992,40.945,35.996,47.401,0.211,59.427,5236.592,4841.898,5311.000,4918.000,0.000,0.000,,,,2,1789737688.455,1,0
537.546,91.906,93.590,70.562,74.000,71.000,77.000,82.000,75.000,71.000,78.000,83.000,68.000,85.031,70.000,85.031,59.000,35.000,35.000,43.309,42.988,40.945,35.996,47.704,0.246,59.530,5275.189,4889.511,5361.000,4964.000,0.000,0.000,,,,2,1789737689.459,1,0
538.546,91.824,93.508,70.562,87.000,73.000,75.000,75.000,72.000,70.000,73.000,89.000,68.000,89.250,71.000,89.250,59.000,35.000,35.000,43.305,42.984,40.941,35.996,47.242,0.231,58.736,5333.807,4923.750,5410.000,5010.000,0.000,0.000,,,,2,1789737690.462,1,0
539.549,91.793,93.477,70.438,81.000,70.000,89.000,78.000,71.000,72.000,69.000,92.000,68.000,92.000,71.000,90.906,58.938,35.000,35.000,43.305,42.980,40.941,35.996,47.415,0.172,57.489,5391.481,4988.637,5472.000,5067.000,0.000,0.000,,,,2,1789737691.464,1,0
540.551,91.660,93.344,70.562,87.000,75.000,75.000,84.000,74.000,78.000,69.000,73.000,67.000,87.500,71.000,87.500,58.938,35.000,35.000,43.305,42.977,40.945,35.996,48.260,0.229,62.177,5412.150,5058.595,5533.000,5124.000,0.000,0.000,,,,2,1789737692.465,1,0
541.553,91.551,93.234,70.438,77.000,73.000,77.000,79.000,76.000,89.000,69.000,76.000,67.000,89.000,71.000,88.188,58.875,35.000,35.000,43.305,42.977,40.941,35.996,48.092,0.210,58.796,5473.870,5056.464,5595.000,5181.000,0.000,0.000,,,,2,1789737693.466,1,0
542.557,91.504,93.188,70.250,86.000,69.000,72.000,77.000,71.000,71.000,70.000,88.000,67.000,90.047,69.000,90.047,58.938,35.000,35.000,43.305,42.973,40.941,35.996,48.573,0.232,61.390,5558.386,5147.270,5616.000,5200.000,0.000,0.000,,,,2,1789737694.467,1,0
543.561,91.383,93.066,70.312,93.000,69.000,75.000,74.000,71.000,69.000,72.000,88.000,69.000,93.000,70.000,87.594,58.812,35.000,35.000,43.305,42.969,40.941,35.996,48.182,0.236,59.254,5601.021,5145.209,5616.000,5200.000,0.000,0.000,,,,2,1789737695.475,1,0
544.563,91.277,92.961,70.250,75.000,73.000,88.000,81.000,74.000,72.000,75.000,75.000,67.000,88.000,71.000,88.000,58.812,35.000,35.000,43.301,42.969,40.938,35.996,48.575,0.226,60.701,5600.672,5200.509,5605.000,5190.000,0.000,0.000,,,,2,1789737696.476,1,0
545.566,91.293,92.977,70.250,85.000,76.000,79.000,76.000,82.000,76.000,82.000,71.000,68.000,91.828,72.000,91.828,58.875,35.000,35.000,43.301,42.965,40.938,35.996,47.082,0.186,59.538,5600.324,5164.474,5609.000,5194.000,0.000,0.000,,,,2,1789737697.478,1,0
546.570,91.465,93.258,70.188,78.000,71.000,86.000,77.000,74.000,100.000,82.000,93.000,67.000,100.000,71.000,94.234,58.812,35.000,35.000,43.301,42.965,40.938,35.996,49.849,0.207,60.459,5599.714,5163.659,5616.000,5200.000,0.000,0.000,,,,2,1789737698.482,1,0
547.572,91.574,93.379,70.438,92.000,69.000,83.000,73.000,72.000,71.000,71.000,91.000,67.000,93.484,70.000,93.484,58.812,35.000,35.000,43.301,42.961,40.934,35.996,50.690,0.223,64.018,5599.975,5164.178,5616.000,5200.000,0.000,0.000,,,,2,1789737699.483,1,0
548.574,92.105,93.891,70.375,74.000,68.000,100.000,74.000,76.000,89.000,70.000,70.000,66.000,100.000,69.000,93.703,58.750,35.000,35.000,43.301,42.953,40.934,35.996,50.494,0.194,64.709,5600.411,5199.833,5616.000,5200.000,0.000,0.000,,,,2,1789737700.486,1,0
549.578,92.559,94.301,70.312,71.000,87.000,74.000,73.000,96.000,70.000,73.000,69.000,66.000,96.000,73.000,93.922,58.750,35.000,35.000,43.301,42.949,40.930,35.996,46.217,0.152,57.836,5577.850,5198.105,5616.000,5200.000,0.000,0.000,,,,2,1789737701.490,1,0
550.581,92.520,94.090,70.125,72.000,90.000,73.000,75.000,95.000,70.000,71.000,68.000,65.000,95.000,74.000,91.391,58.625,35.000,35.000,43.297,42.945,40.926,35.996,46.178,0.149,57.475,5620.609,5200.058,5616.000,5200.000,0.000,0.000,,,,2,1789737702.492,1,0
551.585,92.961,94.508,70.312,71.000,67.000,99.000,72.000,72.000,93.000,71.000,72.000,67.000,99.000,68.000,94.297,58.750,35.000,35.000,43.301,42.945,40.926,35.996,49.430,0.203,60.848,5644.314,5200.659,5616.000,5200.000,0.000,0.000,,,,2,1789737703.497,1,0
552.586,92.883,94.430,70.000,84.000,74.000,76.000,87.000,71.000,71.000,69.000,76.000,66.000,90.469,71.000,90.469,58.562,35.000,35.000,43.297,42.938,40.926,35.996,46.035,0.193,57.455,5577.245,5201.636,5616.000,5200.000,0.000,0.000,,,,2,1789737704.497,1,0
553.591,92.793,94.340,70.000,71.000,80.000,74.000,73.000,78.000,69.000,73.000,89.000,67.000,90.109,71.000,90.109,58.625,35.000,35.000,43.297,42.934,40.922,35.996,45.438,0.197,56.968,5598.756,5200.283,5616.000,5200.000,0.000,0.000,,,,2,1789737705.503,1,0
554.593,92.750,94.297,69.875,90.000,70.000,73.000,73.000,73.000,69.000,92.000,69.000,68.000,92.000,71.000,91.344,58.500,35.000,35.000,43.293,42.930,40.922,35.996,45.534,0.214,57.500,5621.663,5200.058,5616.000,5200.000,0.000,0.000,,,,2,1789737706.506,1,0
555.595,92.598,94.145,69.812,77.000,70.000,78.000,75.000,84.000,70.000,92.000,68.000,68.000,92.000,70.000,87.906,58.438,35.000,35.000,43.293,42.926,40.918,35.996,46.567,0.261,58.620,5599.366,5200.058,5616.000,5200.000,0.000,0.000,,,,2,1789737707.508,1,0
556.597,92.645,94.191,69.812,85.000,80.000,100.000,75.000,72.000,69.000,68.000,67.000,66.000,100.000,71.000,93.797,58.438,35.000,35.000,43.293,42.922,40.918,35.996,47.315,0.193,59.239,5621.925,5199.983,5616.000,5200.000,0.000,0.000,,,,2,1789737708.509,1,0
557.601,92.652,94.199,69.750,78.000,71.000,79.000,73.000,75.000,79.000,71.000,70.000,66.000,92.984,69.000,92.984,58.500,35.000,35.000,43.289,42.914,40.918,35.996,49.227,0.190,59.618,5619.731,5201.109,5616.000,5200.000,0.000,0.000,,,,2,1789737709.512,1,0
558.605,92.730,94.277,69.688,88.000,72.000,75.000,75.000,71.000,70.000,70.000,93.000,68.000,95.078,71.000,95.078,58.438,35.000,35.000,43.289,42.910,40.914,35.996,47.950,0.153,59.683,5577.331,5163.659,5616.000,5200.000,0.000,0.000,,,,2,1789737710.516,1,0
559.609,93.070,94.801,69.625,72.000,69.000,100.000,74.000,70.000,72.000,69.000,100.000,66.000,100.000,70.000,96.484,58.250,35.000,35.000,43.289,42.902,40.910,35.996,48.176,0.177,60.673,5577.677,5201.711,5616.000,5200.000,0.000,0.000,,,,2,1789737711.519,1,0
560.611,93.062,94.621,69.625,69.000,68.000,74.000,70.000,100.000,82.000,73.000,82.000,66.000,100.000,68.000,92.891,58.312,35.000,35.000,43.285,42.898,40.906,35.996,47.961,0.191,59.824,5643.252,5200.659,5616.000,5200.000,0.000,0.000,,,,2,1789737712.521,1,0
561.611,92.895,94.453,69.688,78.000,70.000,84.000,73.000,73.000,71.000,75.000,82.000,66.000,87.688,70.000,87.688,58.375,35.000,35.000,43.285,42.895,40.906,35.996,49.420,0.253,61.631,5642.103,5198.932,5616.000,5200.000,0.000,0.000,,,,2,1789737713.522,1,0
562.614,92.793,94.352,69.625,71.000,69.000,72.000,88.000,71.000,70.000,72.000,91.000,66.000,91.000,70.000,89.672,58.250,35.000,35.000,43.285,42.887,40.902,35.996,48.442,0.222,60.305,5577.072,5200.734,5616.000,5200.000,0.000,0.000,,,,2,1789737714.528,1,0
563.615,92.734,94.293,69.625,84.000,69.000,76.000,75.000,71.000,75.000,69.000,90.000,66.000,90.906,69.000,90.906,58.312,35.000,35.000,43.281,42.887,40.902,35.996,47.408,0.240,58.950,5578.109,5200.959,5616.000,5200.000,0.000,0.000,,,,2,1789737715.525,1,0
564.615,92.648,94.207,69.625,75.000,83.000,73.000,73.000,72.000,69.000,95.000,72.000,69.000,95.000,72.000,89.922,58.312,35.000,35.000,43.281,42.875,40.898,35.996,48.564,0.234,59.781,5622.013,5200.884,5616.000,5200.000,0.000,0.000,,,,2,1789737716.526,1,0
565.620,92.691,94.250,69.562,70.000,67.000,71.000,87.000,72.000,70.000,74.000,93.000,68.000,94.109,68.000,94.109,58.312,35.000,35.000,43.277,42.871,40.895,35.996,45.797,0.165,58.884,5599.714,5201.861,5616.000,5200.000,0.000,0.000,,,,2,1789737717.532,1,0
566.622,92.551,94.109,69.500,71.000,69.000,82.000,77.000,72.000,82.000,77.000,70.000,68.000,88.094,69.000,88.094,58.188,35.000,35.000,43.277,42.867,40.895,35.996,49.787,0.212,61.480,5578.195,5200.734,5616.000,5200.000,0.000,0.000,,,,2,1789737718.534,1,0
567.622,92.477,94.035,69.312,75.000,69.000,73.000,75.000,70.000,72.000,89.000,85.000,69.000,90.250,70.000,90.250,58.188,35.000,35.000,43.273,42.859,40.891,35.996,49.281,0.218,60.764,5577.936,5200.283,5616.000,5200.000,0.000,0.000,,,,2,1789737719.533,1,0
568.624,92.297,93.855,69.562,86.000,69.000,74.000,82.000,75.000,70.000,75.000,75.000,68.000,86.656,70.000,86.656,58.188,35.000,35.000,43.273,42.855,40.891,35.996,49.355,0.236,61.657,5622.540,5200.659,5616.000,5200.000,0.000,0.000,,,,2,1789737720.535,1,0
569.626,92.078,93.637,69.438,74.000,78.000,77.000,84.000,71.000,69.000,70.000,67.000,67.000,85.359,71.000,85.359,58.250,35.000,35.000,43.273,42.852,40.887,35.996,49.657,0.238,62.436,5578.282,5202.162,5616.000,5200.000,0.000,0.000,,,,2,1789737721.542,1,0
570.627,91.953,93.512,69.438,81.000,69.000,81.000,74.000,74.000,70.000,80.000,76.000,69.000,88.109,69.000,88.109,58.250,35.000,35.000,43.266,42.848,40.883,35.996,48.695,0.201,59.758,5620.697,5200.283,5616.000,5200.000,0.000,0.000,,,,2,1789737722.538,1,0
571.631,91.945,93.504,69.438,84.000,70.000,88.000,73.000,95.000,69.000,74.000,68.000,67.000,95.000,71.000,91.688,58.250,35.000,35.000,43.266,42.844,40.879,35.996,50.996,0.225,63.158,5577.331,5201.410,5616.000,5200.000,0.000,0.000,,,,2,1789737723.540,1,0
572.635,91.953,93.512,69.625,74.000,70.000,74.000,76.000,84.000,92.000,70.000,74.000,67.000,92.156,70.000,92.156,58.188,35.000,35.000,43.266,42.840,40.875,35.996,47.386,0.190,59.514,5622.364,5200.133,5616.000,5200.000,0.000,0.000,,,,2,1789737724.546,1,0
573.639,91.926,93.484,69.562,81.000,84.000,78.000,78.000,72.000,75.000,70.000,90.000,68.000,91.047,73.000,91.047,58.250,35.000,35.000,43.262,42.836,40.871,35.996,53.128,0.233,63.350,5621.048,5200.959,5616.000,5200.000,0.000,0.000,,,,2,1789737725.549,1,0
574.641,91.980,93.539,69.500,77.000,71.000,80.000,80.000,77.000,84.000,79.000,76.000,68.000,93.672,69.000,93.672,58.250,35.000,35.000,43.258,42.836,40.867,35.996,48.922,0.190,62.981,5620.785,5200.509,5616.000,5200.000,0.000,0.000,,,,2,1789737726.553,1,0
575.645,91.926,93.328,69.812,71.000,84.000,73.000,72.000,74.000,70.000,96.000,70.000,69.000,96.000,72.000,90.281,58.188,35.000,35.000,43.258,42.828,40.863,35.996,48.323,0.237,62.824,5642.456,5201.937,5616.000,5200.000,0.000,0.000,,,,2,1789737727.557,1,0
576.649,92.492,93.926,69.688,72.000,67.000,79.000,72.000,100.000,70.000,93.000,69.000,67.000,100.000,68.000,94.203,58.250,35.000,35.000,43.258,42.824,40.859,35.996,46.862,0.177,58.980,5622.189,5200.058,5616.000,5200.000,0.000,0.000,,,,2,1789737728.564,1,0
577.652,92.426,93.715,69.438,77.000,75.000,76.000,77.000,77.000,76.000,72.000,84.000,68.000,90.406,71.000,90.406,58.188,35.000,35.000,43.254,42.820,40.855,35.996,48.366,0.199,59.190,5622.540,5200.283,5616.000,5200.000,0.000,0.000,,,,2,1789737729.563,1,0
578.653,92.352,93.641,69.375,72.000,69.000,73.000,75.000,88.000,70.000,69.000,91.000,65.000,91.000,70.000,90.016,58.125,35.000,35.000,43.254,42.816,40.852,35.996,48.868,0.215,62.210,5620.872,5200.133,5616.000,5200.000,0.000,0.000,,,,2,1789737730.565,1,0
579.657,92.430,93.719,69.562,71.000,68.000,69.000,91.000,70.000,95.000,74.000,70.000,68.000,95.000,68.000,94.375,58.188,35.000,35.000,43.250,42.809,40.848,35.996,46.543,0.154,57.682,5642.722,5199.833,5616.000,5200.000,0.000,0.000,,,,2,1789737731.569,1,0
580.661,92.578,94.027,69.500,75.000,69.000,78.000,73.000,95.000,88.000,72.000,70.000,66.000,95.438,70.000,95.438,58.188,35.000,35.000,43.246,42.805,40.848,35.996,50.640,0.182,62.024,5642.898,5200.734,5616.000,5200.000,0.000,0.000,,,,2,1789737732.573,1,0
581.665,92.637,94.086,69.438,84.000,75.000,80.000,80.000,81.000,75.000,93.000,75.000,69.000,93.969,70.000,93.969,58.250,35.000,35.000,43.246,42.797,40.840,35.996,48.376,0.202,61.495,5622.452,5199.307,5616.000,5200.000,0.000,0.000,,,,2,1789737733.577,1,0
582.666,92.625,93.926,69.312,70.000,68.000,72.000,90.000,98.000,73.000,72.000,70.000,65.000,98.000,68.000,92.266,58.125,35.000,35.000,43.246,42.793,40.836,35.996,45.363,0.175,57.612,5621.136,5200.434,5616.000,5200.000,0.000,0.000,,,,2,1789737734.577,1,0
583.669,92.621,93.922,69.250,71.000,85.000,70.000,75.000,69.000,71.000,92.000,69.000,68.000,92.516,72.000,92.516,58.125,35.000,35.000,43.246,42.785,40.836,35.996,46.705,0.156,58.251,5621.311,5200.133,5616.000,5200.000,0.000,0.000,,,,2,1789737735.580,1,0
584.673,92.648,93.949,69.250,70.000,83.000,71.000,71.000,76.000,88.000,76.000,70.000,68.000,93.500,71.000,93.500,58.000,35.000,35.000,43.242,42.777,40.832,35.996,46.661,0.164,58.106,5620.960,5200.283,5616.000,5200.000,0.000,0.000,,,,2,1789737736.584,1,0
585.677,92.973,94.441,69.188,70.000,68.000,71.000,71.000,72.000,67.000,100.000,91.000,70.000,100.000,69.000,95.922,58.125,35.000,35.000,43.238,42.770,40.824,35.996,46.089,0.159,57.460,5642.810,5199.231,5616.000,5200.000,0.000,0.000,,,,2,1789737737.590,1,0
586.680,92.945,94.414,69.062,73.000,69.000,77.000,71.000,70.000,79.000,90.000,79.000,67.000,92.188,69.000,92.188,58.000,35.000,35.000,43.238,42.766,40.820,35.996,45.787,0.161,57.326,5599.975,5199.908,5616.000,5200.000,0.000,0.000,,,,2,1789737738.593,1,0
587.684,92.762,94.230,68.938,77.000,70.000,75.000,86.000,71.000,69.000,89.000,69.000,70.000,89.000,71.000,87.031,58.000,35.000,35.000,43.238,42.758,40.820,35.996,53.221,0.245,64.616,5621.575,5199.908,5616.000,5200.000,0.000,0.000,,,,2,1789737739.598,1,0
588.687,92.555,94.023,69.000,73.000,70.000,89.000,76.000,70.000,70.000,72.000,87.000,69.000,89.000,70.000,86.125,58.062,35.000,35.000,43.234,42.754,40.816,35.996,50.355,0.238,62.488,5600.149,5199.007,5616.000,5200.000,0.000,0.000,,,,2,1789737740.600,1,0
589.690,92.324,93.793,69.062,71.000,69.000,82.000,78.000,71.000,68.000,70.000,69.000,68.000,85.188,68.000,85.188,58.000,35.000,35.000,43.230,42.750,40.812,35.996,54.194,0.290,66.729,5644.049,5200.659,5616.000,5200.000,0.000,0.000,,,,2,1789737741.603,1,0
590.694,92.207,93.676,69.188,86.000,79.000,77.000,76.000,81.000,71.000,79.000,69.000,71.000,88.609,71.000,88.609,58.000,35.000,35.000,43.230,42.746,40.809,35.996,50.653,0.241,61.337,5644.137,5200.208,5616.000,5200.000,0.000,0.000,,,,2,1789737742.605,1,0
591.696,92.098,93.566,69.375,83.000,78.000,79.000,87.000,69.000,71.000,68.000,69.000,66.000,88.641,71.000,88.641,58.125,35.000,35.000,43.227,42.742,40.805,35.996,54.169,0.270,67.256,5622.101,5199.307,5616.000,5200.000,0.000,0.000,,,,2,1789737743.611,1,0
592.699,91.980,93.449,69.250,84.000,70.000,76.000,80.000,80.000,72.000,84.000,70.000,70.000,88.375,70.000,88.375,58.062,35.000,35.000,43.223,42.742,40.801,35.996,49.061,0.195,60.085,5623.331,5199.833,5616.000,5200.000,0.000,0.000,,,,2,1789737744.613,1,0
593.704,91.828,93.297,69.438,75.000,76.000,76.000,77.000,85.000,71.000,85.000,69.000,71.000,87.078,71.000,87.078,58.125,35.000,35.000,43.223,42.738,40.797,35.996,54.311,0.271,66.401,5578.801,5199.833,5616.000,5200.000,0.000,0.000,,,,2,1789737745.616,1,0
594.709,91.773,93.242,69.375,80.000,74.000,85.000,76.000,85.000,90.000,88.000,83.000,68.000,90.062,70.000,90.062,58.062,35.000,35.000,43.219,42.738,40.793,35.996,52.250,0.258,64.366,5622.804,5200.734,5616.000,5200.000,0.000,0.000,,,,2,1789737746.623,1,0
595.712,91.578,93.047,69.500,83.000,71.000,81.000,74.000,79.000,70.000,78.000,78.000,70.000,85.562,71.000,85.562,58.188,35.000,35.000,43.215,42.738,40.789,35.996,52.578,0.259,64.394,5622.628,5198.856,5616.000,5200.000,0.000,0.000,,,,2,1789737747.625,1,0
596.712,91.465,92.934,69.562,90.000,70.000,87.000,75.000,73.000,71.000,86.000,70.000,71.000,90.000,70.000,88.016,58.125,35.000,35.000,43.215,42.738,40.785,35.996,53.912,0.278,65.924,5622.979,5200.659,5616.000,5200.000,0.000,0.000,,,,2,1789737748.624,1,0
597.715,91.410,92.879,69.750,82.000,76.000,83.000,79.000,78.000,79.000,80.000,81.000,70.000,89.672,71.000,89.672,58.188,35.000,35.000,43.211,42.738,40.781,35.996,59.853,0.272,71.779,5621.399,5198.932,5616.000,5200.000,0.000,0.000,,,,2,1789737749.624,1,0
598.718,91.359,92.828,70.125,74.000,73.000,77.000,72.000,76.000,80.000,76.000,82.000,70.000,89.828,69.000,89.828,58.312,35.000,35.000,43.207,42.738,40.781,35.996,61.803,0.326,74.038,5621.136,5200.133,5616.000,5200.000,0.000,0.000,,,,2,1789737750.630,1,0
599.721,91.301,92.770,70.188,76.000,69.000,96.000,75.000,74.000,84.000,72.000,76.000,68.000,96.000,70.000,89.469,58.438,35.000,35.000,43.207,42.742,40.777,35.996,53.443,0.265,65.627,5622.364,5200.434,5616.000,5200.000,0.000,0.000,,,,2,1789737751.631,1,0
600.725,91.777,93.289,70.188,74.000,70.000,72.000,73.000,95.000,70.000,97.000,70.000,70.000,97.000,71.000,93.688,58.375,35.000,35.000,43.203,42.742,40.770,35.996,46.231,0.179,57.711,5621.311,5199.607,5616.000,5200.000,0.000,0.000,,,,2,1789737752.633,1,0
601.727,91.996,93.422,70.125,73.000,70.000,73.000,77.000,72.000,70.000,96.000,89.000,69.000,96.000,70.000,92.656,58.375,35.000,35.000,43.203,42.742,40.770,35.996,46.740,0.178,59.115,5622.013,5179.409,5616.000,5200.000,0.000,0.000,,,,2,1789737753.638,1,0
602.732,92.043,93.340,69.875,74.000,72.000,74.000,93.000,69.000,79.000,67.000,86.000,65.000,93.000,71.000,92.188,58.375,35.000,35.000,43.199,42.742,40.766,35.996,46.422,0.170,58.082,5621.925,5199.307,5616.000,5200.000,0.000,0.000,,,,2,1789737754.643,1,0
603.736,92.105,93.340,70.000,75.000,73.000,77.000,73.000,82.000,85.000,83.000,69.000,66.000,92.766,71.000,92.766,58.375,35.000,35.000,43.199,42.742,40.762,35.996,45.295,0.194,57.151,5621.487,5199.307,5616.000,5200.000,0.000,0.000,,,,2,1789737755.646,1,0
604.741,92.121,93.266,69.875,79.000,69.000,78.000,72.000,82.000,70.000,73.000,90.000,66.000,92.469,69.000,92.469,58.312,35.000,35.000,43.195,42.738,40.758,35.996,45.689,0.161,56.953,5623.155,5198.932,5616.000,5200.000,0.000,0.000,,,,2,1789737756.651,1,0
605.745,92.176,93.301,69.875,72.000,74.000,72.000,88.000,69.000,72.000,68.000,94.000,65.000,94.000,71.000,95.016,58.312,35.000,35.000,43.195,42.734,40.754,35.996,46.882,0.146,58.541,5621.399,5198.556,5616.000,5200.000,0.000,0.000,,,,2,1789737757.655,1,0
606.747,92.363,93.641,69.688,94.000,68.000,75.000,72.000,90.000,71.000,70.000,70.000,66.000,95.016,69.000,91.594,58.250,35.000,35.000,43.195,42.730,40.750,35.996,45.752,0.156,57.556,5622.804,5199.156,5616.000,5200.000,0.000,0.000,,,,2,1789737758.656,1,0
607.748,92.336,93.484,69.625,70.000,84.000,70.000,72.000,71.000,93.000,73.000,71.000,67.000,94.000,71.000,93.750,58.250,35.000,35.000,43.191,42.727,40.746,35.996,46.122,0.156,57.153,5644.137,5198.856,5616.000,5200.000,0.000,0.000,,,,2,1789737759.660,1,0
608.753,92.402,93.570,69.438,92.000,88.000,70.000,73.000,67.000,68.000,68.000,73.000,65.000,93.750,74.000,93.219,58.062,35.000,35.000,43.188,42.723,40.746,35.996,46.006,0.159,57.716,5579.060,5198.556,5616.000,5200.000,0.000,0.000,,,,2,1789737760.665,1,0
609.753,92.430,93.598,69.312,71.000,86.000,72.000,75.000,99.000,70.000,73.000,68.000,66.000,93.219,72.000,94.047,58.125,35.000,35.000,43.188,42.719,40.742,35.996,46.239,0.153,57.620,5644.402,5198.932,5616.000,5200.000,0.000,0.000,,,,2,1789737761.664,1,0
610.755,92.629,93.824,69.312,90.000,69.000,72.000,75.000,69.000,72.000,68.000,89.000,67.000,99.000,70.000,89.641,58.000,35.000,35.000,43.184,42.711,40.734,35.996,49.142,0.201,59.874,5643.429,5198.331,5616.000,5200.000,0.000,0.000,,,,2,1789737762.666,1,0
611.759,92.535,93.730,69.125,76.000,70.000,74.000,74.000,71.000,80.000,81.000,88.000,69.000,88.766,71.000,88.766,58.000,35.000,35.000,43.180,42.699,40.730,35.996,49.507,0.216,60.444,5644.756,5162.179,5616.000,5200.000,0.000,0.000,,,,2,1789737763.671,1,0
612.761,92.414,93.609,69.125,78.000,69.000,77.000,73.000,89.000,69.000,70.000,88.000,68.000,89.000,70.000,88.156,58.000,35.000,35.000,43.176,42.695,40.727,35.996,53.417,0.264,64.751,5643.076,5198.481,5616.000,5200.000,0.000,0.000,,,,2,1789737764.670,1,0
613.765,92.328,93.523,69.250,71.000,86.000,70.000,76.000,69.000,73.000,68.000,94.000,66.000,94.000,72.000,93.766,58.125,35.000,35.000,43.172,42.691,40.727,35.996,49.105,0.181,62.349,5601.108,5200.584,5616.000,5200.000,0.000,0.000,,,,2,1789737765.678,1,0
614.769,92.172,93.367,69.062,80.000,69.000,86.000,72.000,74.000,69.000,89.000,71.000,70.000,89.000,70.000,87.344,58.062,35.000,35.000,43.172,42.688,40.723,35.996,51.656,0.234,61.719,5645.376,5202.162,5616.000,5200.000,0.000,0.000,,,,2,1789737766.683,1,0
615.771,91.988,93.184,69.125,77.000,70.000,76.000,87.000,69.000,71.000,87.000,73.000,69.000,87.000,71.000,86.188,58.125,35.000,35.000,43.168,42.684,40.719,35.996,53.354,0.281,66.016,5645.288,5200.133,5616.000,5200.000,0.000,0.000,,,,2,1789737767.684,1,0
616.776,91.793,92.988,69.375,79.000,73.000,83.000,77.000,73.000,72.000,70.000,71.000,68.000,85.750,69.000,85.750,58.125,35.000,35.000,43.164,42.684,40.715,35.996,54.098,0.288,65.752,5601.108,5199.532,5616.000,5200.000,0.000,0.000,,,,2,1789737768.687,1,0
617.779,91.762,92.957,69.375,71.000,69.000,74.000,93.000,96.000,72.000,72.000,68.000,65.000,96.000,68.000,90.844,58.188,35.000,35.000,43.164,42.684,40.715,35.996,49.202,0.218,62.945,5644.668,5201.034,5616.000,5200.000,0.000,0.000,,,,2,1789737769.691,1,0
618.779,91.570,92.766,69.500,84.000,68.000,76.000,75.000,71.000,70.000,74.000,80.000,69.000,85.641,69.000,85.641,58.062,35.000,35.000,43.160,42.684,40.715,35.996,50.906,0.227,61.790,5622.628,5200.809,5616.000,5200.000,0.000,0.000,,,,2,1789737770.695,1,0
619.783,91.641,92.836,69.438,72.000,84.000,72.000,71.000,96.000,69.000,76.000,69.000,68.000,96.000,72.000,93.828,58.125,35.000,35.000,43.160,42.680,40.711,35.996,46.174,0.166,58.911,5645.199,5199.983,5616.000,5200.000,0.000,0.000,,,,2,1789737771.696,1,0
620.786,91.578,92.773,69.312,72.000,69.000,92.000,74.000,69.000,88.000,70.000,71.000,67.000,92.000,69.000,89.609,58.125,35.000,35.000,43.156,42.680,40.707,35.996,47.976,0.180,58.879,5623.682,5237.049,5616.000,5200.000,0.000,0.000,,,,2,1789737772.700,1,0
621.788,91.469,92.664,69.250,87.000,71.000,76.000,73.000,77.000,70.000,70.000,89.000,67.000,89.000,69.000,88.078,58.125,35.000,35.000,43.156,42.676,40.703,35.996,50.267,0.226,62.481,5579.925,5200.659,5616.000,5200.000,0.000,0.000,,,,2,1789737773.700,1,0
622.788,91.402,92.598,69.312,85.000,72.000,78.000,75.000,75.000,76.000,77.000,76.000,67.000,89.344,70.000,89.344,58.000,35.000,35.000,43.152,42.676,40.703,35.996,47.318,0.190,59.254,5580.963,5201.185,5616.000,5200.000,0.000,0.000,,,,2,1789737774.701,1,0
623.790,91.305,92.500,69.312,79.000,78.000,76.000,72.000,73.000,69.000,71.000,87.000,66.000,88.234,70.000,88.234,57.938,35.000,35.000,43.152,42.672,40.699,35.996,50.273,0.232,62.910,5601.718,5199.757,5616.000,5200.000,0.000,0.000,,,,2,1789737775.704,1,0
624.791,91.180,92.375,69.250,81.000,71.000,74.000,74.000,90.000,70.000,71.000,86.000,67.000,90.000,71.000,87.406,58.062,35.000,35.000,43.148,42.672,40.695,35.996,48.880,0.231,60.439,5623.331,5201.335,5616.000,5200.000,0.000,0.000,,,,2,1789737776.701,1,0
625.796,91.074,92.270,69.250,73.000,68.000,72.000,84.000,69.000,70.000,69.000,89.000,66.000,89.000,68.000,87.797,58.062,35.000,35.000,43.148,42.672,40.695,35.996,50.262,0.238,62.885,5579.319,5201.185,5585.000,5172.000,0.000,0.000,,,,2,1789737777.708,1,0
626.799,90.988,92.184,69.438,86.000,69.000,72.000,76.000,89.000,72.000,70.000,68.000,66.000,89.000,70.000,88.281,57.938,35.000,35.000,43.145,42.668,40.691,35.996,49.981,0.231,61.609,5559.244,5163.215,5552.000,5141.000,0.000,0.000,,,,2,1789737778.711,1,0
627.800,90.785,91.980,69.375,86.000,69.000,72.000,72.000,87.000,68.000,71.000,67.000,66.000,87.000,69.000,84.500,57.938,35.000,35.000,43.145,42.664,40.688,35.996,48.968,0.259,61.791,5560.103,5145.356,5523.000,5114.000,0.000,0.000,,,,2,1789737779.713,1,0
628.805,90.770,91.965,69.375,87.000,67.000,72.000,71.000,77.000,69.000,72.000,89.000,66.000,90.250,68.000,90.250,57.938,35.000,35.000,43.141,42.664,40.684,35.996,45.813,0.196,57.620,5538.206,5092.154,5461.000,5057.000,0.000,0.000,,,,2,1789737780.716,1,0
629.810,90.648,91.844,69.375,88.000,76.000,81.000,76.000,78.000,77.000,72.000,68.000,66.000,88.000,72.000,86.969,57.875,35.000,35.000,43.141,42.660,40.680,35.996,47.320,0.217,58.524,5516.480,5039.476,5452.000,5049.000,0.000,0.000,,,,2,1789737781.723,1,0
630.812,90.703,91.898,69.250,72.000,69.000,81.000,85.000,74.000,72.000,71.000,90.000,67.000,92.344,69.000,92.344,57.938,35.000,35.000,43.141,42.660,40.680,35.996,47.235,0.200,59.605,5413.696,5021.761,5412.000,5012.000,0.000,0.000,,,,2,1789737782.724,1,0
631.814,90.664,91.859,69.375,75.000,69.000,74.000,71.000,91.000,70.000,71.000,93.000,67.000,93.000,69.000,89.484,57.938,35.000,35.000,43.137,42.656,40.676,35.996,51.103,0.236,62.492,5452.976,5038.771,5425.000,5024.000,0.000,0.000,,,,2,1789737783.726,1,0
632.817,90.645,91.719,69.250,78.000,68.000,80.000,73.000,87.000,70.000,96.000,70.000,70.000,96.000,69.000,90.078,57.875,35.000,35.000,43.137,42.656,40.672,35.996,51.030,0.228,62.691,5454.545,5022.461,5410.000,5010.000,0.000,0.000,,,,2,1789737784.729,1,0
633.820,90.566,91.535,69.375,86.000,69.000,74.000,77.000,69.000,74.000,68.000,91.000,67.000,91.000,69.000,88.141,58.000,35.000,35.000,43.133,42.652,40.668,35.996,48.651,0.210,60.832,5414.022,4987.047,5365.000,4968.000,0.000,0.000,,,,2,1789737785.732,1,0
634.824,90.629,91.520,69.312,84.000,70.000,74.000,73.000,69.000,71.000,69.000,97.000,66.000,97.000,69.000,90.828,58.000,35.000,35.000,43.133,42.652,40.664,35.996,48.876,0.221,62.114,5353.081,4953.833,5315.000,4922.000,0.000,0.000,,,,2,1789737786.737,1,0
635.828,90.605,91.406,69.375,71.000,69.000,81.000,76.000,72.000,70.000,70.000,91.000,67.000,91.000,69.000,89.938,58.125,35.000,35.000,43.129,42.648,40.664,35.996,49.563,0.190,60.609,5314.045,4939.695,5298.000,4906.000,0.000,0.000,,,,2,1789737787.739,1,0
636.828,90.500,91.301,69.312,79.000,70.000,75.000,75.000,84.000,70.000,83.000,74.000,68.000,87.250,70.000,87.250,57.938,35.000,35.000,43.129,42.648,40.660,35.996,48.854,0.224,60.648,5293.573,4922.202,5260.000,4871.000,0.000,0.000,,,,2,1789737788.740,1,0
637.832,90.543,91.340,69.312,71.000,69.000,72.000,71.000,71.000,68.000,97.000,92.000,69.000,97.000,69.000,91.312,57.938,35.000,35.000,43.125,42.648,40.660,35.996,46.734,0.188,59.642,5294.507,4888.448,5225.000,4838.000,0.000,0.000,,,,2,1789737789.745,1,0
638.833,90.594,91.391,69.375,76.000,77.000,73.000,76.000,70.000,72.000,71.000,88.000,68.000,91.844,70.000,91.844,57.938,35.000,35.000,43.125,42.645,40.656,35.996,47.487,0.155,58.198,5275.730,4888.183,5231.000,4844.000,0.000,0.000,,,,2,1789737790.742,1,0
639.836,90.617,91.414,69.250,76.000,70.000,93.000,75.000,73.000,86.000,70.000,69.000,67.000,93.000,70.000,91.234,58.062,35.000,35.000,43.125,42.645,40.656,35.996,46.593,0.165,58.142,5275.343,4855.547,5242.000,4854.000,0.000,0.000,,,,2,1789737791.748,1,0
640.838,90.691,91.516,69.375,70.000,77.000,74.000,71.000,96.000,70.000,75.000,69.000,66.000,96.000,70.000,91.750,57.938,35.000,35.000,43.121,42.641,40.652,35.996,48.660,0.192,61.496,5274.571,4887.188,5244.000,4856.000,0.000,0.000,,,,2,1789737792.751,1,0
641.839,90.605,91.430,69.250,85.000,70.000,74.000,76.000,69.000,90.000,68.000,71.000,68.000,90.000,70.000,88.031,58.062,35.000,35.000,43.121,42.637,40.652,35.996,49.991,0.213,60.423,5275.885,4887.652,5269.000,4879.000,0.000,0.000,,,,2,1789737793.753,1,0
642.842,90.559,91.383,69.312,74.000,69.000,73.000,75.000,86.000,72.000,70.000,91.000,69.000,91.000,70.000,89.109,58.000,35.000,35.000,43.121,42.637,40.648,35.996,53.920,0.259,65.683,5237.887,4823.280,5240.000,4852.000,0.000,0.000,,,,2,1789737794.752,1,0
643.846,90.594,91.418,69.312,74.000,72.000,92.000,89.000,69.000,70.000,67.000,70.000,65.000,92.000,71.000,91.688,58.125,35.000,35.000,43.121,42.637,40.648,35.996,47.581,0.202,60.773,5237.506,4841.052,5221.000,4835.000,0.000,0.000,,,,2,1789737795.760,1,0
644.850,90.438,91.262,69.438,82.000,82.000,74.000,76.000,70.000,76.000,71.000,82.000,69.000,85.594,73.000,85.594,58.000,35.000,35.000,43.117,42.633,40.645,35.996,52.158,0.251,62.509,5238.116,4838.645,5227.000,4840.000,0.000,0.000,,,,2,1789737796.764,1,0
645.854,90.336,91.160,69.438,86.000,72.000,84.000,84.000,79.000,73.000,87.000,75.000,69.000,87.141,71.000,87.141,58.188,35.000,35.000,43.117,42.633,40.645,35.996,57.893,0.293,68.159,5199.682,4809.105,5177.000,4794.000,0.000,0.000,,,,2,1789737797.765,1,0
646.854,90.379,91.203,69.625,71.000,78.000,77.000,75.000,77.000,82.000,71.000,72.000,67.000,91.781,70.000,91.781,58.125,35.000,35.000,43.113,42.633,40.645,35.996,48.045,0.226,62.908,5145.136,4823.280,5141.000,4761.000,0.000,0.000,,,,2,1789737798.767,1,0
647.855,90.332,91.156,69.875,74.000,68.000,77.000,74.000,73.000,80.000,72.000,84.000,68.000,88.859,70.000,88.859,58.375,35.000,35.000,43.113,42.637,40.641,35.996,47.213,0.214,58.729,5145.797,4791.758,5149.000,4768.000,0.000,0.000,,,,2,1789737799.768,1,0
648.860,90.445,91.270,69.625,75.000,69.000,82.000,83.000,73.000,74.000,93.000,71.000,70.000,93.922,70.000,93.922,58.312,35.000,35.000,43.113,42.633,40.641,35.996,47.619,0.180,58.781,5144.474,4761.212,5130.000,4750.000,0.000,0.000,,,,2,1789737800.771,1,0
649.861,90.375,91.199,69.625,73.000,78.000,72.000,74.000,71.000,70.000,93.000,79.000,70.000,93.000,71.000,88.234,58.250,35.000,35.000,43.113,42.641,40.641,35.996,51.388,0.223,63.026,5144.474,4792.396,5158.000,4776.000,0.000,0.000,,,,2,1789737801.777,1,0
650.865,90.316,91.141,69.625,73.000,69.000,80.000,81.000,89.000,72.000,70.000,81.000,68.000,89.000,70.000,88.484,58.250,35.000,35.000,43.113,42.641,40.641,35.996,54.538,0.266,66.233,5145.724,4760.834,5132.000,4752.000,0.000,0.000,,,,2,1789737802.779,1,0
651.868,90.125,90.949,69.812,77.000,69.000,77.000,75.000,78.000,75.000,76.000,69.000,71.000,84.203,69.000,84.203,58.500,35.000,35.000,43.113,42.641,40.637,35.996,52.126,0.284,64.108,5163.956,4731.675,5110.000,4732.000,0.000,0.000,,,,2,1789737803.779,1,0
652.868,90.098,90.922,69.750,82.000,70.000,74.000,74.000,69.000,79.000,69.000,93.000,66.000,93.000,70.000,89.234,58.312,35.000,35.000,43.113,42.641,40.637,35.996,48.826,0.225,61.199,5127.840,4715.498,5060.000,4686.000,0.000,0.000,,,,2,1789737804.779,1,0
653.869,90.230,91.055,69.875,71.000,82.000,71.000,72.000,69.000,74.000,70.000,97.000,67.000,97.000,71.000,93.156,58.250,35.000,35.000,43.113,42.648,40.637,35.996,46.966,0.191,58.994,5074.282,4684.450,5036.000,4663.000,0.000,0.000,,,,2,1789737805.781,1,0
654.872,90.617,91.824,69.938,73.000,87.000,72.000,73.000,71.000,87.000,75.000,69.000,69.000,95.281,73.000,95.281,58.438,35.000,35.000,43.113,42.648,40.633,35.996,46.847,0.151,57.990,5073.996,4714.202,5068.000,4693.000,0.000,0.000,,,,2,1789737806.786,1,0
655.876,91.820,93.270,70.000,71.000,68.000,71.000,72.000,71.000,91.000,69.000,100.000,66.000,100.000,69.000,95.438,58.375,35.000,35.000,43.113,42.656,40.633,35.996,46.593,0.146,58.285,5126.818,4701.150,5118.000,4739.000,0.000,0.000,,,,2,1789737807.789,1,0
656.877,91.938,93.277,69.750,71.000,68.000,77.000,71.000,88.000,73.000,72.000,94.000,67.000,94.000,69.000,92.281,58.438,35.000,35.000,43.113,42.656,40.637,35.996,47.336,0.172,58.882,5091.146,4761.275,5167.000,4785.000,0.000,0.000,,,,2,1789737808.791,1,0
657.881,91.914,93.121,69.812,94.000,71.000,73.000,73.000,71.000,69.000,97.000,69.000,70.000,97.000,71.000,91.297,58.250,35.000,35.000,43.113,42.652,40.637,35.996,48.104,0.210,60.201,5146.312,4793.672,5217.000,4831.000,0.000,0.000,,,,2,1789737809.796,1,0
658.882,91.766,92.973,69.812,80.000,68.000,74.000,71.000,73.000,72.000,72.000,82.000,69.000,87.078,68.000,87.078,58.438,35.000,35.000,43.113,42.652,40.637,35.996,51.068,0.250,62.242,5200.434,4810.197,5267.000,4877.000,0.000,0.000,,,,2,1789737810.797,1,0
659.886,91.594,92.801,69.688,74.000,70.000,88.000,75.000,72.000,71.000,90.000,70.000,70.000,90.000,70.000,86.328,58.438,35.000,35.000,43.113,42.656,40.637,35.996,52.671,0.270,64.440,5276.658,4889.378,5316.000,4923.000,0.000,0.000,,,,2,1789737811.802,1,0
660.890,91.453,92.660,69.875,71.000,69.000,96.000,73.000,95.000,70.000,72.000,68.000,66.000,96.000,69.000,87.062,58.375,35.000,35.000,43.117,42.660,40.637,35.996,51.081,0.270,63.787,5296.298,4922.269,5366.000,4969.000,0.000,0.000,,,,2,1789737812.803,1,0
661.891,91.625,92.883,69.812,99.000,69.000,77.000,73.000,71.000,69.000,96.000,69.000,69.000,99.000,70.000,93.359,58.500,35.000,35.000,43.117,42.672,40.637,35.996,45.431,0.155,56.734,5374.498,4938.271,5416.000,5015.000,0.000,0.000,,,,2,1789737813.805,1,0
662.892,91.598,92.855,69.750,74.000,69.000,77.000,73.000,88.000,70.000,71.000,91.000,68.000,91.000,70.000,90.812,58.438,35.000,35.000,43.117,42.668,40.637,35.996,47.592,0.170,58.697,5394.794,4988.291,5477.000,5072.000,0.000,0.000,,,,2,1789737814.805,1,0
663.893,91.395,92.652,69.750,81.000,69.000,95.000,74.000,72.000,84.000,69.000,68.000,68.000,95.000,70.000,85.156,58.438,35.000,35.000,43.117,42.668,40.637,35.996,49.338,0.235,61.696,5414.430,5040.322,5539.000,5129.000,0.000,0.000,,,,2,1789737815.808,1,0
664.895,91.242,92.500,69.812,74.000,77.000,75.000,73.000,72.000,74.000,90.000,69.000,69.000,90.000,70.000,86.469,58.375,35.000,35.000,43.117,42.672,40.637,35.996,50.276,0.261,62.577,5474.203,5074.425,5528.000,5119.000,0.000,0.000,,,,2,1789737816.807,1,0
665.899,91.148,92.406,69.875,83.000,70.000,88.000,74.000,75.000,85.000,73.000,70.000,70.000,88.266,71.000,88.266,58.500,35.000,35.000,43.117,42.672,40.637,35.996,50.467,0.226,61.209,5453.719,5074.497,5482.000,5076.000,0.000,0.000,,,,2,1789737817.813,1,0
666.901,91.137,92.395,69.875,72.000,68.000,100.000,74.000,72.000,95.000,68.000,70.000,66.000,100.000,69.000,90.781,58.500,35.000,35.000,43.117,42.680,40.637,35.996,50.756,0.234,63.064,5454.380,5024.424,5452.000,5049.000,0.000,0.000,,,,2,1789737818.813,1,0
667.902,91.043,92.301,69.812,81.000,71.000,74.000,78.000,76.000,71.000,70.000,91.000,70.000,91.000,71.000,88.047,58.438,35.000,35.000,43.121,42.688,40.637,35.996,53.743,0.276,65.225,5454.049,5040.111,5447.000,5044.000,0.000,0.000,,,,2,1789737819.818,1,0
668.906,91.066,92.324,69.875,93.000,83.000,79.000,75.000,72.000,72.000,68.000,70.000,66.000,93.000,72.000,91.797,58.312,35.000,35.000,43.125,42.695,40.637,35.996,50.972,0.250,63.403,5372.733,5005.214,5417.000,5016.000,0.000,0.000,,,,2,1789737820.820,1,0
669.909,90.859,92.117,70.062,75.000,69.000,84.000,73.000,71.000,70.000,76.000,87.000,71.000,87.000,69.000,84.516,58.500,35.000,35.000,43.125,42.699,40.641,35.996,51.843,0.252,63.335,5454.876,5040.111,5422.000,5021.000,0.000,0.000,,,,2,1789737821.823,1,0
670.912,90.801,92.059,70.062,81.000,69.000,77.000,73.000,72.000,81.000,94.000,69.000,69.000,94.000,70.000,88.953,58.438,35.000,35.000,43.125,42.703,40.641,35.996,53.115,0.258,65.231,5392.127,4988.222,5361.000,4964.000,0.000,0.000,,,,2,1789737822.823,1,0
671.912,90.742,92.000,70.188,89.000,81.000,83.000,81.000,74.000,74.000,72.000,75.000,67.000,89.000,72.000,88.953,58.438,35.000,35.000,43.129,42.711,40.641,35.996,51.452,0.205,62.148,5432.732,4987.808,5338.000,4943.000,0.000,0.000,,,,2,1789737823.823,1,0
672.914,90.734,91.992,70.250,77.000,71.000,79.000,76.000,93.000,84.000,74.000,70.000,68.000,93.000,72.000,90.406,58.438,35.000,35.000,43.129,42.711,40.641,35.996,49.742,0.225,61.965,5351.807,4971.483,5319.000,4925.000,0.000,0.000,,,,2,1789737824.827,1,0
673.917,90.582,91.840,70.250,76.000,68.000,73.000,82.000,71.000,69.000,72.000,82.000,70.000,85.891,69.000,85.891,58.500,35.000,35.000,43.129,42.715,40.641,35.996,53.240,0.271,65.855,5352.682,4971.002,5265.000,4875.000,0.000,0.000,,,,2,1789737825.829,1,0
674.920,90.492,91.750,70.188,80.000,80.000,85.000,76.000,72.000,71.000,72.000,74.000,70.000,87.750,72.000,87.750,58.438,35.000,35.000,43.125,42.719,40.645,35.996,51.235,0.226,62.697,5294.273,4921.260,5235.000,4848.000,0.000,0.000,,,,2,1789737826.832,1,0
675.920,90.430,91.688,70.125,79.000,71.000,79.000,76.000,81.000,80.000,69.000,74.000,68.000,88.438,71.000,88.438,58.500,35.000,35.000,43.133,42.727,40.645,35.996,49.013,0.200,60.996,5255.781,4888.116,5213.000,4827.000,0.000,0.000,,,,2,1789737827.831,1,0
676.921,90.273,91.531,70.312,79.000,71.000,81.000,77.000,79.000,74.000,79.000,80.000,71.000,85.453,70.000,85.453,58.438,35.000,35.000,43.133,42.734,40.645,35.996,55.537,0.260,67.612,5237.583,4874.350,5164.000,4782.000,0.000,0.000,,,,2,1789737828.833,1,0
677.923,90.105,91.363,70.375,85.000,72.000,81.000,75.000,90.000,71.000,72.000,69.000,70.000,90.000,71.000,84.969,58.625,35.000,35.000,43.137,42.738,40.648,35.996,51.018,0.289,66.181,5199.532,4840.336,5114.000,4736.000,0.000,0.000,,,,2,1789737829.838,1,0
678.926,90.152,91.410,70.562,76.000,71.000,92.000,75.000,85.000,72.000,75.000,73.000,67.000,92.000,71.000,91.531,58.688,35.000,35.000,43.137,42.742,40.648,35.996,50.474,0.217,64.661,5181.049,4792.907,5120.000,4741.000,0.000,0.000,,,,2,1789737830.840,1,0
679.929,90.281,91.539,70.500,76.000,84.000,72.000,75.000,71.000,95.000,70.000,75.000,67.000,95.000,73.000,94.344,58.500,35.000,35.000,43.137,42.746,40.648,35.996,50.847,0.205,61.823,5181.124,4794.119,5152.000,4771.000,0.000,0.000,,,,2,1789737831.840,1,0
680.929,90.266,91.523,70.562,80.000,70.000,78.000,75.000,73.000,90.000,85.000,71.000,70.000,90.000,71.000,89.766,58.688,35.000,35.000,43.141,42.750,40.652,35.996,49.962,0.216,59.724,5143.225,4794.566,5144.000,4763.000,0.000,0.000,,,,2,1789737832.844,1,0
681.930,90.359,91.617,70.562,86.000,81.000,85.000,84.000,83.000,72.000,74.000,70.000,67.000,93.047,74.000,93.047,58.625,35.000,35.000,43.141,42.754,40.652,35.996,51.231,0.224,65.299,5181.497,4763.354,5166.000,4784.000,0.000,0.000,,,,2,1789737833.843,1,0
682.930,90.355,91.613,70.500,76.000,83.000,79.000,74.000,72.000,70.000,70.000,93.000,68.000,93.000,72.000,90.234,58.688,35.000,35.000,43.141,42.758,40.652,35.996,55.090,0.261,64.968,5181.720,4795.013,5161.000,4779.000,0.000,0.000,,,,2,1789737834.840,1,0
683.935,90.520,91.934,70.562,81.000,70.000,74.000,76.000,76.000,86.000,94.000,70.000,68.000,94.000,71.000,93.344,58.688,35.000,35.000,43.148,42.770,40.656,35.996,46.751,0.191,59.973,5180.825,4793.672,5211.000,4825.000,0.000,0.000,,,,2,1789737835.847,1,0
684.936,92.234,94.023,70.625,72.000,69.000,70.000,94.000,70.000,73.000,71.000,100.000,67.000,100.000,70.000,97.391,58.688,35.000,35.000,43.148,42.773,40.660,35.996,48.113,0.174,59.072,5200.434,4792.843,5260.000,4871.000,0.000,0.000,,,,2,1789737836.848,1,0
685.937,92.215,93.824,70.500,72.000,87.000,72.000,91.000,69.000,72.000,69.000,69.000,66.000,91.641,73.000,91.641,58.625,35.000,35.000,43.152,42.781,40.660,35.996,47.838,0.174,58.358,5199.082,4811.033,5310.000,4917.000,0.000,0.000,,,,2,1789737837.849,1,0
686.942,92.020,93.629,70.500,76.000,71.000,74.000,76.000,71.000,88.000,85.000,72.000,70.000,88.000,71.000,85.984,58.688,35.000,35.000,43.152,42.781,40.664,35.996,49.754,0.245,60.777,5274.107,4888.979,5360.000,4963.000,0.000,0.000,,,,2,1789737838.852,1,0
687.944,91.699,93.309,70.500,72.000,69.000,77.000,75.000,89.000,81.000,75.000,69.000,71.000,89.000,69.000,81.828,58.750,35.000,35.000,43.156,42.789,40.664,35.996,49.404,0.284,63.255,5293.573,4922.336,5409.000,5009.000,0.000,0.000,,,,2,1789737839.860,1,0
688.949,91.676,93.285,70.500,78.000,70.000,78.000,80.000,72.000,74.000,75.000,83.000,70.000,90.953,71.000,90.953,58.688,35.000,35.000,43.156,42.793,40.664,35.996,52.194,0.251,62.683,5313.810,4938.678,5471.000,5066.000,0.000,0.000,,,,2,1789737840.862,1,0
689.950,91.477,93.086,70.500,74.000,70.000,79.000,73.000,73.000,78.000,85.000,73.000,70.000,85.188,70.000,85.188,58.688,35.000,35.000,43.156,42.793,40.668,35.996,51.585,0.270,63.827,5393.501,4989.605,5532.000,5123.000,0.000,0.000,,,,2,1789737841.866,1,0
690.953,91.344,92.953,70.438,78.000,69.000,74.000,83.000,69.000,71.000,71.000,88.000,71.000,88.000,70.000,87.297,58.688,35.000,35.000,43.156,42.797,40.668,35.996,53.780,0.280,65.208,5454.215,5075.355,5560.000,5149.000,0.000,0.000,,,,2,1789737842.866,1,0
691.954,91.312,92.922,70.500,76.000,71.000,85.000,88.000,73.000,72.000,72.000,89.000,71.000,90.375,71.000,90.375,58.812,35.000,35.000,43.164,42.809,40.668,35.996,50.693,0.214,61.507,5538.206,5093.019,5551.000,5140.000,0.000,0.000,,,,2,1789737843.869,1,0
692.958,91.188,92.797,70.625,90.000,78.000,85.000,80.000,79.000,74.000,72.000,71.000,69.000,90.000,72.000,87.266,58.812,35.000,35.000,43.164,42.816,40.672,35.996,56.046,0.319,67.944,5538.036,5093.234,5513.000,5105.000,0.000,0.000,,,,2,1789737844.871,1,0
693.961,91.246,92.855,70.625,73.000,70.000,77.000,75.000,70.000,88.000,68.000,91.000,66.000,93.047,70.000,93.047,58.812,35.000,35.000,43.168,42.828,40.676,35.996,47.225,0.195,61.331,5537.354,5094.100,5530.000,5121.000,0.000,0.000,,,,2,1789737845.875,1,0
694.962,91.391,93.105,70.688,76.000,69.000,75.000,73.000,70.000,71.000,92.000,97.000,68.000,97.000,70.000,94.062,58.812,35.000,35.000,43.172,42.832,40.676,35.996,47.437,0.196,59.189,5535.566,5091.505,5592.000,5178.000,0.000,0.000,,,,2,1789737846.875,1,0
695.965,92.492,94.367,70.500,71.000,68.000,96.000,72.000,73.000,71.000,100.000,72.000,71.000,100.000,68.000,95.797,58.750,35.000,35.000,43.176,42.840,40.676,35.996,48.450,0.180,59.654,5558.644,5164.252,5616.000,5200.000,0.000,0.000,,,,2,1789737847.878,1,0
696.970,92.801,94.582,70.625,71.000,69.000,72.000,76.000,93.000,75.000,72.000,93.000,66.000,93.734,69.000,93.734,58.688,35.000,35.000,43.176,42.844,40.680,35.996,46.425,0.158,57.894,5556.928,5165.512,5616.000,5200.000,0.000,0.000,,,,2,1789737848.883,1,0
697.971,93.070,94.809,70.438,85.000,74.000,77.000,76.000,73.000,70.000,91.000,69.000,69.000,94.422,72.000,94.422,58.750,35.000,35.000,43.180,42.848,40.680,35.996,47.208,0.164,58.380,5599.626,5200.358,5616.000,5200.000,0.000,0.000,,,,2,1789737849.883,1,0
698.973,92.973,94.711,70.375,75.000,73.000,86.000,75.000,75.000,82.000,70.000,80.000,68.000,90.062,72.000,90.062,58.438,35.000,35.000,43.180,42.848,40.684,35.996,51.631,0.219,63.194,5599.714,5200.884,5616.000,5200.000,0.000,0.000,,,,2,1789737850.885,1,0
699.978,92.871,94.609,70.312,84.000,74.000,87.000,81.000,72.000,70.000,70.000,71.000,67.000,89.719,72.000,89.719,58.688,35.000,35.000,43.184,42.855,40.684,35.996,50.097,0.203,61.847,5599.714,5200.884,5616.000,5200.000,0.000,0.000,,,,2,1789737851.891,1,0
700.982,92.676,94.414,70.250,76.000,70.000,75.000,79.000,70.000,88.000,81.000,69.000,70.000,88.000,71.000,86.609,58.625,35.000,35.000,43.184,42.859,40.688,35.996,52.999,0.263,64.328,5600.411,5200.959,5616.000,5200.000,0.000,0.000,,,,2,1789737852.896,1,0
701.986,92.531,94.270,70.250,71.000,69.000,74.000,82.000,85.000,76.000,75.000,71.000,69.000,88.062,69.000,88.062,58.750,35.000,35.000,43.188,42.863,40.688,35.996,52.421,0.248,64.608,5600.062,5202.012,5616.000,5200.000,0.000,0.000,,,,2,1789737853.898,1,0
702.987,92.363,94.102,70.375,76.000,76.000,85.000,76.000,87.000,72.000,80.000,70.000,70.000,87.094,71.000,87.094,58.562,35.000,35.000,43.188,42.863,40.688,35.996,48.973,0.242,61.560,5622.452,5201.937,5616.000,5200.000,0.000,0.000,,,,2,1789737854.898,1,0
703.987,92.254,93.992,70.250,73.000,69.000,74.000,73.000,70.000,72.000,89.000,92.000,68.000,92.000,69.000,88.828,58.562,35.000,35.000,43.191,42.875,40.691,35.996,49.264,0.218,62.321,5599.801,5201.410,5616.000,5200.000,0.000,0.000,,,,2,1789737855.898,1,0
704.987,92.188,93.926,70.438,72.000,74.000,80.000,77.000,85.000,84.000,72.000,71.000,68.000,90.188,71.000,90.188,58.688,35.000,35.000,43.191,42.871,40.691,35.996,50.261,0.221,60.855,5622.540,5200.283,5616.000,5200.000,0.000,0.000,,,,2,1789737856.898,1,0
705.990,92.129,93.867,70.500,77.000,70.000,74.000,73.000,70.000,90.000,70.000,97.000,68.000,97.000,71.000,90.250,58.500,35.000,35.000,43.191,42.875,40.691,35.996,47.927,0.211,60.289,5644.580,5202.012,5616.000,5200.000,0.000,0.000,,,,2,1789737857.902,1,0
706.992,92.180,93.918,70.125,77.000,79.000,76.000,82.000,75.000,70.000,81.000,72.000,70.000,93.500,72.000,93.500,58.438,35.000,35.000,43.195,42.879,40.695,35.996,47.192,0.172,58.913,5644.580,5202.012,5616.000,5200.000,0.000,0.000,,,,2,1789737858.904,1,0
707.993,92.094,93.832,70.188,72.000,69.000,74.000,88.000,73.000,81.000,78.000,69.000,69.000,89.531,69.000,89.531,58.438,35.000,35.000,43.199,42.887,40.695,35.996,49.461,0.221,62.147,5599.714,5201.485,5616.000,5200.000,0.000,0.000,,,,2,1789737859.905,1,0
708.997,92.168,93.906,70.188,71.000,68.000,72.000,75.000,95.000,89.000,76.000,69.000,68.000,95.000,68.000,94.109,58.438,35.000,35.000,43.203,42.891,40.695,35.996,46.930,0.165,57.958,5643.076,5200.959,5616.000,5200.000,0.000,0.000,,,,2,1789737860.910,1,0
709.997,92.266,93.969,70.062,71.000,71.000,70.000,73.000,69.000,96.000,68.000,93.000,66.000,96.000,70.000,93.672,58.375,35.000,35.000,43.207,42.898,40.695,35.996,46.230,0.159,58.464,5644.049,5201.410,5616.000,5200.000,0.000,0.000,,,,2,1789737861.911,1,0
711.000,92.301,93.902,69.938,80.000,71.000,85.000,91.000,93.000,80.000,87.000,73.000,68.000,93.000,71.000,92.969,58.438,35.000,35.000,43.207,42.895,40.699,35.996,49.953,0.182,59.729,5643.783,5200.884,5616.000,5200.000,0.000,0.000,,,,2,1789737862.916,1,0
712.001,92.238,93.840,70.188,84.000,74.000,84.000,77.000,73.000,83.000,71.000,91.000,68.000,91.000,72.000,90.391,58.375,35.000,35.000,43.211,42.895,40.699,35.996,56.200,0.240,69.349,5576.986,5200.809,5616.000,5200.000,0.000,0.000,,,,2,1789737863.913,1,0
713.004,92.098,93.699,70.188,91.000,71.000,74.000,76.000,70.000,86.000,70.000,69.000,68.000,91.000,71.000,87.750,58.438,35.000,35.000,43.211,42.895,40.699,35.996,49.656,0.226,62.010,5577.072,5201.561,5616.000,5200.000,0.000,0.000,,,,2,1789737864.918,1,0
714.007,92.020,93.621,70.125,88.000,72.000,79.000,89.000,74.000,71.000,69.000,68.000,68.000,89.531,71.000,89.531,58.375,35.000,35.000,43.215,42.898,40.699,35.996,48.626,0.200,60.181,5576.986,5183.510,5616.000,5200.000,0.000,0.000,,,,2,1789737865.917,1,0
715.011,91.906,93.508,70.125,85.000,71.000,78.000,83.000,83.000,72.000,72.000,75.000,68.000,88.422,70.000,88.422,58.500,35.000,35.000,43.219,42.902,40.699,35.996,50.972,0.223,63.614,5599.975,5201.636,5616.000,5200.000,0.000,0.000,,,,2,1789737866.925,1,0
716.014,92.020,93.621,69.938,73.000,68.000,100.000,73.000,77.000,70.000,70.000,88.000,66.000,100.000,68.000,94.531,58.500,35.000,35.000,43.215,42.898,40.699,35.996,46.255,0.180,58.609,5621.136,5201.561,5616.000,5200.000,0.000,0.000,,,,2,1789737867.927,1,0
717.016,91.941,93.543,69.875,80.000,77.000,83.000,78.000,76.000,85.000,70.000,71.000,67.000,89.641,71.000,89.641,58.375,35.000,35.000,43.219,42.902,40.699,35.996,49.412,0.200,60.676,5620.609,5200.058,5616.000,5200.000,0.000,0.000,,,,2,1789737868.928,1,0
718.020,91.910,93.512,70.000,75.000,69.000,85.000,75.000,73.000,74.000,89.000,77.000,69.000,90.828,69.000,90.828,58.375,35.000,35.000,43.223,42.906,40.699,35.996,49.650,0.203,61.795,5621.399,5200.584,5616.000,5200.000,0.000,0.000,,,,2,1789737869.932,1,0
719.025,92.020,93.621,69.812,78.000,69.000,72.000,74.000,82.000,70.000,71.000,93.000,67.000,95.406,69.000,95.406,58.438,35.000,35.000,43.223,42.906,40.699,35.996,46.058,0.167,58.091,5622.101,5202.388,5616.000,5200.000,0.000,0.000,,,,2,1789737870.936,1,0
720.026,91.887,93.488,69.938,90.000,70.000,84.000,74.000,79.000,68.000,74.000,68.000,68.000,90.000,70.000,87.891,58.375,35.000,35.000,43.227,42.910,40.699,35.996,49.040,0.217,60.883,5577.763,5200.734,5616.000,5200.000,0.000,0.000,,,,2,1789737871.939,1,0
721.031,91.797,93.398,69.812,81.000,76.000,77.000,76.000,77.000,69.000,69.000,73.000,67.000,88.922,71.000,88.922,58.188,35.000,35.000,43.230,42.910,40.699,35.996,46.785,0.184,58.272,5642.987,5201.561,5616.000,5200.000,0.000,0.000,,,,2,1789737872.942,1,0
722.036,91.723,93.324,69.625,77.000,78.000,78.000,76.000,72.000,70.000,81.000,68.000,66.000,89.500,70.000,89.500,58.312,35.000,35.000,43.230,42.914,40.703,35.996,50.494,0.222,62.705,5576.727,5202.162,5616.000,5200.000,0.000,0.000,,,,2,1789737873.948,1,0
723.039,91.664,93.266,69.875,75.000,73.000,85.000,76.000,79.000,70.000,83.000,70.000,70.000,89.844,70.000,89.844,58.312,35.000,35.000,43.234,42.918,40.699,35.996,46.657,0.202,58.150,5621.925,5201.109,5616.000,5200.000,0.000,0.000,,,,2,1789737874.953,1,0
724.044,91.641,93.242,69.688,73.000,69.000,74.000,90.000,72.000,70.000,97.000,69.000,70.000,97.000,69.000,90.844,58.250,35.000,35.000,43.238,42.922,40.703,35.996,46.979,0.218,59.737,5643.783,5201.335,5616.000,5200.000,0.000,0.000,,,,2,1789737875.958,1,0
725.049,91.594,93.195,69.750,77.000,74.000,78.000,75.000,90.000,70.000,82.000,69.000,67.000,90.125,70.000,90.125,58.188,35.000,35.000,43.238,42.922,40.699,35.996,46.633,0.187,58.571,5599.714,5200.584,5616.000,5200.000,0.000,0.000,,,,2,1789737876.964,1,0
726.054,91.520,93.121,69.562,73.000,68.000,75.000,83.000,71.000,74.000,69.000,92.000,66.000,92.000,68.000,89.297,58.188,35.000,35.000,43.242,42.922,40.699,35.996,45.162,0.207,57.415,5621.750,5201.185,5616.000,5200.000,0.000,0.000,,,,2,1789737877.969,1,0
727.056,91.312,92.914,69.562,75.000,81.000,75.000,75.000,73.000,82.000,72.000,69.000,67.000,84.906,71.000,84.906,58.250,35.000,35.000,43.242,42.922,40.699,35.996,45.967,0.232,57.818,5621.575,5200.058,5616.000,5200.000,0.000,0.000,,,,2,1789737878.972,1,0
728.061,91.129,92.730,69.438,76.000,71.000,76.000,75.000,78.000,70.000,75.000,80.000,70.000,85.438,70.000,85.438,58.062,35.000,35.000,43.246,42.922,40.699,35.996,53.986,0.255,65.254,5620.521,5200.358,5571.000,5159.000,0.000,0.000,,,,2,1789737879.974,1,0
729.066,90.984,92.586,69.625,79.000,70.000,95.000,76.000,75.000,72.000,87.000,72.000,67.000,95.000,71.000,86.516,58.250,35.000,35.000,43.246,42.922,40.699,35.996,49.087,0.295,61.241,5599.366,5164.104,5527.000,5118.000,0.000,0.000,,,,2,1789737880.978,1,0
730.068,90.781,92.383,69.625,84.000,77.000,82.000,78.000,80.000,77.000,76.000,81.000,66.000,84.391,71.000,84.391,58.062,35.000,35.000,43.250,42.922,40.699,35.996,48.909,0.275,62.329,5556.670,5146.092,5465.000,5061.000,0.000,0.000,,,,2,1789737881.979,1,0
731.072,90.680,92.281,69.688,75.000,69.000,75.000,75.000,74.000,86.000,91.000,69.000,68.000,91.000,69.000,87.594,58.125,35.000,35.000,43.250,42.922,40.695,35.996,49.060,0.234,61.061,5534.800,5075.140,5432.000,5030.000,0.000,0.000,,,,2,1789737882.983,1,0
732.075,90.441,92.043,69.750,81.000,72.000,82.000,76.000,80.000,71.000,71.000,83.000,67.000,83.031,70.000,83.031,58.062,35.000,35.000,43.254,42.926,40.699,35.996,54.498,0.299,66.988,5451.324,5076.715,5370.000,4973.000,0.000,0.000,,,,2,1789737883.988,1,0
733.079,90.312,91.914,69.812,73.000,69.000,74.000,74.000,91.000,90.000,71.000,70.000,67.000,91.000,69.000,86.266,58.125,35.000,35.000,43.254,42.926,40.695,35.996,49.452,0.283,61.843,5409.873,5022.672,5321.000,4927.000,0.000,0.000,,,,2,1789737884.990,1,0
734.081,90.133,91.734,69.812,75.000,78.000,76.000,74.000,79.000,83.000,74.000,71.000,67.000,84.609,71.000,84.609,58.250,35.000,35.000,43.258,42.926,40.695,35.996,46.944,0.282,58.612,5391.966,5005.701,5271.000,4881.000,0.000,0.000,,,,2,1789737885.995,1,0
735.083,89.949,91.551,69.688,87.000,73.000,84.000,77.000,76.000,71.000,87.000,72.000,68.000,87.000,70.000,84.281,58.062,35.000,35.000,43.258,42.922,40.695,35.996,48.059,0.273,59.975,5331.833,4904.565,5221.000,4835.000,0.000,0.000,,,,2,1789737886.994,1,0
736.083,89.742,91.344,69.750,75.000,70.000,75.000,73.000,76.000,74.000,78.000,74.000,68.000,83.312,68.000,83.312,58.188,35.000,35.000,43.258,42.922,40.695,35.996,51.628,0.283,63.965,5293.729,4889.776,5172.000,4789.000,0.000,0.000,,,,2,1789737887.996,1,0
737.084,89.664,91.266,69.875,75.000,72.000,80.000,75.000,75.000,70.000,83.000,82.000,67.000,87.172,69.000,87.172,58.188,35.000,35.000,43.262,42.922,40.695,35.996,46.556,0.260,58.086,5273.953,4840.336,5122.000,4743.000,0.000,0.000,,,,2,1789737888.999,1,0
738.089,89.641,91.242,69.812,77.000,72.000,80.000,80.000,75.000,85.000,74.000,69.000,68.000,88.953,70.000,88.953,58.250,35.000,35.000,43.266,42.926,40.695,35.996,45.983,0.219,57.574,5199.082,4824.961,5100.000,4723.000,0.000,0.000,,,,2,1789737890.004,1,0
739.092,89.480,91.082,69.688,76.000,74.000,78.000,75.000,78.000,78.000,72.000,78.000,67.000,84.516,71.000,84.516,58.125,35.000,35.000,43.266,42.926,40.695,35.996,48.241,0.238,59.790,5143.739,4793.290,5051.000,4677.000,0.000,0.000,,,,2,1789737891.003,1,0
740.092,89.344,90.945,69.688,85.000,74.000,77.000,75.000,79.000,70.000,81.000,76.000,69.000,85.062,72.000,85.062,58.125,35.000,35.000,43.266,42.926,40.695,35.996,49.015,0.265,60.496,5125.211,4715.993,5004.000,4634.000,0.000,0.000,,,,2,1789737892.006,1,0
741.093,89.207,90.809,69.688,77.000,73.000,77.000,80.000,80.000,73.000,83.000,70.000,68.000,85.047,71.000,85.047,58.125,35.000,35.000,43.270,42.926,40.695,35.996,49.747,0.229,61.463,5088.339,4686.462,4959.000,4592.000,0.000,0.000,,,,2,1789737893.013,1,0
742.094,89.141,90.742,69.688,77.000,70.000,89.000,73.000,75.000,84.000,71.000,74.000,67.000,89.000,69.000,87.047,58.250,35.000,35.000,43.270,42.930,40.695,35.996,48.254,0.239,60.110,5001.389,4640.431,4934.000,4569.000,0.000,0.000,,,,2,1789737894.006,1,0
743.096,89.086,90.688,69.688,74.000,71.000,73.000,86.000,71.000,69.000,94.000,71.000,68.000,94.000,70.000,87.453,58.188,35.000,35.000,43.273,42.934,40.695,35.996,47.483,0.229,59.227,4967.367,4626.179,4912.000,4549.000,0.000,0.000,,,,2,1789737895.008,1,0
744.098,88.996,90.598,69.625,73.000,76.000,75.000,74.000,74.000,75.000,79.000,78.000,67.000,86.172,70.000,86.172,58.188,35.000,35.000,43.273,42.934,40.695,35.996,45.966,0.220,57.390,4915.682,4568.875,4880.000,4519.000,0.000,0.000,,,,2,1789737896.012,1,0
745.101,88.906,90.508,69.812,81.000,75.000,84.000,77.000,84.000,70.000,70.000,81.000,66.000,86.125,71.000,86.125,58.188,35.000,35.000,43.277,42.934,40.699,35.996,48.777,0.254,60.211,4916.287,4568.644,4848.000,4489.000,0.000,0.000,,,,2,1789737897.013,1,0
746.105,88.941,90.543,69.750,72.000,72.000,74.000,86.000,71.000,71.000,69.000,91.000,66.000,91.000,69.000,89.953,58.312,35.000,35.000,43.277,42.934,40.695,35.996,46.135,0.218,57.615,4934.684,4526.992,4851.000,4492.000,0.000,0.000,,,,2,1789737898.015,1,0
747.110,88.883,90.484,69.688,72.000,69.000,77.000,75.000,71.000,79.000,85.000,77.000,70.000,87.125,69.000,87.125,58.250,35.000,35.000,43.281,42.934,40.695,35.996,46.802,0.215,58.435,4868.483,4526.936,4827.000,4470.000,0.000,0.000,,,,2,1789737899.042,1,0
748.112,88.781,90.383,69.750,75.000,70.000,91.000,73.000,72.000,69.000,87.000,70.000,68.000,91.000,69.000,85.641,58.250,35.000,35.000,43.281,42.934,40.699,35.996,45.900,0.242,57.482,4885.596,4485.813,4791.000,4437.000,0.000,0.000,,,,2,1789737900.023,1,0
749.117,88.773,90.215,69.875,76.000,69.000,96.000,74.000,88.000,70.000,70.000,70.000,66.000,96.000,69.000,88.562,58.125,35.000,35.000,43.281,42.934,40.699,35.996,47.228,0.222,59.362,4820.826,4457.708,4750.000,4399.000,0.000,0.000,,,,2,1789737901.029,1,0
750.120,88.742,90.039,69.750,74.000,68.000,77.000,73.000,72.000,85.000,85.000,70.000,67.000,87.703,68.000,87.703,58.250,35.000,35.000,43.285,42.934,40.699,35.996,46.403,0.224,58.161,4788.763,4444.006,4709.000,4361.000,0.000,0.000,,,,2,1789737902.031,1,0
751.120,88.914,90.289,69.750,71.000,76.000,76.000,71.000,70.000,71.000,73.000,92.000,68.000,92.000,70.000,91.000,58.188,35.000,35.000,43.285,42.938,40.703,35.996,45.402,0.184,56.851,4740.772,4418.316,4742.000,4391.000,0.000,0.000,,,,2,1789737903.031,1,0
752.123,88.941,90.219,69.625,70.000,71.000,69.000,71.000,86.000,69.000,91.000,71.000,69.000,91.000,69.000,89.344,58.250,35.000,35.000,43.289,42.934,40.703,35.996,44.446,0.198,55.916,4772.321,4392.279,4715.000,4366.000,0.000,0.000,,,,2,1789737904.035,1,0
753.124,89.023,90.320,69.750,76.000,71.000,86.000,77.000,86.000,72.000,87.000,82.000,70.000,90.500,70.000,90.500,58.312,35.000,35.000,43.289,42.934,40.703,35.996,61.509,0.272,66.951,4740.772,4379.509,4735.000,4385.000,0.000,0.000,,,,2,1789737905.034,1,0
754.128,89.492,91.082,70.938,83.000,73.000,85.000,79.000,78.000,79.000,77.000,83.000,69.000,93.719,72.000,93.719,58.500,35.000,35.000,43.289,42.934,40.703,35.996,84.787,0.239,95.161,4741.896,4379.189,4776.000,4423.000,0.000,0.000,,,,2,1789737906.041,1,0
755.132,91.383,93.383,72.000,91.000,82.000,96.000,87.000,90.000,85.000,88.000,90.000,71.000,97.062,74.000,97.062,58.812,35.000,35.000,43.293,42.938,40.707,35.996,81.593,0.303,90.778,4774.093,4405.502,4817.000,4461.000,0.000,0.000,,,,2,1789737907.044,1,0
756.132,92.043,94.039,72.625,92.000,84.000,96.000,91.000,94.000,90.000,94.000,91.000,71.000,96.000,75.000,94.016,59.188,35.000,35.000,43.297,42.938,40.707,35.996,71.887,0.335,83.371,4788.571,4419.292,4858.000,4499.000,0.000,0.000,,,,2,1789737908.044,1,0
757.132,92.012,93.809,73.438,92.000,78.000,83.000,79.000,82.000,82.000,88.000,83.000,71.000,92.000,74.000,91.109,59.375,35.000,35.000,43.301,42.941,40.711,35.996,74.674,0.293,92.498,4820.503,4459.088,4899.000,4537.000,0.000,0.000,,,,2,1789737909.045,1,0
758.137,92.883,94.676,74.000,87.000,79.000,90.000,85.000,90.000,87.000,87.000,87.000,71.000,94.625,75.000,94.625,59.812,35.000,35.000,43.301,42.945,40.711,35.996,79.462,0.314,88.917,4868.944,4486.932,4949.000,4583.000,0.000,0.000,,,,2,1789737910.048,1,0
759.141,94.320,96.367,74.375,93.000,82.000,97.000,90.000,94.000,89.000,88.000,90.000,72.000,98.641,76.000,98.641,59.938,35.000,35.000,43.309,42.949,40.715,35.996,75.945,0.347,84.407,4901.627,4556.097,4999.000,4629.000,0.000,0.000,,,,2,1789737911.052,1,0
760.142,94.625,96.555,75.125,98.000,86.000,100.000,95.000,96.000,95.000,97.000,92.000,73.000,100.000,77.000,95.531,60.250,35.000,35.000,43.312,42.953,40.719,35.996,75.022,0.353,90.230,4917.428,4570.326,5049.000,4675.000,0.000,0.000,,,,2,1789737912.053,1,0
761.144,95.121,97.008,75.812,100.000,75.000,83.000,80.000,84.000,84.000,91.000,75.000,72.000,100.000,75.000,96.609,60.562,35.000,35.000,43.312,42.957,40.719,35.996,83.233,0.224,95.488,4968.327,4641.627,5098.000,4721.000,0.000,0.000,,,,2,1789737913.055,1,0
762.145,95.625,97.477,76.125,90.000,78.000,91.000,90.000,87.000,91.000,89.000,84.000,73.000,97.141,76.000,97.141,60.812,35.000,35.000,43.320,42.965,40.723,35.996,68.706,0.329,81.425,5020.291,4658.505,5148.000,4767.000,0.000,0.000,,,,2,1789737914.057,1,0
763.148,95.586,97.250,76.062,81.000,97.000,86.000,79.000,76.000,76.000,80.000,98.000,72.000,98.000,79.000,94.406,61.000,35.000,35.000,43.324,42.973,40.727,35.996,55.982,0.200,71.177,5126.307,4673.686,5198.000,4813.000,0.000,0.000,,,,2,1789737915.067,1,0
764.150,95.281,96.945,75.562,81.000,71.000,82.000,77.000,80.000,73.000,78.000,71.000,70.000,85.844,71.000,85.844,61.188,35.000,35.000,43.332,42.980,40.730,35.996,49.678,0.243,65.544,5126.379,4762.850,5247.000,4859.000,0.000,0.000,,,,2,1789737916.062,1,0
765.151,95.016,96.680,75.312,81.000,78.000,80.000,79.000,75.000,80.000,84.000,79.000,70.000,86.859,74.000,86.859,61.125,35.000,35.000,43.340,42.992,40.738,35.996,49.803,0.230,59.406,5181.347,4777.450,5297.000,4905.000,0.000,0.000,,,,2,1789737917.064,1,0
766.151,94.906,96.570,75.000,78.000,87.000,78.000,78.000,74.000,74.000,95.000,92.000,71.000,95.000,76.000,91.484,61.062,35.000,35.000,43.344,43.000,40.742,35.996,52.961,0.214,63.598,5236.897,4810.326,5347.000,4951.000,0.000,0.000,,,,2,1789737918.062,1,0
767.152,94.777,96.441,74.625,94.000,79.000,88.000,78.000,84.000,75.000,74.000,81.000,69.000,94.000,74.000,90.797,60.938,35.000,35.000,43.352,43.008,40.746,35.996,48.704,0.231,60.722,5274.571,4889.179,5396.000,4997.000,0.000,0.000,,,,2,1789737919.064,1,0
768.157,94.875,96.539,74.625,100.000,72.000,78.000,78.000,72.000,95.000,71.000,72.000,69.000,100.000,73.000,97.328,61.000,35.000,35.000,43.359,43.020,40.754,35.996,50.147,0.196,63.645,5333.097,4940.034,5446.000,5043.000,0.000,0.000,,,,2,1789737920.069,1,0
769.161,95.379,97.285,74.250,75.000,70.000,100.000,76.000,98.000,74.000,74.000,72.000,68.000,100.000,71.000,99.438,61.062,35.000,35.000,43.363,43.031,40.758,35.996,46.202,0.158,57.460,5352.762,5005.771,5508.000,5100.000,0.000,0.000,,,,2,1789737921.073,1,0
770.163,95.309,97.215,74.000,87.000,73.000,79.000,75.000,91.000,72.000,72.000,82.000,70.000,93.234,72.000,93.234,60.812,35.000,35.000,43.371,43.039,40.766,35.996,45.976,0.197,58.099,5411.825,5006.119,5569.000,5157.000,0.000,0.000,,,,2,1789737922.075,1,0
771.166,95.250,97.156,73.688,97.000,88.000,76.000,76.000,71.000,70.000,70.000,70.000,68.000,97.000,76.000,93.328,60.812,35.000,35.000,43.379,43.051,40.773,35.996,46.700,0.192,58.687,5535.396,5092.298,5616.000,5200.000,0.000,0.000,,,,2,1789737923.078,1,0
772.167,95.367,97.191,73.562,85.000,70.000,88.000,76.000,100.000,74.000,75.000,72.000,69.000,100.000,71.000,96.453,60.750,35.000,35.000,43.387,43.059,40.777,35.996,46.436,0.167,57.583,5555.898,5145.797,5616.000,5200.000,0.000,0.000,,,,2,1789737924.078,1,0
773.168,95.352,96.992,73.375,78.000,84.000,77.000,77.000,72.000,75.000,71.000,99.000,68.000,99.000,75.000,94.953,60.562,35.000,35.000,43.391,43.070,40.785,35.996,46.089,0.178,57.428,5598.059,5164.326,5616.000,5200.000,0.000,0.000,,,,2,1789737925.079,1,0
774.170,95.270,96.746,73.250,73.000,72.000,72.000,76.000,70.000,95.000,89.000,71.000,68.000,95.000,72.000,92.703,60.500,35.000,35.000,43.398,43.078,40.793,35.996,45.063,0.193,57.812,5598.582,5164.993,5616.000,5200.000,0.000,0.000,,,,2,1789737926.082,1,0
775.175,95.176,96.652,72.938,76.000,72.000,96.000,88.000,76.000,74.000,78.000,70.000,69.000,96.000,72.000,92.312,60.312,35.000,35.000,43.406,43.086,40.797,35.996,47.039,0.177,58.797,5598.930,5200.358,5616.000,5200.000,0.000,0.000,,,,2,1789737927.086,1,0
776.178,95.035,96.512,72.812,78.000,72.000,76.000,76.000,89.000,71.000,92.000,72.000,70.000,92.000,71.000,90.688,60.125,35.000,35.000,43.414,43.098,40.805,35.996,46.490,0.211,58.084,5598.756,5200.058,5616.000,5200.000,0.000,0.000,,,,2,1789737928.095,1,0
777.181,94.930,96.406,72.625,84.000,71.000,86.000,75.000,76.000,75.000,86.000,71.000,70.000,91.562,71.000,91.562,60.188,35.000,35.000,43.422,43.102,40.812,35.996,46.574,0.193,59.144,5598.756,5201.485,5616.000,5200.000,0.000,0.000,,,,2,1789737929.092,1,0
778.185,94.766,96.242,72.562,80.000,69.000,72.000,73.000,70.000,80.000,71.000,93.000,68.000,93.000,70.000,89.750,60.000,35.000,35.000,43.426,43.109,40.816,35.996,46.062,0.209,59.092,5597.537,5201.786,5616.000,5200.000,0.000,0.000,,,,2,1789737930.097,1,0
779.185,94.707,96.184,72.438,73.000,69.000,97.000,73.000,72.000,71.000,70.000,94.000,68.000,97.000,70.000,92.859,59.938,35.000,35.000,43.434,43.117,40.824,35.996,47.243,0.204,58.562,5595.797,5201.410,5616.000,5200.000,0.000,0.000,,,,2,1789737931.097,1,0
780.190,94.676,96.152,72.250,89.000,70.000,76.000,73.000,83.000,70.000,73.000,86.000,68.000,93.734,70.000,93.734,59.938,35.000,35.000,43.441,43.125,40.828,35.996,45.491,0.181,57.562,5596.928,5164.696,5616.000,5200.000,0.000,0.000,,,,2,1789737932.103,1,0
781.193,94.570,96.047,72.250,72.000,87.000,71.000,75.000,70.000,70.000,70.000,92.000,68.000,92.000,73.000,91.219,59.812,35.000,35.000,43.445,43.133,40.840,35.996,45.920,0.196,57.599,5618.942,5200.584,5616.000,5200.000,0.000,0.000,,,,2,1789737933.108,1,0
782.194,94.457,95.934,72.000,85.000,79.000,75.000,91.000,69.000,71.000,68.000,69.000,67.000,91.062,71.000,91.062,59.625,35.000,35.000,43.453,43.137,40.844,35.996,46.449,0.210,59.353,5597.624,5200.133,5616.000,5200.000,0.000,0.000,,,,2,1789737934.109,1,0
783.199,94.410,95.887,72.000,75.000,70.000,85.000,76.000,84.000,90.000,71.000,70.000,68.000,92.859,70.000,92.859,59.625,35.000,35.000,43.461,43.145,40.852,35.996,48.690,0.215,59.818,5596.580,5201.109,5616.000,5200.000,0.000,0.000,,,,2,1789737935.110,1,0
784.201,94.332,95.809,71.938,80.000,69.000,76.000,75.000,75.000,70.000,90.000,68.000,69.000,91.891,69.000,91.891,59.500,35.000,35.000,43.465,43.148,40.855,35.996,45.840,0.187,57.827,5639.981,5200.959,5616.000,5200.000,0.000,0.000,,,,2,1789737936.116,1,0
785.201,94.289,95.766,71.750,75.000,69.000,88.000,75.000,78.000,72.000,70.000,96.000,67.000,96.000,70.000,93.062,59.688,35.000,35.000,43.473,43.156,40.863,35.996,47.491,0.204,59.377,5640.688,5200.959,5616.000,5200.000,0.000,0.000,,,,2,1789737937.112,1,0
786.203,94.191,95.668,71.562,99.000,70.000,75.000,74.000,69.000,72.000,69.000,97.000,66.000,99.000,71.000,91.109,59.500,35.000,35.000,43.477,43.160,40.867,35.996,46.365,0.200,58.994,5619.819,5200.208,5616.000,5200.000,0.000,0.000,,,,2,1789737938.114,1,0
787.207,94.047,95.523,71.625,80.000,69.000,82.000,75.000,72.000,71.000,70.000,85.000,67.000,89.531,69.000,89.531,59.250,35.000,35.000,43.480,43.168,40.871,35.996,46.798,0.202,58.386,5576.036,5200.133,5616.000,5200.000,0.000,0.000,,,,2,1789737939.122,1,0
788.211,93.852,95.328,71.250,75.000,79.000,86.000,77.000,72.000,72.000,76.000,74.000,68.000,87.828,71.000,87.828,59.312,35.000,35.000,43.488,43.172,40.879,35.996,45.017,0.203,56.889,5620.697,5163.585,5616.000,5200.000,0.000,0.000,,,,2,1789737940.123,1,0
789.216,93.699,95.176,71.250,71.000,69.000,71.000,93.000,68.000,93.000,67.000,69.000,66.000,93.000,69.000,89.000,59.125,35.000,35.000,43.492,43.176,40.883,35.996,44.924,0.201,58.135,5619.819,5200.809,5616.000,5200.000,0.000,0.000,,,,2,1789737941.128,1,0
790.218,93.566,95.043,71.188,83.000,69.000,74.000,73.000,73.000,77.000,73.000,89.000,69.000,89.469,70.000,89.469,59.000,35.000,35.000,43.496,43.180,40.887,35.996,47.565,0.197,59.174,5642.368,5200.959,5616.000,5200.000,0.000,0.000,,,,2,1789737942.131,1,0
791.218,93.535,95.012,71.125,71.000,74.000,71.000,73.000,81.000,71.000,76.000,91.000,70.000,92.531,72.000,92.531,58.938,35.000,35.000,43.500,43.180,40.891,35.996,48.036,0.207,58.887,5618.854,5201.260,5616.000,5200.000,0.000,0.000,,,,2,1789737943.133,1,0
792.223,93.512,94.988,70.938,72.000,69.000,72.000,76.000,73.000,91.000,75.000,94.000,68.000,94.000,70.000,92.734,59.000,35.000,35.000,43.504,43.184,40.895,35.996,46.375,0.144,58.740,5619.819,5199.156,5616.000,5200.000,0.000,0.000,,,,2,1789737944.136,1,0
793.224,93.723,95.199,70.875,78.000,69.000,99.000,74.000,72.000,83.000,68.000,69.000,67.000,99.000,69.000,98.609,59.000,35.000,35.000,43.508,43.188,40.898,35.996,46.707,0.131,59.283,5618.591,5199.908,5616.000,5200.000,0.000,0.000,,,,2,1789737945.138,1,0
794.228,93.660,95.137,70.750,73.000,84.000,74.000,74.000,75.000,69.000,95.000,69.000,70.000,95.000,71.000,91.797,58.938,35.000,35.000,43.512,43.188,40.898,35.996,49.409,0.208,61.878,5618.503,5200.959,5616.000,5200.000,0.000,0.000,,,,2,1789737946.138,1,0
795.233,93.629,95.105,70.812,71.000,69.000,69.000,92.000,68.000,72.000,68.000,94.000,66.000,94.000,69.000,92.641,58.875,35.000,35.000,43.516,43.191,40.902,35.996,48.458,0.190,61.598,5619.381,5201.711,5616.000,5200.000,0.000,0.000,,,,2,1789737947.145,1,0
796.235,93.629,95.105,70.750,69.000,67.000,74.000,70.000,89.000,68.000,71.000,86.000,66.000,93.578,67.000,93.578,58.812,35.000,35.000,43.520,43.191,40.906,35.996,45.989,0.156,57.825,5575.517,5200.809,5616.000,5200.000,0.000,0.000,,,,2,1789737948.147,1,0
797.240,93.633,95.109,70.688,80.000,80.000,90.000,78.000,75.000,72.000,71.000,73.000,67.000,93.766,72.000,93.766,59.000,35.000,35.000,43.523,43.191,40.906,35.996,46.907,0.177,58.204,5618.240,5200.734,5616.000,5200.000,0.000,0.000,,,,2,1789737949.153,1,0
798.243,93.500,94.977,70.562,84.000,74.000,81.000,75.000,82.000,72.000,71.000,76.000,66.000,89.453,70.000,89.453,58.812,35.000,35.000,43.527,43.191,40.910,35.996,46.081,0.210,58.722,5618.328,5200.734,5616.000,5200.000,0.000,0.000,,,,2,1789737950.163,1,0
799.243,93.402,94.879,70.375,76.000,69.000,78.000,79.000,95.000,90.000,81.000,72.000,67.000,95.000,71.000,90.375,58.875,35.000,35.000,43.531,43.191,40.914,35.996,46.415,0.201,58.146,5619.381,5165.512,5616.000,5200.000,0.000,0.000,,,,2,1789737951.154,1,0
800.246,93.379,94.855,70.375,85.000,71.000,72.000,74.000,71.000,69.000,96.000,68.000,70.000,96.000,70.000,92.641,58.750,35.000,35.000,43.535,43.191,40.918,35.996,46.991,0.195,59.997,5619.118,5200.884,5616.000,5200.000,0.000,0.000,,,,2,1789737952.158,1,0
801.249,93.504,95.012,70.438,74.000,69.000,76.000,88.000,70.000,71.000,69.000,99.000,67.000,99.000,69.000,95.281,58.688,35.000,35.000,43.539,43.191,40.914,35.996,47.386,0.151,59.194,5618.240,5200.509,5616.000,5200.000,0.000,0.000,,,,2,1789737953.160,1,0
802.253,93.520,95.027,70.250,79.000,72.000,87.000,76.000,72.000,70.000,72.000,92.000,68.000,93.953,71.000,93.953,58.688,35.000,35.000,43.539,43.191,40.918,35.996,52.183,0.226,64.275,5619.030,5200.809,5616.000,5200.000,0.000,0.000,,,,2,1789737954.163,1,0
803.256,94.043,95.715,70.375,85.000,68.000,77.000,71.000,85.000,68.000,100.000,69.000,71.000,100.000,69.000,97.203,58.625,35.000,35.000,43.543,43.188,40.918,35.996,48.938,0.207,63.000,5641.396,5200.208,5616.000,5200.000,0.000,0.000,,,,2,1789737955.168,1,0
804.259,94.059,95.574,70.312,74.000,69.000,98.000,75.000,73.000,88.000,68.000,68.000,66.000,98.000,69.000,94.156,58.625,35.000,35.000,43.547,43.188,40.918,35.996,47.403,0.195,59.810,5575.604,5201.034,5616.000,5200.000,0.000,0.000,,,,2,1789737956.172,1,0
805.263,93.992,95.508,70.312,73.000,84.000,74.000,75.000,71.000,70.000,74.000,86.000,68.000,91.984,72.000,91.984,58.750,35.000,35.000,43.551,43.191,40.922,35.996,47.047,0.188,58.941,5619.995,5201.335,5616.000,5200.000,0.000,0.000,,,,2,1789737957.175,1,0
806.263,94.254,95.957,70.250,72.000,69.000,71.000,95.000,69.000,73.000,70.000,100.000,67.000,100.000,69.000,97.672,58.625,35.000,35.000,43.551,43.188,40.922,35.996,46.503,0.152,58.493,5618.416,5199.833,5616.000,5200.000,0.000,0.000,,,,2,1789737958.178,1,0
807.266,94.207,95.742,70.125,76.000,70.000,98.000,74.000,89.000,70.000,69.000,73.000,66.000,98.000,70.000,92.812,58.500,35.000,35.000,43.555,43.188,40.922,35.996,46.728,0.188,58.901,5619.293,5201.185,5616.000,5200.000,0.000,0.000,,,,2,1789737959.183,1,0
808.268,94.000,95.535,70.125,76.000,71.000,78.000,75.000,77.000,80.000,73.000,84.000,67.000,87.609,70.000,87.609,58.562,35.000,35.000,43.555,43.184,40.922,35.996,46.900,0.205,59.182,5577.331,5182.317,5616.000,5200.000,0.000,0.000,,,,2,1789737960.179,1,0
809.273,93.875,95.410,70.062,84.000,69.000,81.000,73.000,69.000,68.000,71.000,89.000,67.000,89.938,70.000,89.938,58.438,35.000,35.000,43.559,43.184,40.922,35.996,45.639,0.188,58.067,5619.907,5201.109,5616.000,5200.000,0.000,0.000,,,,2,1789737961.185,1,0
810.275,93.816,95.352,70.062,92.000,69.000,75.000,72.000,74.000,69.000,97.000,68.000,69.000,97.000,70.000,92.031,58.500,35.000,35.000,43.562,43.184,40.922,35.996,46.527,0.200,58.301,5620.170,5201.711,5616.000,5200.000,0.000,0.000,,,,2,1789737962.188,1,0
811.278,93.723,95.258,69.938,94.000,71.000,74.000,89.000,68.000,69.000,67.000,66.000,65.000,94.000,71.000,90.875,58.312,35.000,35.000,43.562,43.180,40.922,35.996,49.234,0.195,61.691,5642.633,5201.260,5616.000,5200.000,0.000,0.000,,,,2,1789737963.189,1,0
812.279,93.688,95.223,70.000,72.000,85.000,73.000,74.000,71.000,71.000,69.000,96.000,67.000,96.000,72.000,92.484,58.438,35.000,35.000,43.566,43.176,40.918,35.996,51.408,0.247,63.052,5619.819,5201.260,5616.000,5200.000,0.000,0.000,,,,2,1789737964.191,1,0
813.279,93.648,95.184,70.125,83.000,80.000,76.000,82.000,71.000,73.000,79.000,70.000,68.000,92.469,72.000,92.469,58.562,35.000,35.000,43.566,43.176,40.918,35.996,53.643,0.217,66.049,5620.258,5199.682,5616.000,5200.000,0.000,0.000,,,,2,1789737965.189,1,0
814.282,93.508,95.043,70.188,88.000,72.000,82.000,78.000,81.000,76.000,74.000,76.000,67.000,89.234,71.000,89.234,58.500,35.000,35.000,43.566,43.172,40.918,35.996,53.161,0.278,66.543,5641.219,5200.358,5616.000,5200.000,0.000,0.000,,,,2,1789737966.195,1,0
815.287,93.359,94.895,70.312,74.000,70.000,76.000,87.000,74.000,74.000,70.000,87.000,66.000,88.734,70.000,88.734,58.438,35.000,35.000,43.570,43.172,40.918,35.996,50.396,0.234,62.211,5619.118,5200.884,5616.000,5200.000,0.000,0.000,,,,2,1789737967.199,1,0
816.288,93.281,94.816,70.188,76.000,88.000,95.000,77.000,71.000,70.000,72.000,68.000,68.000,95.000,74.000,90.875,58.625,35.000,35.000,43.570,43.168,40.918,35.996,51.047,0.217,63.352,5618.416,5202.162,5616.000,5200.000,0.000,0.000,,,,2,1789737968.199,1,0
817.293,93.246,94.781,70.125,75.000,70.000,75.000,77.000,71.000,91.000,70.000,94.000,67.000,94.000,71.000,92.141,58.562,35.000,35.000,43.574,43.164,40.914,35.996,52.324,0.239,64.071,5620.521,5200.283,5616.000,5200.000,0.000,0.000,,,,2,1789737969.204,1,0
818.297,93.230,94.766,70.312,86.000,70.000,77.000,83.000,71.000,70.000,94.000,68.000,69.000,94.000,71.000,92.766,58.562,35.000,35.000,43.574,43.164,40.914,35.996,52.371,0.215,65.932,5578.022,5202.087,5616.000,5200.000,0.000,0.000,,,,2,1789737970.208,1,0
819.301,93.219,94.754,70.375,95.000,71.000,85.000,74.000,73.000,70.000,70.000,83.000,67.000,95.000,71.000,92.859,58.562,35.000,35.000,43.578,43.160,40.914,35.996,49.768,0.229,61.728,5620.609,5199.757,5616.000,5200.000,0.000,0.000,,,,2,1789737971.215,1,0
820.303,93.320,94.855,70.188,79.000,70.000,82.000,74.000,71.000,72.000,73.000,98.000,69.000,98.000,70.000,95.703,58.625,35.000,35.000,43.578,43.156,40.910,35.996,51.060,0.210,62.092,5620.083,5201.185,5616.000,5200.000,0.000,0.000,,,,2,1789737972.214,1,0
821.307,93.266,94.801,70.312,77.000,70.000,88.000,78.000,73.000,91.000,70.000,72.000,67.000,91.594,71.000,91.594,58.625,35.000,35.000,43.578,43.156,40.910,35.996,51.541,0.222,62.872,5619.556,5200.058,5616.000,5200.000,0.000,0.000,,,,2,1789737973.219,1,0
822.312,93.352,94.887,70.125,85.000,70.000,89.000,74.000,98.000,70.000,72.000,68.000,66.000,98.000,70.000,95.281,58.562,35.000,35.000,43.582,43.152,40.910,35.996,47.407,0.184,61.092,5642.987,5199.082,5616.000,5200.000,0.000,0.000,,,,2,1789737974.223,1,0
823.312,93.457,94.992,70.062,86.000,86.000,75.000,76.000,76.000,85.000,71.000,92.000,67.000,95.750,74.000,95.750,58.562,35.000,35.000,43.582,43.152,40.906,35.996,45.207,0.172,56.881,5576.294,5200.584,5616.000,5200.000,0.000,0.000,,,,2,1789737975.224,1,0
824.316,93.730,95.523,70.062,79.000,87.000,75.000,96.000,69.000,71.000,69.000,67.000,67.000,97.859,74.000,97.859,58.562,35.000,35.000,43.582,43.148,40.906,35.996,51.839,0.183,64.176,5619.293,5200.358,5616.000,5200.000,0.000,0.000,,,,2,1789737976.230,1,0
825.320,94.500,96.344,70.000,71.000,68.000,74.000,71.000,99.000,72.000,72.000,100.000,67.000,100.000,69.000,96.812,58.625,35.000,35.000,43.582,43.145,40.906,35.996,47.935,0.133,59.735,5620.609,5199.231,5616.000,5200.000,0.000,0.000,,,,2,1789737977.231,1,0
826.324,94.719,96.445,70.000,72.000,69.000,74.000,73.000,100.000,96.000,72.000,71.000,66.000,100.000,70.000,95.375,58.562,35.000,35.000,43.582,43.145,40.902,35.996,48.198,0.122,60.017,5620.697,5201.034,5616.000,5200.000,0.000,0.000,,,,2,1789737978.237,1,0
827.328,94.555,96.281,69.938,74.000,73.000,79.000,76.000,74.000,85.000,78.000,68.000,66.000,89.469,71.000,89.469,58.500,35.000,35.000,43.582,43.141,40.902,35.996,47.675,0.196,59.275,5620.170,5200.659,5616.000,5200.000,0.000,0.000,,,,2,1789737979.240,1,0
828.331,94.484,96.211,69.875,80.000,78.000,81.000,75.000,94.000,72.000,76.000,69.000,68.000,94.000,71.000,92.422,58.562,35.000,35.000,43.586,43.141,40.902,35.996,46.998,0.204,58.770,5641.926,5199.532,5616.000,5200.000,0.000,0.000,,,,2,1789737980.244,1,0
829.335,94.324,96.051,69.938,75.000,71.000,79.000,76.000,79.000,76.000,70.000,94.000,67.000,94.000,71.000,89.266,58.500,35.000,35.000,43.586,43.137,40.898,35.996,49.816,0.240,61.411,5620.521,5201.636,5616.000,5200.000,0.000,0.000,,,,2,1789737981.250,1,0
830.338,94.230,95.957,69.875,77.000,75.000,87.000,78.000,75.000,75.000,73.000,74.000,67.000,91.375,71.000,91.375,58.500,35.000,35.000,43.586,43.133,40.898,35.996,48.176,0.190,59.840,5620.785,5201.561,5616.000,5200.000,0.000,0.000,,,,2,1789737982.250,1,0
831.340,94.145,95.871,69.812,83.000,81.000,76.000,81.000,76.000,84.000,79.000,82.000,67.000,91.516,73.000,91.516,58.500,35.000,35.000,43.586,43.133,40.898,35.996,49.289,0.193,60.016,5642.368,5200.434,5616.000,5200.000,0.000,0.000,,,,2,1789737983.252,1,0
832.343,94.238,95.965,70.500,93.000,83.000,95.000,91.000,95.000,90.000,92.000,91.000,71.000,97.125,75.000,97.125,58.438,35.000,35.000,43.586,43.129,40.895,35.996,82.594,0.295,86.827,5576.294,5198.706,5616.000,5200.000,0.000,0.000,,,,2,1789737984.255,1,0
833.344,94.184,95.910,71.625,91.000,80.000,95.000,90.000,88.000,88.000,88.000,89.000,71.000,95.000,74.000,92.484,58.688,35.000,35.000,43.586,43.125,40.895,35.996,77.278,0.259,95.399,5643.341,5201.485,5616.000,5200.000,0.000,0.000,,,,2,1789737985.254,1,0
834.344,94.137,95.863,72.625,91.000,77.000,90.000,79.000,84.000,87.000,74.000,77.000,69.000,92.703,73.000,92.703,59.000,35.000,35.000,43.586,43.125,40.891,35.996,78.429,0.292,93.554,5619.907,5200.884,5616.000,5200.000,0.000,0.000,,,,2,1789737986.255,1,0
835.349,94.219,95.945,73.062,92.000,82.000,95.000,88.000,93.000,87.000,89.000,89.000,71.000,96.688,75.000,96.688,59.312,35.000,35.000,43.590,43.125,40.891,35.996,80.516,0.310,87.660,5576.899,5200.959,5616.000,5200.000,0.000,0.000,,,,2,1789737987.262,1,0
836.353,94.309,96.035,73.562,92.000,84.000,96.000,89.000,92.000,87.000,88.000,91.000,72.000,97.109,76.000,97.109,59.562,35.000,35.000,43.590,43.121,40.887,35.996,73.278,0.358,83.727,5621.223,5199.156,5616.000,5200.000,0.000,0.000,,,,2,1789737988.264,1,0
837.356,94.227,95.953,74.250,88.000,82.000,93.000,87.000,90.000,87.000,88.000,89.000,71.000,93.000,75.000,91.750,59.750,35.000,35.000,43.594,43.125,40.887,35.996,71.877,0.289,92.165,5620.872,5199.382,5616.000,5200.000,0.000,0.000,,,,2,1789737989.267,1,0
838.360,94.219,95.945,74.812,84.000,79.000,89.000,79.000,81.000,84.000,79.000,79.000,70.000,93.922,74.000,93.922,60.000,35.000,35.000,43.594,43.125,40.883,35.996,79.295,0.278,92.798,5576.122,5200.959,5616.000,5200.000,0.000,0.000,,,,2,1789737990.270,1,0
839.363,94.316,96.043,75.125,93.000,83.000,97.000,89.000,93.000,88.000,89.000,90.000,72.000,97.453,76.000,97.453,60.188,35.000,35.000,43.594,43.125,40.883,35.996,78.501,0.346,86.321,5619.731,5199.682,5616.000,5200.000,0.000,0.000,,,,2,1789737991.274,1,0
840.366,94.430,96.156,75.562,80.000,74.000,87.000,80.000,97.000,97.000,75.000,87.000,70.000,97.312,75.000,97.312,60.562,35.000,35.000,43.598,43.129,40.883,35.996,65.119,0.290,80.962,5575.258,5199.607,5616.000,5200.000,0.000,0.000,,,,2,1789737992.277,1,0
841.369,94.414,95.969,75.312,88.000,72.000,79.000,80.000,76.000,72.000,98.000,71.000,72.000,98.000,72.000,93.969,60.562,35.000,35.000,43.602,43.133,40.883,35.996,53.766,0.256,69.167,5618.240,5199.082,5616.000,5200.000,0.000,0.000,,,,2,1789737993.281,1,0
842.374,94.664,96.363,74.750,79.000,80.000,93.000,78.000,99.000,76.000,72.000,72.000,69.000,99.000,73.000,97.672,60.500,35.000,35.000,43.605,43.137,40.883,35.996,47.538,0.162,59.177,5618.767,5199.908,5616.000,5200.000,0.000,0.000,,,,2,1789737994.287,1,0
843.378,94.953,96.629,74.375,75.000,83.000,74.000,87.000,71.000,75.000,71.000,100.000,69.000,100.000,74.000,96.406,60.625,35.000,35.000,43.609,43.141,40.883,35.996,48.538,0.169,59.810,5619.381,5202.012,5616.000,5200.000,0.000,0.000,,,,2,1789737995.290,1,0
844.382,94.797,96.473,74.000,81.000,75.000,80.000,78.000,78.000,87.000,73.000,77.000,69.000,90.016,73.000,90.016,60.438,35.000,35.000,43.613,43.148,40.883,35.996,49.920,0.255,62.604,5576.036,5199.082,5616.000,5200.000,0.000,0.000,,,,2,1789737996.293,1,0
845.384,94.672,96.348,73.688,73.000,72.000,76.000,81.000,83.000,74.000,82.000,80.000,70.000,90.781,71.000,90.781,60.562,35.000,35.000,43.617,43.152,40.883,35.996,46.849,0.221,58.806,5618.679,5199.082,5616.000,5200.000,0.000,0.000,,,,2,1789737997.297,1,0
846.389,94.668,96.344,73.562,87.000,70.000,85.000,74.000,73.000,73.000,71.000,100.000,68.000,100.000,71.000,94.516,60.375,35.000,35.000,43.621,43.160,40.887,35.996,46.278,0.196,58.149,5618.854,5201.335,5616.000,5200.000,0.000,0.000,,,,2,1789737998.301,1,0
847.393,94.703,96.379,73.312,87.000,71.000,89.000,77.000,72.000,72.000,70.000,95.000,68.000,95.781,71.000,95.781,60.250,35.000,35.000,43.625,43.164,40.887,35.996,47.917,0.176,59.498,5619.381,5200.659,5616.000,5200.000,0.000,0.000,,,,2,1789737999.305,1,0
848.397,94.832,96.508,73.062,92.000,80.000,81.000,92.000,71.000,72.000,68.000,67.000,66.000,98.484,73.000,98.484,60.250,35.000,35.000,43.629,43.168,40.891,35.996,47.262,0.164,59.841,5619.381,5199.382,5616.000,5200.000,0.000,0.000,,,,2,1789738000.309,1,0
849.402,95.051,96.910,72.875,88.000,78.000,76.000,76.000,74.000,71.000,100.000,69.000,72.000,100.000,72.000,98.562,60.125,35.000,35.000,43.633,43.176,40.895,35.996,47.967,0.151,58.652,5618.942,5200.584,5616.000,5200.000,0.000,0.000,,,,2,1789738001.315,1,0
850.404,95.176,97.027,72.562,76.000,72.000,84.000,79.000,70.000,73.000,71.000,99.000,68.000,99.000,73.000,96.953,60.000,35.000,35.000,43.637,43.176,40.895,35.996,49.668,0.181,61.095,5618.503,5198.856,5616.000,5200.000,0.000,0.000,,,,2,1789738002.314,1,0
851.404,94.957,96.809,72.625,77.000,72.000,82.000,79.000,73.000,86.000,75.000,70.000,69.000,88.234,72.000,88.234,59.938,35.000,35.000,43.641,43.184,40.898,35.996,46.981,0.231,58.936,5617.890,5201.260,5616.000,5200.000,0.000,0.000,,,,2,1789738003.315,1,0
852.408,94.793,96.645,72.375,78.000,72.000,79.000,76.000,75.000,76.000,86.000,78.000,68.000,89.688,71.000,89.688,59.938,35.000,35.000,43.645,43.188,40.902,35.996,47.572,0.239,59.389,5618.240,5201.485,5616.000,5200.000,0.000,0.000,,,,2,1789738004.320,1,0
853.413,94.750,96.602,72.312,79.000,71.000,75.000,76.000,70.000,73.000,89.000,95.000,68.000,95.000,72.000,93.484,59.812,35.000,35.000,43.648,43.191,40.906,35.996,46.072,0.180,58.150,5618.679,5199.908,5616.000,5200.000,0.000,0.000,,,,2,1789738005.325,1,0
854.414,94.500,96.352,72.312,82.000,71.000,77.000,81.000,81.000,77.000,74.000,70.000,68.000,86.766,71.000,86.766,59.812,35.000,35.000,43.652,43.195,40.906,35.996,49.269,0.231,61.446,5618.503,5201.260,5616.000,5200.000,0.000,0.000,,,,2,1789738006.326,1,0
855.419,94.355,96.207,72.188,75.000,71.000,75.000,75.000,87.000,70.000,79.000,83.000,70.000,89.875,71.000,89.875,59.688,35.000,35.000,43.656,43.199,40.910,35.996,46.464,0.224,58.128,5617.890,5200.283,5616.000,5200.000,0.000,0.000,,,,2,1789738007.331,1,0
856.422,94.441,96.293,71.938,94.000,70.000,100.000,78.000,82.000,93.000,72.000,81.000,68.000,100.000,71.000,97.094,59.625,35.000,35.000,43.656,43.203,40.910,35.996,50.188,0.196,59.904,5617.890,5200.734,5616.000,5200.000,0.000,0.000,,,,2,1789738008.333,1,0
857.426,94.328,96.180,72.125,78.000,72.000,92.000,91.000,73.000,72.000,72.000,69.000,68.000,92.000,72.000,90.719,59.625,35.000,35.000,43.660,43.207,40.918,35.996,53.578,0.238,67.795,5618.767,5199.457,5616.000,5200.000,0.000,0.000,,,,2,1789738009.340,1,0
858.429,94.070,95.922,72.000,76.000,72.000,76.000,80.000,79.000,74.000,85.000,72.000,68.000,86.078,71.000,86.078,59.625,35.000,35.000,43.664,43.211,40.918,35.996,51.366,0.257,62.168,5642.191,5200.659,5616.000,5200.000,0.000,0.000,,,,2,1789738010.343,1,0
859.431,93.793,95.645,72.000,75.000,81.000,77.000,75.000,71.000,86.000,70.000,69.000,67.000,86.000,72.000,85.219,59.438,35.000,35.000,43.668,43.215,40.922,35.996,48.330,0.294,61.921,5576.467,5200.659,5616.000,5200.000,0.000,0.000,,,,2,1789738011.345,1,0
860.435,93.652,95.504,71.812,78.000,72.000,83.000,77.000,74.000,72.000,88.000,76.000,70.000,89.375,72.000,89.375,59.438,35.000,35.000,43.672,43.219,40.922,35.996,48.859,0.244,60.166,5619.206,5200.734,5616.000,5200.000,0.000,0.000,,,,2,1789738012.348,1,0
861.439,93.539,95.391,71.938,76.000,73.000,92.000,81.000,73.000,72.000,72.000,75.000,68.000,92.000,71.000,90.000,59.438,35.000,35.000,43.672,43.223,40.926,35.996,50.116,0.244,62.578,5618.503,5200.058,5616.000,5200.000,0.000,0.000,,,,2,1789738013.350,1,0
862.444,93.273,95.125,71.875,81.000,75.000,77.000,77.000,72.000,90.000,69.000,70.000,66.000,90.000,72.000,84.953,59.375,35.000,35.000,43.676,43.223,40.926,35.996,45.147,0.244,57.249,5618.153,5201.034,5616.000,5200.000,0.000,0.000,,,,2,1789738014.355,1,0
863.447,93.230,95.082,71.625,76.000,75.000,78.000,85.000,76.000,80.000,87.000,74.000,69.000,91.922,72.000,91.922,59.375,35.000,35.000,43.680,43.227,40.930,35.996,53.489,0.232,64.581,5618.153,5201.185,5616.000,5200.000,0.000,0.000,,,,2,1789738015.359,1,0
864.449,92.996,94.848,71.625,78.000,76.000,76.000,77.000,80.000,79.000,71.000,73.000,68.000,85.703,71.000,85.703,59.312,35.000,35.000,43.684,43.230,40.934,35.996,48.768,0.267,63.798,5617.714,5199.532,5616.000,5200.000,0.000,0.000,,,,2,1789738016.360,1,0
865.453,92.711,94.562,71.688,85.000,73.000,82.000,84.000,77.000,75.000,83.000,91.000,69.000,91.000,72.000,83.938,59.312,35.000,35.000,43.688,43.234,40.938,35.996,47.932,0.286,58.584,5618.767,5201.711,5616.000,5200.000,0.000,0.000,,,,2,1789738017.363,1,0
866.454,92.543,94.395,71.500,76.000,71.000,83.000,76.000,79.000,77.000,77.000,78.000,67.000,87.281,71.000,87.281,59.312,35.000,35.000,43.691,43.238,40.941,35.996,46.187,0.273,59.595,5618.328,5200.133,5616.000,5200.000,0.000,0.000,,,,2,1789738018.363,1,0
867.457,92.367,94.219,71.500,79.000,71.000,79.000,83.000,77.000,84.000,92.000,77.000,70.000,92.000,71.000,86.938,59.188,35.000,35.000,43.691,43.242,40.941,35.996,51.408,0.276,62.690,5618.416,5199.757,5616.000,5200.000,0.000,0.000,,,,2,1789738019.370,1,0
868.462,92.180,94.031,71.312,75.000,71.000,90.000,89.000,77.000,75.000,75.000,71.000,68.000,90.000,72.000,86.344,59.250,35.000,35.000,43.695,43.242,40.941,35.996,50.499,0.273,63.071,5618.240,5199.682,5616.000,5200.000,0.000,0.000,,,,2,1789738020.373,1,0
869.466,92.133,93.984,71.375,74.000,77.000,78.000,76.000,84.000,79.000,74.000,81.000,68.000,90.750,72.000,90.750,59.250,35.000,35.000,43.699,43.246,40.945,35.996,49.634,0.246,62.371,5618.240,5198.256,5616.000,5200.000,0.000,0.000,,,,2,1789738021.379,1,0
870.469,92.332,94.320,71.250,81.000,69.000,88.000,73.000,70.000,74.000,69.000,98.000,67.000,98.000,70.000,95.578,59.125,35.000,35.000,43.703,43.250,40.945,35.996,46.505,0.193,58.615,5618.328,5200.584,5616.000,5200.000,0.000,0.000,,,,2,1789738022.382,1,0
871.473,92.543,94.441,71.250,76.000,77.000,76.000,76.000,96.000,72.000,74.000,77.000,67.000,96.000,74.000,93.609,59.125,35.000,35.000,43.707,43.250,40.945,35.996,48.171,0.213,59.894,5617.802,5201.034,5616.000,5200.000,0.000,0.000,,,,2,1789738023.384,1,0
872.476,93.043,94.902,71.125,73.000,69.000,99.000,75.000,74.000,71.000,98.000,69.000,71.000,99.000,70.000,94.547,59.125,35.000,35.000,43.707,43.254,40.949,35.996,47.272,0.173,58.826,5617.714,5200.509,5616.000,5200.000,0.000,0.000,,,,2,1789738024.388,1,0
873.480,93.703,95.574,71.062,74.000,87.000,79.000,75.000,73.000,69.000,96.000,68.000,69.000,96.000,74.000,95.688,59.062,35.000,35.000,43.711,43.254,40.953,35.996,46.932,0.167,59.084,5618.328,5200.884,5616.000,5200.000,0.000,0.000,,,,2,1789738025.392,1,0
874.482,94.375,96.258,70.812,72.000,69.000,90.000,73.000,70.000,77.000,70.000,99.000,68.000,99.000,69.000,96.391,58.938,35.000,35.000,43.715,43.254,40.953,35.996,46.549,0.153,57.991,5575.172,5198.781,5616.000,5200.000,0.000,0.000,,,,2,1789738026.393,1,0
875.486,94.340,96.035,70.875,72.000,85.000,72.000,77.000,71.000,70.000,72.000,91.000,68.000,93.344,73.000,93.344,58.938,35.000,35.000,43.715,43.254,40.953,35.996,48.818,0.180,60.492,5618.767,5199.231,5616.000,5200.000,0.000,0.000,,,,2,1789738027.399,1,0
876.486,94.258,95.785,70.688,74.000,70.000,76.000,75.000,73.000,89.000,94.000,71.000,70.000,94.000,71.000,91.719,59.000,35.000,35.000,43.715,43.254,40.953,35.996,47.461,0.179,58.611,5618.503,5200.584,5616.000,5200.000,0.000,0.000,,,,2,1789738028.400,1,0
877.487,94.242,95.770,70.625,87.000,69.000,84.000,73.000,74.000,72.000,70.000,93.000,67.000,93.719,70.000,93.719,58.875,35.000,35.000,43.715,43.258,40.957,35.996,44.977,0.191,57.316,5619.293,5200.283,5616.000,5200.000,0.000,0.000,,,,2,1789738029.401,1,0
878.487,94.195,95.723,70.438,81.000,72.000,78.000,77.000,84.000,79.000,84.000,90.000,70.000,92.750,71.000,92.750,58.875,35.000,35.000,43.715,43.258,40.957,35.996,49.733,0.185,60.583,5618.416,5200.509,5616.000,5200.000,0.000,0.000,,,,2,1789738030.398,1,0
879.492,94.125,95.652,70.625,72.000,69.000,74.000,89.000,71.000,90.000,70.000,72.000,67.000,91.984,69.000,91.984,58.750,35.000,35.000,43.719,43.254,40.957,35.996,49.364,0.241,63.334,5618.416,5200.734,5616.000,5200.000,0.000,0.000,,,,2,1789738031.407,1,0
880.494,94.113,95.641,70.500,88.000,72.000,76.000,76.000,80.000,72.000,70.000,80.000,67.000,93.703,71.000,93.703,58.875,35.000,35.000,43.719,43.254,40.957,35.996,47.714,0.182,59.214,5617.627,5201.109,5616.000,5200.000,0.000,0.000,,,,2,1789738032.407,1,0
881.498,94.055,95.582,70.438,87.000,74.000,79.000,76.000,73.000,70.000,76.000,86.000,69.000,92.234,72.000,92.234,58.875,35.000,35.000,43.719,43.254,40.957,35.996,48.950,0.223,60.727,5620.083,5201.561,5616.000,5200.000,0.000,0.000,,,,2,1789738033.411,1,0
882.499,93.867,95.395,70.562,84.000,77.000,77.000,78.000,86.000,72.000,70.000,75.000,67.000,88.094,73.000,88.094,58.688,35.000,35.000,43.719,43.250,40.953,35.996,49.257,0.240,61.206,5618.854,5199.833,5616.000,5200.000,0.000,0.000,,,,2,1789738034.410,1,0
883.500,93.777,95.305,70.375,72.000,70.000,81.000,72.000,72.000,78.000,71.000,94.000,67.000,94.000,70.000,91.000,58.812,35.000,35.000,43.723,43.250,40.957,35.996,50.503,0.242,62.618,5620.258,5199.908,5616.000,5200.000,0.000,0.000,,,,2,1789738035.412,1,0
884.500,93.559,95.086,70.438,78.000,69.000,73.000,73.000,71.000,77.000,68.000,88.000,66.000,88.000,70.000,86.734,58.812,35.000,35.000,43.723,43.250,40.953,35.996,51.633,0.218,63.636,5618.767,5200.809,5616.000,5200.000,0.000,0.000,,,,2,1789738036.414,1,0
885.504,93.453,94.980,70.438,71.000,69.000,72.000,91.000,73.000,90.000,70.000,70.000,66.000,91.000,69.000,90.125,58.812,35.000,35.000,43.723,43.246,40.953,35.996,45.391,0.178,56.911,5619.118,5202.162,5616.000,5200.000,0.000,0.000,,,,2,1789738037.417,1,0
886.507,93.441,94.969,70.250,72.000,69.000,72.000,87.000,68.000,71.000,70.000,95.000,68.000,95.000,70.000,93.188,58.688,35.000,35.000,43.723,43.242,40.953,35.996,49.872,0.175,61.576,5619.556,5201.861,5616.000,5200.000,0.000,0.000,,,,2,1789738038.422,1,0
887.512,93.383,94.910,70.125,72.000,70.000,72.000,73.000,75.000,72.000,86.000,97.000,69.000,97.000,71.000,91.578,58.688,35.000,35.000,43.723,43.242,40.953,35.996,50.693,0.197,62.667,5621.136,5199.382,5616.000,5200.000,0.000,0.000,,,,2,1789738039.425,1,0
888.513,93.281,94.809,70.125,89.000,69.000,75.000,76.000,72.000,70.000,89.000,68.000,68.000,90.016,70.000,90.016,58.625,35.000,35.000,43.723,43.246,40.953,35.996,47.713,0.177,60.065,5619.907,5200.734,5616.000,5200.000,0.000,0.000,,,,2,1789738040.425,1,0
889.514,93.195,94.723,70.188,71.000,68.000,71.000,90.000,71.000,70.000,94.000,69.000,70.000,94.000,69.000,90.547,58.688,35.000,35.000,43.723,43.242,40.949,35.996,46.326,0.147,58.220,5663.851,5199.983,5616.000,5200.000,0.000,0.000,,,,2,1789738041.426,1,0
890.515,93.059,94.586,70.062,80.000,83.000,72.000,75.000,70.000,71.000,69.000,81.000,66.000,88.828,72.000,88.828,58.562,35.000,35.000,43.723,43.242,40.949,35.996,48.592,0.192,60.915,5619.030,5200.358,5616.000,5200.000,0.000,0.000,,,,2,1789738042.429,1,0
891.519,92.941,94.469,70.000,81.000,75.000,85.000,80.000,77.000,79.000,75.000,75.000,69.000,89.375,71.000,89.375,58.625,35.000,35.000,43.723,43.238,40.949,35.996,50.107,0.185,62.235,5642.368,5199.607,5616.000,5200.000,0.000,0.000,,,,2,1789738043.431,1,0
892.519,92.789,94.316,70.062,79.000,73.000,76.000,75.000,81.000,69.000,79.000,73.000,67.000,88.078,70.000,88.078,58.625,35.000,35.000,43.723,43.238,40.949,35.996,47.655,0.222,65.031,5619.293,5201.937,5616.000,5200.000,0.000,0.000,,,,2,1789738044.431,1,0
893.524,92.621,94.148,70.062,72.000,72.000,90.000,71.000,73.000,69.000,94.000,68.000,69.000,94.000,69.000,87.375,58.562,35.000,35.000,43.723,43.230,40.945,35.996,44.211,0.179,56.405,5620.083,5200.133,5616.000,5200.000,0.000,0.000,,,,2,1789738045.436,1,0
894.528,92.832,94.566,69.938,71.000,68.000,71.000,95.000,69.000,76.000,68.000,100.000,66.000,100.000,68.000,96.422,58.562,35.000,35.000,43.723,43.223,40.945,35.996,46.260,0.154,57.846,5640.953,5199.833,5616.000,5200.000,0.000,0.000,,,,2,1789738046.439,1,0
895.533,92.789,94.523,69.938,78.000,72.000,85.000,74.000,86.000,76.000,74.000,79.000,70.000,91.547,72.000,91.547,58.438,35.000,35.000,43.719,43.215,40.941,35.996,50.379,0.168,59.512,5620.609,5200.133,5616.000,5200.000,0.000,0.000,,,,2,1789738047.445,1,0
896.538,92.570,94.305,69.812,87.000,70.000,77.000,80.000,76.000,80.000,73.000,70.000,67.000,87.000,70.000,85.719,58.438,35.000,35.000,43.719,43.215,40.941,35.996,49.187,0.284,63.432,5664.296,5199.382,5616.000,5200.000,0.000,0.000,,,,2,1789738048.450,1,0
897.542,92.527,94.262,70.000,96.000,72.000,79.000,78.000,90.000,72.000,72.000,89.000,67.000,96.000,72.000,91.188,58.375,35.000,35.000,43.719,43.215,40.941,35.996,55.346,0.266,65.041,5619.118,5199.908,5616.000,5200.000,0.000,0.000,,,,2,1789738049.454,1,0
898.543,92.625,94.367,70.250,97.000,72.000,77.000,79.000,75.000,75.000,89.000,91.000,68.000,97.000,72.000,94.438,58.438,35.000,35.000,43.715,43.211,40.938,35.996,60.031,0.202,71.871,5618.679,5199.457,5616.000,5200.000,0.000,0.000,,,,2,1789738050.454,1,0
899.544,92.336,94.078,70.250,77.000,73.000,76.000,73.000,81.000,71.000,77.000,83.000,68.000,83.469,71.000,83.469,58.500,35.000,35.000,43.715,43.207,40.938,35.996,53.213,0.249,67.761,5641.219,5199.231,5616.000,5200.000,0.000,0.000,,,,2,1789738051.458,1,0
900.549,92.289,94.031,70.250,78.000,69.000,90.000,74.000,72.000,74.000,92.000,69.000,68.000,92.000,70.000,90.859,58.562,35.000,35.000,43.711,43.199,40.934,35.996,48.177,0.229,60.990,5619.030,5199.532,5616.000,5200.000,0.000,0.000,,,,2,1789738052.462,1,0
901.549,92.316,94.059,70.250,74.000,68.000,72.000,71.000,72.000,72.000,96.000,92.000,70.000,96.000,69.000,93.156,58.562,35.000,35.000,43.711,43.199,40.934,35.996,46.909,0.189,59.056,5618.942,5199.833,5616.000,5200.000,0.000,0.000,,,,2,1789738053.461,1,0
902.552,92.301,94.043,70.062,87.000,69.000,74.000,94.000,69.000,81.000,67.000,70.000,66.000,94.000,70.000,91.719,58.562,35.000,35.000,43.711,43.188,40.930,35.996,46.453,0.186,58.841,5619.381,5181.422,5616.000,5200.000,0.000,0.000,,,,2,1789738054.465,1,0
903.552,92.500,94.309,70.125,71.000,68.000,70.000,93.000,71.000,70.000,98.000,70.000,70.000,98.000,69.000,94.922,58.500,35.000,35.000,43.707,43.188,40.930,35.996,46.502,0.155,58.503,5620.697,5200.283,5616.000,5200.000,0.000,0.000,,,,2,1789738055.464,1,0
904.553,92.480,94.109,69.938,73.000,69.000,97.000,73.000,70.000,71.000,67.000,92.000,65.000,97.000,69.000,91.953,58.625,35.000,35.000,43.707,43.184,40.926,35.996,46.947,0.181,58.817,5619.030,5199.156,5616.000,5200.000,0.000,0.000,,,,2,1789738056.465,1,0
905.555,92.738,94.281,69.812,70.000,75.000,72.000,71.000,85.000,72.000,70.000,98.000,66.000,98.000,69.000,93.516,58.375,35.000,35.000,43.707,43.180,40.922,35.996,46.674,0.149,58.351,5618.942,5198.781,5616.000,5200.000,0.000,0.000,,,,2,1789738057.466,1,0
906.555,92.734,94.121,69.750,76.000,81.000,94.000,75.000,76.000,72.000,70.000,68.000,65.000,94.000,72.000,92.672,58.438,35.000,35.000,43.703,43.172,40.922,35.996,48.381,0.229,59.798,5620.872,5200.434,5616.000,5200.000,0.000,0.000,,,,2,1789738058.466,1,0
907.560,92.719,93.969,69.750,76.000,69.000,72.000,72.000,86.000,70.000,70.000,96.000,66.000,96.000,70.000,92.266,58.438,35.000,35.000,43.703,43.164,40.918,35.996,46.708,0.192,59.296,5642.810,5199.757,5616.000,5200.000,0.000,0.000,,,,2,1789738059.470,1,0
908.565,92.578,93.828,69.750,77.000,81.000,74.000,87.000,71.000,72.000,71.000,69.000,67.000,88.219,71.000,88.219,58.500,35.000,35.000,43.699,43.156,40.914,35.996,47.345,0.221,59.041,5576.640,5199.307,5616.000,5200.000,0.000,0.000,,,,2,1789738060.476,1,0
909.566,92.484,93.734,69.688,76.000,71.000,80.000,78.000,93.000,74.000,91.000,76.000,68.000,93.000,71.000,89.547,58.250,35.000,35.000,43.695,43.152,40.910,35.996,50.471,0.242,60.290,5642.456,5197.430,5616.000,5200.000,0.000,0.000,,,,2,1789738061.479,1,0
910.569,92.598,93.848,69.688,99.000,69.000,75.000,73.000,68.000,70.000,69.000,96.000,67.000,99.000,70.000,95.484,58.375,35.000,35.000,43.691,43.141,40.910,35.996,45.932,0.169,60.032,5620.433,5198.030,5616.000,5200.000,0.000,0.000,,,,2,1789738062.482,1,0
911.570,92.605,93.855,69.625,73.000,70.000,74.000,95.000,94.000,72.000,70.000,67.000,65.000,95.000,70.000,92.844,58.312,35.000,35.000,43.691,43.137,40.906,35.996,46.599,0.177,58.635,5619.030,5198.856,5616.000,5200.000,0.000,0.000,,,,2,1789738063.482,1,0
912.574,92.703,93.953,69.688,74.000,77.000,78.000,74.000,69.000,71.000,70.000,95.000,67.000,95.391,72.000,95.391,58.312,35.000,35.000,43.684,43.125,40.902,35.996,46.385,0.168,58.268,5664.653,5198.856,5616.000,5200.000,0.000,0.000,,,,2,1789738064.487,1,0
913.578,92.789,94.039,69.562,73.000,83.000,71.000,73.000,71.000,71.000,68.000,95.000,65.000,95.297,73.000,95.297,58.188,35.000,35.000,43.688,43.121,40.902,35.996,45.887,0.138,58.137,5621.048,5199.983,5616.000,5200.000,0.000,0.000,,,,2,1789738065.490,1,0
914.581,92.949,94.199,69.438,69.000,67.000,86.000,70.000,71.000,70.000,81.000,97.000,71.000,97.000,68.000,96.688,58.250,35.000,35.000,43.680,43.113,40.898,35.996,46.801,0.156,57.825,5621.048,5199.908,5616.000,5200.000,0.000,0.000,,,,2,1789738066.494,1,0
915.586,93.098,94.355,69.375,73.000,68.000,72.000,71.000,71.000,68.000,100.000,92.000,70.000,100.000,69.000,94.438,58.188,35.000,35.000,43.680,43.105,40.895,35.996,46.895,0.175,58.631,5619.556,5199.532,5616.000,5200.000,0.000,0.000,,,,2,1789738067.499,1,0
916.586,92.930,94.188,69.438,73.000,80.000,74.000,75.000,70.000,72.000,85.000,74.000,67.000,87.734,71.000,87.734,58.000,35.000,35.000,43.676,43.102,40.891,35.996,48.484,0.223,59.402,5620.960,5198.856,5616.000,5200.000,0.000,0.000,,,,2,1789738068.497,1,0
917.587,92.762,94.020,69.312,74.000,69.000,81.000,72.000,79.000,78.000,71.000,77.000,66.000,87.594,69.000,87.594,58.062,35.000,35.000,43.672,43.094,40.891,35.996,44.697,0.202,56.735,5619.995,5199.757,5616.000,5200.000,0.000,0.000,,,,2,1789738069.498,1,0
918.589,92.676,93.934,69.312,73.000,69.000,76.000,80.000,85.000,68.000,73.000,68.000,67.000,90.031,69.000,90.031,58.188,35.000,35.000,43.668,43.090,40.887,35.996,47.711,0.196,58.023,5619.293,5200.208,5616.000,5200.000,0.000,0.000,,,,2,1789738070.500,1,0
919.592,92.551,93.809,69.188,73.000,79.000,79.000,73.000,84.000,69.000,74.000,68.000,67.000,88.703,71.000,88.703,58.188,35.000,35.000,43.664,43.078,40.883,35.996,45.467,0.176,58.079,5620.521,5165.067,5616.000,5200.000,0.000,0.000,,,,2,1789738071.505,1,0
920.594,92.500,93.758,69.312,71.000,69.000,72.000,91.000,95.000,73.000,71.000,70.000,66.000,95.000,70.000,90.906,58.062,35.000,35.000,43.660,43.074,40.879,35.996,49.831,0.220,60.976,5620.433,5199.908,5616.000,5200.000,0.000,0.000,,,,2,1789738072.507,1,0
921.599,92.371,93.629,69.312,71.000,68.000,73.000,71.000,93.000,69.000,94.000,69.000,68.000,94.000,68.000,88.375,58.062,35.000,35.000,43.656,43.070,40.875,35.996,45.245,0.198,57.988,5620.170,5201.034,5616.000,5200.000,0.000,0.000,,,,2,1789738073.512,1,0
922.602,92.367,93.625,69.188,90.000,74.000,86.000,79.000,74.000,71.000,82.000,68.000,67.000,92.203,72.000,92.203,58.062,35.000,35.000,43.656,43.062,40.871,35.996,46.786,0.173,57.484,5577.936,5199.382,5616.000,5200.000,0.000,0.000,,,,2,1789738074.517,1,0
923.605,92.172,93.430,69.062,74.000,73.000,74.000,73.000,78.000,83.000,70.000,71.000,66.000,86.109,69.000,86.109,57.938,35.000,35.000,43.648,43.055,40.871,35.996,44.836,0.231,57.124,5643.341,5200.133,5616.000,5200.000,0.000,0.000,,,,2,1789738075.517,1,0
924.608,92.105,93.363,69.062,85.000,68.000,77.000,73.000,72.000,70.000,70.000,88.000,66.000,90.109,68.000,90.109,57.875,35.000,35.000,43.645,43.043,40.867,35.996,45.337,0.190,57.783,5621.750,5202.388,5616.000,5200.000,0.000,0.000,,,,2,1789738076.520,1,0
925.612,91.973,93.230,69.062,73.000,68.000,70.000,80.000,82.000,73.000,70.000,78.000,66.000,87.875,68.000,87.875,57.812,35.000,35.000,43.641,43.035,40.863,35.996,45.293,0.197,57.670,5620.960,5199.307,5616.000,5200.000,0.000,0.000,,,,2,1789738077.526,1,0
926.614,91.789,93.047,69.000,77.000,72.000,77.000,74.000,73.000,76.000,85.000,78.000,67.000,86.094,70.000,86.094,57.875,35.000,35.000,43.637,43.031,40.859,35.996,47.586,0.238,59.015,5622.189,5199.682,5616.000,5200.000,0.000,0.000,,,,2,1789738078.526,1,0
927.614,91.656,92.914,69.062,75.000,69.000,74.000,73.000,77.000,80.000,78.000,81.000,66.000,87.516,70.000,87.516,57.938,35.000,35.000,43.633,43.020,40.855,35.996,51.607,0.246,64.094,5643.783,5200.283,5616.000,5200.000,0.000,0.000,,,,2,1789738079.528,1,0
928.618,91.527,92.785,69.062,74.000,71.000,88.000,77.000,70.000,71.000,70.000,91.000,67.000,91.000,70.000,87.484,57.938,35.000,35.000,43.629,43.012,40.852,35.996,51.846,0.220,63.014,5621.837,5201.636,5616.000,5200.000,0.000,0.000,,,,2,1789738080.529,1,0
929.622,91.531,92.789,69.125,71.000,67.000,100.000,72.000,96.000,70.000,72.000,67.000,65.000,100.000,68.000,91.672,57.812,35.000,35.000,43.621,43.000,40.848,35.996,49.577,0.261,62.913,5620.785,5201.034,5616.000,5200.000,0.000,0.000,,,,2,1789738081.534,1,0
930.625,91.379,92.637,69.188,73.000,77.000,73.000,81.000,71.000,71.000,73.000,68.000,67.000,86.766,70.000,86.766,57.875,35.000,35.000,43.621,42.996,40.844,35.996,50.692,0.242,62.810,5621.223,5201.185,5616.000,5200.000,0.000,0.000,,,,2,1789738082.539,1,0
931.628,91.285,92.543,69.062,85.000,69.000,74.000,73.000,71.000,69.000,87.000,69.000,68.000,88.281,69.000,88.281,57.938,35.000,35.000,43.617,42.992,40.844,35.996,46.730,0.209,57.506,5620.960,5182.988,5616.000,5200.000,0.000,0.000,,,,2,1789738083.540,1,0
932.632,91.281,92.539,69.250,77.000,84.000,73.000,73.000,70.000,86.000,76.000,69.000,68.000,91.250,73.000,91.250,57.938,35.000,35.000,43.617,42.988,40.836,35.996,46.960,0.201,59.230,5621.048,5200.208,5616.000,5200.000,0.000,0.000,,,,2,1789738084.544,1,0
933.635,91.258,92.516,69.125,88.000,69.000,72.000,75.000,93.000,70.000,71.000,67.000,65.000,93.000,70.000,90.500,58.000,35.000,35.000,43.613,42.984,40.836,35.996,47.003,0.185,59.016,5621.837,5202.388,5616.000,5200.000,0.000,0.000,,,,2,1789738085.547,1,0
934.669,91.102,92.359,69.125,91.000,68.000,89.000,74.000,73.000,69.000,77.000,68.000,68.000,91.000,69.000,86.234,57.750,35.000,35.000,43.609,42.977,40.832,35.996,48.012,0.220,59.646,5620.083,5201.786,5616.000,5200.000,0.000,0.000,,,,2,1789738086.588,1,0
935.672,91.035,92.293,69.188,77.000,69.000,75.000,76.000,71.000,72.000,72.000,74.000,67.000,89.031,68.000,89.031,57.938,35.000,35.000,43.602,42.961,40.828,35.996,48.518,0.211,58.063,5619.995,5202.012,5616.000,5200.000,0.000,0.000,,,,2,1789738087.584,1,0
936.673,91.016,92.273,69.125,76.000,69.000,74.000,76.000,69.000,85.000,89.000,67.000,67.000,90.375,70.000,90.375,57.875,35.000,35.000,43.594,42.953,40.824,35.996,47.858,0.182,61.923,5621.575,5200.884,5616.000,5200.000,0.000,0.000,,,,2,1789738088.587,1,0
937.678,91.074,92.332,69.125,72.000,86.000,70.000,73.000,69.000,84.000,76.000,68.000,68.000,92.891,73.000,92.891,57.875,35.000,35.000,43.590,42.941,40.820,35.996,45.001,0.159,56.425,5577.245,5203.064,5616.000,5200.000,0.000,0.000,,,,2,1789738089.592,1,0
938.679,91.598,92.996,69.000,73.000,68.000,99.000,73.000,69.000,94.000,66.000,70.000,65.000,99.000,69.000,94.234,57.875,35.000,35.000,43.586,42.934,40.816,35.996,46.150,0.141,57.951,5620.960,5199.983,5616.000,5200.000,0.000,0.000,,,,2,1789738090.592,1,0
939.680,90.801,92.199,68.938,63.000,61.000,62.000,62.000,61.000,60.000,61.000,60.000,62.000,66.125,61.000,66.125,57.875,35.000,35.000,43.582,42.926,40.812,35.996,24.086,0.177,40.994,5622.276,5201.636,5616.000,5200.000,0.000,0.000,,,,2,1789738091.592,1,0
940.682,89.906,91.305,68.188,61.000,60.000,61.000,61.000,60.000,59.000,60.000,59.000,61.000,62.219,59.000,62.219,57.688,35.000,35.000,43.574,42.918,40.809,35.996,7.938,0.127,19.305,5621.136,5200.959,5616.000,5200.000,0.000,0.000,,,,2,1789738092.596,1,0
941.686,88.992,90.391,67.438,60.000,58.000,60.000,60.000,59.000,58.000,60.000,58.000,60.000,60.703,59.000,60.703,57.188,35.000,35.000,43.570,42.906,40.805,35.996,7.037,0.128,18.429,5620.960,5201.410,5616.000,5200.000,0.000,0.000,,,,2,1789738093.598,1,0
942.687,88.070,89.469,66.875,59.000,58.000,59.000,59.000,58.000,57.000,58.000,58.000,59.000,59.438,58.000,59.438,56.750,35.000,35.000,43.562,42.895,40.801,35.996,5.936,0.116,17.587,5620.697,5200.809,5616.000,5200.000,0.000,0.000,,,,2,1789738094.598,1,0
943.691,87.164,88.562,66.125,58.000,57.000,59.000,58.000,57.000,56.000,57.000,57.000,59.000,59.047,57.000,59.047,56.250,35.000,35.000,43.555,42.883,40.797,35.996,6.201,0.123,17.780,5600.498,5202.763,5616.000,5200.000,0.000,0.000,,,,2,1789738095.608,1,0
944.694,86.258,87.656,65.500,58.000,57.000,58.000,58.000,57.000,56.000,57.000,57.000,58.000,58.125,57.000,58.125,55.750,35.000,35.000,43.547,42.871,40.789,35.996,6.160,0.124,17.830,5622.804,5202.087,5616.000,5200.000,0.000,0.000,,,,2,1789738096.610,1,0
945.696,85.379,86.777,64.750,58.000,57.000,58.000,57.000,56.000,55.000,56.000,56.000,57.000,58.156,57.000,58.156,55.500,35.000,35.000,43.543,42.863,40.785,35.996,8.707,0.145,20.166,5622.364,5201.335,5616.000,5200.000,0.000,0.000,,,,2,1789738097.610,1,0
946.700,84.500,85.898,64.250,57.000,56.000,57.000,57.000,55.000,54.000,56.000,55.000,57.000,57.297,56.000,57.297,55.062,35.000,35.000,43.539,42.852,40.781,35.996,6.559,0.129,18.234,5644.580,5202.237,5616.000,5200.000,0.000,0.000,,,,2,1789738098.614,1,0
947.702,83.645,85.043,63.875,56.000,56.000,57.000,56.000,54.000,54.000,55.000,55.000,56.000,57.156,56.000,57.156,54.625,35.000,35.000,43.531,42.840,40.773,35.996,7.163,0.140,18.890,5621.487,5200.358,5616.000,5200.000,0.000,0.000,,,,2,1789738099.617,1,0
948.703,82.809,84.207,63.312,56.000,56.000,57.000,56.000,54.000,54.000,55.000,55.000,56.000,57.000,55.000,56.875,54.250,35.000,35.000,43.527,42.828,40.770,35.996,7.342,0.136,18.315,5622.628,5200.358,5616.000,5200.000,0.000,0.000,,,,2,1789738100.614,1,0
949.705,81.984,83.383,62.812,55.000,55.000,56.000,55.000,54.000,53.000,55.000,54.000,55.000,56.375,54.000,56.375,53.938,35.000,35.000,43.520,42.816,40.762,35.996,7.731,0.139,19.293,5644.491,5201.034,5616.000,5200.000,0.000,0.000,,,,2,1789738101.618,1,0
950.709,81.152,82.551,62.438,55.000,54.000,55.000,55.000,53.000,53.000,54.000,54.000,55.000,55.406,54.000,55.406,53.438,35.000,35.000,43.512,42.805,40.750,35.996,7.525,0.135,19.097,5622.540,5202.012,5616.000,5200.000,0.000,0.000,,,,2,1789738102.625,1,0
951.712,80.340,81.738,61.750,54.000,55.000,55.000,54.000,53.000,52.000,54.000,53.000,55.000,55.094,54.000,55.094,53.188,35.000,35.000,43.504,42.789,40.742,35.996,6.373,0.119,17.776,5622.101,5165.141,5611.000,5196.000,0.000,0.000,,,,2,1789738103.624,1,0
952.714,79.555,80.953,61.312,54.000,54.000,55.000,54.000,53.000,52.000,53.000,53.000,55.000,55.219,53.000,55.219,52.812,35.000,35.000,43.496,42.777,40.734,35.996,7.393,0.128,19.071,5601.108,5183.809,5550.000,5139.000,0.000,0.000,,,,2,1789738104.625,1,0
953.719,78.781,80.180,60.750,54.000,55.000,55.000,54.000,53.000,52.000,53.000,52.000,54.000,55.000,53.000,54.797,52.500,35.000,35.000,43.488,42.758,40.723,35.996,6.893,0.135,18.674,5538.291,5112.620,5488.000,5082.000,0.000,0.000,,,,2,1789738105.630,1,0
954.721,78.082,79.480,60.500,54.000,54.000,55.000,54.000,53.000,53.000,53.000,52.000,54.000,56.453,54.000,56.453,52.312,35.000,35.000,43.480,42.742,40.715,35.996,11.562,0.173,23.412,5495.848,5039.123,5427.000,5025.000,0.000,0.000,,,,2,1789738106.631,1,0
955.724,77.340,78.738,60.000,54.000,54.000,54.000,54.000,53.000,52.000,53.000,52.000,53.000,54.391,53.000,54.391,52.000,35.000,35.000,43.473,42.723,40.703,35.996,8.868,0.157,20.070,5393.582,5058.027,5365.000,4968.000,0.000,0.000,,,,2,1789738107.633,1,0
956.729,77.070,78.469,59.875,76.000,62.000,64.000,64.000,63.000,69.000,62.000,68.000,58.000,76.000,60.000,68.703,51.500,35.000,35.000,43.461,42.703,40.691,35.996,26.012,0.226,82.251,5392.532,4987.808,5315.000,4922.000,0.000,0.000,,,,2,1789738108.640,1,0
957.733,77.828,79.312,60.625,75.000,68.000,79.000,74.000,76.000,74.000,74.000,76.000,63.000,80.109,64.000,80.109,51.562,35.000,35.000,43.453,42.684,40.676,35.996,56.876,0.336,68.746,5295.208,4938.814,5266.000,4876.000,0.000,0.000,,,,2,1789738109.644,1,0
958.736,77.953,79.328,61.375,79.000,72.000,84.000,77.000,81.000,77.000,79.000,78.000,62.000,84.000,65.000,78.328,51.875,35.000,35.000,43.441,42.664,40.664,35.996,49.126,0.305,62.930,5257.854,4889.444,5216.000,4830.000,0.000,0.000,,,,2,1789738110.646,1,0
959.739,77.766,79.004,62.000,77.000,67.000,78.000,70.000,75.000,66.000,73.000,68.000,60.000,78.000,62.000,71.969,52.312,35.000,35.000,43.430,42.645,40.648,35.996,67.198,0.291,80.079,5238.802,4889.577,5166.000,4784.000,0.000,0.000,,,,2,1789738111.649,1,0
960.740,77.715,78.828,62.688,67.000,62.000,69.000,66.000,66.000,62.000,65.000,62.000,60.000,76.172,62.000,76.172,52.312,35.000,35.000,43.418,42.621,40.633,35.996,59.291,0.278,70.874,5182.466,4809.941,5117.000,4738.000,0.000,0.000,,,,2,1789738112.648,1,0
961.742,78.793,80.117,62.875,76.000,70.000,78.000,74.000,77.000,71.000,73.000,72.000,65.000,82.031,67.000,82.031,52.562,35.000,35.000,43.406,42.602,40.621,35.996,47.376,0.343,62.236,5145.724,4762.724,5067.000,4692.000,0.000,0.000,,,,2,1789738113.651,1,0
962.746,78.742,79.934,63.562,79.000,73.000,81.000,78.000,78.000,78.000,78.000,75.000,64.000,81.000,67.000,72.734,53.000,35.000,35.000,43.395,42.582,40.602,35.996,52.842,0.284,75.198,5127.475,4716.487,5017.000,4646.000,0.000,0.000,,,,2,1789738114.655,1,0
963.750,78.555,79.629,64.000,69.000,65.000,71.000,70.000,68.000,66.000,67.000,66.000,63.000,73.000,65.000,82.188,53.125,35.000,35.000,43.387,42.566,40.586,35.996,64.442,0.311,66.156,5037.360,4642.466,4968.000,4600.000,0.000,0.000,,,,2,1789738115.662,1,0
964.754,79.461,80.699,64.375,67.000,63.000,63.000,69.000,70.000,64.000,60.000,61.000,60.000,82.188,62.000,72.141,53.625,35.000,35.000,43.375,42.547,40.570,35.996,25.516,0.255,46.841,4986.564,4611.719,4918.000,4554.000,0.000,0.000,,,,2,1789738116.663,1,0
965.759,79.230,80.344,63.875,57.000,57.000,58.000,57.000,55.000,55.000,57.000,56.000,58.000,72.141,56.000,58.938,53.625,35.000,35.000,43.352,42.504,40.539,35.996,10.745,0.167,27.225,4919.780,4569.862,4868.000,4508.000,0.000,0.000,,,,2,1789738117.671,1,0
966.764,78.598,79.086,63.250,58.000,57.000,59.000,58.000,56.000,55.000,57.000,56.000,57.000,59.000,57.000,58.594,53.562,35.000,35.000,43.340,42.484,40.520,35.996,9.388,0.151,19.666,4903.764,4528.245,4818.000,4462.000,0.000,0.000,,,,2,1789738118.675,1,0
967.769,77.336,78.449,62.562,59.000,58.000,57.000,56.000,55.000,54.000,56.000,55.000,57.000,59.000,56.000,57.656,53.250,35.000,35.000,43.332,42.473,40.508,35.996,8.697,0.154,20.538,4837.279,4486.261,4777.000,4424.000,0.000,0.000,,,,2,1789738119.681,1,0
968.773,76.719,77.832,62.062,56.000,56.000,57.000,56.000,54.000,54.000,55.000,55.000,56.000,57.531,55.000,57.531,53.062,35.000,35.000,43.320,42.453,40.488,35.996,9.149,0.157,20.338,4789.527,4459.143,4736.000,4386.000,0.000,0.000,,,,2,1789738120.686,1,0
969.777,76.199,77.312,61.625,57.000,57.000,59.000,58.000,56.000,55.000,57.000,56.000,56.000,60.188,56.000,60.188,52.812,35.000,35.000,43.312,42.434,40.473,35.996,16.005,0.192,25.772,4742.646,4433.170,4695.000,4348.000,0.000,0.000,,,,2,1789738121.689,1,0
970.779,75.590,76.703,61.188,56.000,55.000,58.000,55.000,54.000,53.000,55.000,54.000,55.000,58.000,55.000,56.688,52.438,35.000,35.000,43.301,42.418,40.461,35.996,9.456,0.163,22.414,4712.289,4327.131,4654.000,4310.000,0.000,0.000,,,,2,1789738122.691,1,0
971.779,75.105,76.219,60.812,59.000,57.000,65.000,59.000,57.000,57.000,57.000,61.000,56.000,65.000,57.000,60.016,52.188,35.000,35.000,43.289,42.398,40.445,35.996,12.753,0.177,19.607,4696.061,4314.426,4613.000,4272.000,0.000,0.000,,,,2,1789738123.689,1,0
972.782,74.543,75.656,60.562,55.000,54.000,56.000,54.000,53.000,53.000,54.000,54.000,55.000,57.172,54.000,57.172,52.125,35.000,35.000,43.277,42.383,40.430,35.996,13.423,0.195,28.881,4622.259,4290.976,4572.000,4234.000,0.000,0.000,,,,2,1789738124.695,1,0
973.786,73.969,75.082,60.188,54.000,54.000,56.000,55.000,53.000,52.000,54.000,54.000,55.000,56.188,54.000,56.188,51.875,35.000,35.000,43.266,42.363,40.414,35.996,9.719,0.161,20.692,4578.172,4253.208,4531.000,4196.000,0.000,0.000,,,,2,1789738125.697,1,0
974.789,73.387,74.500,59.875,54.000,54.000,55.000,54.000,53.000,52.000,54.000,53.000,54.000,55.359,53.000,55.359,51.688,35.000,35.000,43.254,42.344,40.398,35.996,9.015,0.158,20.229,4564.126,4191.066,4490.000,4158.000,0.000,0.000,,,,2,1789738126.700,1,0
975.791,72.809,73.922,59.562,54.000,54.000,54.000,53.000,53.000,52.000,53.000,52.000,54.000,54.797,53.000,54.797,51.312,35.000,35.000,43.242,42.324,40.383,35.996,7.811,0.143,18.512,4508.058,4179.098,4449.000,4120.000,0.000,0.000,,,,2,1789738127.702,1,0
976.794,72.254,73.367,59.125,54.000,54.000,54.000,54.000,53.000,52.000,53.000,53.000,55.000,55.141,53.000,55.141,51.125,35.000,35.000,43.230,42.301,40.367,35.996,9.638,0.148,20.797,4466.390,4143.694,4408.000,4082.000,0.000,0.000,,,,2,1789738128.706,1,0
977.794,71.691,72.805,58.812,53.000,53.000,54.000,53.000,52.000,51.000,53.000,52.000,54.000,54.219,52.000,54.219,50.875,35.000,35.000,43.219,42.281,40.352,35.996,9.078,0.131,20.349,4425.540,4086.498,4367.000,4044.000,0.000,0.000,,,,2,1789738129.709,1,0
978.798,71.172,72.285,58.500,55.000,57.000,55.000,54.000,53.000,52.000,53.000,52.000,53.000,57.000,54.000,55.062,50.812,35.000,35.000,43.207,42.262,40.336,35.996,10.878,0.154,22.049,4384.790,4064.352,4326.000,4006.000,0.000,0.000,,,,2,1789738130.711,1,0
979.802,70.613,71.727,58.125,53.000,53.000,53.000,52.000,51.000,50.000,52.000,51.000,53.000,53.234,51.000,53.234,50.438,35.000,35.000,43.191,42.242,40.320,35.996,7.451,0.136,18.452,4333.434,4008.685,4285.000,3968.000,0.000,0.000,,,,2,1789738131.715,1,0
980.803,70.078,71.191,57.750,53.000,52.000,53.000,52.000,51.000,50.000,52.000,51.000,53.000,53.516,52.000,53.516,50.312,35.000,35.000,43.180,42.215,40.301,35.996,8.576,0.142,18.886,4295.225,3976.275,4250.000,3936.000,0.000,0.000,,,,2,1789738132.714,1,0
981.807,69.539,70.652,57.500,52.000,51.000,52.000,52.000,51.000,50.000,52.000,51.000,52.000,52.797,51.000,52.797,50.125,35.000,35.000,43.164,42.195,40.285,35.996,6.787,0.132,17.153,4257.030,3943.347,4216.000,3904.000,0.000,0.000,,,,2,1789738133.719,1,0
982.812,69.008,70.121,57.125,52.000,51.000,53.000,52.000,50.000,50.000,51.000,50.000,52.000,53.000,51.000,52.547,50.000,35.000,35.000,43.152,42.172,40.266,35.996,6.901,0.135,17.533,4232.904,3911.896,4181.000,3872.000,0.000,0.000,,,,2,1789738134.725,1,0
983.816,68.484,69.598,56.938,52.000,52.000,52.000,52.000,50.000,50.000,52.000,50.000,52.000,52.312,51.000,52.312,49.750,35.000,35.000,43.137,42.152,40.250,35.996,7.012,0.135,17.890,4220.448,3871.467,4147.000,3840.000,0.000,0.000,,,,2,1789738135.727,1,0
984.821,67.992,69.105,56.688,53.000,51.000,53.000,52.000,51.000,50.000,52.000,51.000,52.000,53.000,51.000,52.766,49.500,35.000,35.000,43.121,42.129,40.234,35.996,7.848,0.145,18.205,4159.974,3860.549,4112.000,3808.000,0.000,0.000,,,,2,1789738136.732,1,0
985.822,67.508,68.621,56.438,52.000,51.000,52.000,52.000,50.000,50.000,51.000,51.000,52.000,52.500,51.000,52.500,49.500,35.000,35.000,43.105,42.105,40.215,35.996,8.055,0.142,19.876,4124.893,3810.734,4078.000,3776.000,0.000,0.000,,,,2,1789738137.733,1,0
986.827,67.039,68.152,56.188,52.000,51.000,52.000,51.000,50.000,50.000,51.000,50.000,51.000,52.406,50.000,52.406,49.312,35.000,35.000,43.090,42.082,40.195,35.996,7.979,0.130,18.635,4079.228,3771.173,4043.000,3744.000,0.000,0.000,,,,2,1789738138.739,1,0
987.828,66.590,67.703,55.938,51.000,51.000,52.000,52.000,50.000,49.000,51.000,50.000,51.000,52.750,51.000,52.750,49.125,35.000,35.000,43.070,42.047,40.180,35.996,11.575,0.156,22.749,4066.556,3771.727,4008.000,3712.000,0.000,0.000,,,,2,1789738139.740,1,0
988.828,66.141,67.254,55.750,51.000,50.000,52.000,51.000,50.000,49.000,51.000,50.000,51.000,52.172,51.000,52.172,49.000,35.000,35.000,43.055,42.023,40.160,35.996,8.245,0.145,19.124,4034.020,3732.736,3974.000,3680.000,0.000,0.000,,,,2,1789738140.742,1,0
989.828,65.695,66.809,55.500,51.000,50.000,52.000,51.000,50.000,49.000,51.000,50.000,51.000,52.000,50.000,51.891,48.812,35.000,35.000,43.039,42.000,40.141,35.996,7.858,0.142,18.713,4001.245,3668.603,3939.000,3648.000,0.000,0.000,,,,2,1789738141.740,1,0
990.830,65.254,66.367,55.375,51.000,51.000,52.000,51.000,50.000,49.000,51.000,49.000,51.000,52.000,50.000,51.594,48.750,35.000,35.000,43.023,41.973,40.121,35.996,8.096,0.145,18.516,3946.460,3650.190,3905.000,3616.000,0.000,0.000,,,,2,1789738142.743,1,0
991.831,64.863,65.977,55.188,51.000,51.000,52.000,51.000,50.000,49.000,52.000,50.000,51.000,52.719,51.000,52.719,48.562,35.000,35.000,43.008,41.949,40.105,35.996,9.025,0.156,19.809,3893.702,3622.751,3870.000,3584.000,0.000,0.000,,,,2,1789738143.741,1,0
992.835,64.477,65.590,54.938,51.000,51.000,52.000,51.000,50.000,49.000,50.000,50.000,51.000,52.516,50.000,52.516,48.625,35.000,35.000,42.988,41.922,40.082,35.996,9.668,0.162,20.372,3894.418,3570.047,3836.000,3552.000,0.000,0.000,,,,2,1789738144.745,1,0
993.838,64.082,65.195,54.750,51.000,50.000,51.000,50.000,49.000,49.000,50.000,50.000,50.000,51.828,50.000,51.828,48.312,35.000,35.000,42.973,41.895,40.062,35.996,8.532,0.152,19.385,3853.070,3561.183,3801.000,3520.000,0.000,0.000,,,,2,1789738145.749,1,0
994.838,63.680,64.793,54.625,50.000,50.000,51.000,50.000,49.000,48.000,50.000,49.000,51.000,51.234,50.000,51.234,48.250,35.000,35.000,42.953,41.871,40.043,35.996,7.932,0.148,18.772,3813.034,3552.924,3767.000,3488.000,0.000,0.000,,,,2,1789738146.749,1,0
995.839,63.281,64.395,54.312,50.000,49.000,51.000,50.000,49.000,49.000,50.000,49.000,50.000,51.000,49.000,50.922,48.188,35.000,35.000,42.938,41.844,40.023,35.996,6.758,0.130,17.383,3782.824,3492.874,3738.000,3462.000,0.000,0.000,,,,2,1789738147.750,1,0
996.839,62.891,64.004,54.062,50.000,49.000,50.000,49.000,48.000,48.000,50.000,49.000,50.000,50.750,49.000,50.750,48.000,35.000,35.000,42.918,41.816,40.004,35.996,7.096,0.135,17.768,3724.279,3444.020,3710.000,3436.000,0.000,0.000,,,,2,1789738148.751,1,0
997.844,62.512,63.625,54.000,50.000,49.000,51.000,49.000,48.000,48.000,50.000,49.000,50.000,51.000,49.000,50.797,48.000,35.000,35.000,42.898,41.789,39.984,35.996,7.040,0.137,17.971,3715.017,3444.416,3682.000,3410.000,0.000,0.000,,,,2,1789738149.757,0,0
998.845,62.145,63.258,53.688,50.000,49.000,50.000,49.000,49.000,48.000,49.000,49.000,50.000,50.797,49.000,50.797,47.750,35.000,35.000,42.879,41.762,39.961,35.996,7.340,0.137,18.013,3687.165,3419.615,3654.000,3384.000,0.000,0.000,,,,2,1789738150.756,0,0
999.850,62.008,63.121,53.562,52.000,51.000,53.000,52.000,51.000,51.000,52.000,50.000,51.000,57.781,52.000,57.781,47.750,35.000,35.000,42.859,41.734,39.941,35.996,18.142,0.230,29.024,3640.961,3373.124,3626.000,3358.000,0.000,0.000,,,,2,1789738151.764,0,0
1000.855,61.703,62.816,53.625,51.000,50.000,52.000,51.000,49.000,49.000,50.000,49.000,50.000,52.266,50.000,52.266,47.688,35.000,35.000,42.840,41.707,39.918,35.996,9.501,0.171,20.592,3614.494,3351.238,3598.000,3332.000,0.000,0.000,,,,2,1789738152.767,0,0
1001.859,61.379,62.492,53.500,50.000,50.000,51.000,51.000,49.000,49.000,49.000,49.000,50.000,51.219,50.000,51.219,47.500,35.000,35.000,42.820,41.680,39.898,35.996,8.474,0.154,19.572,3587.658,3326.741,3570.000,3306.000,0.000,0.000,,,,2,1789738153.770,0,0
1002.863,61.078,62.191,53.500,50.000,49.000,51.000,50.000,48.000,48.000,50.000,49.000,50.000,51.828,49.000,51.828,47.562,35.000,35.000,42.801,41.648,39.879,35.996,14.336,0.168,25.551,3577.995,3305.148,3542.000,3280.000,0.000,0.000,,,,2,1789738154.776,0,0
1003.869,60.746,61.859,53.375,50.000,49.000,50.000,49.000,48.000,48.000,49.000,49.000,50.000,50.375,49.000,50.375,47.438,35.000,35.000,42.785,41.621,39.855,35.996,6.693,0.129,17.692,3525.851,3283.563,3514.000,3254.000,0.000,0.000,,,,2,1789738155.781,0,0
1004.873,60.488,61.602,53.000,50.000,49.000,51.000,51.000,49.000,48.000,50.000,49.000,50.000,52.594,49.000,52.594,47.250,35.000,35.000,42.766,41.594,39.832,35.996,9.745,0.148,20.309,3517.617,3260.810,3486.000,3228.000,0.000,0.000,,,,2,1789738156.786,0,0
1005.877,60.168,61.281,52.875,49.000,49.000,50.000,49.000,48.000,47.000,49.000,49.000,50.000,50.188,49.000,50.188,47.438,35.000,35.000,42.746,41.566,39.812,35.996,6.819,0.131,17.690,3492.331,3253.237,3458.000,3202.000,0.000,0.000,,,,2,1789738157.789,0,0
1006.880,59.852,60.965,52.750,49.000,49.000,50.000,49.000,48.000,47.000,49.000,48.000,50.000,50.016,49.000,50.016,47.188,35.000,35.000,42.727,41.539,39.789,35.996,6.719,0.132,17.387,3467.373,3197.271,3430.000,3176.000,0.000,0.000,,,,2,1789738158.791,0,0
1007.881,59.543,60.656,52.500,50.000,48.000,50.000,49.000,48.000,47.000,49.000,48.000,49.000,50.016,48.000,50.016,47.125,35.000,35.000,42.707,41.512,39.766,35.996,6.716,0.124,17.350,3435.049,3175.751,3402.000,3150.000,0.000,0.000,,,,2,1789738159.794,0,0
1008.886,59.250,60.305,52.375,50.000,49.000,50.000,49.000,48.000,47.000,49.000,48.000,49.000,50.156,49.000,50.156,47.062,35.000,35.000,42.688,41.484,39.746,35.996,7.060,0.130,17.327,3402.582,3148.725,3373.000,3124.000,0.000,0.000,,,,2,1789738160.798,0,0
1009.888,59.055,60.109,52.312,50.000,49.000,51.000,51.000,50.000,49.000,50.000,50.000,50.000,53.062,49.000,53.062,46.938,35.000,35.000,42.664,41.457,39.723,35.996,10.434,0.146,20.829,3380.060,3148.835,3345.000,3098.000,0.000,0.000,,,,2,1789738161.800,0,0
1010.888,58.777,59.832,52.250,49.000,48.000,50.000,49.000,48.000,47.000,49.000,49.000,50.000,50.094,49.000,50.094,46.875,35.000,35.000,42.645,41.426,39.703,35.996,7.096,0.130,17.393,3363.260,3129.047,3317.000,3072.000,0.000,0.000,,,,2,1789738162.800,0,0
1011.890,58.508,59.562,52.062,50.000,49.000,50.000,49.000,48.000,48.000,49.000,48.000,50.000,50.203,49.000,50.203,46.875,35.000,35.000,42.625,41.398,39.680,35.996,7.818,0.136,18.442,3339.797,3075.031,3289.000,3046.000,0.000,0.000,,,,2,1789738163.800,0,0
1012.894,58.309,59.363,51.938,50.000,49.000,50.000,50.000,49.000,49.000,49.000,49.000,50.000,52.156,49.000,52.156,46.875,35.000,35.000,42.602,41.371,39.656,35.996,12.045,0.183,22.912,3295.285,3038.513,3261.000,3020.000,0.000,0.000,,,,2,1789738164.808,0,0
1013.896,58.062,59.117,51.875,49.000,49.000,50.000,49.000,48.000,48.000,49.000,48.000,49.000,50.375,49.000,50.375,46.750,35.000,35.000,42.582,41.340,39.633,35.996,8.211,0.145,18.672,3264.388,3018.691,3233.000,2994.000,0.000,0.000,,,,2,1789738165.809,0,0
1014.901,57.828,58.883,51.750,50.000,49.000,50.000,50.000,48.000,48.000,49.000,48.000,50.000,50.562,49.000,50.562,46.688,35.000,35.000,42.559,41.316,39.609,35.996,8.720,0.145,19.640,3214.114,2975.846,3162.000,2928.000,0.000,0.000,,,,2,1789738166.814,0,0
1015.904,57.605,58.660,51.688,50.000,49.000,50.000,50.000,48.000,48.000,48.000,49.000,49.000,50.688,48.000,50.688,46.562,35.000,35.000,42.539,41.285,39.590,35.996,9.528,0.160,20.495,3138.650,2916.468,3090.000,2862.000,0.000,0.000,,,,2,1789738167.816,0,0
1016.907,57.395,58.449,51.688,50.000,49.000,50.000,49.000,48.000,48.000,49.000,49.000,50.000,50.844,48.000,50.844,46.625,35.000,35.000,42.520,41.258,39.566,35.996,10.247,0.159,21.261,3104.519,2860.435,3019.000,2796.000,0.000,0.000,,,,2,1789738168.821,0,0
1017.911,57.184,58.238,51.625,52.000,49.000,50.000,51.000,48.000,48.000,52.000,48.000,49.000,52.000,49.000,50.688,46.562,35.000,35.000,42.500,41.230,39.543,35.996,9.712,0.160,20.327,2995.731,2784.740,2948.000,2730.000,0.000,0.000,,,,2,1789738169.827,0,0
1018.916,56.961,57.965,51.438,49.000,48.000,49.000,49.000,47.000,47.000,49.000,48.000,49.000,50.016,48.000,50.016,46.438,35.000,35.000,42.477,41.203,39.523,35.996,7.862,0.139,18.588,2958.969,2726.983,2877.000,2664.000,0.000,0.000,,,,2,1789738170.829,0,0
1019.921,56.723,57.727,51.375,49.000,48.000,50.000,49.000,47.000,47.000,48.000,48.000,49.000,50.000,48.000,49.359,46.500,35.000,35.000,42.457,41.176,39.500,35.996,7.149,0.130,17.856,2870.928,2649.163,2734.000,2532.000,0.000,0.000,,,,2,1789738171.833,0,0
1020.922,56.508,57.512,51.188,50.000,49.000,50.000,50.000,48.000,48.000,49.000,48.000,49.000,50.000,49.000,49.828,46.250,35.000,35.000,42.438,41.148,39.477,35.996,6.962,0.135,17.643,2799.683,2591.420,2663.000,2466.000,0.000,0.000,,,,2,1789738172.834,0,0
1021.927,56.332,57.336,51.125,51.000,52.000,53.000,52.000,50.000,49.000,50.000,51.000,49.000,53.000,50.000,50.953,46.250,35.000,35.000,42.414,41.117,39.453,35.996,10.666,0.176,21.635,2735.770,2537.910,2602.000,2410.000,0.000,0.000,,,,2,1789738173.839,0,0
1022.929,56.168,57.172,51.125,50.000,49.000,51.000,50.000,48.000,48.000,49.000,49.000,50.000,51.000,49.000,51.000,46.250,35.000,35.000,42.395,41.094,39.430,35.996,9.820,0.160,20.492,2665.245,2453.102,2542.000,2354.000,0.000,0.000,,,,2,1789738174.841,0,0
1023.930,55.969,56.973,51.062,49.000,48.000,49.000,49.000,47.000,47.000,49.000,48.000,49.000,49.844,48.000,49.844,46.312,35.000,35.000,42.375,41.066,39.410,35.996,8.613,0.158,19.580,2603.602,2416.578,2481.000,2298.000,0.000,0.000,,,,2,1789738175.842,0,0
1024.930,55.758,56.762,50.875,49.000,48.000,49.000,49.000,48.000,47.000,48.000,49.000,49.000,49.172,48.000,49.172,46.188,35.000,35.000,42.355,41.039,39.391,35.996,7.105,0.139,17.801,2531.200,2354.942,2421.000,2242.000,0.000,0.000,,,,2,1789738176.844,0,0
1025.930,55.570,56.574,50.875,49.000,48.000,50.000,49.000,48.000,47.000,48.000,48.000,49.000,50.000,48.000,49.781,46.188,35.000,35.000,42.332,41.016,39.367,35.996,8.023,0.150,18.763,2491.694,2310.047,2360.000,2186.000,0.000,0.000,,,,2,1789738177.843,0,0
1026.935,55.371,56.375,50.688,49.000,48.000,49.000,49.000,48.000,46.000,48.000,47.000,49.000,49.250,48.000,49.250,46.250,35.000,35.000,42.312,40.984,39.344,35.996,7.312,0.134,18.277,2429.412,2239.460,2300.000,2130.000,0.000,0.000,,,,2,1789738178.847,0,0
1027.939,55.215,56.219,50.688,49.000,49.000,50.000,49.000,47.000,47.000,48.000,49.000,49.000,50.344,49.000,50.344,46.062,35.000,35.000,42.293,40.961,39.324,35.996,8.477,0.150,19.010,2358.537,2183.300,2239.000,2074.000,0.000,0.000,,,,2,1789738179.849,0,0
1028.942,55.070,56.023,50.688,50.000,49.000,50.000,49.000,48.000,47.000,48.000,48.000,49.000,50.594,48.000,50.594,46.125,35.000,35.000,42.270,40.934,39.305,35.996,8.299,0.147,18.061,2287.792,2125.813,2179.000,2018.000,0.000,0.000,,,,2,1789738180.852,0,0
1029.945,54.918,55.871,50.500,50.000,49.000,52.000,51.000,49.000,49.000,50.000,50.000,50.000,52.000,49.000,50.156,46.000,35.000,35.000,42.254,40.910,39.281,35.996,8.666,0.150,19.723,2227.737,2059.885,2118.000,1962.000,0.000,0.000,,,,2,1789738181.855,0,0
1030.945,54.797,55.750,50.500,50.000,49.000,50.000,50.000,48.000,48.000,49.000,49.000,49.000,51.031,48.000,51.031,45.938,35.000,35.000,42.230,40.887,39.262,35.996,9.519,0.163,19.735,2174.254,1996.251,2064.000,1912.000,0.000,0.000,,,,2,1789738182.855,0,0
1031.947,54.676,55.629,50.438,49.000,49.000,50.000,49.000,48.000,48.000,49.000,48.000,49.000,51.000,49.000,51.000,46.000,35.000,35.000,42.211,40.859,39.238,35.996,9.913,0.163,21.113,2117.585,1971.544,2010.000,1862.000,0.000,0.000,,,,2,1789738183.857,0,0
1032.951,54.539,55.492,50.438,51.000,49.000,50.000,51.000,48.000,48.000,48.000,48.000,49.000,51.000,49.000,50.297,45.938,35.000,35.000,42.191,40.836,39.219,35.996,8.065,0.146,18.453,2057.178,1904.732,1973.000,1827.000,0.000,0.000,,,,2,1789738184.860,0,0
1033.954,54.375,55.328,50.375,49.000,48.000,49.000,49.000,47.000,46.000,48.000,48.000,49.000,49.281,48.000,49.281,45.938,35.000,35.000,42.172,40.809,39.199,35.996,7.977,0.146,19.507,2014.516,1873.410,1960.000,1815.000,0.000,0.000,,,,2,1789738185.864,0,0
1034.958,54.656,55.598,50.375,52.000,50.000,51.000,53.000,52.000,52.000,82.000,51.000,54.000,82.000,51.000,55.500,45.938,35.000,35.000,42.152,40.785,39.180,35.996,9.466,0.139,16.821,1987.062,1852.309,1948.000,1804.000,0.000,0.000,,,,2,1789738186.869,0,0
1035.962,54.547,55.395,50.438,49.000,49.000,50.000,49.000,47.000,48.000,48.000,48.000,49.000,51.188,48.000,51.188,45.875,35.000,35.000,42.129,40.762,39.156,35.996,13.184,0.173,27.468,1981.451,1828.646,1936.000,1793.000,0.000,0.000,,,,2,1789738187.875,0,0
1036.966,54.426,55.188,50.312,50.000,49.000,52.000,51.000,48.000,48.000,49.000,49.000,49.000,52.000,49.000,50.750,45.875,35.000,35.000,42.109,40.734,39.137,35.996,8.760,0.152,19.611,1962.944,1821.853,1923.000,1781.000,0.000,0.000,,,,2,1789738188.880,0,0
1037.970,54.289,55.051,50.312,49.000,49.000,50.000,49.000,48.000,48.000,49.000,49.000,50.000,50.031,48.000,50.031,46.000,35.000,35.000,42.090,40.715,39.117,35.996,8.569,0.149,18.470,1944.086,1797.681,1912.000,1771.000,0.000,0.000,,,,2,1789738189.881,0,0
1038.972,54.195,54.957,50.375,50.000,49.000,51.000,50.000,48.000,48.000,48.000,49.000,49.000,51.297,49.000,51.297,45.938,35.000,35.000,42.074,40.691,39.098,35.996,9.623,0.147,20.108,1921.476,1784.342,1900.000,1760.000,0.000,0.000,,,,2,1789738190.883,0,0
1039.974,54.090,54.852,50.312,49.000,49.000,50.000,49.000,48.000,48.000,49.000,49.000,49.000,50.797,48.000,50.797,45.875,35.000,35.000,42.051,40.664,39.078,35.996,9.634,0.154,20.468,1913.794,1762.745,1887.000,1748.000,0.000,0.000,,,,2,1789738191.886,0,0
1040.978,53.938,54.699,50.250,49.000,48.000,49.000,49.000,47.000,47.000,48.000,47.000,49.000,49.188,48.000,49.188,45.875,35.000,35.000,42.031,40.645,39.059,35.996,6.776,0.135,17.471,1888.663,1765.632,1877.000,1738.000,0.000,0.000,,,,2,1789738192.890,0,0
1041.979,53.805,54.566,50.188,48.000,48.000,49.000,49.000,48.000,47.000,48.000,48.000,49.000,49.750,48.000,49.750,45.812,35.000,35.000,42.012,40.621,39.039,35.996,9.090,0.151,19.637,1883.771,1733.636,1865.000,1727.000,0.000,0.000,,,,2,1789738193.892,0,0
1042.983,53.668,54.430,49.938,49.000,49.000,49.000,49.000,47.000,47.000,48.000,48.000,49.000,49.391,49.000,49.391,45.875,35.000,35.000,41.992,40.598,39.020,35.996,6.995,0.133,16.825,1876.994,1721.566,1853.000,1716.000,0.000,0.000,,,,2,1789738194.894,0,0
1043.986,53.750,54.512,50.250,53.000,53.000,54.000,55.000,51.000,51.000,50.000,50.000,50.000,56.328,52.000,56.328,45.938,35.000,35.000,41.973,40.578,39.004,35.996,19.885,0.212,29.045,1855.135,1717.484,1841.000,1705.000,0.000,0.000,,,,2,1789738195.897,0,0
1044.991,53.672,54.434,50.312,50.000,49.000,52.000,50.000,48.000,48.000,49.000,49.000,49.000,52.000,49.000,51.203,45.875,35.000,35.000,41.953,40.559,38.984,35.996,11.048,0.163,24.054,1845.860,1719.485,1836.000,1700.000,0.000,0.000,,,,2,1789738196.902,0,0
1045.995,53.547,54.309,50.188,49.000,48.000,50.000,49.000,47.000,47.000,48.000,48.000,50.000,50.000,48.000,49.688,45.938,35.000,35.000,41.934,40.535,38.965,35.996,8.432,0.145,19.714,1845.785,1701.637,1836.000,1700.000,0.000,0.000,,,,2,1789738197.907,0,0
1046.995,53.410,54.172,50.188,49.000,48.000,49.000,49.000,47.000,47.000,48.000,47.000,49.000,49.203,48.000,49.203,46.125,35.000,35.000,41.914,40.516,38.949,35.996,6.615,0.125,17.032,1836.613,1701.951,1836.000,1700.000,0.000,0.000,,,,2,1789738198.908,0,0
1047.998,56.887,58.617,50.250,65.000,61.000,65.000,69.000,60.000,60.000,55.000,55.000,53.000,69.000,58.000,67.328,45.938,35.000,35.000,41.895,40.492,38.930,35.996,31.645,0.191,35.163,1831.558,1697.689,1836.000,1700.000,0.000,0.000,,,,2,1789738199.909,0,0
1049.001,56.816,58.371,50.688,51.000,50.000,52.000,51.000,49.000,49.000,50.000,50.000,50.000,54.703,50.000,54.703,46.188,35.000,35.000,41.875,40.473,38.914,35.996,23.027,0.195,40.045,1846.059,1707.650,1836.000,1700.000,0.000,0.000,,,,2,1789738200.911,0,0
1050.003,56.641,58.043,50.812,50.000,49.000,50.000,51.000,48.000,48.000,49.000,49.000,50.000,51.172,49.000,51.172,46.250,35.000,35.000,41.855,40.453,38.895,35.996,9.511,0.160,20.464,1843.866,1698.161,1836.000,1700.000,0.000,0.000,,,,2,1789738201.915,0,0
1051.007,56.469,57.871,50.625,49.000,49.000,50.000,50.000,49.000,48.000,49.000,49.000,50.000,51.094,49.000,51.094,46.250,35.000,35.000,41.840,40.441,38.879,35.996,9.002,0.152,19.166,1831.837,1697.833,1836.000,1700.000,0.000,0.000,,,,2,1789738202.919,0,0
1052.008,56.309,57.711,50.562,52.000,53.000,52.000,51.000,50.000,49.000,50.000,51.000,50.000,53.000,50.000,51.438,46.312,35.000,35.000,41.820,40.422,38.859,35.996,8.777,0.154,18.815,1831.772,1697.321,1836.000,1700.000,0.000,0.000,,,,2,1789738203.919,0,0
1053.011,56.133,57.535,50.562,50.000,49.000,50.000,50.000,49.000,48.000,49.000,48.000,50.000,50.656,49.000,50.656,46.312,35.000,35.000,41.801,40.402,38.844,35.996,8.662,0.161,19.097,1838.592,1693.823,1836.000,1700.000,0.000,0.000,,,,2,1789738204.926,0,0
1054.015,58.469,60.430,50.562,56.000,53.000,56.000,57.000,53.000,54.000,52.000,57.000,52.000,65.484,53.000,65.484,46.312,35.000,35.000,41.781,40.387,38.828,35.996,18.100,0.202,24.620,1824.660,1698.097,1836.000,1700.000,0.000,0.000,,,,2,1789738205.927,0,0
1055.020,58.281,60.047,50.625,50.000,50.000,51.000,51.000,49.000,49.000,49.000,49.000,50.000,52.500,49.000,52.500,46.375,35.000,35.000,41.762,40.367,38.812,35.996,11.405,0.166,28.683,1843.337,1697.497,1836.000,1700.000,0.000,0.000,,,,2,1789738206.933,0,0
1056.025,58.047,59.812,50.750,49.000,49.000,50.000,50.000,48.000,48.000,49.000,49.000,50.000,50.766,48.000,50.766,46.375,35.000,35.000,41.746,40.352,38.797,35.996,8.146,0.142,19.428,1827.216,1697.969,1836.000,1700.000,0.000,0.000,,,,2,1789738207.936,0,0
1057.030,57.836,59.602,50.562,50.000,49.000,51.000,50.000,49.000,48.000,50.000,49.000,50.000,51.391,49.000,51.391,46.375,35.000,35.000,41.730,40.332,38.781,35.996,8.626,0.141,18.701,1843.629,1697.689,1836.000,1700.000,0.000,0.000,,,,2,1789738208.942,0,0
1058.033,57.617,59.383,50.500,51.000,52.000,51.000,51.000,49.000,48.000,49.000,49.000,50.000,52.000,50.000,50.781,46.312,35.000,35.000,41.715,40.324,38.766,35.996,7.324,0.135,17.327,1820.637,1697.729,1836.000,1700.000,0.000,0.000,,,,2,1789738209.947,0,0
1059.033,57.414,59.180,50.438,52.000,50.000,58.000,52.000,49.000,49.000,49.000,49.000,50.000,58.000,50.000,51.062,46.312,35.000,35.000,41.699,40.309,38.750,35.996,8.066,0.139,18.773,1838.724,1697.321,1836.000,1700.000,0.000,0.000,,,,2,1789738210.946,0,0
1060.036,57.180,58.945,50.438,49.000,49.000,50.000,49.000,47.000,47.000,48.000,48.000,50.000,50.031,47.000,50.031,46.250,35.000,35.000,41.680,40.297,38.738,35.996,6.378,0.129,16.749,1832.322,1697.385,1836.000,1700.000,0.000,0.000,,,,2,1789738211.947,0,0
1061.039,56.957,58.723,50.250,49.000,48.000,49.000,49.000,48.000,47.000,48.000,49.000,50.000,50.000,48.000,49.984,46.250,35.000,35.000,41.668,40.285,38.723,35.996,5.793,0.118,15.983,1843.441,1697.689,1836.000,1700.000,0.000,0.000,,,,2,1789738212.952,0,0
1062.040,56.723,58.488,50.125,49.000,48.000,49.000,49.000,47.000,46.000,48.000,48.000,50.000,50.000,47.000,49.484,46.250,35.000,35.000,41.648,40.270,38.711,35.996,5.178,0.115,14.962,1831.865,1701.122,1836.000,1700.000,0.000,0.000,,,,2,1789738213.951,0,0
1063.041,56.492,58.258,50.000,49.000,48.000,49.000,48.000,47.000,47.000,48.000,47.000,49.000,49.328,48.000,49.328,46.188,35.000,35.000,41.637,40.258,38.695,35.996,5.297,0.115,15.066,1831.968,1697.016,1836.000,1700.000,0.000,0.000,,,,2,1789738214.954,0,0
1064.041,56.285,58.051,50.000,49.000,48.000,49.000,49.000,47.000,47.000,48.000,48.000,49.000,49.844,48.000,49.844,46.000,35.000,35.000,41.621,40.250,38.680,35.996,7.269,0.138,18.061,1839.080,1697.073,1836.000,1700.000,0.000,0.000,,,,2,1789738215.953,0,0
1065.044,56.086,57.852,49.875,49.000,49.000,50.000,49.000,48.000,47.000,48.000,48.000,49.000,50.000,48.000,49.969,46.000,35.000,35.000,41.605,40.238,38.668,35.996,7.107,0.140,17.501,1832.005,1697.969,1836.000,1700.000,0.000,0.000,,,,2,1789738216.960,0,0
1066.048,55.895,57.660,49.875,49.000,49.000,50.000,49.000,48.000,47.000,48.000,49.000,49.000,50.000,48.000,49.922,45.875,35.000,35.000,41.590,40.230,38.656,35.996,6.927,0.136,17.516,1831.809,1721.590,1836.000,1700.000,0.000,0.000,,,,2,1789738217.960,0,0
1067.050,55.699,57.465,49.688,49.000,48.000,50.000,49.000,47.000,47.000,48.000,48.000,49.000,50.000,47.000,49.625,45.938,35.000,35.000,41.578,40.223,38.645,35.996,7.364,0.136,18.199,1837.044,1712.712,1836.000,1700.000,0.000,0.000,,,,2,1789738218.962,0,0
1068.054,55.492,57.258,49.750,49.000,48.000,49.000,48.000,48.000,46.000,48.000,47.000,49.000,49.078,48.000,49.078,45.812,35.000,35.000,41.562,40.211,38.633,35.996,5.657,0.117,16.177,1843.422,1697.256,1836.000,1700.000,0.000,0.000,,,,2,1789738219.967,0,0
1069.055,55.301,57.066,49.688,48.000,48.000,49.000,49.000,47.000,46.000,48.000,48.000,49.000,49.359,47.000,49.359,45.938,35.000,35.000,41.547,40.199,38.617,35.996,5.970,0.116,16.026,1831.632,1698.915,1836.000,1700.000,0.000,0.000,,,,2,1789738220.968,0,0
1070.055,55.176,56.941,49.562,49.000,49.000,50.000,49.000,48.000,47.000,48.000,48.000,50.000,51.297,48.000,51.297,45.812,35.000,35.000,41.531,40.191,38.605,35.996,10.444,0.143,20.772,1831.977,1697.265,1836.000,1700.000,0.000,0.000,,,,2,1789738221.967,0,0
1071.059,55.023,56.789,49.625,49.000,49.000,50.000,49.000,47.000,47.000,48.000,47.000,49.000,50.391,48.000,50.391,45.688,35.000,35.000,41.516,40.180,38.594,35.996,8.193,0.142,18.981,1822.923,1697.001,1836.000,1700.000,0.000,0.000,,,,2,1789738222.972,0,0
1072.062,54.891,56.656,49.562,49.000,49.000,51.000,49.000,48.000,47.000,48.000,48.000,49.000,51.000,48.000,50.672,45.750,35.000,35.000,41.500,40.172,38.582,35.996,11.364,0.175,22.722,1839.259,1696.945,1836.000,1700.000,0.000,0.000,,,,2,1789738223.974,0,0
1073.067,54.754,56.520,49.688,49.000,48.000,51.000,49.000,48.000,46.000,48.000,48.000,49.000,51.000,48.000,50.516,45.750,35.000,35.000,41.488,40.160,38.566,35.996,9.721,0.151,20.892,1831.781,1697.025,1836.000,1700.000,0.000,0.000,,,,2,1789738224.979,0,0
1074.069,54.613,56.379,49.750,49.000,49.000,49.000,49.000,48.000,47.000,48.000,48.000,49.000,50.250,48.000,50.250,45.812,35.000,35.000,41.473,40.152,38.555,35.996,8.130,0.149,18.628,1843.677,1689.316,1836.000,1700.000,0.000,0.000,,,,2,1789738225.981,0,0
1075.073,54.453,56.219,49.562,49.000,48.000,49.000,48.000,47.000,46.000,48.000,48.000,49.000,49.484,48.000,49.484,45.750,35.000,35.000,41.457,40.145,38.547,35.996,7.225,0.146,18.202,1820.867,1703.013,1836.000,1700.000,0.000,0.000,,,,2,1789738226.985,0,0
1076.078,54.352,56.117,49.625,49.000,49.000,51.000,50.000,48.000,47.000,49.000,48.000,49.000,51.234,48.000,51.234,45.688,35.000,35.000,41.441,40.137,38.531,35.996,10.235,0.169,21.056,1832.005,1711.620,1836.000,1700.000,0.000,0.000,,,,2,1789738227.989,0,0
1077.082,54.281,56.047,49.625,51.000,50.000,52.000,52.000,50.000,49.000,50.000,49.000,53.000,53.000,50.000,52.109,45.625,35.000,35.000,41.426,40.125,38.520,35.996,13.368,0.175,23.469,1823.237,1697.297,1836.000,1700.000,0.000,0.000,,,,2,1789738228.996,0,0
1078.085,54.180,55.945,49.688,49.000,48.000,51.000,50.000,48.000,48.000,49.000,49.000,49.000,51.016,48.000,51.016,45.688,35.000,35.000,41.414,40.117,38.508,35.996,11.483,0.168,23.191,1841.621,1709.361,1836.000,1700.000,0.000,0.000,,,,2,1789738229.998,0,0
1079.087,54.051,55.727,49.812,49.000,48.000,50.000,49.000,48.000,47.000,48.000,48.000,49.000,50.078,48.000,50.078,45.812,35.000,35.000,41.398,40.109,38.496,35.996,6.941,0.140,17.485,1843.913,1697.553,1836.000,1700.000,0.000,0.000,,,,2,1789738230.999,0,0
1080.091,53.918,55.594,49.688,48.000,48.000,50.000,49.000,48.000,47.000,49.000,48.000,49.000,50.000,48.000,49.828,45.688,35.000,35.000,41.383,40.105,38.488,35.996,7.584,0.148,18.372,1844.272,1697.089,1836.000,1700.000,0.000,0.000,,,,2,1789738232.003,0,0
1081.095,53.797,55.473,49.625,48.000,48.000,50.000,49.000,47.000,47.000,48.000,48.000,49.000,50.031,48.000,50.031,45.625,35.000,35.000,41.371,40.098,38.477,35.996,7.624,0.141,17.753,1832.565,1697.673,1836.000,1700.000,0.000,0.000,,,,2,1789738233.008,0,0
1082.097,53.715,55.391,49.500,49.000,49.000,50.000,49.000,48.000,47.000,48.000,49.000,49.000,51.125,48.000,51.125,45.562,35.000,35.000,41.355,40.086,38.465,35.996,11.816,0.160,22.230,1832.397,1711.425,1836.000,1700.000,0.000,0.000,,,,2,1789738234.009,0,0
1083.101,53.578,55.254,49.625,49.000,49.000,49.000,49.000,48.000,47.000,48.000,47.000,49.000,49.328,48.000,49.328,45.750,35.000,35.000,41.340,40.078,38.457,35.996,6.911,0.140,17.213,1834.694,1691.308,1836.000,1700.000,0.000,0.000,,,,2,1789738235.011,0,0
1084.105,53.461,55.137,49.625,48.000,48.000,49.000,49.000,47.000,47.000,48.000,48.000,49.000,49.891,48.000,49.891,45.625,35.000,35.000,41.324,40.070,38.441,35.996,9.033,0.153,19.478,1825.363,1697.281,1836.000,1700.000,0.000,0.000,,,,2,1789738236.018,0,0
1085.108,53.324,55.000,49.500,48.000,47.000,49.000,48.000,46.000,46.000,48.000,47.000,49.000,49.031,47.000,49.031,45.562,35.000,35.000,41.309,40.062,38.434,35.996,5.347,0.122,15.695,1838.836,1697.256,1836.000,1700.000,0.000,0.000,,,,2,1789738237.021,0,0
1086.111,53.188,54.863,49.250,47.000,47.000,49.000,48.000,46.000,46.000,47.000,47.000,49.000,49.016,47.000,49.016,45.500,35.000,35.000,41.293,40.055,38.422,35.996,5.070,0.111,15.418,1832.443,1697.249,1836.000,1700.000,0.000,0.000,,,,2,1789738238.022,0,0
1087.115,53.059,54.734,49.188,48.000,47.000,49.000,48.000,46.000,46.000,47.000,47.000,49.000,49.016,46.000,49.016,45.562,35.000,35.000,41.281,40.047,38.410,35.996,5.517,0.112,15.699,1832.705,1697.273,1836.000,1700.000,0.000,0.000,,,,2,1789738239.031,0,0
1088.119,52.926,54.602,49.125,48.000,48.000,48.000,48.000,46.000,46.000,47.000,47.000,49.000,49.000,47.000,48.828,45.438,35.000,35.000,41.266,40.039,38.402,35.996,4.967,0.109,15.091,1832.303,1696.873,1836.000,1700.000,0.000,0.000,,,,2,1789738240.031,0,0
1089.122,52.797,54.387,49.125,47.000,47.000,48.000,48.000,46.000,45.000,47.000,47.000,48.000,48.797,47.000,48.797,45.438,35.000,35.000,41.250,40.027,38.391,35.996,5.119,0.117,15.080,1832.509,1697.153,1836.000,1700.000,0.000,0.000,,,,2,1789738241.035,0,0
1090.125,52.676,54.266,48.938,48.000,48.000,49.000,49.000,47.000,46.000,47.000,47.000,48.000,49.000,47.000,48.969,45.438,35.000,35.000,41.234,40.020,38.379,35.996,5.854,0.123,15.843,1834.563,1696.809,1836.000,1700.000,0.000,0.000,,,,2,1789738242.038,0,0
1091.128,52.555,54.145,48.938,47.000,46.000,48.000,48.000,46.000,45.000,47.000,47.000,49.000,49.000,47.000,48.781,45.375,35.000,35.000,41.223,40.012,38.371,35.996,5.455,0.121,16.087,1839.193,1711.344,1836.000,1700.000,0.000,0.000,,,,2,1789738243.045,0,0
1092.132,52.445,54.035,48.750,47.000,47.000,49.000,48.000,46.000,46.000,47.000,47.000,49.000,49.016,47.000,49.016,45.375,35.000,35.000,41.207,40.004,38.359,35.996,5.384,0.118,15.364,1827.819,1692.867,1836.000,1700.000,0.000,0.000,,,,2,1789738244.046,0,0
1093.136,52.328,53.918,48.625,47.000,47.000,48.000,48.000,46.000,45.000,47.000,47.000,48.000,48.688,47.000,48.688,45.312,35.000,35.000,41.195,39.992,38.352,35.996,5.262,0.117,15.788,1850.985,1711.132,1836.000,1700.000,0.000,0.000,,,,2,1789738245.049,0,0
1094.141,52.203,53.793,48.688,47.000,47.000,47.000,47.000,46.000,45.000,47.000,46.000,49.000,49.000,47.000,48.375,45.188,35.000,35.000,41.180,39.984,38.340,35.996,5.043,0.113,15.498,1825.271,1693.217,1836.000,1700.000,0.000,0.000,,,,2,1789738246.055,0,0
1095.142,52.082,53.672,48.562,47.000,46.000,48.000,47.000,46.000,46.000,47.000,47.000,48.000,48.266,46.000,48.266,45.250,35.000,35.000,41.164,39.977,38.332,35.996,5.089,0.121,15.151,1839.165,1696.697,1836.000,1700.000,0.000,0.000,,,,2,1789738247.055,0,0
1096.146,51.957,53.547,48.500,47.000,46.000,48.000,47.000,46.000,45.000,47.000,47.000,48.000,48.172,46.000,48.172,45.125,35.000,35.000,41.148,39.969,38.320,35.996,5.232,0.113,15.172,1834.488,1703.416,1836.000,1700.000,0.000,0.000,,,,2,1789738248.060,0,0
1097.150,51.844,53.434,48.375,47.000,46.000,48.000,48.000,46.000,45.000,47.000,46.000,48.000,48.312,47.000,48.312,44.938,35.000,35.000,41.137,39.957,38.309,35.996,5.295,0.119,15.244,1832.611,1702.941,1836.000,1700.000,0.000,0.000,,,,2,1789738249.062,0,0
1098.154,51.758,53.348,48.375,48.000,47.000,49.000,49.000,46.000,46.000,47.000,46.000,48.000,49.078,46.000,49.078,45.000,35.000,35.000,41.121,39.945,38.301,35.996,8.369,0.156,18.462,1841.781,1693.560,1836.000,1700.000,0.000,0.000,,,,2,1789738250.066,0,0
1099.158,51.703,53.215,48.250,48.000,48.000,49.000,49.000,47.000,47.000,48.000,48.000,49.000,50.047,48.000,50.047,44.938,35.000,35.000,41.105,39.938,38.289,35.996,10.410,0.154,19.274,1846.324,1701.259,1836.000,1700.000,0.000,0.000,,,,2,1789738251.072,0,0
1100.160,51.641,53.152,48.312,48.000,48.000,49.000,49.000,46.000,46.000,47.000,47.000,48.000,49.609,47.000,49.609,44.938,35.000,35.000,41.094,39.930,38.277,35.996,8.973,0.136,20.629,1830.208,1692.931,1836.000,1700.000,0.000,0.000,,,,2,1789738252.072,0,0
1101.164,52.258,53.926,48.438,57.000,54.000,58.000,56.000,53.000,53.000,51.000,50.000,51.000,58.000,52.000,55.359,44.938,35.000,35.000,41.078,39.922,38.270,35.996,16.093,0.177,23.173,1832.388,1707.351,1836.000,1700.000,0.000,0.000,,,,2,1789738253.075,0,0
1102.168,54.449,56.609,48.875,52.000,51.000,54.000,53.000,51.000,50.000,51.000,50.000,51.000,61.031,51.000,61.031,44.938,35.000,35.000,41.066,39.910,38.258,35.996,36.816,0.272,50.689,1844.102,1714.988,1836.000,1700.000,0.000,0.000,,,,2,1789738254.078,0,0
1103.169,54.641,56.645,49.250,55.000,52.000,52.000,53.000,50.000,51.000,51.000,50.000,53.000,55.219,51.000,55.219,45.062,35.000,35.000,41.051,39.902,38.250,35.996,26.536,0.232,37.329,1818.852,1709.118,1836.000,1700.000,0.000,0.000,,,,2,1789738255.081,0,0
1104.173,54.629,56.430,49.375,54.000,52.000,54.000,53.000,51.000,51.000,51.000,50.000,54.000,54.375,51.000,54.375,45.438,35.000,35.000,41.035,39.898,38.238,35.996,23.937,0.230,34.161,1839.428,1690.990,1836.000,1700.000,0.000,0.000,,,,2,1789738256.088,0,0
1105.177,54.598,56.219,49.625,54.000,53.000,54.000,54.000,54.000,51.000,51.000,50.000,53.000,54.000,52.000,53.641,45.438,35.000,35.000,41.023,39.891,38.227,35.996,19.100,0.196,30.861,1853.597,1707.181,1836.000,1700.000,0.000,0.000,,,,2,1789738257.088,0,0
1106.182,54.539,56.000,49.750,50.000,50.000,51.000,51.000,49.000,49.000,49.000,49.000,53.000,53.000,49.000,52.719,45.625,35.000,35.000,41.008,39.887,38.219,35.996,17.421,0.186,29.607,1825.447,1687.511,1836.000,1700.000,0.000,0.000,,,,2,1789738258.094,0,0
1107.186,54.473,55.785,49.875,51.000,50.000,52.000,52.000,51.000,53.000,49.000,50.000,52.000,53.000,50.000,52.375,45.688,35.000,35.000,40.996,39.883,38.207,35.996,15.816,0.181,26.455,1837.288,1708.542,1836.000,1700.000,0.000,0.000,,,,2,1789738259.097,0,0
1108.190,54.422,55.734,50.000,50.000,53.000,51.000,51.000,50.000,49.000,50.000,49.000,52.000,53.000,50.000,52.812,45.812,35.000,35.000,40.984,39.883,38.195,35.996,18.678,0.209,30.312,1846.770,1691.038,1836.000,1700.000,0.000,0.000,,,,2,1789738260.102,0,0
1109.193,54.383,55.695,50.188,52.000,50.000,51.000,51.000,49.000,49.000,50.000,49.000,52.000,53.141,50.000,53.141,45.875,35.000,35.000,40.969,39.879,38.188,35.996,16.841,0.193,27.608,1844.196,1701.372,1836.000,1700.000,0.000,0.000,,,,2,1789738261.104,0,0
1110.197,54.332,55.645,50.250,50.000,49.000,51.000,50.000,48.000,48.000,49.000,49.000,53.000,53.000,50.000,52.797,46.000,35.000,35.000,40.957,39.879,38.180,35.996,16.145,0.181,27.149,1829.975,1711.010,1836.000,1700.000,0.000,0.000,,,,2,1789738262.109,0,0
1111.200,54.262,55.574,50.250,50.000,49.000,51.000,49.000,49.000,48.000,49.000,49.000,50.000,52.125,48.000,52.125,46.000,35.000,35.000,40.945,39.879,38.172,35.996,15.269,0.173,26.744,1832.033,1702.941,1836.000,1700.000,0.000,0.000,,,,2,1789738263.112,0,0
1112.205,54.180,55.492,50.375,49.000,49.000,51.000,49.000,49.000,48.000,49.000,49.000,51.000,51.625,48.000,51.625,46.000,35.000,35.000,40.934,39.879,38.164,35.996,15.749,0.187,26.538,1839.381,1698.786,1836.000,1700.000,0.000,0.000,,,,2,1789738264.117,0,0
1113.209,54.051,55.363,50.375,49.000,48.000,49.000,49.000,47.000,47.000,48.000,49.000,50.000,50.078,48.000,50.078,46.062,35.000,35.000,40.922,39.883,38.156,35.996,6.603,0.130,17.492,1829.919,1701.058,1836.000,1700.000,0.000,0.000,,,,2,1789738265.119,0,0
1114.211,54.090,55.402,50.375,50.000,51.000,52.000,52.000,50.000,49.000,50.000,50.000,52.000,55.281,50.000,55.281,46.000,35.000,35.000,40.910,39.883,38.145,35.996,18.883,0.213,28.567,1843.941,1707.010,1836.000,1700.000,0.000,0.000,,,,2,1789738266.124,0,0
1115.212,54.094,55.406,50.375,50.000,50.000,52.000,52.000,50.000,49.000,50.000,49.000,54.000,54.172,50.000,54.172,46.000,35.000,35.000,40.895,39.883,38.137,35.996,16.030,0.169,25.015,1832.024,1691.324,1836.000,1700.000,0.000,0.000,,,,2,1789738267.123,0,0
1116.215,54.051,55.363,50.625,50.000,50.000,51.000,50.000,50.000,49.000,51.000,49.000,52.000,52.797,49.000,52.797,46.125,35.000,35.000,40.883,39.883,38.133,35.996,15.109,0.174,26.128,1839.015,1691.904,1836.000,1700.000,0.000,0.000,,,,2,1789738268.125,0,0
1117.217,53.977,55.281,50.750,50.000,49.000,50.000,50.000,48.000,48.000,50.000,49.000,51.000,51.594,49.000,51.594,46.125,35.000,35.000,40.871,39.883,38.121,35.996,13.996,0.172,25.569,1843.884,1717.205,1836.000,1700.000,0.000,0.000,,,,2,1789738269.129,0,0
1118.217,53.922,55.227,50.562,50.000,49.000,51.000,51.000,49.000,48.000,50.000,49.000,52.000,52.297,49.000,52.297,46.000,35.000,35.000,40.859,39.887,38.113,35.996,11.667,0.145,21.271,1844.026,1685.764,1836.000,1700.000,0.000,0.000,,,,2,1789738270.129,0,0
1119.221,53.867,55.172,50.688,49.000,49.000,50.000,50.000,48.000,48.000,50.000,49.000,50.000,52.094,48.000,52.094,46.062,35.000,35.000,40.848,39.887,38.105,35.996,12.393,0.151,24.025,1832.201,1697.689,1836.000,1700.000,0.000,0.000,,,,2,1789738271.137,0,0
1120.226,53.742,55.047,50.562,49.000,48.000,49.000,49.000,48.000,47.000,48.000,48.000,49.000,49.938,48.000,49.938,46.125,35.000,35.000,40.836,39.891,38.102,35.996,6.351,0.116,17.074,1829.938,1691.141,1836.000,1700.000,0.000,0.000,,,,2,1789738272.138,0,0
1121.228,53.633,54.938,50.375,49.000,49.000,51.000,51.000,48.000,47.000,49.000,48.000,50.000,51.000,49.000,50.141,46.062,35.000,35.000,40.828,39.891,38.098,35.996,6.595,0.118,15.803,1839.015,1699.500,1836.000,1700.000,0.000,0.000,,,,2,1789738273.140,0,0
1122.232,53.547,54.852,50.438,50.000,49.000,50.000,49.000,49.000,48.000,49.000,48.000,49.000,50.969,49.000,50.969,45.875,35.000,35.000,40.816,39.891,38.090,35.996,10.080,0.157,21.132,1844.064,1693.002,1836.000,1700.000,0.000,0.000,,,,2,1789738274.143,0,0
1123.234,53.484,54.789,50.312,50.000,49.000,50.000,50.000,49.000,48.000,49.000,49.000,50.000,51.531,49.000,51.531,45.875,35.000,35.000,40.805,39.891,38.082,35.996,10.877,0.141,21.199,1853.148,1697.249,1836.000,1700.000,0.000,0.000,,,,2,1789738275.145,0,0
1124.238,53.430,54.734,50.312,51.000,50.000,52.000,51.000,49.000,48.000,50.000,49.000,52.000,52.000,50.000,51.750,45.750,35.000,35.000,40.793,39.891,38.078,35.996,12.496,0.158,22.865,1837.063,1700.495,1836.000,1700.000,0.000,0.000,,,,2,1789738276.151,0,0
1125.242,53.340,54.645,50.438,49.000,49.000,50.000,49.000,48.000,48.000,48.000,48.000,51.000,51.000,48.000,50.469,46.000,35.000,35.000,40.781,39.891,38.070,35.996,11.595,0.157,23.017,1839.409,1701.002,1836.000,1700.000,0.000,0.000,,,,2,1789738277.153,0,0
1126.246,53.293,54.598,50.375,49.000,49.000,51.000,50.000,48.000,48.000,49.000,49.000,51.000,51.844,49.000,51.844,45.875,35.000,35.000,40.770,39.891,38.066,35.996,13.723,0.162,23.452,1843.545,1708.420,1836.000,1700.000,0.000,0.000,,,,2,1789738278.157,0,0
1127.250,53.273,54.512,50.375,50.000,50.000,51.000,51.000,50.000,49.000,50.000,49.000,53.000,53.000,50.000,52.719,46.000,35.000,35.000,40.758,39.895,38.059,35.996,14.984,0.179,25.164,1836.857,1700.913,1836.000,1700.000,0.000,0.000,,,,2,1789738279.161,0,0
1128.251,53.172,54.410,50.438,49.000,48.000,50.000,49.000,47.000,47.000,48.000,47.000,50.000,50.047,48.000,50.047,45.875,35.000,35.000,40.746,39.895,38.055,35.996,9.729,0.147,21.515,1822.656,1702.756,1836.000,1700.000,0.000,0.000,,,,2,1789738280.166,0,0
1129.255,53.062,54.301,50.500,48.000,48.000,50.000,49.000,47.000,47.000,48.000,48.000,50.000,50.000,48.000,49.609,46.000,35.000,35.000,40.734,39.898,38.051,35.996,6.278,0.120,15.897,1841.395,1706.978,1836.000,1700.000,0.000,0.000,,,,2,1789738281.166,0,0
1130.260,53.031,54.270,50.375,51.000,51.000,52.000,52.000,49.000,49.000,49.000,49.000,53.000,53.000,50.000,52.125,45.812,35.000,35.000,40.727,39.898,38.043,35.996,15.089,0.171,24.813,1841.508,1695.187,1836.000,1700.000,0.000,0.000,,,,2,1789738282.172,0,0
1131.264,52.934,54.172,50.188,48.000,48.000,49.000,49.000,47.000,47.000,48.000,48.000,50.000,50.000,48.000,49.891,45.812,35.000,35.000,40.715,39.898,38.039,35.996,9.915,0.155,21.972,1839.315,1701.187,1836.000,1700.000,0.000,0.000,,,,2,1789738283.175,0,0
1132.269,52.875,54.113,50.250,49.000,49.000,51.000,50.000,48.000,48.000,49.000,49.000,51.000,51.031,49.000,51.031,45.812,35.000,35.000,40.703,39.898,38.031,35.996,10.975,0.150,20.973,1832.537,1710.929,1836.000,1700.000,0.000,0.000,,,,2,1789738284.185,0,0
1133.272,52.844,54.082,50.375,50.000,49.000,51.000,51.000,48.000,49.000,49.000,49.000,52.000,52.000,49.000,51.938,45.812,35.000,35.000,40.691,39.902,38.027,35.996,14.937,0.175,25.952,1843.828,1697.201,1836.000,1700.000,0.000,0.000,,,,2,1789738285.184,0,0
1134.275,52.766,54.004,50.438,50.000,48.000,51.000,50.000,48.000,47.000,48.000,48.000,50.000,51.000,48.000,50.297,45.875,35.000,35.000,40.684,39.902,38.023,35.996,8.831,0.147,19.663,1825.688,1691.642,1836.000,1700.000,0.000,0.000,,,,2,1789738286.187,0,0
1135.279,52.695,53.934,50.250,48.000,49.000,50.000,50.000,48.000,47.000,49.000,48.000,50.000,50.547,49.000,50.547,45.938,35.000,35.000,40.672,39.902,38.016,35.996,10.909,0.149,21.483,1839.109,1697.473,1836.000,1700.000,0.000,0.000,,,,2,1789738287.192,0,0
1136.283,52.641,53.879,50.250,49.000,49.000,51.000,50.000,49.000,48.000,49.000,49.000,51.000,51.000,49.000,50.984,45.812,35.000,35.000,40.660,39.902,38.012,35.996,12.272,0.159,22.310,1839.052,1699.300,1836.000,1700.000,0.000,0.000,,,,2,1789738288.194,0,0
1137.285,52.648,53.832,50.375,50.000,52.000,51.000,54.000,50.000,49.000,50.000,50.000,52.000,54.000,50.000,52.797,45.688,35.000,35.000,40.652,39.906,38.008,35.996,18.015,0.198,28.381,1839.372,1693.161,1836.000,1700.000,0.000,0.000,,,,2,1789738289.197,0,0
1138.289,52.555,53.738,50.312,48.000,48.000,49.000,48.000,47.000,47.000,48.000,48.000,49.000,49.688,47.000,49.688,45.812,35.000,35.000,40.641,39.906,38.004,35.996,10.519,0.155,22.361,1834.610,1696.593,1836.000,1700.000,0.000,0.000,,,,2,1789738290.201,0,0
1139.291,52.465,53.648,50.250,49.000,49.000,49.000,49.000,47.000,47.000,48.000,49.000,49.000,49.672,48.000,49.672,45.938,35.000,35.000,40.629,39.910,38.000,35.996,7.215,0.143,17.501,1818.485,1710.880,1836.000,1700.000,0.000,0.000,,,,2,1789738291.202,0,0
1140.293,52.414,53.598,50.375,50.000,49.000,52.000,51.000,48.000,48.000,48.000,48.000,49.000,52.000,48.000,50.875,45.812,35.000,35.000,40.621,39.910,37.996,35.996,11.165,0.168,21.592,1846.324,1705.482,1836.000,1700.000,0.000,0.000,,,,2,1789738292.205,0,0
1141.296,52.414,53.598,50.250,49.000,49.000,51.000,50.000,48.000,48.000,49.000,49.000,49.000,52.375,49.000,52.375,45.812,35.000,35.000,40.613,39.914,37.992,35.996,12.163,0.173,22.551,1843.866,1710.563,1836.000,1700.000,0.000,0.000,,,,2,1789738293.209,0,0
1142.300,52.355,53.539,50.312,49.000,49.000,50.000,50.000,48.000,47.000,48.000,48.000,50.000,50.531,49.000,50.531,45.688,35.000,35.000,40.602,39.910,37.988,35.996,8.706,0.138,18.946,1839.212,1701.179,1836.000,1700.000,0.000,0.000,,,,2,1789738294.211,0,0
1143.302,52.422,53.566,50.312,58.000,56.000,59.000,56.000,59.000,56.000,58.000,58.000,51.000,59.000,52.000,53.234,45.812,35.000,35.000,40.590,39.910,37.984,35.996,19.231,0.204,29.110,1832.061,1696.809,1836.000,1700.000,0.000,0.000,,,,2,1789738295.215,0,0
1144.306,52.383,53.414,50.312,52.000,53.000,52.000,52.000,51.000,50.000,50.000,49.000,51.000,53.000,51.000,51.234,45.812,35.000,35.000,40.582,39.910,37.980,35.996,12.354,0.164,22.854,1818.338,1700.913,1836.000,1700.000,0.000,0.000,,,,2,1789738296.218,0,0
1145.310,52.293,53.324,50.375,48.000,48.000,49.000,49.000,47.000,47.000,48.000,48.000,49.000,49.562,47.000,49.562,45.875,35.000,35.000,40.570,39.910,37.977,35.996,8.185,0.139,19.356,1827.782,1702.281,1836.000,1700.000,0.000,0.000,,,,2,1789738297.223,0,0
1146.315,52.211,53.242,50.188,48.000,48.000,49.000,49.000,48.000,47.000,48.000,48.000,49.000,49.656,48.000,49.656,45.812,35.000,35.000,40.559,39.910,37.973,35.996,8.818,0.141,18.782,1831.875,1698.666,1836.000,1700.000,0.000,0.000,,,,2,1789738298.226,0,0
1147.317,52.148,53.180,50.125,49.000,48.000,50.000,49.000,47.000,48.000,48.000,48.000,49.000,50.109,48.000,50.109,45.812,35.000,35.000,40.551,39.910,37.969,35.996,8.075,0.137,18.213,1831.763,1683.305,1836.000,1700.000,0.000,0.000,,,,2,1789738299.228,0,0
1148.322,52.090,53.121,50.125,49.000,49.000,51.000,50.000,50.000,47.000,48.000,48.000,49.000,51.000,48.000,50.391,45.750,35.000,35.000,40.539,39.910,37.965,35.996,8.708,0.143,19.062,1836.922,1696.937,1836.000,1700.000,0.000,0.000,,,,2,1789738300.232,0,0
1149.324,52.020,53.051,50.062,49.000,49.000,50.000,49.000,48.000,47.000,48.000,47.000,49.000,50.000,47.000,49.781,45.625,35.000,35.000,40.531,39.906,37.961,35.996,7.920,0.133,17.985,1841.847,1694.285,1836.000,1700.000,0.000,0.000,,,,2,1789738301.234,0,0
1150.329,51.957,52.988,50.125,48.000,48.000,49.000,49.000,48.000,47.000,48.000,47.000,49.000,50.047,48.000,50.047,45.688,35.000,35.000,40.520,39.906,37.957,35.996,10.198,0.144,20.769,1834.675,1690.998,1836.000,1700.000,0.000,0.000,,,,2,1789738302.240,0,0
1151.333,51.895,52.926,50.000,48.000,48.000,49.000,49.000,47.000,47.000,48.000,47.000,49.000,49.969,47.000,49.969,45.750,35.000,35.000,40.508,39.902,37.953,35.996,9.839,0.152,20.465,1839.024,1700.616,1836.000,1700.000,0.000,0.000,,,,2,1789738303.244,0,0
1152.336,51.852,52.883,50.000,49.000,48.000,51.000,49.000,48.000,47.000,48.000,48.000,49.000,51.000,48.000,50.500,45.688,35.000,35.000,40.500,39.902,37.949,35.996,9.948,0.150,19.301,1832.369,1700.552,1836.000,1700.000,0.000,0.000,,,,2,1789738304.246,0,0
1153.339,51.789,52.820,49.938,49.000,48.000,49.000,49.000,48.000,47.000,48.000,48.000,50.000,50.000,49.000,49.859,45.688,35.000,35.000,40.488,39.898,37.945,35.996,9.768,0.149,20.993,1832.378,1710.124,1836.000,1700.000,0.000,0.000,,,,2,1789738305.250,0,0
1154.342,51.719,52.695,49.938,48.000,47.000,49.000,48.000,47.000,47.000,48.000,47.000,49.000,49.484,47.000,49.484,45.625,35.000,35.000,40.473,39.891,37.941,35.996,7.904,0.130,18.614,1844.073,1700.801,1836.000,1700.000,0.000,0.000,,,,2,1789738306.254,0,0
1155.345,51.742,52.719,50.000,49.000,49.000,51.000,51.000,48.000,48.000,48.000,48.000,49.000,52.453,49.000,52.453,45.500,35.000,35.000,40.461,39.883,37.938,35.996,11.402,0.144,20.360,1820.747,1710.449,1836.000,1700.000,0.000,0.000,,,,2,1789738307.258,0,0
1156.350,51.664,52.641,49.812,49.000,48.000,49.000,49.000,47.000,47.000,48.000,47.000,48.000,49.250,48.000,49.250,45.500,35.000,35.000,40.449,39.879,37.934,35.996,5.946,0.115,17.013,1832.303,1696.881,1836.000,1700.000,0.000,0.000,,,,2,1789738308.262,0,0
1157.350,51.645,52.621,49.750,48.000,47.000,49.000,49.000,48.000,46.000,48.000,47.000,49.000,51.047,47.000,51.047,45.500,35.000,35.000,40.441,39.875,37.930,35.996,11.816,0.148,23.746,1858.084,1683.462,1836.000,1700.000,0.000,0.000,,,,2,1789738309.264,0,0
1158.350,51.621,52.598,49.688,48.000,48.000,49.000,49.000,47.000,47.000,48.000,47.000,49.000,50.906,48.000,50.906,45.438,35.000,35.000,40.430,39.871,37.926,35.996,8.965,0.130,19.453,1827.662,1703.223,1836.000,1700.000,0.000,0.000,,,,2,1789738310.261,0,0
1159.356,51.543,52.520,49.750,48.000,47.000,49.000,48.000,46.000,46.000,47.000,47.000,48.000,49.156,48.000,49.156,45.375,35.000,35.000,40.418,39.863,37.922,35.996,6.783,0.123,16.841,1818.513,1710.612,1836.000,1700.000,0.000,0.000,,,,2,1789738311.266,0,0
1160.361,55.504,57.570,49.812,65.000,62.000,71.000,62.000,64.000,63.000,57.000,62.000,53.000,71.000,57.000,67.391,45.375,35.000,35.000,40.406,39.855,37.918,35.996,37.361,0.246,39.650,1839.409,1696.721,1836.000,1700.000,0.000,0.000,,,,2,1789738312.272,0,0
1161.364,56.688,58.902,50.250,59.000,58.000,59.000,59.000,55.000,54.000,55.000,52.000,52.000,60.234,55.000,60.234,45.688,35.000,35.000,40.395,39.855,37.918,35.996,22.624,0.228,36.643,1844.092,1700.913,1836.000,1700.000,0.000,0.000,,,,2,1789738313.274,0,0
1162.368,56.633,58.625,50.438,51.000,51.000,52.000,52.000,51.000,50.000,50.000,50.000,51.000,54.984,51.000,54.984,45.688,35.000,35.000,40.387,39.852,37.910,35.996,17.181,0.198,31.101,1853.511,1707.197,1836.000,1700.000,0.000,0.000,,,,2,1789738314.279,0,0
1163.372,56.500,58.293,50.375,52.000,51.000,52.000,51.000,50.000,49.000,50.000,49.000,51.000,52.391,50.000,52.391,45.938,35.000,35.000,40.379,39.848,37.906,35.996,11.232,0.161,23.258,1832.537,1697.425,1836.000,1700.000,0.000,0.000,,,,2,1789738315.284,0,0
1164.376,56.340,58.133,50.438,50.000,51.000,51.000,50.000,48.000,48.000,49.000,49.000,50.000,51.328,50.000,51.328,45.938,35.000,35.000,40.367,39.840,37.902,35.996,10.878,0.159,22.562,1823.292,1694.875,1836.000,1700.000,0.000,0.000,,,,2,1789738316.287,0,0
1165.381,56.152,57.945,50.375,49.000,48.000,50.000,49.000,48.000,47.000,48.000,49.000,49.000,50.391,48.000,50.391,46.000,35.000,35.000,40.355,39.836,37.902,35.996,8.707,0.139,20.080,1837.025,1718.664,1836.000,1700.000,0.000,0.000,,,,2,1789738317.291,0,0
1166.382,56.047,57.840,50.312,49.000,49.000,52.000,49.000,50.000,48.000,50.000,48.000,49.000,52.766,49.000,52.766,45.938,35.000,35.000,40.348,39.832,37.898,35.996,18.824,0.174,29.416,1839.184,1702.997,1836.000,1700.000,0.000,0.000,,,,2,1789738318.296,0,0
1167.383,55.844,57.637,50.438,48.000,48.000,50.000,49.000,49.000,47.000,48.000,48.000,49.000,50.000,47.000,49.562,46.062,35.000,35.000,40.336,39.828,37.895,35.996,5.447,0.107,16.360,1830.133,1710.978,1836.000,1700.000,0.000,0.000,,,,2,1789738319.299,0,0
1168.387,55.633,57.426,50.125,48.000,47.000,49.000,48.000,47.000,46.000,48.000,48.000,49.000,49.109,47.000,49.109,45.812,35.000,35.000,40.328,39.816,37.891,35.996,3.965,0.084,14.617,1832.359,1706.517,1836.000,1700.000,0.000,0.000,,,,2,1789738320.299,0,0
1169.390,55.453,57.246,49.875,49.000,48.000,50.000,49.000,47.000,47.000,48.000,48.000,49.000,50.000,48.000,49.922,45.938,35.000,35.000,40.316,39.816,37.887,35.996,6.990,0.117,17.200,1844.177,1710.929,1836.000,1700.000,0.000,0.000,,,,2,1789738321.307,0,0
1170.392,55.301,57.094,49.875,48.000,48.000,49.000,49.000,48.000,47.000,48.000,48.000,49.000,50.562,47.000,50.562,45.812,35.000,35.000,40.309,39.812,37.887,35.996,8.271,0.128,18.311,1832.518,1700.817,1836.000,1700.000,0.000,0.000,,,,2,1789738322.311,0,0
1171.396,55.223,57.016,49.688,50.000,50.000,52.000,52.000,50.000,49.000,49.000,49.000,50.000,52.734,49.000,52.734,45.812,35.000,35.000,40.301,39.812,37.883,35.996,8.577,0.122,16.488,1834.610,1693.002,1836.000,1700.000,0.000,0.000,,,,2,1789738323.305,0,0
1172.400,55.062,56.855,49.750,48.000,47.000,49.000,49.000,48.000,47.000,48.000,48.000,49.000,50.172,46.000,50.172,45.688,35.000,35.000,40.293,39.809,37.879,35.996,7.254,0.110,19.975,1843.950,1698.666,1836.000,1700.000,0.000,0.000,,,,2,1789738324.312,0,0
1173.402,54.887,56.680,49.625,48.000,47.000,49.000,49.000,47.000,47.000,48.000,47.000,49.000,49.391,47.000,49.391,45.625,35.000,35.000,40.285,39.805,37.879,35.996,5.914,0.107,15.480,1848.818,1685.346,1836.000,1700.000,0.000,0.000,,,,2,1789738325.320,0,0
1174.407,54.742,56.535,49.562,48.000,48.000,50.000,49.000,48.000,47.000,48.000,48.000,49.000,50.281,47.000,50.281,45.625,35.000,35.000,40.273,39.801,37.875,35.996,9.859,0.125,19.380,1832.695,1691.046,1836.000,1700.000,0.000,0.000,,,,2,1789738326.323,0,0
1175.411,54.605,56.398,49.375,49.000,49.000,51.000,51.000,50.000,49.000,49.000,49.000,49.000,51.000,48.000,50.391,45.625,35.000,35.000,40.266,39.797,37.875,35.996,7.726,0.137,17.017,1832.359,1710.791,1836.000,1700.000,0.000,0.000,,,,2,1789738327.324,0,0
1176.414,54.457,56.250,49.375,50.000,49.000,52.000,50.000,49.000,48.000,49.000,49.000,49.000,52.000,48.000,49.828,45.625,35.000,35.000,40.258,39.793,37.871,35.996,6.059,0.115,16.784,1820.941,1695.578,1836.000,1700.000,0.000,0.000,,,,2,1789738328.324,0,0
1177.418,54.305,56.098,49.312,47.000,47.000,49.000,48.000,47.000,46.000,47.000,48.000,49.000,49.609,47.000,49.609,45.562,35.000,35.000,40.246,39.785,37.867,35.996,7.815,0.123,18.400,1844.158,1702.852,1836.000,1700.000,0.000,0.000,,,,2,1789738329.335,0,0
1178.423,54.148,55.941,49.250,48.000,47.000,49.000,48.000,46.000,46.000,47.000,48.000,49.000,49.266,46.000,49.266,45.500,35.000,35.000,40.234,39.781,37.863,35.996,5.668,0.109,16.737,1827.894,1693.138,1836.000,1700.000,0.000,0.000,,,,2,1789738330.335,0,0
1179.428,53.980,55.773,49.062,47.000,47.000,48.000,47.000,46.000,45.000,47.000,47.000,49.000,49.000,47.000,48.766,45.375,35.000,35.000,40.223,39.770,37.863,35.996,4.379,0.094,14.522,1832.434,1691.038,1836.000,1700.000,0.000,0.000,,,,2,1789738331.342,0,0
1180.430,53.820,55.613,49.000,47.000,47.000,48.000,48.000,46.000,45.000,47.000,48.000,48.000,48.875,46.000,48.875,45.438,35.000,35.000,40.211,39.758,37.859,35.996,4.390,0.083,14.046,1837.156,1697.345,1836.000,1700.000,0.000,0.000,,,,2,1789738332.343,0,0
1181.434,53.688,55.480,48.750,57.000,55.000,53.000,53.000,50.000,49.000,51.000,50.000,49.000,57.000,51.000,49.578,45.312,35.000,35.000,40.199,39.746,37.855,35.996,4.800,0.084,13.850,1821.042,1704.755,1836.000,1700.000,0.000,0.000,,,,2,1789738333.346,0,0
1182.438,53.715,55.391,49.062,50.000,49.000,51.000,51.000,49.000,48.000,49.000,49.000,49.000,54.328,48.000,54.328,45.375,35.000,35.000,40.191,39.742,37.852,35.996,26.467,0.217,38.407,1853.234,1723.280,1836.000,1700.000,0.000,0.000,,,,2,1789738334.351,0,0
1183.442,53.574,55.250,49.000,48.000,48.000,50.000,49.000,48.000,47.000,48.000,47.000,49.000,50.000,47.000,49.297,45.375,35.000,35.000,40.184,39.738,37.848,35.996,7.549,0.133,19.281,1830.375,1718.755,1836.000,1700.000,0.000,0.000,,,,2,1789738335.356,0,0
1184.444,53.430,55.105,48.938,47.000,47.000,48.000,48.000,46.000,46.000,47.000,47.000,48.000,48.953,47.000,48.953,45.312,35.000,35.000,40.172,39.727,37.844,35.996,6.243,0.120,17.172,1825.669,1696.761,1836.000,1700.000,0.000,0.000,,,,2,1789738336.356,0,0
1185.446,53.289,54.965,48.938,48.000,47.000,49.000,48.000,47.000,46.000,48.000,47.000,48.000,49.000,48.000,48.922,45.312,35.000,35.000,40.160,39.715,37.844,35.996,5.768,0.109,16.103,1846.410,1689.181,1836.000,1700.000,0.000,0.000,,,,2,1789738337.360,0,0
1186.451,53.141,54.816,48.812,47.000,47.000,49.000,47.000,46.000,46.000,47.000,47.000,49.000,49.000,47.000,48.547,45.312,35.000,35.000,40.148,39.703,37.836,35.996,5.572,0.110,15.730,1844.328,1706.355,1836.000,1700.000,0.000,0.000,,,,2,1789738338.364,0,0
1187.456,53.004,54.680,48.750,49.000,48.000,49.000,48.000,46.000,46.000,47.000,47.000,49.000,49.000,47.000,48.734,45.250,35.000,35.000,40.137,39.695,37.836,35.996,5.797,0.113,16.034,1832.509,1700.568,1836.000,1700.000,0.000,0.000,,,,2,1789738339.369,0,0
1188.460,52.883,54.559,48.688,49.000,49.000,50.000,50.000,48.000,47.000,48.000,47.000,49.000,50.000,49.000,49.078,45.125,35.000,35.000,40.129,39.684,37.832,35.996,6.904,0.120,16.690,1832.714,1702.248,1836.000,1700.000,0.000,0.000,,,,2,1789738340.371,0,0
1189.465,52.766,54.441,48.625,48.000,48.000,49.000,49.000,47.000,46.000,47.000,47.000,49.000,49.219,47.000,49.219,45.125,35.000,35.000,40.113,39.672,37.828,35.996,8.688,0.147,19.458,1843.866,1697.048,1836.000,1700.000,0.000,0.000,,,,2,1789738341.377,0,0
1190.469,52.672,54.348,48.750,48.000,48.000,49.000,49.000,47.000,47.000,48.000,47.000,49.000,49.703,48.000,49.703,45.062,35.000,35.000,40.105,39.664,37.828,35.996,9.892,0.159,20.415,1823.237,1697.041,1836.000,1700.000,0.000,0.000,,,,2,1789738342.383,0,0
1191.470,52.562,54.238,48.750,47.000,47.000,49.000,48.000,47.000,46.000,48.000,47.000,48.000,49.250,47.000,49.250,45.062,35.000,35.000,40.094,39.652,37.824,35.996,9.609,0.128,20.786,1842.064,1685.448,1836.000,1700.000,0.000,0.000,,,,2,1789738343.385,0,0
1192.471,52.445,54.035,48.625,48.000,47.000,49.000,48.000,46.000,46.000,47.000,47.000,48.000,49.000,47.000,48.766,45.062,35.000,35.000,40.082,39.641,37.820,35.996,5.760,0.118,16.229,1832.602,1685.456,1836.000,1700.000,0.000,0.000,,,,2,1789738344.381,0,0
1193.474,52.359,53.949,48.625,49.000,49.000,49.000,49.000,47.000,47.000,48.000,47.000,50.000,50.000,48.000,49.703,45.000,35.000,35.000,40.070,39.633,37.816,35.996,8.687,0.131,18.685,1839.438,1693.098,1836.000,1700.000,0.000,0.000,,,,2,1789738345.388,0,0
1194.477,52.262,53.852,48.688,48.000,48.000,49.000,49.000,47.000,46.000,48.000,47.000,49.000,49.234,48.000,49.234,45.000,35.000,35.000,40.059,39.625,37.812,35.996,9.289,0.139,20.079,1818.659,1699.540,1836.000,1700.000,0.000,0.000,,,,2,1789738346.391,0,0
1195.481,52.160,53.750,48.500,48.000,48.000,49.000,48.000,46.000,46.000,48.000,47.000,49.000,49.000,47.000,48.953,45.062,35.000,35.000,40.047,39.613,37.812,35.996,7.443,0.133,17.833,1830.170,1689.348,1836.000,1700.000,0.000,0.000,,,,2,1789738347.394,0,0
1196.481,52.152,53.742,48.562,49.000,49.000,51.000,51.000,48.000,49.000,49.000,49.000,49.000,51.953,48.000,51.953,45.000,35.000,35.000,40.035,39.602,37.809,35.996,10.771,0.156,21.044,1823.357,1702.933,1836.000,1700.000,0.000,0.000,,,,2,1789738348.392,0,0
1197.483,54.781,57.000,48.562,57.000,56.000,55.000,72.000,53.000,56.000,52.000,52.000,51.000,72.000,54.000,62.672,44.938,35.000,35.000,40.023,39.594,37.801,35.996,15.979,0.169,25.039,1818.724,1698.866,1836.000,1700.000,0.000,0.000,,,,2,1789738349.395,0,0
1198.486,59.266,62.605,48.812,61.000,56.000,61.000,60.000,76.000,57.000,56.000,54.000,53.000,76.000,56.000,72.719,45.000,35.000,35.000,40.016,39.586,37.801,35.996,33.068,0.248,43.572,1844.036,1697.425,1836.000,1700.000,0.000,0.000,,,,2,1789738350.397,0,0
1199.491,59.238,62.246,49.375,51.000,50.000,53.000,52.000,51.000,50.000,51.000,50.000,51.000,58.500,51.000,58.500,45.188,35.000,35.000,40.000,39.574,37.797,35.996,30.429,0.271,43.175,1825.799,1695.179,1836.000,1700.000,0.000,0.000,,,,2,1789738351.404,0,0
1200.496,58.965,61.672,49.438,49.000,49.000,49.000,49.000,48.000,47.000,49.000,48.000,49.000,50.438,48.000,50.438,45.375,35.000,35.000,39.992,39.566,37.793,35.996,8.522,0.135,20.597,1837.729,1691.292,1836.000,1700.000,0.000,0.000,,,,2,1789738352.407,0,0
1201.500,58.680,61.117,49.438,52.000,50.000,53.000,51.000,50.000,48.000,49.000,49.000,50.000,53.000,49.000,49.859,45.500,35.000,35.000,39.984,39.559,37.789,35.996,7.681,0.130,17.621,1823.616,1702.941,1836.000,1700.000,0.000,0.000,,,,2,1789738353.412,0,0
1202.504,58.402,60.840,49.312,49.000,48.000,49.000,49.000,48.000,47.000,48.000,48.000,50.000,50.000,48.000,49.781,45.375,35.000,35.000,39.973,39.551,37.785,35.996,9.007,0.148,19.685,1844.234,1716.362,1836.000,1700.000,0.000,0.000,,,,2,1789738354.416,0,0
1203.507,58.133,60.570,49.438,49.000,48.000,49.000,49.000,47.000,47.000,48.000,48.000,49.000,49.781,48.000,49.781,45.375,35.000,35.000,39.961,39.543,37.781,35.996,10.843,0.161,21.491,1832.462,1695.187,1836.000,1700.000,0.000,0.000,,,,2,1789738355.417,0,0
1204.511,58.082,60.520,49.375,50.000,50.000,52.000,51.000,50.000,49.000,50.000,49.000,50.000,56.500,49.000,56.500,45.500,35.000,35.000,39.953,39.531,37.777,35.996,14.207,0.181,24.709,1837.194,1701.283,1836.000,1700.000,0.000,0.000,,,,2,1789738356.422,0,0
1205.512,57.805,60.242,49.312,48.000,47.000,48.000,49.000,46.000,47.000,47.000,47.000,49.000,49.203,47.000,49.203,45.375,35.000,35.000,39.945,39.527,37.773,35.996,6.384,0.134,17.939,1837.475,1696.809,1836.000,1700.000,0.000,0.000,,,,2,1789738357.425,0,0
1206.515,57.527,59.965,49.250,48.000,48.000,49.000,48.000,46.000,46.000,48.000,47.000,49.000,49.000,47.000,48.953,45.375,35.000,35.000,39.938,39.516,37.770,35.996,6.244,0.119,16.506,1830.291,1712.744,1836.000,1700.000,0.000,0.000,,,,2,1789738358.428,0,0
1207.520,57.262,59.699,49.188,48.000,48.000,49.000,48.000,46.000,47.000,47.000,47.000,49.000,49.000,47.000,49.000,45.312,35.000,35.000,39.926,39.508,37.766,35.996,6.407,0.119,16.729,1832.919,1685.385,1836.000,1700.000,0.000,0.000,,,,2,1789738359.436,0,0
1208.521,56.996,59.434,49.062,47.000,47.000,48.000,48.000,46.000,46.000,48.000,47.000,48.000,48.766,47.000,48.766,45.312,35.000,35.000,39.918,39.504,37.762,35.996,6.448,0.123,16.741,1818.825,1697.041,1836.000,1700.000,0.000,0.000,,,,2,1789738360.435,0,0
1209.522,56.730,59.168,49.000,48.000,47.000,48.000,48.000,46.000,46.000,47.000,47.000,49.000,49.000,46.000,48.500,45.062,35.000,35.000,39.906,39.496,37.758,35.996,5.883,0.119,16.145,1832.593,1691.229,1836.000,1700.000,0.000,0.000,,,,2,1789738361.433,0,0
1210.526,56.484,58.922,48.875,48.000,47.000,48.000,48.000,46.000,46.000,47.000,47.000,48.000,48.875,47.000,48.875,45.062,35.000,35.000,39.898,39.488,37.758,35.996,6.707,0.117,16.616,1847.063,1697.409,1836.000,1700.000,0.000,0.000,,,,2,1789738362.439,0,0
1211.529,56.277,58.715,48.875,50.000,48.000,50.000,49.000,47.000,47.000,47.000,47.000,48.000,50.000,48.000,49.812,44.938,35.000,35.000,39.891,39.477,37.750,35.996,6.751,0.115,16.833,1835.536,1691.260,1836.000,1700.000,0.000,0.000,,,,2,1789738363.442,0,0
1212.530,56.035,58.473,48.750,48.000,47.000,48.000,48.000,46.000,46.000,47.000,47.000,48.000,48.516,47.000,48.516,44.938,35.000,35.000,39.879,39.469,37.750,35.996,6.257,0.118,16.905,1846.770,1713.380,1836.000,1700.000,0.000,0.000,,,,2,1789738364.443,0,0
1213.535,55.840,58.277,48.625,49.000,49.000,50.000,50.000,47.000,47.000,48.000,47.000,49.000,50.000,48.000,49.797,44.750,35.000,35.000,39.871,39.461,37.742,35.996,8.059,0.127,16.223,1826.188,1685.488,1836.000,1700.000,0.000,0.000,,,,2,1789738365.449,0,0
1214.538,55.633,58.070,48.625,48.000,48.000,49.000,48.000,46.000,46.000,47.000,47.000,49.000,49.250,47.000,49.250,44.812,35.000,35.000,39.859,39.453,37.738,35.996,10.460,0.139,22.215,1844.546,1691.674,1836.000,1700.000,0.000,0.000,,,,2,1789738366.449,0,0
1215.539,55.844,58.102,48.625,58.000,69.000,55.000,57.000,50.000,52.000,50.000,49.000,50.000,69.000,55.000,56.484,44.812,35.000,35.000,39.852,39.445,37.734,35.996,13.550,0.150,19.638,1847.310,1723.395,1836.000,1700.000,0.000,0.000,,,,2,1789738367.453,0,0
1216.543,55.617,57.648,48.750,47.000,46.000,48.000,48.000,46.000,46.000,47.000,46.000,48.000,48.688,46.000,48.688,44.750,35.000,35.000,39.844,39.438,37.730,35.996,7.145,0.128,23.769,1833.470,1694.907,1836.000,1700.000,0.000,0.000,,,,2,1789738368.456,0,0
1217.547,55.383,57.414,48.562,47.000,46.000,47.000,47.000,45.000,44.000,47.000,46.000,48.000,48.047,46.000,48.047,44.750,35.000,35.000,39.832,39.430,37.727,35.996,4.627,0.085,16.485,1847.338,1723.618,1836.000,1700.000,0.000,0.000,,,,2,1789738369.459,0,0
1218.547,55.156,57.188,48.438,47.000,46.000,47.000,46.000,46.000,44.000,46.000,46.000,48.000,48.141,45.000,48.141,44.625,35.000,35.000,39.824,39.418,37.723,35.996,5.048,0.082,15.205,1840.519,1701.613,1836.000,1700.000,0.000,0.000,,,,2,1789738370.459,0,0
1219.548,54.930,56.961,48.250,46.000,46.000,47.000,46.000,45.000,44.000,46.000,46.000,48.000,48.000,45.000,47.906,44.562,35.000,35.000,39.816,39.410,37.719,35.996,3.843,0.076,14.083,1840.256,1713.568,1836.000,1700.000,0.000,0.000,,,,2,1789738371.460,0,0
1220.551,54.715,56.746,48.062,47.000,46.000,47.000,47.000,45.000,45.000,46.000,46.000,48.000,48.109,46.000,48.109,44.375,35.000,35.000,39.805,39.398,37.715,35.996,4.357,0.081,13.104,1833.274,1692.342,1836.000,1700.000,0.000,0.000,,,,2,1789738372.461,0,0
1221.554,54.500,56.531,48.000,46.000,46.000,47.000,46.000,45.000,45.000,46.000,45.000,47.000,47.797,45.000,47.797,44.500,35.000,35.000,39.797,39.391,37.711,35.996,4.534,0.087,14.889,1837.597,1711.612,1836.000,1700.000,0.000,0.000,,,,2,1789738373.472,0,0
1222.557,54.285,56.316,47.750,46.000,45.000,46.000,46.000,44.000,44.000,46.000,45.000,48.000,48.000,45.000,47.594,44.250,35.000,35.000,39.785,39.383,37.703,35.996,3.307,0.076,13.013,1840.237,1690.331,1836.000,1700.000,0.000,0.000,,,,2,1789738374.470,0,0
1223.562,54.062,56.094,47.688,46.000,45.000,47.000,46.000,45.000,44.000,46.000,45.000,47.000,47.234,45.000,47.234,44.250,35.000,35.000,39.773,39.371,37.691,34.996,3.355,0.077,12.785,1823.690,1697.209,1836.000,1700.000,0.000,0.000,,,,2,1789738375.480,0,0
1224.566,53.848,55.879,47.500,46.000,45.000,47.000,46.000,44.000,44.000,46.000,45.000,47.000,47.188,45.000,47.188,44.125,35.000,35.000,39.766,39.355,37.680,34.996,3.694,0.082,13.569,1833.283,1691.658,1836.000,1700.000,0.000,0.000,,,,2,1789738376.485,0,0
1225.571,53.641,55.672,47.562,46.000,45.000,46.000,46.000,44.000,44.000,46.000,45.000,47.000,47.188,44.000,47.188,43.938,35.000,35.000,39.754,39.348,37.668,34.996,3.837,0.084,13.617,1837.785,1697.561,1836.000,1700.000,0.000,0.000,,,,2,1789738377.489,0,0
1226.574,53.434,55.465,47.312,46.000,45.000,46.000,46.000,44.000,43.000,45.000,45.000,47.000,47.000,45.000,47.000,43.812,35.000,35.000,39.742,39.336,37.656,34.996,3.401,0.081,13.128,1845.170,1711.027,1836.000,1700.000,0.000,0.000,,,,2,1789738378.493,0,0
1227.578,53.230,55.262,47.125,46.000,45.000,46.000,46.000,44.000,43.000,45.000,44.000,47.000,47.016,45.000,47.016,43.812,35.000,35.000,39.734,39.324,37.641,34.996,3.783,0.079,13.129,1840.350,1689.451,1836.000,1700.000,0.000,0.000,,,,2,1789738379.497,0,0
1228.582,53.043,55.074,47.188,46.000,45.000,47.000,45.000,44.000,44.000,45.000,44.000,47.000,47.203,44.000,47.203,43.750,35.000,35.000,39.719,39.312,37.629,34.996,4.846,0.082,14.715,1826.521,1693.329,1836.000,1700.000,0.000,0.000,,,,2,1789738380.500,0,0
1229.586,52.852,54.883,47.188,45.000,45.000,46.000,46.000,44.000,43.000,45.000,44.000,47.000,47.000,44.000,46.875,43.750,35.000,35.000,39.711,39.301,37.617,34.996,4.005,0.081,13.920,1831.241,1709.873,1836.000,1700.000,0.000,0.000,,,,2,1789738381.502,0,0
1230.589,52.668,54.699,47.000,46.000,45.000,47.000,46.000,44.000,44.000,45.000,44.000,47.000,47.031,45.000,47.031,43.625,35.000,35.000,39.699,39.289,37.602,34.996,4.444,0.081,13.553,1840.274,1691.268,1836.000,1700.000,0.000,0.000,,,,2,1789738382.508,0,0
1231.594,52.469,54.500,46.812,45.000,45.000,46.000,45.000,44.000,43.000,45.000,44.000,47.000,47.000,44.000,46.281,43.500,35.000,35.000,39.688,39.277,37.594,34.996,3.430,0.075,14.017,1844.943,1717.434,1836.000,1700.000,0.000,0.000,,,,2,1789738383.513,0,0
1232.594,52.273,54.305,46.750,45.000,45.000,46.000,45.000,44.000,43.000,45.000,44.000,46.000,46.234,44.000,46.234,43.438,35.000,35.000,39.676,39.258,37.578,34.996,3.369,0.073,13.266,1826.827,1691.340,1836.000,1700.000,0.000,0.000,,,,2,1789738384.514,0,0
1233.599,52.078,54.109,46.625,45.000,45.000,46.000,44.000,44.000,43.000,45.000,44.000,46.000,46.031,44.000,46.031,43.438,35.000,35.000,39.664,39.246,37.562,34.996,3.237,0.075,12.790,1845.208,1711.824,1836.000,1700.000,0.000,0.000,,,,2,1789738385.518,0,0
1234.601,51.891,53.922,46.438,45.000,44.000,45.000,44.000,44.000,43.000,45.000,44.000,46.000,46.016,44.000,46.016,43.438,35.000,35.000,39.652,39.234,37.551,34.996,3.275,0.076,12.955,1847.974,1706.096,1836.000,1700.000,0.000,0.000,,,,2,1789738386.515,0,0
1235.604,51.707,53.738,46.250,45.000,45.000,46.000,46.000,44.000,43.000,45.000,44.000,46.000,46.016,44.000,46.016,43.188,35.000,35.000,39.637,39.219,37.535,34.996,3.621,0.078,13.145,1834.021,1715.527,1836.000,1700.000,0.000,0.000,,,,2,1789738387.522,0,0
1236.609,51.527,53.559,46.188,45.000,45.000,46.000,45.000,43.000,43.000,45.000,44.000,46.000,46.000,44.000,46.000,43.062,35.000,35.000,39.625,39.203,37.523,34.996,3.341,0.081,13.423,1831.344,1692.135,1836.000,1700.000,0.000,0.000,,,,2,1789738388.527,0,0
1237.614,51.355,53.387,46.312,44.000,44.000,46.000,44.000,43.000,42.000,44.000,44.000,46.000,46.031,44.000,46.031,42.938,35.000,35.000,39.613,39.188,37.508,34.996,3.756,0.078,13.842,1831.232,1691.809,1836.000,1700.000,0.000,0.000,,,,2,1789738389.532,0,0
1238.618,51.191,53.223,46.062,45.000,45.000,46.000,44.000,43.000,43.000,44.000,43.000,46.000,46.094,43.000,46.094,43.000,35.000,35.000,39.602,39.172,37.492,34.996,4.117,0.083,13.773,1845.189,1701.854,1836.000,1700.000,0.000,0.000,,,,2,1789738390.537,0,0
1239.622,51.031,53.062,46.000,44.000,44.000,46.000,44.000,43.000,43.000,44.000,43.000,46.000,46.000,43.000,46.000,43.000,35.000,35.000,39.590,39.156,37.480,34.996,3.193,0.078,13.242,1837.813,1686.127,1836.000,1700.000,0.000,0.000,,,,2,1789738391.539,0,0
1240.626,50.879,52.809,45.938,45.000,45.000,46.000,45.000,44.000,43.000,45.000,44.000,46.000,46.250,44.000,46.250,42.812,35.000,35.000,39.574,39.145,37.469,34.996,3.673,0.078,12.761,1840.877,1699.420,1836.000,1700.000,0.000,0.000,,,,2,1789738392.542,0,0
1241.629,50.723,52.652,45.812,44.000,44.000,46.000,44.000,43.000,42.000,44.000,43.000,45.000,46.000,43.000,45.844,42.750,35.000,35.000,39.562,39.125,37.453,34.996,3.595,0.081,13.337,1843.346,1692.509,1836.000,1700.000,0.000,0.000,,,,2,1789738393.547,0,0
1242.632,50.570,52.500,45.688,44.000,44.000,45.000,44.000,44.000,43.000,44.000,44.000,46.000,46.000,43.000,45.797,42.625,35.000,35.000,39.551,39.109,37.438,34.996,3.702,0.083,13.522,1827.096,1698.546,1836.000,1700.000,0.000,0.000,,,,2,1789738394.548,0,0
1243.635,50.410,52.340,45.625,44.000,44.000,45.000,44.000,43.000,42.000,44.000,43.000,45.000,45.438,43.000,45.438,42.750,35.000,35.000,39.535,39.094,37.426,34.996,3.286,0.079,12.941,1847.974,1693.775,1836.000,1700.000,0.000,0.000,,,,2,1789738395.553,0,0
1244.640,50.258,52.188,45.625,44.000,44.000,45.000,44.000,43.000,42.000,44.000,43.000,46.000,46.000,43.000,45.578,42.500,35.000,35.000,39.520,39.078,37.410,34.996,4.213,0.089,14.086,1820.517,1701.878,1836.000,1700.000,0.000,0.000,,,,2,1789738396.556,0,0
1245.643,50.098,52.027,45.438,44.000,44.000,45.000,44.000,43.000,42.000,44.000,43.000,45.000,45.141,43.000,45.141,42.500,35.000,35.000,39.508,39.062,37.395,34.996,3.324,0.080,13.277,1841.140,1692.254,1836.000,1700.000,0.000,0.000,,,,2,1789738397.561,0,0
1246.645,49.941,51.871,45.438,44.000,44.000,45.000,44.000,42.000,42.000,44.000,43.000,45.000,45.031,43.000,45.031,42.438,35.000,35.000,39.496,39.047,37.379,34.996,3.372,0.080,13.286,1838.968,1699.949,1836.000,1700.000,0.000,0.000,,,,2,1789738398.564,0,0
1247.647,49.781,51.711,45.188,44.000,43.000,45.000,44.000,43.000,42.000,44.000,43.000,44.000,45.000,43.000,44.922,42.250,35.000,35.000,39.480,39.031,37.363,34.996,3.549,0.082,13.425,1841.319,1698.442,1836.000,1700.000,0.000,0.000,,,,2,1789738399.567,0,0
1248.652,49.629,51.559,45.188,44.000,43.000,45.000,44.000,43.000,42.000,44.000,43.000,45.000,45.000,43.000,44.875,42.312,35.000,35.000,39.465,39.012,37.348,34.996,3.213,0.076,13.013,1834.376,1707.828,1836.000,1700.000,0.000,0.000,,,,2,1789738400.568,0,0
1249.656,49.480,51.410,45.125,44.000,44.000,45.000,44.000,43.000,42.000,44.000,43.000,45.000,45.000,43.000,44.828,42.188,35.000,35.000,39.453,38.992,37.332,34.996,3.610,0.079,12.800,1831.847,1702.112,1836.000,1700.000,0.000,0.000,,,,2,1789738401.574,0,0
1250.661,49.348,51.180,45.000,45.000,43.000,46.000,44.000,42.000,42.000,44.000,43.000,44.000,46.000,43.000,45.219,42.125,35.000,35.000,39.438,38.977,37.316,34.996,3.813,0.078,13.401,1839.005,1690.093,1836.000,1700.000,0.000,0.000,,,,2,1789738402.576,0,0
1251.664,49.195,51.027,44.938,44.000,43.000,44.000,44.000,43.000,41.000,44.000,43.000,44.000,44.562,42.000,44.562,42.062,35.000,35.000,39.426,38.957,37.301,34.996,3.562,0.076,13.981,1848.040,1701.701,1836.000,1700.000,0.000,0.000,,,,2,1789738403.583,0,0
1252.669,49.047,50.879,44.875,43.000,43.000,45.000,43.000,42.000,42.000,43.000,43.000,44.000,45.000,43.000,44.438,42.062,35.000,35.000,39.410,38.941,37.285,34.996,3.231,0.073,12.576,1846.277,1702.015,1836.000,1700.000,0.000,0.000,,,,2,1789738404.587,0,0
1253.673,48.902,50.734,44.812,43.000,43.000,44.000,43.000,42.000,42.000,43.000,43.000,45.000,45.000,42.000,44.359,42.000,35.000,35.000,39.395,38.922,37.270,34.996,3.150,0.073,12.432,1818.659,1726.072,1836.000,1700.000,0.000,0.000,,,,2,1789738405.592,0,0
1254.677,48.758,50.590,44.625,43.000,43.000,45.000,43.000,42.000,42.000,43.000,43.000,44.000,45.000,42.000,44.312,41.938,35.000,35.000,39.379,38.902,37.250,34.996,3.556,0.077,12.944,1832.490,1692.660,1836.000,1700.000,0.000,0.000,,,,2,1789738406.596,0,0
1255.680,48.613,50.445,44.625,44.000,42.000,44.000,43.000,42.000,42.000,43.000,42.000,44.000,44.109,42.000,44.109,41.812,35.000,35.000,39.363,38.887,37.238,34.996,3.173,0.075,12.216,1834.900,1698.097,1836.000,1700.000,0.000,0.000,,,,2,1789738407.600,0,0
1256.685,48.473,50.305,44.625,44.000,43.000,44.000,43.000,42.000,42.000,43.000,43.000,44.000,44.094,42.000,44.094,41.750,35.000,35.000,39.348,38.867,37.219,34.996,3.826,0.087,13.402,1836.772,1692.397,1836.000,1700.000,0.000,0.000,,,,2,1789738408.600,0,0
1257.689,48.332,50.164,44.500,44.000,43.000,43.000,43.000,42.000,42.000,43.000,43.000,44.000,44.031,42.000,44.031,41.750,35.000,35.000,39.332,38.848,37.203,34.996,3.535,0.080,12.591,1834.974,1698.313,1836.000,1700.000,0.000,0.000,,,,2,1789738409.607,0,0
1258.692,48.242,50.074,44.500,44.000,43.000,44.000,44.000,42.000,42.000,44.000,43.000,44.000,45.406,43.000,45.406,41.750,35.000,35.000,39.320,38.828,37.184,34.996,5.418,0.094,15.067,1828.135,1691.865,1836.000,1700.000,0.000,0.000,,,,2,1789738410.610,0,0
1259.697,48.113,49.945,44.375,43.000,43.000,44.000,43.000,42.000,42.000,43.000,43.000,44.000,44.109,42.000,44.109,41.750,35.000,35.000,39.305,38.809,37.168,34.996,3.337,0.081,12.787,1832.257,1692.087,1836.000,1700.000,0.000,0.000,,,,2,1789738411.616,0,0
1260.701,47.984,49.723,44.312,46.000,43.000,44.000,43.000,42.000,42.000,43.000,43.000,44.000,46.000,43.000,44.062,41.625,35.000,35.000,39.289,38.789,37.152,34.996,3.148,0.077,12.155,1834.657,1705.474,1836.000,1700.000,0.000,0.000,,,,2,1789738412.616,0,0
1261.705,47.859,49.598,44.312,44.000,43.000,43.000,43.000,42.000,42.000,43.000,42.000,44.000,44.000,42.000,44.000,41.625,35.000,35.000,39.273,38.773,37.137,34.996,3.642,0.082,12.677,1823.366,1704.570,1836.000,1700.000,0.000,0.000,,,,2,1789738413.622,0,0
1262.709,47.738,49.477,44.250,43.000,43.000,44.000,42.000,42.000,41.000,43.000,42.000,44.000,44.000,42.000,43.969,41.500,35.000,35.000,39.258,38.750,37.117,34.996,3.244,0.077,12.584,1851.176,1696.081,1836.000,1700.000,0.000,0.000,,,,2,1789738414.624,0,0
1263.714,47.621,49.359,44.062,42.000,43.000,44.000,43.000,42.000,42.000,43.000,42.000,43.000,44.000,42.000,43.938,41.500,35.000,35.000,39.242,38.730,37.102,34.996,3.158,0.074,12.522,1839.362,1711.759,1836.000,1700.000,0.000,0.000,,,,2,1789738415.629,0,0
1264.717,47.504,49.242,44.062,42.000,42.000,43.000,43.000,42.000,41.000,43.000,42.000,44.000,44.000,42.000,43.922,41.375,35.000,35.000,39.223,38.711,37.086,34.996,3.214,0.076,12.676,1825.771,1697.569,1836.000,1700.000,0.000,0.000,,,,2,1789738416.637,0,0
1265.721,47.395,49.133,43.875,42.000,42.000,43.000,42.000,42.000,41.000,43.000,43.000,44.000,44.000,42.000,43.938,41.312,35.000,35.000,39.207,38.691,37.070,34.996,3.151,0.075,12.412,1835.255,1700.295,1836.000,1700.000,0.000,0.000,,,,2,1789738417.637,0,0
1266.724,47.289,49.027,43.938,43.000,42.000,44.000,43.000,42.000,41.000,43.000,42.000,44.000,44.047,42.000,44.047,41.312,35.000,35.000,39.195,38.676,37.051,34.996,3.981,0.081,13.133,1821.669,1692.119,1836.000,1700.000,0.000,0.000,,,,2,1789738418.637,0,0
1267.728,47.180,48.918,43.875,43.000,42.000,43.000,43.000,41.000,41.000,42.000,42.000,44.000,44.000,42.000,43.781,41.250,35.000,35.000,39.176,38.652,37.035,34.996,3.753,0.072,13.123,1832.798,1713.771,1836.000,1700.000,0.000,0.000,,,,2,1789738419.642,0,0
1268.731,47.062,48.801,43.812,42.000,42.000,43.000,43.000,42.000,41.000,43.000,42.000,43.000,43.391,42.000,43.391,41.250,35.000,35.000,39.160,38.633,37.020,34.996,3.290,0.073,12.493,1842.045,1702.466,1836.000,1700.000,0.000,0.000,,,,2,1789738420.644,0,0
1269.735,46.953,48.691,43.688,43.000,42.000,43.000,43.000,42.000,41.000,42.000,42.000,43.000,43.547,42.000,43.547,41.188,35.000,35.000,39.141,38.613,37.000,34.996,3.324,0.073,12.326,1842.214,1686.783,1836.000,1700.000,0.000,0.000,,,,2,1789738421.646,0,0
1270.739,46.953,48.609,43.625,44.000,44.000,45.000,44.000,43.000,42.000,44.000,43.000,44.000,46.984,43.000,46.984,41.125,35.000,35.000,39.129,38.594,36.984,34.996,7.410,0.105,16.553,1835.527,1698.273,1836.000,1700.000,0.000,0.000,,,,2,1789738422.654,0,0
1271.740,46.855,48.512,43.688,43.000,43.000,43.000,43.000,42.000,42.000,43.000,43.000,44.000,44.000,42.000,43.844,41.125,35.000,35.000,39.109,38.574,36.965,34.996,4.204,0.079,13.865,1839.870,1707.901,1836.000,1700.000,0.000,0.000,,,,2,1789738423.649,0,0
1272.746,46.840,48.496,43.625,45.000,44.000,46.000,45.000,44.000,43.000,44.000,43.000,44.000,46.359,44.000,46.359,41.000,35.000,35.000,39.094,38.559,36.949,34.996,6.338,0.092,15.877,1849.008,1704.166,1836.000,1700.000,0.000,0.000,,,,2,1789738424.662,0,0
1273.750,46.742,48.398,43.562,45.000,45.000,44.000,43.000,42.000,41.000,42.000,43.000,44.000,45.000,43.000,43.766,40.938,35.000,35.000,39.074,38.535,36.930,34.996,3.446,0.081,13.622,1837.888,1690.149,1836.000,1700.000,0.000,0.000,,,,2,1789738425.668,0,0
1274.752,46.641,48.297,43.625,43.000,42.000,43.000,42.000,41.000,41.000,42.000,42.000,44.000,44.000,42.000,43.500,41.062,35.000,35.000,39.062,38.516,36.914,34.996,3.533,0.081,12.843,1842.799,1686.364,1836.000,1700.000,0.000,0.000,,,,2,1789738426.670,0,0
1275.756,46.547,48.203,43.375,42.000,43.000,43.000,42.000,42.000,41.000,43.000,42.000,44.000,44.000,42.000,43.578,41.062,35.000,35.000,39.043,38.496,36.898,34.996,3.207,0.077,12.882,1847.101,1694.038,1836.000,1700.000,0.000,0.000,,,,2,1789738427.674,0,0
1276.758,46.453,48.109,43.375,43.000,42.000,43.000,43.000,41.000,41.000,42.000,42.000,43.000,43.531,41.000,43.531,41.125,35.000,35.000,39.027,38.477,36.879,34.996,4.847,0.087,14.658,1826.345,1712.435,1836.000,1700.000,0.000,0.000,,,,2,1789738428.676,0,0
1277.762,46.363,48.020,43.312,42.000,42.000,43.000,43.000,42.000,41.000,42.000,42.000,44.000,44.000,42.000,43.547,41.000,35.000,35.000,39.012,38.457,36.863,34.996,3.458,0.072,12.924,1826.382,1694.046,1836.000,1700.000,0.000,0.000,,,,2,1789738429.681,0,0
1278.766,46.273,47.930,43.312,42.000,42.000,43.000,43.000,42.000,41.000,43.000,42.000,43.000,43.547,42.000,43.547,40.750,35.000,35.000,38.996,38.438,36.848,34.996,3.116,0.073,12.719,1826.614,1692.214,1836.000,1700.000,0.000,0.000,,,,2,1789738430.678,0,0
1279.771,46.188,47.844,43.188,42.000,42.000,43.000,42.000,41.000,41.000,42.000,42.000,43.000,44.000,42.000,43.562,40.938,35.000,35.000,38.980,38.414,36.828,34.996,3.068,0.071,12.370,1828.831,1690.197,1836.000,1700.000,0.000,0.000,,,,2,1789738431.688,0,0
1280.775,46.105,47.676,43.188,42.000,41.000,43.000,42.000,41.000,41.000,42.000,42.000,43.000,43.562,41.000,43.781,40.812,35.000,35.000,38.961,38.398,36.809,34.996,3.617,0.074,12.675,1814.964,1702.136,1836.000,1700.000,0.000,0.000,,,,2,1789738432.691,0,0
1281.779,46.031,47.602,43.125,42.000,43.000,43.000,42.000,41.000,41.000,43.000,42.000,44.000,43.781,42.000,43.859,40.812,35.000,35.000,38.930,38.355,36.773,34.996,4.061,0.083,12.468,1840.161,1702.409,1836.000,1700.000,0.000,0.000,,,,2,1789738433.696,0,0
1282.783,45.965,47.535,43.000,42.000,42.000,43.000,43.000,41.000,41.000,42.000,42.000,44.000,44.000,41.000,43.812,40.688,35.000,35.000,38.914,38.340,36.762,34.996,3.506,0.079,14.125,1835.283,1702.031,1836.000,1700.000,0.000,0.000,,,,2,1789738434.701,0,0
1283.787,45.816,47.387,42.938,42.000,41.000,42.000,42.000,41.000,41.000,42.000,41.000,43.000,43.281,41.000,43.281,40.688,35.000,35.000,38.898,38.320,36.742,34.996,3.056,0.075,12.374,1815.093,1696.489,1836.000,1700.000,0.000,0.000,,,,2,1789738435.704,0,0
1284.791,45.738,47.309,42.875,42.000,41.000,43.000,42.000,41.000,40.000,42.000,42.000,43.000,43.328,41.000,43.328,40.688,35.000,35.000,38.879,38.301,36.727,34.996,3.112,0.074,12.138,1856.962,1692.429,1836.000,1700.000,0.000,0.000,,,,2,1789738436.710,0,0
1285.796,45.664,47.234,42.938,41.000,41.000,42.000,42.000,41.000,41.000,42.000,41.000,43.000,43.375,41.000,43.375,40.562,35.000,35.000,38.863,38.281,36.707,34.996,3.138,0.078,12.802,1819.818,1684.699,1836.000,1700.000,0.000,0.000,,,,2,1789738437.714,0,0
1286.800,45.594,47.164,42.812,41.000,41.000,43.000,42.000,41.000,41.000,43.000,42.000,43.000,43.422,41.000,43.422,40.500,35.000,35.000,38.844,38.258,36.688,34.996,3.478,0.081,12.958,1850.072,1709.986,1836.000,1700.000,0.000,0.000,,,,2,1789738438.718,0,0
1287.802,45.527,47.098,42.875,42.000,41.000,43.000,42.000,41.000,41.000,42.000,41.000,44.000,44.000,41.000,43.406,40.438,35.000,35.000,38.828,38.242,36.672,34.996,4.017,0.082,13.376,1840.660,1701.677,1836.000,1700.000,0.000,0.000,,,,2,1789738439.715,0,0
1288.805,45.457,47.027,42.750,42.000,42.000,43.000,43.000,41.000,41.000,42.000,42.000,44.000,44.000,41.000,43.375,40.500,35.000,35.000,38.812,38.219,36.652,34.996,3.775,0.086,12.697,1835.761,1686.570,1836.000,1700.000,0.000,0.000,,,,2,1789738440.724,0,0
1289.810,45.387,46.879,42.750,42.000,42.000,42.000,42.000,41.000,41.000,42.000,41.000,43.000,43.203,41.000,43.203,40.438,35.000,35.000,38.797,38.199,36.637,34.996,3.447,0.080,13.433,1831.157,1700.246,1836.000,1700.000,0.000,0.000,,,,2,1789738441.730,0,0
1290.815,45.355,46.848,42.688,42.000,42.000,43.000,42.000,41.000,41.000,42.000,41.000,43.000,44.328,42.000,44.328,40.375,35.000,35.000,38.777,38.180,36.621,34.996,4.339,0.082,13.301,1817.301,1702.047,1836.000,1700.000,0.000,0.000,,,,2,1789738442.735,0,0
1291.818,45.285,46.777,42.562,42.000,41.000,42.000,42.000,41.000,41.000,42.000,42.000,43.000,43.141,41.000,43.141,40.250,35.000,35.000,38.766,38.164,36.602,34.996,3.120,0.078,12.853,1835.573,1698.065,1836.000,1700.000,0.000,0.000,,,,2,1789738443.737,0,0
1292.823,45.215,46.707,42.625,41.000,41.000,43.000,41.000,41.000,40.000,41.000,41.000,43.000,43.016,41.000,43.016,40.375,35.000,35.000,38.746,38.141,36.582,34.996,3.200,0.075,12.225,1835.424,1692.509,1836.000,1700.000,0.000,0.000,,,,2,1789738444.742,0,0
1293.825,45.148,46.641,42.562,42.000,41.000,43.000,42.000,41.000,41.000,42.000,42.000,43.000,43.078,41.000,43.078,40.188,35.000,35.000,38.730,38.125,36.570,34.996,4.019,0.083,13.256,1838.207,1692.461,1836.000,1700.000,0.000,0.000,,,,2,1789738445.744,0,0
1294.830,45.082,46.574,42.438,41.000,41.000,43.000,42.000,41.000,41.000,42.000,41.000,43.000,43.031,41.000,43.031,40.250,35.000,35.000,38.715,38.105,36.551,34.996,3.239,0.073,12.482,1847.423,1702.128,1836.000,1700.000,0.000,0.000,,,,2,1789738446.749,0,0
1295.832,45.016,46.508,42.500,41.000,41.000,42.000,41.000,41.000,41.000,41.000,41.000,43.000,43.000,41.000,42.938,40.250,35.000,35.000,38.695,38.086,36.535,34.996,3.093,0.075,12.221,1846.949,1701.951,1836.000,1700.000,0.000,0.000,,,,2,1789738447.751,0,0
1296.836,44.953,46.445,42.438,42.000,41.000,42.000,41.000,40.000,41.000,41.000,41.000,43.000,43.000,41.000,42.984,40.312,35.000,35.000,38.680,38.066,36.516,34.996,3.560,0.075,12.852,1835.527,1702.265,1836.000,1700.000,0.000,0.000,,,,2,1789738448.755,0,0
1297.841,44.887,46.379,42.438,41.000,41.000,42.000,42.000,41.000,41.000,42.000,41.000,43.000,43.000,41.000,42.906,40.312,35.000,35.000,38.660,38.047,36.500,34.996,3.250,0.076,12.664,1835.864,1702.232,1836.000,1700.000,0.000,0.000,,,,2,1789738449.759,0,0
1298.844,44.824,46.316,42.312,42.000,42.000,43.000,42.000,41.000,41.000,42.000,41.000,43.000,43.000,41.000,42.891,40.062,35.000,35.000,38.645,38.027,36.484,34.996,3.551,0.079,12.216,1847.319,1714.490,1836.000,1700.000,0.000,0.000,,,,2,1789738450.764,0,0
1299.848,44.758,46.176,42.250,42.000,41.000,43.000,42.000,40.000,40.000,42.000,41.000,43.000,43.000,41.000,42.641,40.125,35.000,35.000,38.629,38.008,36.465,34.996,3.423,0.080,12.729,1835.658,1701.862,1836.000,1700.000,0.000,0.000,,,,2,1789738451.766,0,0
1300.852,44.691,46.109,42.375,42.000,41.000,42.000,42.000,41.000,41.000,42.000,41.000,42.000,42.609,41.000,42.609,40.062,35.000,35.000,38.609,37.988,36.449,34.996,3.656,0.081,12.987,1826.188,1698.097,1836.000,1700.000,0.000,0.000,,,,2,1789738452.771,0,0
1301.856,44.633,46.051,42.312,42.000,41.000,43.000,42.000,41.000,41.000,42.000,41.000,42.000,43.000,41.000,42.922,40.062,35.000,35.000,38.594,37.969,36.434,34.996,4.144,0.088,13.659,1813.045,1696.817,1836.000,1700.000,0.000,0.000,,,,2,1789738453.775,0,0
1302.859,44.582,46.000,42.312,41.000,41.000,43.000,42.000,40.000,41.000,42.000,41.000,42.000,43.016,41.000,43.016,39.938,35.000,35.000,38.578,37.949,36.418,34.996,4.028,0.088,13.813,1826.716,1704.295,1836.000,1700.000,0.000,0.000,,,,2,1789738454.778,0,0
1303.864,44.527,45.945,42.125,41.000,41.000,42.000,41.000,41.000,41.000,42.000,41.000,43.000,43.000,40.000,42.781,40.000,35.000,35.000,38.559,37.930,36.398,34.996,3.159,0.077,12.728,1847.670,1698.682,1836.000,1700.000,0.000,0.000,,,,2,1789738455.783,0,0
1304.867,44.469,45.887,42.188,41.000,41.000,42.000,42.000,40.000,41.000,41.000,41.000,43.000,43.000,41.000,42.594,40.062,35.000,35.000,38.543,37.910,36.383,34.996,3.245,0.077,12.677,1835.957,1686.673,1836.000,1700.000,0.000,0.000,,,,2,1789738456.786,0,0
1305.868,44.406,45.824,42.000,42.000,41.000,42.000,41.000,41.000,40.000,41.000,41.000,42.000,42.484,40.000,42.484,39.875,35.000,35.000,38.527,37.895,36.367,34.996,3.189,0.078,12.377,1847.698,1698.650,1836.000,1700.000,0.000,0.000,,,,2,1789738457.787,0,0
1306.872,44.348,45.766,42.062,41.000,41.000,42.000,41.000,40.000,40.000,42.000,41.000,42.000,42.562,40.000,42.562,39.875,35.000,35.000,38.508,37.867,36.348,34.996,3.318,0.079,12.950,1827.022,1698.738,1836.000,1700.000,0.000,0.000,,,,2,1789738458.791,0,0
1307.873,44.293,45.711,41.938,41.000,41.000,42.000,42.000,40.000,40.000,41.000,41.000,42.000,42.594,40.000,42.594,39.875,35.000,35.000,38.488,37.848,36.332,34.996,3.239,0.076,12.449,1838.263,1704.497,1836.000,1700.000,0.000,0.000,,,,2,1789738459.792,0,0
1308.876,44.242,45.660,41.875,41.000,41.000,42.000,42.000,41.000,41.000,42.000,41.000,43.000,43.000,40.000,42.719,39.812,35.000,35.000,38.473,37.828,36.316,34.996,3.707,0.082,12.721,1826.558,1702.071,1836.000,1700.000,0.000,0.000,,,,2,1789738460.795,0,0
1309.881,44.199,45.547,41.812,42.000,41.000,43.000,41.000,41.000,40.000,41.000,41.000,44.000,44.000,41.000,42.812,39.750,35.000,35.000,38.457,37.809,36.297,34.996,3.605,0.082,11.879,1838.329,1692.230,1836.000,1700.000,0.000,0.000,,,,2,1789738461.800,0,0
1310.885,44.160,45.508,42.000,42.000,41.000,43.000,43.000,41.000,41.000,41.000,41.000,43.000,43.000,41.000,42.906,39.750,35.000,35.000,38.434,37.785,36.281,34.996,4.320,0.088,13.711,1840.171,1701.991,1836.000,1700.000,0.000,0.000,,,,2,1789738462.803,0,0
1311.889,44.105,45.453,41.875,41.000,41.000,41.000,41.000,40.000,40.000,41.000,41.000,43.000,43.000,40.000,42.438,39.750,35.000,35.000,38.414,37.762,36.266,34.996,3.486,0.076,13.611,1840.312,1692.628,1836.000,1700.000,0.000,0.000,,,,2,1789738463.806,0,0
1312.892,44.055,45.402,41.812,40.000,41.000,42.000,42.000,40.000,40.000,41.000,41.000,43.000,43.000,40.000,42.562,39.562,35.000,35.000,38.398,37.742,36.246,34.996,3.673,0.078,13.241,1845.482,1698.354,1836.000,1700.000,0.000,0.000,,,,2,1789738464.812,0,0
1313.897,44.004,45.352,41.812,41.000,41.000,42.000,41.000,40.000,40.000,41.000,41.000,42.000,42.328,40.000,42.328,39.688,35.000,35.000,38.379,37.719,36.230,34.996,3.520,0.076,12.826,1822.305,1687.313,1836.000,1700.000,0.000,0.000,,,,2,1789738465.815,0,0
1314.900,43.945,45.293,41.625,41.000,41.000,41.000,41.000,40.000,40.000,41.000,41.000,42.000,42.141,41.000,42.141,39.750,35.000,35.000,38.359,37.695,36.219,34.996,3.068,0.072,12.214,1822.379,1714.555,1836.000,1700.000,0.000,0.000,,,,2,1789738466.819,0,0
1315.904,43.887,45.234,41.625,41.000,41.000,41.000,41.000,40.000,40.000,41.000,41.000,42.000,42.109,40.000,42.109,39.688,35.000,35.000,38.340,37.672,36.203,34.996,3.025,0.070,12.533,1845.444,1698.658,1836.000,1700.000,0.000,0.000,,,,2,1789738467.822,0,0
1316.908,43.836,45.184,41.812,41.000,41.000,42.000,42.000,40.000,40.000,41.000,40.000,42.000,42.234,41.000,42.234,39.625,35.000,35.000,38.320,37.645,36.184,34.996,3.561,0.077,12.676,1835.920,1702.635,1836.000,1700.000,0.000,0.000,,,,2,1789738468.827,0,0
1317.912,43.785,45.133,41.625,41.000,41.000,43.000,41.000,40.000,40.000,41.000,41.000,43.000,43.000,40.000,42.203,39.562,35.000,35.000,38.301,37.629,36.168,34.996,3.572,0.080,13.147,1843.261,1712.386,1836.000,1700.000,0.000,0.000,,,,2,1789738469.831,0,0
1318.915,43.730,45.078,41.562,41.000,40.000,42.000,42.000,40.000,40.000,41.000,41.000,42.000,42.078,40.000,42.078,39.625,35.000,35.000,38.281,37.605,36.152,34.996,3.334,0.078,12.429,1836.219,1708.647,1836.000,1700.000,0.000,0.000,,,,2,1789738470.834,0,0
1319.919,43.680,44.961,41.562,41.000,40.000,41.000,42.000,40.000,40.000,41.000,40.000,42.000,42.141,40.000,42.141,39.562,35.000,35.000,38.266,37.582,36.137,34.996,3.567,0.078,12.531,1827.077,1681.018,1836.000,1700.000,0.000,0.000,,,,2,1789738471.836,0,0
1320.922,43.633,44.914,41.750,41.000,41.000,42.000,41.000,40.000,41.000,41.000,41.000,42.000,42.172,40.000,42.172,39.625,35.000,35.000,38.242,37.562,36.121,34.996,4.260,0.084,13.348,1836.519,1712.459,1836.000,1700.000,0.000,0.000,,,,2,1789738472.841,0,0
1321.926,43.582,44.863,41.562,41.000,41.000,42.000,41.000,40.000,39.000,41.000,41.000,42.000,42.031,40.000,42.031,39.438,35.000,35.000,38.223,37.535,36.105,34.996,3.521,0.082,13.370,1843.224,1708.347,1836.000,1700.000,0.000,0.000,,,,2,1789738473.845,0,0
1322.931,43.535,44.816,41.500,41.000,40.000,42.000,41.000,40.000,39.000,41.000,41.000,42.000,42.031,40.000,42.031,39.562,35.000,35.000,38.203,37.512,36.090,34.996,3.179,0.074,12.305,1838.489,1698.129,1836.000,1700.000,0.000,0.000,,,,2,1789738474.847,0,0
1323.936,43.488,44.770,41.438,41.000,41.000,42.000,41.000,40.000,39.000,41.000,40.000,42.000,42.062,40.000,42.062,39.500,35.000,35.000,38.188,37.492,36.074,34.996,3.379,0.079,12.394,1848.002,1712.207,1836.000,1700.000,0.000,0.000,,,,2,1789738475.855,0,0
1324.940,43.445,44.727,41.438,40.000,40.000,41.000,42.000,40.000,40.000,41.000,41.000,42.000,42.109,40.000,42.109,39.500,35.000,35.000,38.168,37.473,36.055,34.996,3.284,0.075,12.523,1852.843,1690.458,1836.000,1700.000,0.000,0.000,,,,2,1789738476.859,0,0
1325.942,43.406,44.688,41.375,42.000,41.000,41.000,41.000,40.000,40.000,41.000,40.000,42.000,42.172,40.000,42.172,39.375,35.000,35.000,38.148,37.453,36.047,34.996,3.534,0.074,12.902,1820.250,1702.828,1836.000,1700.000,0.000,0.000,,,,2,1789738477.861,0,0
1326.947,43.367,44.648,41.375,41.000,40.000,41.000,41.000,40.000,40.000,41.000,40.000,42.000,42.141,40.000,42.141,39.438,35.000,35.000,38.133,37.430,36.027,34.996,4.069,0.075,13.671,1838.780,1698.594,1836.000,1700.000,0.000,0.000,,,,2,1789738478.864,0,0
1327.952,43.324,44.605,41.250,40.000,40.000,42.000,41.000,40.000,40.000,41.000,41.000,42.000,42.047,40.000,42.047,39.250,35.000,35.000,38.113,37.406,36.012,34.996,3.700,0.078,13.043,1827.318,1698.530,1836.000,1700.000,0.000,0.000,,,,2,1789738479.870,0,0
1328.956,43.289,44.570,41.188,40.000,41.000,41.000,42.000,40.000,40.000,41.000,41.000,42.000,42.109,40.000,42.109,39.312,35.000,35.000,38.094,37.383,35.996,34.996,3.648,0.076,12.575,1836.716,1698.738,1836.000,1700.000,0.000,0.000,,,,2,1789738480.876,0,0
1329.958,43.250,44.465,41.312,41.000,40.000,42.000,42.000,40.000,40.000,41.000,41.000,42.000,42.047,40.000,42.047,39.250,35.000,35.000,38.074,37.363,35.984,34.996,3.109,0.071,12.768,1834.199,1698.947,1836.000,1700.000,0.000,0.000,,,,2,1789738481.877,0,0
1330.962,43.211,44.426,41.188,40.000,40.000,41.000,42.000,40.000,40.000,41.000,40.000,42.000,42.047,39.000,42.047,39.250,35.000,35.000,38.055,37.344,35.969,34.996,3.468,0.070,12.971,1841.470,1712.410,1836.000,1700.000,0.000,0.000,,,,2,1789738482.880,0,0
1331.966,43.180,44.395,41.250,42.000,42.000,43.000,42.000,43.000,41.000,42.000,41.000,43.000,43.000,42.000,42.172,39.250,35.000,35.000,38.035,37.320,35.953,34.996,4.097,0.077,13.056,1848.400,1681.661,1836.000,1700.000,0.000,0.000,,,,2,1789738483.885,0,0
1332.968,43.141,44.355,41.125,41.000,41.000,41.000,40.000,40.000,40.000,41.000,40.000,42.000,42.016,40.000,42.016,39.250,35.000,35.000,38.016,37.301,35.938,34.996,3.625,0.078,13.550,1841.234,1698.746,1836.000,1700.000,0.000,0.000,,,,2,1789738484.887,0,0
1333.973,43.105,44.320,41.250,40.000,41.000,42.000,41.000,39.000,40.000,41.000,40.000,42.000,42.000,40.000,42.000,39.250,35.000,35.000,38.000,37.277,35.922,34.996,3.475,0.078,12.579,1836.828,1698.939,1836.000,1700.000,0.000,0.000,,,,2,1789738485.890,0,0
1334.978,43.070,44.285,41.250,40.000,41.000,42.000,42.000,39.000,40.000,41.000,40.000,42.000,42.000,40.000,42.000,39.250,35.000,35.000,37.980,37.254,35.906,34.996,3.251,0.073,12.567,1846.182,1698.875,1836.000,1700.000,0.000,0.000,,,,2,1789738486.895,0,0
1335.982,43.039,44.254,41.125,40.000,41.000,41.000,41.000,39.000,39.000,41.000,40.000,42.000,42.000,39.000,41.969,39.250,35.000,35.000,37.961,37.234,35.891,34.996,3.062,0.069,12.696,1836.800,1698.891,1836.000,1700.000,0.000,0.000,,,,2,1789738487.898,0,0
1336.987,43.008,44.223,41.062,41.000,40.000,42.000,42.000,40.000,40.000,41.000,40.000,42.000,42.047,40.000,42.047,39.250,35.000,35.000,37.941,37.211,35.875,34.996,3.641,0.079,12.668,1827.263,1698.594,1836.000,1700.000,0.000,0.000,,,,2,1789738488.907,0,0
1337.990,42.977,44.191,41.062,40.000,40.000,42.000,41.000,39.000,40.000,41.000,40.000,42.000,42.016,40.000,42.016,39.062,35.000,35.000,37.926,37.191,35.859,34.996,3.620,0.077,13.822,1822.942,1698.642,1836.000,1700.000,0.000,0.000,,,,2,1789738489.910,0,0
1338.993,42.945,44.160,41.125,40.000,41.000,41.000,41.000,39.000,39.000,41.000,41.000,42.000,42.000,40.000,41.984,39.125,35.000,35.000,37.906,37.172,35.848,34.996,3.387,0.078,12.672,1836.791,1699.123,1836.000,1700.000,0.000,0.000,,,,2,1789738490.911,0,0
1339.997,42.914,44.070,41.125,40.000,41.000,41.000,41.000,39.000,39.000,41.000,41.000,41.000,41.922,40.000,41.922,39.000,35.000,35.000,37.891,37.152,35.832,34.996,3.175,0.074,12.561,1843.809,1694.947,1836.000,1700.000,0.000,0.000,,,,2,1789738491.915,0,0
1341.001,42.883,44.039,41.000,40.000,40.000,42.000,41.000,39.000,39.000,41.000,40.000,42.000,42.016,40.000,42.016,39.125,35.000,35.000,37.871,37.133,35.820,34.996,3.612,0.079,12.818,1850.719,1711.970,1836.000,1700.000,0.000,0.000,,,,2,1789738492.919,0,0
1342.003,42.855,44.012,41.000,40.000,40.000,41.000,40.000,39.000,40.000,41.000,41.000,42.000,42.000,39.000,41.906,39.062,35.000,35.000,37.855,37.113,35.805,34.996,3.683,0.083,12.998,1845.841,1704.788,1836.000,1700.000,0.000,0.000,,,,2,1789738493.921,0,0
1343.007,42.820,43.977,40.938,40.000,41.000,41.000,41.000,39.000,40.000,41.000,41.000,42.000,42.000,40.000,41.766,38.938,35.000,35.000,37.836,37.094,35.789,34.996,3.403,0.077,12.876,1831.893,1701.002,1836.000,1700.000,0.000,0.000,,,,2,1789738494.919,0,0
1344.011,42.809,43.965,40.938,40.000,41.000,41.000,41.000,40.000,40.000,41.000,40.000,42.000,42.484,40.000,42.484,38.938,35.000,35.000,37.820,37.074,35.777,34.996,4.114,0.079,12.814,1832.154,1698.931,1836.000,1700.000,0.000,0.000,,,,2,1789738495.930,0,0
1345.015,42.777,43.934,40.688,40.000,40.000,41.000,40.000,39.000,39.000,41.000,40.000,41.000,41.734,40.000,41.734,39.000,35.000,35.000,37.801,37.055,35.762,34.996,3.025,0.076,13.219,1853.062,1694.740,1836.000,1700.000,0.000,0.000,,,,2,1789738496.934,0,0
1346.019,42.742,43.898,40.812,40.000,40.000,41.000,41.000,39.000,39.000,40.000,40.000,42.000,42.000,39.000,41.703,39.000,35.000,35.000,37.785,37.035,35.750,34.996,3.028,0.074,12.420,1845.794,1699.043,1836.000,1700.000,0.000,0.000,,,,2,1789738497.938,0,0
1347.022,42.703,43.859,40.812,40.000,40.000,41.000,40.000,39.000,39.000,40.000,40.000,42.000,42.000,40.000,41.531,38.938,35.000,35.000,37.766,37.016,35.734,34.996,3.245,0.076,12.417,1827.374,1698.786,1836.000,1700.000,0.000,0.000,,,,2,1789738498.942,0,0
1348.025,42.668,43.824,40.812,40.000,40.000,41.000,41.000,39.000,39.000,41.000,40.000,42.000,42.000,40.000,41.547,38.875,35.000,35.000,37.750,36.996,35.719,34.996,3.606,0.081,13.307,1834.685,1698.626,1836.000,1700.000,0.000,0.000,,,,2,1789738499.945,0,0
1349.029,42.629,43.785,40.875,40.000,40.000,42.000,41.000,39.000,40.000,41.000,40.000,41.000,42.000,39.000,41.422,38.938,35.000,35.000,37.730,36.977,35.703,34.996,3.322,0.077,12.334,1841.225,1699.131,1836.000,1700.000,0.000,0.000,,,,2,1789738500.947,0,0
1350.032,42.582,43.680,40.688,41.000,41.000,41.000,41.000,39.000,39.000,41.000,40.000,41.000,41.141,40.000,41.141,38.875,35.000,35.000,37.715,36.957,35.691,34.996,2.988,0.070,11.806,1827.439,1698.450,1836.000,1700.000,0.000,0.000,,,,2,1789738501.946,0,0
1351.037,42.559,43.656,40.750,40.000,41.000,41.000,41.000,39.000,39.000,41.000,40.000,42.000,42.000,40.000,41.766,39.000,35.000,35.000,37.695,36.938,35.676,34.996,4.394,0.081,13.650,1834.937,1698.883,1836.000,1700.000,0.000,0.000,,,,2,1789738502.955,0,0
1352.041,42.527,43.625,40.750,40.000,40.000,41.000,40.000,39.000,39.000,40.000,40.000,42.000,42.000,39.000,41.641,39.000,35.000,35.000,37.680,36.922,35.664,34.996,3.256,0.078,12.691,1834.507,1698.826,1836.000,1700.000,0.000,0.000,,,,2,1789738503.961,0,0
1353.045,42.504,43.602,40.875,40.000,40.000,41.000,41.000,40.000,40.000,41.000,40.000,41.000,41.750,39.000,41.750,38.812,35.000,35.000,37.660,36.902,35.652,34.996,3.543,0.077,12.599,1827.625,1690.855,1836.000,1700.000,0.000,0.000,,,,2,1789738504.963,0,0
1354.045,42.484,43.582,40.812,40.000,40.000,41.000,41.000,39.000,39.000,41.000,40.000,41.000,41.812,40.000,41.812,38.938,35.000,35.000,37.641,36.883,35.637,34.996,3.860,0.078,13.121,1850.900,1699.203,1836.000,1700.000,0.000,0.000,,,,2,1789738505.964,0,0
1355.049,42.449,43.547,40.625,41.000,40.000,41.000,40.000,39.000,39.000,41.000,40.000,41.000,41.359,39.000,41.359,38.812,35.000,35.000,37.625,36.867,35.621,34.996,3.021,0.072,11.997,1832.248,1698.666,1836.000,1700.000,0.000,0.000,,,,2,1789738506.968,0,0
1356.054,42.410,43.508,40.562,40.000,40.000,41.000,41.000,39.000,39.000,40.000,40.000,41.000,41.219,39.000,41.219,38.812,35.000,35.000,37.609,36.848,35.609,34.996,3.051,0.073,12.250,1849.198,1708.785,1836.000,1700.000,0.000,0.000,,,,2,1789738507.971,0,0
1357.058,42.375,43.473,40.625,40.000,40.000,41.000,41.000,39.000,40.000,40.000,40.000,41.000,41.281,39.000,41.281,38.750,35.000,35.000,37.590,36.828,35.598,34.996,3.540,0.074,13.026,1835.199,1698.738,1836.000,1700.000,0.000,0.000,,,,2,1789738508.977,0,0
1358.061,42.336,43.434,40.688,40.000,41.000,41.000,42.000,39.000,39.000,41.000,40.000,41.000,42.000,39.000,41.156,38.812,35.000,35.000,37.570,36.812,35.574,33.996,3.106,0.073,12.277,1830.105,1691.475,1836.000,1700.000,0.000,0.000,,,,2,1789738509.980,0,0
1359.065,42.301,43.398,40.500,40.000,40.000,41.000,40.000,39.000,40.000,41.000,40.000,41.000,41.188,40.000,41.188,38.750,35.000,35.000,37.555,36.797,35.559,33.996,3.610,0.078,12.704,1856.091,1699.147,1836.000,1700.000,0.000,0.000,,,,2,1789738510.985,0,0
1360.070,42.262,43.305,40.438,40.000,40.000,41.000,40.000,39.000,39.000,40.000,40.000,41.000,41.062,39.000,41.062,38.688,35.000,35.000,37.539,36.777,35.535,33.996,3.138,0.071,12.068,1837.250,1698.586,1836.000,1700.000,0.000,0.000,,,,2,1789738511.989,0,0
1361.073,42.227,43.270,40.500,40.000,40.000,41.000,40.000,39.000,39.000,40.000,40.000,41.000,41.188,39.000,41.188,38.750,35.000,35.000,37.520,36.762,35.520,33.996,3.758,0.077,12.958,1827.912,1698.602,1836.000,1700.000,0.000,0.000,,,,2,1789738512.989,0,0
1362.077,42.203,43.246,40.500,40.000,40.000,41.000,40.000,39.000,39.000,40.000,40.000,41.000,41.406,39.000,41.406,38.688,35.000,35.000,37.504,36.742,35.500,33.996,4.264,0.082,13.352,1834.703,1701.444,1836.000,1700.000,0.000,0.000,,,,2,1789738513.994,0,0
1363.082,42.176,43.219,40.625,40.000,40.000,42.000,41.000,39.000,39.000,41.000,40.000,41.000,42.000,40.000,41.312,38.625,35.000,35.000,37.484,36.723,35.477,33.996,3.489,0.078,12.060,1823.080,1698.971,1836.000,1700.000,0.000,0.000,,,,2,1789738514.993,0,0
1364.085,42.145,43.188,40.438,40.000,40.000,41.000,41.000,39.000,39.000,40.000,40.000,41.000,41.250,40.000,41.250,38.625,35.000,35.000,37.469,36.707,35.457,33.996,3.447,0.080,12.774,1837.344,1691.284,1836.000,1700.000,0.000,0.000,,,,2,1789738516.004,0,0
1365.088,42.113,43.156,40.438,39.000,40.000,41.000,40.000,39.000,39.000,40.000,40.000,41.000,41.141,39.000,41.141,38.688,35.000,35.000,37.453,36.691,35.438,33.996,3.201,0.076,12.396,1844.536,1698.754,1836.000,1700.000,0.000,0.000,,,,2,1789738517.008,0,0
1366.088,42.082,43.125,40.375,40.000,40.000,41.000,40.000,39.000,39.000,40.000,40.000,41.000,41.078,40.000,41.078,38.562,35.000,35.000,37.434,36.676,35.422,33.996,3.230,0.073,12.791,1814.553,1699.011,1836.000,1700.000,0.000,0.000,,,,2,1789738518.008,0,0
1367.093,42.051,43.094,40.500,40.000,39.000,41.000,40.000,39.000,39.000,40.000,40.000,41.000,41.094,39.000,41.094,38.438,35.000,35.000,37.418,36.656,35.402,33.996,3.061,0.074,12.171,1834.891,1698.610,1836.000,1700.000,0.000,0.000,,,,2,1789738519.011,0,0
1368.097,42.020,43.062,40.500,40.000,41.000,41.000,40.000,39.000,39.000,40.000,40.000,41.000,41.094,39.000,41.094,38.625,35.000,35.000,37.402,36.641,35.383,33.996,3.477,0.080,12.768,1834.862,1700.970,1836.000,1700.000,0.000,0.000,,,,2,1789738520.015,0,0
1369.101,41.992,43.035,40.312,39.000,40.000,41.000,40.000,39.000,39.000,40.000,40.000,41.000,41.047,39.000,41.047,38.500,35.000,35.000,37.383,36.621,35.363,33.996,3.207,0.076,12.062,1848.865,1699.019,1836.000,1700.000,0.000,0.000,,,,2,1789738521.016,0,0
1370.105,41.965,42.957,40.312,40.000,40.000,41.000,40.000,39.000,39.000,40.000,40.000,42.000,42.000,39.000,41.203,38.750,35.000,35.000,37.367,36.609,35.348,33.996,2.997,0.075,12.078,1837.194,1694.883,1836.000,1700.000,0.000,0.000,,,,2,1789738522.020,0,0
1371.110,41.957,42.949,40.312,41.000,41.000,41.000,41.000,39.000,39.000,41.000,40.000,41.000,41.641,40.000,41.641,38.562,35.000,35.000,37.352,36.590,35.328,33.996,4.911,0.083,14.131,1830.394,1699.051,1836.000,1700.000,0.000,0.000,,,,2,1789738523.023,0,0
1372.113,41.930,42.922,40.375,40.000,40.000,41.000,40.000,39.000,39.000,41.000,40.000,41.000,41.078,39.000,41.078,38.500,35.000,35.000,37.332,36.574,35.309,33.996,3.432,0.081,12.933,1844.593,1704.537,1836.000,1700.000,0.000,0.000,,,,2,1789738524.025,0,0
1373.118,41.906,42.898,40.312,40.000,40.000,41.000,40.000,39.000,39.000,40.000,39.000,41.000,41.203,39.000,41.203,38.375,35.000,35.000,37.316,36.559,35.293,33.996,3.383,0.081,12.869,1837.860,1695.003,1836.000,1700.000,0.000,0.000,,,,2,1789738525.038,0,0
1374.122,41.883,42.875,40.375,40.000,40.000,41.000,41.000,39.000,39.000,40.000,40.000,42.000,42.000,40.000,41.156,38.562,35.000,35.000,37.301,36.539,35.273,33.996,3.897,0.084,12.955,1844.395,1698.666,1836.000,1700.000,0.000,0.000,,,,2,1789738526.036,0,0
1375.125,41.859,42.852,40.250,40.000,39.000,41.000,40.000,39.000,39.000,40.000,40.000,41.000,41.094,39.000,41.094,38.562,35.000,35.000,37.285,36.523,35.258,33.996,3.543,0.080,12.878,1823.597,1714.898,1836.000,1700.000,0.000,0.000,,,,2,1789738527.046,0,0
1376.129,41.832,42.824,40.188,39.000,40.000,41.000,40.000,39.000,39.000,40.000,39.000,41.000,41.047,39.000,41.047,38.438,35.000,35.000,37.270,36.512,35.238,33.996,3.068,0.073,12.394,1828.191,1698.722,1836.000,1700.000,0.000,0.000,,,,2,1789738528.045,0,0
1377.134,41.809,42.801,40.000,39.000,40.000,41.000,40.000,39.000,39.000,40.000,40.000,41.000,41.094,40.000,41.094,38.438,35.000,35.000,37.254,36.492,35.223,33.996,3.185,0.077,12.338,1823.671,1698.594,1836.000,1700.000,0.000,0.000,,,,2,1789738529.053,0,0
1378.137,41.785,42.777,40.188,39.000,39.000,40.000,40.000,39.000,39.000,40.000,39.000,41.000,41.047,39.000,41.047,38.438,35.000,35.000,37.238,36.477,35.203,33.996,3.070,0.079,12.553,1840.058,1704.868,1836.000,1700.000,0.000,0.000,,,,2,1789738530.050,0,0
1379.141,41.762,42.754,40.000,40.000,40.000,41.000,40.000,39.000,39.000,40.000,40.000,41.000,41.047,40.000,41.047,38.438,35.000,35.000,37.223,36.461,35.188,33.996,3.260,0.075,12.319,1828.061,1699.035,1836.000,1700.000,0.000,0.000,,,,2,1789738531.059,0,0
1380.145,41.738,42.680,40.125,39.000,40.000,40.000,40.000,39.000,39.000,40.000,39.000,41.000,41.016,39.000,41.016,38.438,35.000,35.000,37.203,36.445,35.172,33.996,3.046,0.071,12.107,1830.301,1698.538,1836.000,1700.000,0.000,0.000,,,,2,1789738532.064,0,0
1381.145,41.723,42.664,40.125,40.000,40.000,41.000,41.000,39.000,39.000,40.000,40.000,41.000,41.234,39.000,41.234,38.375,35.000,35.000,37.191,36.430,35.156,33.996,3.884,0.079,12.984,1828.163,1692.763,1836.000,1700.000,0.000,0.000,,,,2,1789738533.058,0,0
1382.150,41.707,42.648,40.062,39.000,40.000,41.000,40.000,38.000,39.000,40.000,40.000,41.000,41.266,39.000,41.266,38.438,35.000,35.000,37.172,36.414,35.141,33.996,3.439,0.078,13.130,1839.588,1699.284,1836.000,1700.000,0.000,0.000,,,,2,1789738534.067,0,0
1383.153,41.691,42.633,40.062,40.000,39.000,40.000,40.000,39.000,39.000,40.000,40.000,41.000,41.141,39.000,41.141,38.250,35.000,35.000,37.156,36.402,35.121,33.996,3.045,0.072,12.280,1849.141,1691.022,1836.000,1700.000,0.000,0.000,,,,2,1789738535.070,0,0
1384.156,41.676,42.617,40.125,40.000,40.000,41.000,40.000,39.000,39.000,40.000,39.000,41.000,41.156,39.000,41.156,38.500,35.000,35.000,37.145,36.387,35.105,33.996,3.548,0.077,12.944,1842.196,1698.939,1836.000,1700.000,0.000,0.000,,,,2,1789738536.069,0,0
1385.161,41.656,42.598,40.062,40.000,39.000,41.000,40.000,39.000,39.000,40.000,39.000,42.000,42.000,39.000,41.156,38.312,35.000,35.000,37.129,36.367,35.090,33.996,3.563,0.074,13.172,1837.456,1698.899,1836.000,1700.000,0.000,0.000,,,,2,1789738537.074,0,0
1386.164,41.641,42.582,39.875,39.000,39.000,41.000,41.000,39.000,39.000,40.000,40.000,42.000,42.000,39.000,41.094,38.250,35.000,35.000,37.113,36.355,35.074,33.996,3.211,0.070,12.244,1841.847,1704.747,1836.000,1700.000,0.000,0.000,,,,2,1789738538.077,0,0
1387.168,41.625,42.566,40.000,39.000,40.000,40.000,40.000,39.000,39.000,40.000,39.000,41.000,41.094,39.000,41.094,38.312,35.000,35.000,37.098,36.340,35.059,33.996,3.703,0.075,13.066,1837.494,1704.917,1836.000,1700.000,0.000,0.000,,,,2,1789738539.083,0,0
1388.172,41.605,42.547,40.000,39.000,39.000,40.000,40.000,39.000,39.000,40.000,40.000,41.000,41.016,39.000,41.016,38.250,35.000,35.000,37.082,36.324,35.043,33.996,3.048,0.072,11.975,1839.785,1709.158,1836.000,1700.000,0.000,0.000,,,,2,1789738540.092,0,0
1389.177,41.586,42.527,39.938,39.000,40.000,40.000,40.000,39.000,39.000,40.000,40.000,41.000,41.000,39.000,41.000,38.250,35.000,35.000,37.066,36.312,35.027,33.996,3.031,0.075,11.954,1837.757,1695.274,1836.000,1700.000,0.000,0.000,,,,2,1789738541.096,0,0
1390.182,41.566,42.461,39.875,40.000,40.000,41.000,40.000,38.000,39.000,40.000,39.000,41.000,41.000,39.000,40.984,38.250,35.000,35.000,37.051,36.297,35.016,33.996,3.165,0.074,11.882,1837.822,1710.783,1836.000,1700.000,0.000,0.000,,,,2,1789738542.101,0,0
1391.186,41.555,42.449,39.938,40.000,40.000,41.000,41.000,39.000,39.000,40.000,40.000,41.000,41.156,40.000,41.156,38.250,35.000,35.000,37.035,36.281,34.996,33.996,3.899,0.077,13.166,1828.079,1697.225,1836.000,1700.000,0.000,0.000,,,,2,1789738543.102,0,0
1392.191,41.535,42.430,39.875,40.000,40.000,41.000,40.000,39.000,39.000,40.000,39.000,41.000,41.016,40.000,41.016,38.188,35.000,35.000,37.020,36.270,34.980,33.996,3.393,0.077,12.704,1842.177,1706.873,1836.000,1700.000,0.000,0.000,,,,2,1789738544.104,0,0
1393.195,41.523,42.418,40.000,39.000,40.000,41.000,40.000,39.000,38.000,40.000,39.000,41.000,41.078,39.000,41.078,38.250,35.000,35.000,37.004,36.254,34.969,33.996,3.552,0.076,12.706,1817.438,1714.915,1836.000,1700.000,0.000,0.000,,,,2,1789738545.112,0,0
1394.198,41.512,42.406,39.875,40.000,40.000,41.000,41.000,39.000,39.000,40.000,39.000,42.000,42.000,40.000,41.125,38.125,35.000,35.000,36.988,36.242,34.953,33.996,3.455,0.077,12.554,1845.009,1693.568,1836.000,1700.000,0.000,0.000,,,,2,1789738546.113,0,0
1395.203,41.496,42.391,39.750,39.000,40.000,40.000,40.000,39.000,39.000,40.000,39.000,42.000,42.000,39.000,41.031,38.062,35.000,35.000,36.973,36.227,34.938,33.996,3.314,0.077,13.302,1823.745,1699.035,1836.000,1700.000,0.000,0.000,,,,2,1789738547.116,0,0
1396.207,41.480,42.375,39.812,40.000,39.000,40.000,40.000,38.000,38.000,40.000,40.000,41.000,41.000,39.000,41.000,38.062,35.000,35.000,36.961,36.211,34.922,33.996,3.263,0.078,12.533,1837.822,1709.199,1836.000,1700.000,0.000,0.000,,,,2,1789738548.119,0,0
1397.211,41.465,42.359,39.750,39.000,39.000,40.000,40.000,38.000,39.000,40.000,39.000,41.000,41.000,40.000,40.984,38.062,35.000,35.000,36.945,36.199,34.906,33.996,3.165,0.078,12.610,1830.794,1703.352,1836.000,1700.000,0.000,0.000,,,,2,1789738549.123,0,0
1398.214,41.449,42.344,39.750,39.000,39.000,40.000,40.000,38.000,38.000,40.000,39.000,41.000,41.000,39.000,40.984,38.062,35.000,35.000,36.930,36.188,34.895,33.996,3.272,0.076,12.509,1844.640,1711.116,1836.000,1700.000,0.000,0.000,,,,2,1789738550.132,0,0
1399.217,41.434,42.328,39.562,40.000,39.000,40.000,40.000,38.000,39.000,40.000,40.000,41.000,41.000,39.000,40.984,38.000,35.000,35.000,36.914,36.172,34.879,33.996,3.334,0.076,12.511,1851.395,1693.146,1836.000,1700.000,0.000,0.000,,,,2,1789738551.130,0,0
1400.222,41.422,42.270,39.625,39.000,39.000,40.000,40.000,38.000,38.000,40.000,40.000,41.000,41.000,39.000,40.984,38.000,35.000,35.000,36.902,36.160,34.867,33.996,3.111,0.074,12.401,1823.791,1699.139,1836.000,1700.000,0.000,0.000,,,,2,1789738552.133,0,0
1401.225,41.410,42.258,39.688,39.000,39.000,40.000,40.000,38.000,38.000,40.000,40.000,41.000,41.109,39.000,41.109,38.125,35.000,35.000,36.887,36.148,34.855,33.996,3.883,0.078,13.176,1823.643,1692.740,1836.000,1700.000,0.000,0.000,,,,2,1789738553.137,0,0
1402.228,41.398,42.246,39.750,40.000,39.000,40.000,40.000,38.000,39.000,40.000,39.000,41.000,41.016,40.000,41.016,38.000,35.000,35.000,36.875,36.133,34.840,33.996,3.360,0.080,12.563,1839.964,1709.572,1836.000,1700.000,0.000,0.000,,,,2,1789738554.142,0,0
1403.232,41.387,42.234,39.688,40.000,39.000,41.000,40.000,38.000,38.000,40.000,39.000,41.000,41.000,39.000,40.984,38.062,35.000,35.000,36.859,36.121,34.824,33.996,3.165,0.073,12.476,1849.198,1709.134,1836.000,1700.000,0.000,0.000,,,,2,1789738555.151,0,0
1404.236,41.379,42.227,39.625,40.000,40.000,41.000,40.000,39.000,39.000,41.000,39.000,41.000,41.141,40.000,41.141,38.000,35.000,35.000,36.844,36.105,34.809,33.996,3.658,0.080,12.423,1838.076,1693.839,1836.000,1700.000,0.000,0.000,,,,2,1789738556.153,0,0
1405.240,41.367,42.215,39.750,42.000,40.000,41.000,40.000,39.000,38.000,40.000,39.000,41.000,42.000,40.000,41.094,38.188,35.000,35.000,36.832,36.094,34.797,33.996,3.414,0.077,13.301,1837.597,1714.572,1836.000,1700.000,0.000,0.000,,,,2,1789738557.158,0,0
1406.242,41.355,42.203,39.562,39.000,39.000,40.000,40.000,38.000,39.000,39.000,39.000,41.000,41.000,40.000,40.984,38.000,35.000,35.000,36.816,36.082,34.785,33.996,3.139,0.075,12.731,1835.620,1693.313,1836.000,1700.000,0.000,0.000,,,,2,1789738558.158,0,0
1407.246,41.344,42.191,39.625,39.000,39.000,40.000,40.000,38.000,38.000,40.000,39.000,41.000,41.000,39.000,40.891,38.000,35.000,35.000,36.805,36.070,34.773,33.996,3.015,0.075,12.054,1837.344,1687.898,1836.000,1700.000,0.000,0.000,,,,2,1789738559.157,0,0
1408.250,41.355,42.203,39.625,40.000,40.000,41.000,40.000,39.000,39.000,40.000,39.000,41.000,41.781,40.000,41.781,38.000,35.000,35.000,36.789,36.059,34.758,33.996,6.513,0.098,15.599,1837.438,1697.457,1836.000,1700.000,0.000,0.000,,,,2,1789738560.167,0,0
1409.254,41.340,42.188,39.562,39.000,39.000,40.000,40.000,38.000,39.000,40.000,39.000,41.000,41.000,39.000,40.797,38.000,35.000,35.000,36.773,36.043,34.746,33.996,3.191,0.074,12.023,1837.644,1686.981,1836.000,1700.000,0.000,0.000,,,,2,1789738561.173,0,0
1410.258,41.332,42.160,39.812,40.000,39.000,40.000,40.000,38.000,39.000,40.000,39.000,41.000,41.062,40.000,41.062,38.000,35.000,35.000,36.758,36.031,34.734,33.996,3.777,0.077,12.678,1828.479,1693.456,1836.000,1700.000,0.000,0.000,,,,2,1789738562.174,0,0
1411.260,41.324,42.152,39.562,40.000,39.000,40.000,40.000,39.000,39.000,40.000,39.000,41.000,41.109,39.000,41.109,37.938,35.000,35.000,36.746,36.020,34.719,33.996,3.612,0.075,12.634,1844.281,1705.264,1836.000,1700.000,0.000,0.000,,,,2,1789738563.177,0,0
1412.265,41.332,42.160,39.688,40.000,39.000,41.000,40.000,39.000,39.000,40.000,39.000,41.000,41.578,40.000,41.578,37.938,35.000,35.000,36.730,36.008,34.707,33.996,6.866,0.096,16.414,1853.807,1700.592,1836.000,1700.000,0.000,0.000,,,,2,1789738564.183,0,0
1413.269,41.316,42.145,39.625,39.000,39.000,40.000,40.000,39.000,39.000,40.000,39.000,41.000,41.000,39.000,40.891,37.875,35.000,35.000,36.715,35.992,34.695,33.996,3.260,0.076,12.567,1839.814,1704.731,1836.000,1700.000,0.000,0.000,,,,2,1789738565.182,0,0
1414.272,41.363,42.191,39.625,41.000,40.000,41.000,42.000,39.000,39.000,40.000,40.000,41.000,42.734,40.000,42.734,38.000,35.000,35.000,36.699,35.984,34.680,33.996,6.769,0.098,15.719,1849.322,1699.508,1836.000,1700.000,0.000,0.000,,,,2,1789738566.187,0,0
1415.277,44.457,46.129,39.750,45.000,44.000,45.000,47.000,45.000,44.000,61.000,44.000,47.000,61.000,45.000,53.750,37.938,35.000,35.000,36.688,35.973,34.672,33.996,14.013,0.133,21.030,1840.340,1714.841,1836.000,1700.000,0.000,0.000,,,,2,1789738567.191,0,0
1416.280,44.500,46.020,40.250,42.000,41.000,43.000,42.000,40.000,40.000,41.000,40.000,42.000,44.625,41.000,44.625,38.062,35.000,35.000,36.676,35.961,34.660,33.996,14.712,0.158,27.914,1841.950,1691.324,1836.000,1700.000,0.000,0.000,,,,2,1789738568.191,0,0
1417.284,47.219,49.402,40.438,49.000,49.000,52.000,53.000,46.000,48.000,45.000,46.000,45.000,55.375,47.000,55.375,38.125,35.000,35.000,36.660,35.949,34.648,33.996,17.457,0.142,23.028,1828.590,1703.328,1836.000,1700.000,0.000,0.000,,,,2,1789738569.195,0,0
1418.287,49.328,51.926,40.625,44.000,43.000,46.000,45.000,43.000,42.000,44.000,42.000,43.000,55.656,43.000,55.656,38.250,35.000,35.000,36.648,35.938,34.633,33.996,13.308,0.123,25.668,1853.664,1699.211,1836.000,1700.000,0.000,0.000,,,,2,1789738570.198,0,0
1419.288,49.887,52.391,40.688,43.000,43.000,44.000,44.000,42.000,42.000,43.000,42.000,43.000,51.562,43.000,51.562,38.438,35.000,35.000,36.633,35.926,34.625,33.996,10.650,0.114,21.236,1821.577,1689.483,1836.000,1700.000,0.000,0.000,,,,2,1789738571.199,0,0
1420.290,49.645,51.898,40.688,41.000,40.000,41.000,41.000,40.000,39.000,40.000,40.000,42.000,42.219,40.000,42.219,38.500,35.000,35.000,36.621,35.918,34.613,33.996,3.180,0.078,12.367,1835.321,1685.054,1836.000,1700.000,0.000,0.000,,,,2,1789738572.201,0,0
1421.293,49.449,51.703,40.625,42.000,41.000,42.000,42.000,40.000,40.000,41.000,40.000,42.000,43.375,41.000,43.375,38.500,35.000,35.000,36.609,35.906,34.598,33.996,4.331,0.084,12.732,3329.665,3116.343,5616.000,5200.000,1.000,1.000,,,,2,1789738573.203,0,0
1422.296,49.207,51.461,40.625,41.000,41.000,41.000,41.000,39.000,39.000,41.000,40.000,42.000,42.000,40.000,41.672,38.500,35.000,35.000,36.594,35.891,34.586,33.996,3.334,0.080,14.375,4383.295,4067.843,5616.000,5200.000,1.000,1.000,,,,2,1789738574.206,0,0
1423.300,48.992,51.246,40.438,51.000,41.000,43.000,49.000,41.000,41.000,41.000,40.000,42.000,51.000,43.000,42.312,38.375,35.000,35.000,36.578,35.879,34.574,33.996,3.892,0.084,13.490,4769.792,4424.126,5616.000,5200.000,1.000,1.000,,,,2,1789738575.211,0,0
1424.302,55.617,59.633,40.750,53.000,51.000,53.000,77.000,52.000,56.000,51.000,80.000,48.000,80.000,50.000,75.500,38.500,35.000,35.000,36.566,35.863,34.562,33.996,42.986,0.106,49.277,4998.611,4660.858,5616.000,5200.000,1.000,1.000,,,,2,1789738576.214,0,0
1425.307,62.848,68.633,41.500,54.000,68.000,55.000,56.000,56.000,52.000,86.000,53.000,56.000,86.000,54.000,84.531,38.688,35.000,35.000,36.555,35.855,34.551,33.996,45.741,0.087,55.758,5177.100,4816.182,5616.000,5200.000,1.000,1.000,,,,2,1789738577.220,0,0
1426.312,68.332,75.184,42.000,77.000,50.000,52.000,54.000,56.000,56.000,58.000,85.000,54.000,85.000,52.000,84.797,39.125,35.000,35.000,36.539,35.844,34.535,33.996,45.704,0.090,55.840,5287.042,4945.462,5616.000,5200.000,1.000,1.000,,,,2,1789738578.224,0,0
1427.316,71.523,78.648,42.750,54.000,49.000,58.000,56.000,82.000,78.000,54.000,58.000,51.000,82.000,51.000,81.094,39.500,35.000,35.000,36.527,35.832,34.523,33.996,45.244,0.089,55.872,5424.628,5028.354,5616.000,5200.000,1.000,1.000,,,,2,1789738579.228,0,0
1428.321,75.020,82.477,43.250,58.000,56.000,77.000,59.000,61.000,57.000,82.000,55.000,56.000,85.500,53.000,85.500,39.750,35.000,35.000,36.512,35.816,34.512,33.996,46.730,0.087,56.988,5444.481,5080.655,5616.000,5200.000,1.000,1.000,,,,2,1789738580.234,1,0
1429.325,77.355,84.770,43.812,57.000,70.000,82.000,60.000,54.000,54.000,53.000,56.000,51.000,84.375,58.000,84.375,40.312,35.000,35.000,36.500,35.797,34.496,33.996,46.137,0.100,56.998,5525.625,5152.131,5616.000,5200.000,1.000,1.000,,,,2,1789738581.237,1,0
1430.329,79.762,87.156,44.312,56.000,54.000,58.000,88.000,55.000,91.000,52.000,56.000,52.000,91.000,53.000,86.969,40.812,35.000,35.000,36.484,35.785,34.484,33.996,46.051,0.085,56.355,5568.015,5133.617,5616.000,5200.000,1.000,1.000,,,,2,1789738582.240,1,0
1431.329,81.375,88.516,44.875,53.000,51.000,58.000,56.000,89.000,58.000,60.000,88.000,54.000,89.000,52.000,86.219,41.000,35.000,35.000,36.473,35.773,34.473,33.996,47.840,0.097,58.190,5587.979,5132.080,5616.000,5200.000,1.000,1.000,,,,2,1789738583.241,1,0
1432.333,82.246,88.934,45.375,61.000,80.000,83.000,66.000,54.000,57.000,52.000,52.000,52.000,84.859,62.000,84.859,41.375,35.000,35.000,36.457,35.762,34.461,33.996,47.053,0.097,57.629,5588.847,5168.181,5616.000,5200.000,1.000,1.000,,,,2,1789738584.245,1,0
1433.334,82.895,89.105,45.812,56.000,57.000,57.000,61.000,77.000,85.000,54.000,57.000,52.000,85.000,57.000,84.844,41.812,35.000,35.000,36.445,35.750,34.449,33.996,46.857,0.093,57.630,5630.630,5205.999,5616.000,5200.000,1.000,1.000,,,,2,1789738585.246,1,0
1434.339,83.879,89.766,46.312,55.000,52.000,56.000,59.000,75.000,67.000,92.000,60.000,60.000,92.000,54.000,86.828,42.000,35.000,35.000,36.434,35.734,34.438,33.996,46.392,0.115,56.435,5630.014,5206.299,5616.000,5200.000,1.000,1.000,,,,2,1789738586.250,1,0
1435.342,84.266,89.680,46.750,57.000,53.000,59.000,80.000,58.000,85.000,57.000,57.000,54.000,85.422,54.000,85.422,42.438,35.000,35.000,36.422,35.727,34.430,33.996,45.918,0.098,57.323,5587.026,5169.294,5616.000,5200.000,1.000,1.000,,,,2,1789738587.253,1,0
1436.346,85.926,91.297,47.250,55.000,53.000,55.000,57.000,61.000,59.000,95.000,90.000,60.000,95.000,54.000,90.906,42.688,35.000,35.000,36.410,35.719,34.422,33.996,48.125,0.088,58.255,5629.134,5206.450,5616.000,5200.000,1.000,1.000,,,,2,1789738588.258,1,0
1437.351,86.285,91.227,47.562,61.000,57.000,93.000,62.000,59.000,58.000,83.000,55.000,56.000,93.000,57.000,87.375,42.938,35.000,35.000,36.398,35.707,34.414,33.996,47.491,0.095,58.468,5629.750,5206.978,5616.000,5200.000,1.000,1.000,,,,2,1789738589.264,1,0
1438.354,87.031,91.703,48.062,63.000,60.000,88.000,89.000,56.000,61.000,54.000,54.000,52.000,89.266,58.000,89.266,43.250,35.000,35.000,36.391,35.703,34.406,33.996,47.303,0.087,58.064,5628.694,5206.978,5616.000,5200.000,1.000,1.000,,,,2,1789738590.266,1,0
1439.359,87.488,91.828,48.250,57.000,57.000,58.000,60.000,83.000,60.000,57.000,90.000,54.000,90.000,57.000,88.859,43.688,35.000,35.000,36.379,35.699,34.402,33.996,47.446,0.087,57.965,5585.812,5171.374,5616.000,5200.000,1.000,1.000,,,,2,1789738591.271,1,0
1440.364,87.391,91.297,48.750,76.000,55.000,60.000,61.000,58.000,59.000,60.000,76.000,56.000,84.453,56.000,84.453,43.812,35.000,35.000,36.371,35.691,34.395,33.996,48.459,0.120,59.032,5628.430,5210.369,5616.000,5200.000,1.000,1.000,,,,2,1789738592.275,1,0
1441.369,87.363,90.879,49.000,58.000,57.000,58.000,85.000,57.000,86.000,55.000,61.000,55.000,86.484,58.000,86.484,44.125,35.000,35.000,36.363,35.691,34.391,33.996,45.926,0.093,55.951,5628.870,5207.806,5616.000,5200.000,1.000,1.000,,,,2,1789738593.280,1,0
1442.373,87.367,90.535,49.438,58.000,55.000,63.000,60.000,80.000,78.000,59.000,59.000,55.000,87.391,56.000,87.391,44.188,35.000,35.000,36.355,35.688,34.387,33.996,46.768,0.100,57.849,5627.726,5206.149,5616.000,5200.000,1.000,1.000,,,,2,1789738594.285,1,0
1443.375,88.875,92.176,49.688,82.000,59.000,70.000,64.000,60.000,79.000,55.000,56.000,54.000,93.391,59.000,93.391,44.438,35.000,35.000,36.348,35.688,34.387,33.996,45.708,0.097,56.204,5585.465,5207.580,5616.000,5200.000,1.000,1.000,,,,2,1789738595.287,1,0
1444.380,88.938,91.930,50.125,58.000,56.000,58.000,63.000,59.000,84.000,58.000,93.000,55.000,93.000,57.000,89.125,44.938,35.000,35.000,36.344,35.688,34.379,33.996,45.867,0.110,56.111,5585.206,5208.032,5616.000,5200.000,1.000,1.000,,,,2,1789738596.291,1,0
1445.385,88.836,91.527,50.312,61.000,78.000,58.000,84.000,59.000,59.000,59.000,56.000,57.000,85.781,62.000,85.781,44.812,35.000,35.000,36.336,35.688,34.379,33.996,46.871,0.100,56.613,5627.462,5208.333,5616.000,5200.000,1.000,1.000,,,,2,1789738597.297,1,0
1446.388,89.941,92.695,50.812,62.000,56.000,95.000,62.000,61.000,60.000,59.000,90.000,56.000,95.000,57.000,93.266,45.188,35.000,35.000,36.332,35.688,34.379,33.996,46.999,0.086,57.564,5628.254,5208.032,5616.000,5200.000,1.000,1.000,,,,2,1789738598.300,1,0
1447.392,90.223,92.785,50.938,64.000,57.000,97.000,86.000,62.000,63.000,57.000,59.000,55.000,97.000,58.000,91.062,45.250,35.000,35.000,36.328,35.695,34.383,33.996,46.880,0.098,57.336,5628.166,5206.827,5616.000,5200.000,1.000,1.000,,,,2,1789738599.304,1,0
1448.393,90.535,92.938,51.375,63.000,58.000,59.000,83.000,61.000,60.000,95.000,58.000,62.000,95.000,59.000,91.469,45.625,35.000,35.000,36.324,35.699,34.383,33.996,47.488,0.086,58.441,5628.518,5172.042,5616.000,5200.000,1.000,1.000,,,,2,1789738600.305,1,0
1449.393,90.449,92.609,51.625,73.000,66.000,63.000,87.000,59.000,62.000,59.000,59.000,58.000,87.875,60.000,87.875,45.688,35.000,35.000,36.320,35.703,34.387,33.996,47.841,0.101,58.554,5627.726,5206.902,5616.000,5200.000,1.000,1.000,,,,2,1789738601.306,1,0
1450.398,90.320,92.480,51.875,60.000,57.000,84.000,62.000,72.000,69.000,58.000,59.000,56.000,86.344,57.000,86.344,45.938,35.000,35.000,36.316,35.711,34.391,33.996,46.682,0.113,56.815,5627.902,5171.077,5616.000,5200.000,1.000,1.000,,,,2,1789738602.311,1,0
1451.403,91.555,93.871,52.062,64.000,58.000,98.000,64.000,92.000,61.000,68.000,59.000,60.000,98.000,59.000,95.266,46.000,35.000,35.000,36.312,35.719,34.391,33.996,48.971,0.109,58.532,5583.386,5189.938,5616.000,5200.000,1.000,1.000,,,,2,1789738603.315,1,0
1452.406,91.469,93.551,52.438,61.000,77.000,58.000,65.000,61.000,60.000,91.000,60.000,62.000,91.000,63.000,88.875,46.188,35.000,35.000,36.312,35.727,34.398,33.996,47.813,0.094,59.896,5585.378,5209.163,5616.000,5200.000,1.000,1.000,,,,2,1789738604.317,1,0
1453.407,91.461,93.336,52.688,60.000,59.000,59.000,62.000,60.000,86.000,60.000,96.000,57.000,96.000,60.000,91.250,46.312,35.000,35.000,36.312,35.734,34.402,33.996,47.893,0.095,58.404,5627.550,5209.238,5616.000,5200.000,1.000,1.000,,,,2,1789738605.320,1,0
1454.412,91.484,93.199,53.125,80.000,59.000,58.000,61.000,61.000,62.000,63.000,92.000,60.000,92.000,60.000,91.734,46.438,35.000,35.000,36.309,35.742,34.406,33.996,47.129,0.088,58.125,5584.166,5171.596,5616.000,5200.000,1.000,1.000,,,,2,1789738606.323,1,0
1455.413,92.469,94.305,53.188,67.000,58.000,100.000,65.000,64.000,84.000,58.000,59.000,57.000,100.000,60.000,95.422,46.750,35.000,35.000,36.309,35.754,34.414,33.996,47.859,0.103,58.523,5626.934,5209.163,5616.000,5200.000,1.000,1.000,,,,2,1789738607.326,1,0
1456.414,92.898,94.680,53.375,87.000,58.000,64.000,62.000,63.000,62.000,62.000,91.000,58.000,94.188,59.000,94.188,46.812,35.000,35.000,36.309,35.762,34.422,33.996,48.980,0.098,59.573,5626.583,5208.937,5616.000,5200.000,1.000,1.000,,,,2,1789738608.326,1,0
1457.419,92.820,94.426,53.625,61.000,58.000,63.000,89.000,63.000,93.000,59.000,62.000,56.000,93.000,59.000,90.453,47.000,35.000,35.000,36.312,35.777,34.430,33.996,47.796,0.089,58.659,5627.814,5209.087,5616.000,5200.000,1.000,1.000,,,,2,1789738609.332,1,0
1458.422,92.902,94.473,54.000,62.000,61.000,63.000,93.000,60.000,70.000,58.000,88.000,56.000,94.156,59.000,94.156,47.000,35.000,35.000,36.312,35.789,34.438,33.996,48.613,0.092,59.138,5627.198,5172.711,5616.000,5200.000,1.000,1.000,,,,2,1789738610.334,1,0
1459.426,92.836,94.406,54.125,64.000,80.000,63.000,91.000,59.000,63.000,58.000,60.000,57.000,91.000,64.000,90.828,47.188,35.000,35.000,36.316,35.801,34.445,33.996,47.716,0.097,58.422,5583.386,5208.861,5616.000,5200.000,1.000,1.000,,,,2,1789738611.337,1,0
1460.429,93.219,94.902,54.125,61.000,58.000,92.000,62.000,71.000,61.000,100.000,62.000,64.000,100.000,58.000,95.922,47.375,35.000,35.000,36.316,35.816,34.457,33.996,47.781,0.105,57.585,5627.990,5209.313,5616.000,5200.000,1.000,1.000,,,,2,1789738612.341,1,0
1461.430,93.258,94.840,54.625,65.000,58.000,87.000,65.000,64.000,89.000,61.000,63.000,59.000,93.938,59.000,93.938,47.438,35.000,35.000,36.316,35.824,34.469,33.996,48.550,0.102,59.699,5584.686,5210.293,5616.000,5200.000,1.000,1.000,,,,2,1789738613.340,1,0
1462.435,93.082,94.664,54.625,63.000,61.000,66.000,65.000,59.000,79.000,57.000,82.000,56.000,87.688,61.000,87.688,47.625,35.000,35.000,36.316,35.836,34.480,33.996,46.465,0.114,57.475,5625.352,5208.635,5616.000,5200.000,1.000,1.000,,,,2,1789738614.348,1,0
1463.439,93.094,94.676,54.938,63.000,58.000,95.000,64.000,68.000,64.000,89.000,62.000,60.000,95.000,59.000,93.484,47.875,35.000,35.000,36.316,35.844,34.492,33.996,47.315,0.093,57.671,5624.297,5207.203,5616.000,5200.000,1.000,1.000,,,,2,1789738615.351,1,0
1464.442,93.016,94.598,55.000,70.000,66.000,69.000,69.000,78.000,62.000,68.000,58.000,57.000,90.594,65.000,90.594,47.875,35.000,35.000,36.320,35.855,34.504,33.996,47.701,0.102,59.416,5626.495,5173.231,5616.000,5200.000,1.000,1.000,,,,2,1789738616.354,1,0
1465.448,93.047,94.629,55.188,62.000,57.000,91.000,64.000,66.000,89.000,61.000,64.000,58.000,94.016,58.000,94.016,48.062,35.000,35.000,36.320,35.863,34.516,33.996,47.663,0.094,58.200,5625.704,5207.957,5616.000,5200.000,1.000,1.000,,,,2,1789738617.360,1,0
1466.453,93.160,94.742,55.375,62.000,58.000,72.000,64.000,73.000,79.000,65.000,85.000,58.000,96.656,60.000,96.656,48.062,35.000,35.000,36.320,35.875,34.527,33.996,48.223,0.099,59.055,5583.819,5209.614,5616.000,5200.000,1.000,1.000,,,,2,1789738618.364,1,0
1467.454,93.191,94.773,55.625,64.000,62.000,63.000,93.000,62.000,69.000,60.000,91.000,58.000,94.172,60.000,94.172,48.188,35.000,35.000,36.324,35.887,34.543,33.996,48.305,0.089,58.538,5581.915,5207.806,5616.000,5200.000,1.000,1.000,,,,2,1789738619.366,1,0
1468.456,93.281,94.863,55.750,66.000,73.000,74.000,65.000,67.000,75.000,72.000,61.000,62.000,95.656,61.000,95.656,48.188,35.000,35.000,36.328,35.898,34.555,33.996,47.489,0.093,57.658,5580.184,5208.710,5616.000,5200.000,1.000,1.000,,,,2,1789738620.368,1,0
1469.458,93.258,94.840,56.000,60.000,72.000,62.000,61.000,84.000,64.000,66.000,72.000,61.000,92.547,61.000,92.547,48.188,35.000,35.000,36.328,35.914,34.570,33.996,47.023,0.095,58.691,5537.865,5209.614,5616.000,5200.000,1.000,1.000,,,,2,1789738621.370,1,0
1470.463,93.129,94.711,55.938,64.000,61.000,64.000,86.000,84.000,66.000,62.000,62.000,58.000,89.125,61.000,89.125,48.438,35.000,35.000,36.332,35.930,34.586,33.996,48.652,0.107,58.327,5625.000,5210.218,5616.000,5200.000,1.000,1.000,,,,2,1789738622.374,1,0
1471.464,93.098,95.062,56.188,88.000,60.000,66.000,65.000,95.000,65.000,66.000,63.000,58.000,95.000,61.000,92.172,48.500,35.000,35.000,36.336,35.941,34.602,33.996,50.175,0.124,61.118,5625.352,5208.032,5616.000,5200.000,1.000,1.000,,,,2,1789738623.377,1,0
1472.470,93.301,95.266,56.500,66.000,60.000,62.000,64.000,64.000,60.000,99.000,88.000,65.000,99.000,61.000,97.844,48.688,35.000,35.000,36.340,35.957,34.617,33.996,48.500,0.099,58.763,5625.088,5209.690,5616.000,5200.000,1.000,1.000,,,,2,1789738624.382,1,0
1473.475,93.336,95.301,56.625,76.000,66.000,72.000,89.000,62.000,66.000,59.000,60.000,57.000,94.344,63.000,94.344,48.688,35.000,35.000,36.344,35.969,34.629,33.996,48.808,0.094,59.611,5624.912,5171.894,5616.000,5200.000,1.000,1.000,,,,2,1789738625.386,1,0
1474.475,93.328,95.293,56.688,70.000,63.000,81.000,88.000,64.000,67.000,59.000,71.000,58.000,93.172,61.000,93.172,48.812,35.000,35.000,36.348,35.988,34.648,33.996,47.786,0.092,58.128,5623.506,5173.306,5616.000,5200.000,1.000,1.000,,,,2,1789738626.387,1,0
1475.479,93.297,95.262,56.812,61.000,68.000,61.000,63.000,62.000,63.000,60.000,79.000,58.000,92.297,62.000,92.297,48.812,35.000,35.000,36.352,36.000,34.664,33.996,47.566,0.105,58.483,5623.857,5172.711,5616.000,5200.000,1.000,1.000,,,,2,1789738627.391,1,0
1476.484,93.488,95.621,56.875,60.000,58.000,63.000,62.000,95.000,62.000,100.000,67.000,66.000,100.000,60.000,97.156,49.062,35.000,35.000,36.359,36.016,34.680,33.996,48.675,0.091,58.714,5623.770,5209.916,5616.000,5200.000,1.000,1.000,,,,2,1789738628.396,1,0
1477.488,93.527,95.480,57.062,67.000,80.000,64.000,66.000,64.000,60.000,99.000,61.000,65.000,99.000,66.000,93.844,49.062,35.000,35.000,36.363,36.035,34.695,33.996,46.944,0.102,57.533,5579.665,5208.710,5616.000,5200.000,1.000,1.000,,,,2,1789738629.400,1,0
1478.493,93.539,95.492,57.250,63.000,84.000,60.000,67.000,61.000,65.000,62.000,94.000,59.000,94.000,67.000,93.844,49.125,35.000,35.000,36.367,36.047,34.711,33.996,48.451,0.092,59.166,5624.121,5208.107,5616.000,5200.000,1.000,1.000,,,,2,1789738630.404,1,0
1479.493,93.355,95.309,57.375,66.000,74.000,61.000,86.000,58.000,62.000,57.000,58.000,58.000,87.734,65.000,87.734,49.250,35.000,35.000,36.375,36.066,34.730,33.996,47.462,0.086,58.749,5622.716,5209.012,5616.000,5200.000,1.000,1.000,,,,2,1789738631.406,1,0
1480.495,93.473,95.426,57.500,67.000,60.000,68.000,80.000,63.000,64.000,62.000,95.000,59.000,97.062,61.000,97.062,49.312,35.000,35.000,36.379,36.082,34.746,33.996,48.144,0.088,57.684,5623.067,5209.614,5616.000,5200.000,1.000,1.000,,,,2,1789738632.408,1,0
1481.496,93.512,95.465,57.438,65.000,81.000,64.000,88.000,62.000,74.000,59.000,63.000,58.000,94.766,65.000,94.766,49.250,35.000,35.000,36.387,36.102,34.766,33.996,46.758,0.104,57.118,5623.331,5208.107,5616.000,5200.000,1.000,1.000,,,,2,1789738633.408,1,0
1482.501,93.480,95.238,57.562,61.000,59.000,61.000,65.000,66.000,93.000,100.000,65.000,65.000,100.000,60.000,92.562,49.438,35.000,35.000,36.391,36.117,34.781,33.996,46.634,0.087,57.594,5623.945,5207.128,5616.000,5200.000,1.000,1.000,,,,2,1789738634.414,1,0
1483.504,93.570,95.328,57.750,60.000,59.000,64.000,62.000,95.000,64.000,69.000,96.000,61.000,96.000,60.000,95.562,49.438,35.000,35.000,36.398,36.133,34.801,33.996,48.946,0.101,59.708,5622.013,5171.374,5616.000,5200.000,1.000,1.000,,,,2,1789738635.417,1,0
1484.506,93.605,95.363,57.875,62.000,62.000,63.000,64.000,89.000,63.000,63.000,95.000,60.000,95.000,63.000,94.594,49.625,35.000,35.000,36.406,36.152,34.816,33.996,49.223,0.098,59.790,5622.979,5208.861,5616.000,5200.000,1.000,1.000,,,,2,1789738636.419,1,0
1485.510,93.555,95.312,58.000,60.000,59.000,60.000,62.000,75.000,63.000,87.000,94.000,65.000,94.000,60.000,92.078,49.562,35.000,35.000,36.410,36.168,34.828,32.996,47.231,0.100,57.843,5623.243,5211.123,5616.000,5200.000,1.000,1.000,,,,2,1789738637.422,1,0
1486.512,93.523,95.281,58.125,64.000,66.000,61.000,66.000,80.000,63.000,63.000,93.000,60.000,93.000,65.000,92.500,49.688,35.000,35.000,36.418,36.188,34.840,32.996,48.167,0.101,58.743,5623.331,5209.992,5616.000,5200.000,1.000,1.000,,,,2,1789738638.424,1,0
1487.516,93.582,95.340,58.125,64.000,63.000,62.000,93.000,64.000,65.000,99.000,62.000,66.000,99.000,62.000,95.344,49.688,35.000,35.000,36.426,36.203,34.852,32.996,48.289,0.094,58.869,5622.364,5208.635,5616.000,5200.000,1.000,1.000,,,,2,1789738639.429,1,0
1488.521,93.562,95.320,58.250,69.000,61.000,82.000,81.000,66.000,64.000,63.000,66.000,60.000,93.062,62.000,93.062,49.750,35.000,35.000,36.434,36.223,34.867,32.996,48.117,0.098,58.766,5621.750,5210.369,5616.000,5200.000,1.000,1.000,,,,2,1789738640.433,1,0
1489.526,93.699,95.457,58.250,64.000,59.000,74.000,65.000,100.000,64.000,92.000,63.000,62.000,100.000,61.000,96.906,49.750,35.000,35.000,36.441,36.242,34.879,32.996,47.604,0.104,58.546,5623.857,5208.937,5616.000,5200.000,1.000,1.000,,,,2,1789738641.438,1,0
1490.527,93.883,95.668,58.375,61.000,59.000,65.000,62.000,100.000,62.000,99.000,64.000,66.000,100.000,60.000,95.938,50.000,35.000,35.000,36.449,36.262,34.891,32.996,47.579,0.104,57.809,5623.594,5173.752,5616.000,5200.000,1.000,1.000,,,,2,1789738642.440,1,0
1491.529,93.895,95.680,58.438,71.000,74.000,67.000,65.000,63.000,64.000,63.000,92.000,60.000,94.234,64.000,94.234,49.938,35.000,35.000,36.457,36.281,34.902,32.996,48.336,0.101,58.576,5622.716,5174.496,5616.000,5200.000,1.000,1.000,,,,2,1789738643.441,1,0
1492.530,93.762,95.547,58.562,63.000,63.000,62.000,68.000,63.000,93.000,89.000,64.000,62.000,93.000,63.000,89.672,49.875,35.000,35.000,36.465,36.297,34.914,32.996,47.226,0.094,57.894,5622.013,5210.595,5616.000,5200.000,1.000,1.000,,,,2,1789738644.442,1,0
1493.536,93.781,95.566,58.625,65.000,63.000,66.000,94.000,96.000,67.000,67.000,62.000,59.000,96.000,62.000,94.391,50.062,35.000,35.000,36.477,36.316,34.930,32.996,48.843,0.094,59.056,5622.892,5210.595,5616.000,5200.000,1.000,1.000,,,,2,1789738645.448,1,0
1494.542,93.824,95.609,58.688,66.000,80.000,65.000,70.000,62.000,95.000,60.000,63.000,59.000,95.219,67.000,95.219,50.062,35.000,35.000,36.484,36.336,34.941,32.996,48.665,0.087,58.999,5622.101,5209.464,5616.000,5200.000,1.000,1.000,,,,2,1789738646.456,1,0
1495.551,93.789,95.574,58.812,66.000,63.000,67.000,93.000,96.000,68.000,66.000,62.000,59.000,96.000,62.000,92.609,50.250,35.000,35.000,36.492,36.355,34.957,32.996,46.719,0.099,56.726,5579.232,5208.258,5616.000,5200.000,1.000,1.000,,,,2,1789738647.462,1,0
1496.560,93.828,95.613,58.875,69.000,78.000,72.000,87.000,65.000,64.000,61.000,60.000,59.000,95.078,64.000,95.078,50.125,35.000,35.000,36.500,36.375,34.969,32.996,46.596,0.118,57.975,5622.452,5173.083,5616.000,5200.000,1.000,1.000,,,,2,1789738648.471,1,0
1497.562,93.723,95.789,58.938,65.000,62.000,67.000,67.000,93.000,64.000,95.000,86.000,64.000,95.000,63.000,90.422,50.188,35.000,35.000,36.512,36.395,34.984,32.996,49.804,0.121,59.734,5622.716,5172.265,5616.000,5200.000,1.000,1.000,,,,2,1789738649.474,1,0
1498.569,93.824,95.891,59.312,71.000,77.000,66.000,69.000,67.000,90.000,66.000,98.000,63.000,98.000,67.000,97.016,50.312,35.000,35.000,36.520,36.414,34.996,32.996,62.790,0.167,73.266,5622.013,5207.881,5616.000,5200.000,1.000,1.000,,,,2,1789738650.482,1,0
1499.576,93.613,95.680,59.750,67.000,64.000,64.000,82.000,80.000,67.000,61.000,62.000,60.000,87.109,64.000,87.109,50.375,35.000,35.000,36.531,36.434,35.012,32.996,56.905,0.179,68.897,5623.857,5208.409,5616.000,5200.000,1.000,1.000,,,,2,1789738651.488,1,0
1500.583,93.641,95.707,59.812,61.000,60.000,62.000,67.000,64.000,95.000,63.000,100.000,60.000,100.000,61.000,94.438,50.562,35.000,35.000,36.539,36.453,35.023,32.996,46.555,0.142,56.903,5620.083,5209.087,5616.000,5200.000,1.000,1.000,,,,2,1789738652.495,1,0
1501.586,93.688,95.754,59.625,68.000,65.000,99.000,70.000,65.000,63.000,61.000,86.000,60.000,99.000,65.000,94.969,50.688,35.000,35.000,36.551,36.477,35.039,32.996,46.702,0.106,56.992,5622.013,5173.975,5616.000,5200.000,1.000,1.000,,,,2,1789738653.498,1,0
1502.588,93.691,95.758,59.688,66.000,84.000,87.000,69.000,77.000,64.000,67.000,61.000,60.000,93.922,68.000,93.922,50.625,35.000,35.000,36.562,36.496,35.055,32.996,48.033,0.099,58.976,5623.594,5207.957,5616.000,5200.000,1.000,1.000,,,,2,1789738654.499,1,0
1503.598,93.723,95.789,59.812,65.000,64.000,69.000,67.000,96.000,83.000,67.000,64.000,60.000,96.000,64.000,94.703,50.812,35.000,35.000,36.570,36.516,35.070,32.996,48.681,0.097,59.363,5621.750,5171.745,5616.000,5200.000,1.000,1.000,,,,2,1789738655.510,1,0
1504.605,93.746,95.812,59.750,65.000,62.000,93.000,67.000,66.000,62.000,98.000,63.000,65.000,98.000,63.000,94.484,50.750,35.000,35.000,36.582,36.535,35.082,32.996,48.037,0.094,58.829,5622.101,5209.841,5616.000,5200.000,1.000,1.000,,,,2,1789738656.516,1,0
1505.610,93.941,96.133,59.812,96.000,63.000,100.000,71.000,68.000,65.000,61.000,60.000,59.000,100.000,63.000,97.266,50.812,35.000,35.000,36.594,36.555,35.098,32.996,48.134,0.092,58.362,5621.837,5172.488,5616.000,5200.000,1.000,1.000,,,,2,1789738657.522,1,0
1506.614,93.988,96.180,59.750,66.000,63.000,64.000,91.000,63.000,68.000,63.000,95.000,60.000,95.375,63.000,95.375,50.812,35.000,35.000,36.602,36.574,35.113,32.996,47.321,0.097,57.624,5621.925,5208.409,5616.000,5200.000,1.000,1.000,,,,2,1789738658.527,1,0
1507.621,93.984,96.176,59.875,66.000,61.000,93.000,65.000,64.000,65.000,65.000,88.000,62.000,93.922,62.000,93.922,50.812,35.000,35.000,36.613,36.594,35.129,32.996,48.309,0.087,58.536,5577.677,5209.765,5616.000,5200.000,1.000,1.000,,,,2,1789738659.533,1,0
1508.630,94.031,96.223,59.938,65.000,63.000,62.000,93.000,64.000,65.000,90.000,68.000,63.000,95.484,63.000,95.484,50.875,35.000,35.000,36.625,36.613,35.145,32.996,48.381,0.101,57.982,5620.258,5209.540,5616.000,5200.000,1.000,1.000,,,,2,1789738660.542,1,0
1509.638,94.062,96.254,60.125,66.000,61.000,70.000,67.000,89.000,92.000,62.000,64.000,59.000,95.031,62.000,95.031,50.750,35.000,35.000,36.633,36.633,35.156,32.996,47.350,0.098,58.356,5621.575,5207.429,5616.000,5200.000,1.000,1.000,,,,2,1789738661.551,1,0
1510.647,94.211,96.402,60.188,64.000,65.000,63.000,67.000,79.000,72.000,64.000,100.000,61.000,100.000,64.000,98.531,50.938,35.000,35.000,36.645,36.652,35.172,32.996,49.207,0.095,59.657,5621.837,5208.635,5616.000,5200.000,1.000,1.000,,,,2,1789738662.559,1,0
1511.657,94.379,96.652,60.125,66.000,65.000,67.000,99.000,64.000,100.000,60.000,65.000,59.000,100.000,62.000,97.406,50.938,35.000,35.000,36.656,36.676,35.191,32.996,50.068,0.106,60.113,5620.785,5209.540,5616.000,5200.000,1.000,1.000,,,,2,1789738663.569,1,0
1512.660,94.359,96.633,60.125,87.000,62.000,77.000,69.000,64.000,95.000,60.000,64.000,59.000,95.000,63.000,93.781,51.000,35.000,35.000,36.664,36.691,35.203,32.996,48.430,0.092,59.068,5620.258,5211.047,5616.000,5200.000,1.000,1.000,,,,2,1789738664.572,1,0
1513.660,94.430,96.703,60.062,65.000,60.000,97.000,65.000,67.000,62.000,99.000,63.000,66.000,99.000,61.000,96.234,51.125,35.000,35.000,36.676,36.711,35.219,32.996,46.925,0.110,57.824,5620.433,5209.916,5616.000,5200.000,1.000,1.000,,,,2,1789738665.572,1,0
1514.664,94.699,97.234,60.125,64.000,76.000,65.000,64.000,71.000,61.000,100.000,63.000,66.000,100.000,65.000,99.594,51.062,35.000,35.000,36.688,36.734,35.234,32.996,46.268,0.105,57.115,5621.311,5210.595,5616.000,5200.000,1.000,1.000,,,,2,1789738666.576,1,0
1515.665,94.715,97.020,60.188,80.000,60.000,62.000,66.000,65.000,76.000,63.000,100.000,60.000,100.000,62.000,94.953,51.125,35.000,35.000,36.695,36.750,35.250,32.996,46.847,0.099,56.919,5621.487,5209.313,5616.000,5200.000,1.000,1.000,,,,2,1789738667.577,1,0
1516.675,94.723,96.820,60.250,66.000,85.000,62.000,69.000,63.000,65.000,64.000,98.000,61.000,98.000,68.000,94.938,51.250,35.000,35.000,36.707,36.773,35.266,32.996,48.761,0.094,59.433,5621.750,5173.677,5616.000,5200.000,1.000,1.000,,,,2,1789738668.587,1,0
1517.679,94.652,96.750,60.312,63.000,60.000,62.000,85.000,64.000,87.000,68.000,68.000,63.000,92.516,61.000,92.516,51.125,35.000,35.000,36.719,36.793,35.281,32.996,48.262,0.090,59.313,5619.907,5174.793,5616.000,5200.000,1.000,1.000,,,,2,1789738669.592,1,0
1518.680,94.633,96.730,60.375,68.000,60.000,91.000,67.000,64.000,70.000,64.000,93.000,61.000,94.062,61.000,94.062,51.188,35.000,35.000,36.730,36.812,35.297,32.996,46.907,0.106,57.844,5619.995,5208.484,5616.000,5200.000,1.000,1.000,,,,2,1789738670.590,1,0
1519.688,94.766,96.863,60.312,64.000,61.000,71.000,65.000,100.000,65.000,68.000,91.000,60.000,100.000,61.000,98.812,51.125,35.000,35.000,36.742,36.828,35.312,32.996,44.692,0.113,56.366,5618.942,5209.389,5616.000,5200.000,1.000,1.000,,,,2,1789738671.601,1,0
1520.696,94.668,96.766,60.375,66.000,64.000,67.000,67.000,63.000,87.000,64.000,90.000,61.000,91.641,64.000,91.641,51.125,35.000,35.000,36.754,36.852,35.328,32.996,47.854,0.095,57.012,5621.223,5172.265,5616.000,5200.000,1.000,1.000,,,,2,1789738672.608,1,0
1521.705,94.781,96.879,60.438,64.000,60.000,97.000,66.000,66.000,95.000,67.000,66.000,63.000,98.391,61.000,98.391,51.125,35.000,35.000,36.766,36.871,35.340,32.996,48.637,0.104,59.020,5620.697,5211.047,5616.000,5200.000,1.000,1.000,,,,2,1789738673.618,1,0
1522.713,94.824,96.922,60.500,67.000,64.000,67.000,99.000,63.000,100.000,61.000,65.000,60.000,100.000,62.000,96.062,51.250,35.000,35.000,36.777,36.887,35.359,32.996,48.904,0.094,59.413,5621.311,5209.916,5616.000,5200.000,1.000,1.000,,,,2,1789738674.624,1,0
1523.718,94.902,97.000,60.438,67.000,62.000,68.000,92.000,64.000,96.000,60.000,64.000,60.000,97.328,62.000,97.328,51.062,35.000,35.000,36.789,36.906,35.371,32.996,48.252,0.097,59.102,5621.575,5210.143,5616.000,5200.000,1.000,1.000,,,,2,1789738675.629,1,0
1524.726,95.008,97.105,60.375,70.000,64.000,100.000,93.000,68.000,67.000,61.000,61.000,60.000,100.000,63.000,97.734,51.250,35.000,35.000,36.801,36.926,35.387,32.996,49.003,0.097,59.220,5619.995,5211.802,5616.000,5200.000,1.000,1.000,,,,2,1789738676.638,1,0
1525.733,95.082,97.180,60.625,90.000,85.000,69.000,70.000,67.000,63.000,64.000,61.000,60.000,97.359,69.000,97.359,51.312,35.000,35.000,36.809,36.945,35.406,32.996,48.472,0.090,58.892,5620.170,5209.614,5616.000,5200.000,1.000,1.000,,,,2,1789738677.647,1,0
1526.742,95.129,97.227,60.625,64.000,61.000,67.000,86.000,70.000,92.000,66.000,66.000,62.000,96.672,61.000,96.672,51.375,35.000,35.000,36.824,36.965,35.418,32.996,47.386,0.097,58.214,5619.644,5211.651,5616.000,5200.000,1.000,1.000,,,,2,1789738678.653,1,0
1527.747,95.145,97.242,60.750,64.000,81.000,63.000,68.000,65.000,72.000,64.000,100.000,62.000,100.000,66.000,95.641,51.312,35.000,35.000,36.832,36.980,35.430,32.996,49.116,0.096,59.757,5620.346,5210.067,5616.000,5200.000,1.000,1.000,,,,2,1789738679.658,1,0
1528.755,95.180,97.277,60.625,67.000,65.000,67.000,98.000,63.000,99.000,60.000,64.000,60.000,99.000,63.000,96.172,51.438,35.000,35.000,36.844,37.000,35.445,32.996,47.533,0.105,58.355,5578.022,5173.975,5616.000,5200.000,1.000,1.000,,,,2,1789738680.665,1,0
1529.755,95.059,97.156,60.750,67.000,83.000,64.000,70.000,62.000,89.000,60.000,64.000,60.000,91.406,68.000,91.406,51.312,35.000,35.000,36.855,37.016,35.461,32.996,46.947,0.098,57.932,5577.417,5209.012,5616.000,5200.000,1.000,1.000,,,,2,1789738681.666,1,0
1530.761,94.980,97.078,60.750,65.000,62.000,68.000,64.000,94.000,64.000,68.000,91.000,62.000,94.000,62.000,92.500,51.500,35.000,35.000,36.867,37.035,35.477,32.996,47.893,0.098,58.987,5618.240,5209.464,5616.000,5200.000,1.000,1.000,,,,2,1789738682.672,1,0
1531.770,95.094,97.191,60.688,65.000,60.000,67.000,63.000,75.000,62.000,97.000,62.000,66.000,98.609,64.000,98.641,51.500,35.000,35.000,36.879,37.051,35.488,32.996,47.407,0.098,57.429,5620.785,5209.614,5616.000,5200.000,1.000,1.000,,,,2,1789738683.679,1,0
1532.776,95.203,97.301,60.750,66.000,62.000,69.000,67.000,89.000,65.000,64.000,99.000,61.000,98.641,62.000,96.953,51.438,35.000,35.000,36.891,37.070,35.504,32.996,48.284,0.093,58.734,5619.644,5210.670,5616.000,5200.000,1.000,1.000,,,,2,1789738684.686,1,0
1533.783,95.258,97.355,60.812,66.000,76.000,70.000,86.000,66.000,65.000,70.000,66.000,64.000,97.469,64.000,97.469,51.500,35.000,35.000,36.914,37.105,35.531,32.996,48.491,0.091,59.593,5576.727,5210.896,5616.000,5200.000,1.000,1.000,,,,2,1789738685.694,1,0
1534.788,95.395,97.793,60.938,76.000,84.000,93.000,73.000,65.000,64.000,61.000,61.000,60.000,97.500,69.000,97.500,51.562,35.000,35.000,36.926,37.121,35.547,32.996,49.024,0.096,58.639,5619.644,5174.645,5616.000,5200.000,1.000,1.000,,,,2,1789738686.701,1,0
1535.791,95.410,97.809,61.062,88.000,64.000,67.000,95.000,72.000,67.000,67.000,62.000,61.000,95.891,63.000,95.891,51.562,35.000,35.000,36.938,37.137,35.562,32.996,49.060,0.088,60.269,5619.644,5208.635,5616.000,5200.000,1.000,1.000,,,,2,1789738687.702,1,0
1536.799,95.438,97.836,60.938,63.000,60.000,68.000,68.000,100.000,95.000,69.000,67.000,61.000,100.000,61.000,96.281,51.562,35.000,35.000,36.949,37.156,35.574,32.996,48.789,0.103,58.837,5619.731,5209.012,5616.000,5200.000,1.000,1.000,,,,2,1789738688.711,1,0
1537.805,95.422,97.820,61.062,65.000,61.000,94.000,66.000,71.000,66.000,66.000,96.000,63.000,96.000,62.000,94.938,51.688,35.000,35.000,36.957,37.168,35.590,32.996,48.369,0.103,59.154,5618.591,5209.690,5616.000,5200.000,1.000,1.000,,,,2,1789738689.717,1,0
1538.814,95.555,97.953,61.188,64.000,60.000,88.000,65.000,65.000,73.000,64.000,100.000,61.000,100.000,61.000,99.594,51.688,35.000,35.000,36.969,37.184,35.602,32.996,48.229,0.103,59.767,5620.346,5174.049,5616.000,5200.000,1.000,1.000,,,,2,1789738690.725,1,0
1539.822,95.688,98.086,61.062,62.000,60.000,61.000,64.000,67.000,66.000,100.000,96.000,67.000,100.000,61.000,98.906,51.688,35.000,35.000,36.980,37.203,35.617,32.996,47.805,0.096,57.543,5619.293,5210.218,5616.000,5200.000,1.000,1.000,,,,2,1789738691.735,1,0
1540.826,95.879,98.438,60.938,83.000,62.000,63.000,65.000,67.000,64.000,100.000,65.000,66.000,100.000,62.000,99.906,51.562,35.000,35.000,36.992,37.219,35.633,32.996,46.378,0.115,57.472,5620.258,5209.690,5616.000,5200.000,1.000,1.000,,,,2,1789738692.738,1,0
1541.833,95.801,98.359,61.188,66.000,66.000,92.000,69.000,64.000,96.000,61.000,65.000,59.000,96.000,65.000,93.406,51.688,35.000,35.000,37.004,37.234,35.645,32.996,47.865,0.099,58.404,5620.258,5210.143,5616.000,5200.000,1.000,1.000,,,,2,1789738693.745,1,0
1542.842,95.766,98.324,61.250,65.000,82.000,62.000,68.000,63.000,65.000,64.000,94.000,62.000,94.766,68.000,94.766,51.688,35.000,35.000,37.012,37.246,35.656,32.996,48.090,0.104,58.292,5617.452,5172.711,5616.000,5200.000,1.000,1.000,,,,2,1789738694.754,1,0
1543.851,95.824,98.383,61.125,67.000,65.000,68.000,88.000,73.000,100.000,62.000,65.000,60.000,100.000,63.000,97.594,51.750,35.000,35.000,37.023,37.262,35.672,32.996,48.369,0.094,58.723,5619.819,5208.635,5616.000,5200.000,1.000,1.000,,,,2,1789738695.764,1,0
1544.857,95.820,98.379,61.250,63.000,60.000,79.000,65.000,67.000,72.000,71.000,95.000,65.000,95.688,61.000,95.688,51.750,35.000,35.000,37.031,37.277,35.684,32.996,47.259,0.105,58.487,5577.763,5208.786,5616.000,5200.000,1.000,1.000,,,,2,1789738696.769,1,0
1545.864,95.934,98.492,61.188,62.000,60.000,66.000,64.000,100.000,68.000,69.000,99.000,62.000,100.000,61.000,99.484,51.812,35.000,35.000,37.047,37.293,35.699,32.996,48.512,0.098,58.843,5618.416,5209.614,5616.000,5200.000,1.000,1.000,,,,2,1789738697.774,1,0
1546.870,96.027,98.586,61.188,67.000,60.000,100.000,67.000,67.000,66.000,64.000,96.000,61.000,100.000,62.000,98.797,51.812,35.000,35.000,37.055,37.305,35.711,32.996,48.975,0.098,60.175,5618.942,5210.218,5616.000,5200.000,1.000,1.000,,,,2,1789738698.783,1,0
1547.876,96.035,98.594,61.312,66.000,62.000,96.000,69.000,65.000,66.000,63.000,93.000,60.000,96.281,63.000,96.281,51.812,35.000,35.000,37.062,37.316,35.727,32.996,47.986,0.103,58.657,5618.854,5208.635,5616.000,5200.000,1.000,1.000,,,,2,1789738699.790,1,0
1548.884,96.086,98.645,61.312,66.000,62.000,88.000,68.000,67.000,63.000,97.000,62.000,66.000,97.656,62.000,97.656,51.938,35.000,35.000,37.070,37.324,35.738,32.996,48.354,0.108,59.115,5618.767,5209.841,5616.000,5200.000,1.000,1.000,,,,2,1789738700.797,1,0
1549.891,96.055,98.906,61.312,69.000,64.000,100.000,71.000,98.000,67.000,67.000,62.000,60.000,100.000,64.000,95.094,51.812,35.000,35.000,37.082,37.340,35.754,32.996,47.711,0.097,58.073,5617.978,5171.745,5616.000,5200.000,1.000,1.000,,,,2,1789738701.803,1,0
1550.895,95.934,98.785,61.375,66.000,79.000,71.000,68.000,94.000,64.000,67.000,62.000,61.000,94.000,66.000,92.188,51.938,35.000,35.000,37.094,37.359,35.766,32.996,47.213,0.149,58.260,5575.086,5210.369,5616.000,5200.000,1.000,1.000,,,,2,1789738702.808,1,0
1551.899,95.559,98.410,61.438,64.000,63.000,63.000,86.000,63.000,65.000,62.000,90.000,61.000,90.000,62.000,84.000,51.938,35.000,35.000,37.105,37.375,35.781,32.996,48.522,0.166,59.121,5618.854,5210.896,5616.000,5200.000,1.000,1.000,,,,2,1789738703.811,1,0
1552.905,95.562,98.414,61.562,74.000,84.000,64.000,69.000,67.000,62.000,87.000,63.000,67.000,95.672,68.000,95.672,51.875,35.000,35.000,37.117,37.391,35.793,32.996,48.467,0.099,58.557,5618.591,5173.157,5616.000,5200.000,1.000,1.000,,,,2,1789738704.817,1,0
1553.910,95.535,98.387,61.500,68.000,62.000,96.000,67.000,66.000,62.000,98.000,62.000,66.000,98.000,63.000,94.641,51.938,35.000,35.000,37.129,37.410,35.809,32.996,47.656,0.084,58.611,5618.416,5209.464,5616.000,5200.000,1.000,1.000,,,,2,1789738705.822,1,0
1554.920,95.508,98.359,61.562,63.000,62.000,64.000,65.000,67.000,90.000,65.000,100.000,62.000,100.000,63.000,94.750,51.938,35.000,35.000,37.141,37.422,35.820,32.996,47.641,0.091,58.156,5619.731,5209.690,5616.000,5200.000,1.000,1.000,,,,2,1789738706.832,1,0
1555.925,95.516,98.367,61.688,66.000,64.000,65.000,95.000,64.000,68.000,64.000,98.000,61.000,98.000,63.000,95.656,51.875,35.000,35.000,37.152,37.438,35.832,32.996,48.949,0.089,59.818,5618.679,5172.934,5616.000,5200.000,1.000,1.000,,,,2,1789738707.836,1,0
1556.926,95.508,98.359,61.625,63.000,81.000,63.000,67.000,66.000,65.000,100.000,65.000,67.000,100.000,66.000,95.344,51.875,35.000,35.000,37.164,37.457,35.844,32.996,47.699,0.090,58.317,5617.452,5209.238,5616.000,5200.000,1.000,1.000,,,,2,1789738708.838,1,0
1557.926,95.660,98.551,61.500,66.000,60.000,100.000,67.000,94.000,65.000,67.000,61.000,60.000,100.000,62.000,98.922,52.000,35.000,35.000,37.172,37.465,35.855,32.996,47.766,0.099,58.898,5618.416,5170.408,5616.000,5200.000,1.000,1.000,,,,2,1789738709.836,1,0
1558.932,95.684,98.574,61.500,70.000,84.000,68.000,71.000,62.000,88.000,61.000,61.000,60.000,96.531,70.000,96.531,52.000,35.000,35.000,37.180,37.480,35.867,32.996,44.767,0.098,55.011,5617.978,5173.157,5616.000,5200.000,1.000,1.000,,,,2,1789738710.845,1,0
1559.939,95.676,98.566,61.500,64.000,81.000,65.000,67.000,70.000,67.000,65.000,98.000,62.000,98.000,66.000,95.359,51.875,35.000,35.000,37.188,37.488,35.883,32.996,48.725,0.083,58.737,5574.568,5210.520,5616.000,5200.000,1.000,1.000,,,,2,1789738711.851,1,0
1560.947,95.785,98.676,61.625,63.000,60.000,63.000,83.000,67.000,67.000,74.000,99.000,66.000,99.078,62.000,99.078,52.000,35.000,35.000,37.203,37.504,35.891,32.996,49.577,0.090,60.458,5574.654,5208.786,5616.000,5200.000,1.000,1.000,,,,2,1789738712.859,1,0
1561.955,95.941,98.832,61.688,61.000,59.000,66.000,62.000,100.000,63.000,100.000,65.000,67.000,100.000,61.000,99.891,52.062,35.000,35.000,37.211,37.512,35.906,32.996,46.861,0.114,57.877,5618.591,5209.841,5616.000,5200.000,1.000,1.000,,,,2,1789738713.866,1,0
1562.955,95.973,98.863,61.625,69.000,86.000,65.000,71.000,64.000,64.000,97.000,63.000,65.000,97.016,70.000,97.016,52.062,35.000,35.000,37.219,37.523,35.918,32.996,48.560,0.102,59.011,5575.776,5171.894,5616.000,5200.000,1.000,1.000,,,,2,1789738714.866,1,0
1563.957,96.105,98.996,61.750,65.000,62.000,64.000,86.000,66.000,66.000,100.000,64.000,67.000,100.000,62.000,99.844,52.000,35.000,35.000,37.227,37.531,35.930,32.996,48.247,0.098,58.740,5618.679,5209.841,5616.000,5200.000,1.000,1.000,,,,2,1789738715.870,1,0
1564.965,96.141,99.031,61.688,65.000,62.000,67.000,91.000,67.000,96.000,65.000,66.000,61.000,97.312,62.000,97.312,52.125,35.000,35.000,37.234,37.539,35.941,32.996,48.495,0.092,59.101,5619.731,5208.937,5616.000,5200.000,1.000,1.000,,,,2,1789738716.878,1,0
1565.973,96.168,99.059,61.625,66.000,61.000,98.000,68.000,91.000,67.000,79.000,65.000,66.000,98.000,62.000,96.938,52.188,35.000,35.000,37.242,37.551,35.957,32.996,49.306,0.099,60.036,5618.679,5173.306,5616.000,5200.000,1.000,1.000,,,,2,1789738717.886,1,0
1566.980,96.098,98.988,61.625,67.000,62.000,100.000,68.000,68.000,66.000,64.000,96.000,62.000,100.000,63.000,93.938,52.312,35.000,35.000,37.250,37.559,35.965,32.996,50.211,0.122,61.159,5617.802,5208.258,5616.000,5200.000,1.000,1.000,,,,2,1789738718.892,1,0
1567.989,96.145,99.246,61.812,99.000,64.000,73.000,70.000,64.000,94.000,62.000,64.000,60.000,99.000,64.000,97.578,52.125,35.000,35.000,37.262,37.570,35.980,32.996,47.749,0.105,57.946,5618.416,5208.786,5616.000,5200.000,1.000,1.000,,,,2,1789738719.900,1,0
1568.999,96.129,99.230,61.875,70.000,64.000,97.000,69.000,64.000,96.000,62.000,65.000,60.000,97.000,65.000,95.703,52.062,35.000,35.000,37.273,37.582,35.988,32.996,47.980,0.083,57.920,5617.802,5172.488,5616.000,5200.000,1.000,1.000,,,,2,1789738720.912,1,0
1570.005,95.922,99.023,61.938,63.000,61.000,79.000,76.000,65.000,73.000,63.000,77.000,61.000,89.547,62.000,89.547,52.125,35.000,35.000,37.281,37.590,36.000,32.996,48.672,0.154,59.167,5618.679,5209.238,5616.000,5200.000,1.000,1.000,,,,2,1789738721.917,1,0
1571.005,96.031,99.133,61.812,67.000,61.000,100.000,67.000,94.000,65.000,68.000,61.000,61.000,100.000,62.000,99.438,52.250,35.000,35.000,37.289,37.598,36.012,32.996,45.968,0.100,58.365,5617.540,5172.786,5616.000,5200.000,1.000,1.000,,,,2,1789738722.917,1,0
1572.012,95.770,98.871,61.812,72.000,79.000,81.000,71.000,70.000,66.000,66.000,80.000,62.000,87.641,68.000,87.641,52.250,35.000,35.000,37.297,37.613,36.023,32.996,48.833,0.128,56.487,5617.540,5211.802,5616.000,5200.000,1.000,1.000,,,,2,1789738723.924,1,0
1573.020,95.867,98.969,61.938,94.000,63.000,72.000,68.000,69.000,63.000,100.000,63.000,67.000,100.000,64.000,98.906,52.312,35.000,35.000,37.305,37.621,36.035,32.996,48.513,0.118,60.368,5618.328,5208.484,5616.000,5200.000,1.000,1.000,,,,2,1789738724.932,1,0
1574.026,95.867,98.969,62.062,68.000,64.000,95.000,69.000,64.000,66.000,65.000,98.000,61.000,98.000,64.000,95.781,52.312,35.000,35.000,37.316,37.629,36.047,32.996,47.609,0.099,58.424,5618.942,5172.117,5616.000,5200.000,1.000,1.000,,,,2,1789738725.939,1,0
1575.033,95.961,99.062,62.000,62.000,60.000,63.000,64.000,68.000,64.000,100.000,96.000,68.000,100.000,61.000,98.844,52.188,35.000,35.000,37.324,37.637,36.059,32.996,46.262,0.104,57.406,5618.240,5171.670,5616.000,5200.000,1.000,1.000,,,,2,1789738726.945,1,0
1576.039,96.062,99.164,62.000,68.000,60.000,97.000,65.000,100.000,66.000,70.000,69.000,62.000,100.000,62.000,98.766,52.125,35.000,35.000,37.332,37.648,36.070,32.996,49.099,0.096,58.716,5618.679,5207.580,5616.000,5200.000,1.000,1.000,,,,2,1789738727.950,1,0
1577.042,96.102,98.973,62.000,65.000,62.000,66.000,69.000,93.000,69.000,66.000,100.000,62.000,100.000,63.000,96.922,52.312,35.000,35.000,37.340,37.656,36.082,32.996,46.084,0.106,56.838,5575.863,5173.975,5616.000,5200.000,1.000,1.000,,,,2,1789738728.954,1,0
1578.043,96.062,98.934,62.000,64.000,61.000,64.000,82.000,65.000,71.000,64.000,92.000,62.000,94.859,62.000,94.859,52.188,35.000,35.000,37.348,37.664,36.094,32.996,49.008,0.115,60.217,5618.153,5210.595,5616.000,5200.000,1.000,1.000,,,,2,1789738729.956,1,0
1579.043,95.832,98.703,62.062,69.000,65.000,69.000,90.000,93.000,67.000,66.000,62.000,60.000,93.000,65.000,88.719,52.250,35.000,35.000,37.355,37.672,36.102,32.996,48.670,0.223,60.555,5617.364,5209.916,5616.000,5200.000,1.000,1.000,,,,2,1789738730.955,1,0
1580.048,95.621,98.492,62.000,66.000,62.000,65.000,86.000,64.000,66.000,64.000,91.000,63.000,91.000,63.000,89.062,52.312,35.000,35.000,37.367,37.680,36.113,32.996,47.802,0.194,58.416,5617.189,5171.448,5616.000,5200.000,1.000,1.000,,,,2,1789738731.960,1,0
1581.055,95.406,98.277,62.188,66.000,64.000,65.000,68.000,65.000,91.000,63.000,92.000,61.000,92.000,64.000,88.844,52.312,35.000,35.000,37.375,37.691,36.125,32.996,46.836,0.150,57.976,5618.240,5173.380,5616.000,5200.000,1.000,1.000,,,,2,1789738732.968,1,0
1582.061,95.219,98.090,62.062,65.000,63.000,70.000,67.000,98.000,87.000,69.000,64.000,61.000,98.000,63.000,89.312,52.312,35.000,35.000,37.383,37.695,36.133,32.996,46.955,0.165,58.126,5617.276,5172.934,5616.000,5200.000,1.000,1.000,,,,2,1789738733.973,1,0
1583.067,95.066,97.938,62.125,67.000,81.000,68.000,70.000,66.000,65.000,64.000,91.000,62.000,91.000,68.000,90.344,52.312,35.000,35.000,37.391,37.707,36.145,32.996,47.841,0.151,58.048,5618.591,5209.087,5616.000,5200.000,1.000,1.000,,,,2,1789738734.978,1,0
1584.070,94.906,97.777,62.250,68.000,75.000,66.000,67.000,67.000,66.000,96.000,65.000,66.000,96.000,65.000,89.938,52.375,35.000,35.000,37.398,37.719,36.156,32.996,46.863,0.174,58.197,5616.750,5210.218,5616.000,5200.000,1.000,1.000,,,,2,1789738735.984,1,0
1585.076,94.773,97.645,62.125,66.000,64.000,69.000,69.000,66.000,88.000,90.000,64.000,64.000,90.641,64.000,90.641,52.312,35.000,35.000,37.410,37.727,36.168,32.996,46.713,0.151,57.461,5617.189,5210.972,5616.000,5200.000,1.000,1.000,,,,2,1789738736.989,1,0
1586.085,94.633,97.504,62.000,90.000,64.000,67.000,91.000,66.000,68.000,64.000,62.000,61.000,91.000,64.000,90.328,52.312,35.000,35.000,37.418,37.738,36.176,32.996,47.268,0.138,57.893,5617.714,5209.012,5616.000,5200.000,1.000,1.000,,,,2,1789738737.997,1,0
1587.093,94.605,97.477,62.125,66.000,63.000,95.000,67.000,68.000,63.000,99.000,63.000,67.000,99.000,64.000,93.797,52.312,35.000,35.000,37.426,37.746,36.184,32.996,47.795,0.138,58.680,5616.926,5191.209,5616.000,5200.000,1.000,1.000,,,,2,1789738739.005,1,0
1588.102,94.383,97.254,62.125,67.000,65.000,89.000,70.000,62.000,87.000,60.000,62.000,60.000,89.000,65.000,87.469,52.438,35.000,35.000,37.434,37.758,36.195,32.996,46.428,0.157,57.397,5618.153,5209.313,5616.000,5200.000,1.000,1.000,,,,2,1789738740.016,1,0
1589.110,94.141,97.012,62.188,77.000,80.000,67.000,69.000,67.000,65.000,68.000,67.000,62.000,86.656,67.000,86.656,52.375,35.000,35.000,37.445,37.770,36.203,32.996,46.547,0.207,57.084,5617.364,5207.580,5616.000,5200.000,1.000,1.000,,,,2,1789738741.022,1,0
1590.117,93.992,96.863,62.125,66.000,62.000,67.000,87.000,64.000,66.000,63.000,93.000,61.000,93.000,63.000,89.391,52.375,35.000,35.000,37.453,37.777,36.215,32.996,46.655,0.162,57.344,5618.591,5171.299,5616.000,5200.000,1.000,1.000,,,,2,1789738742.031,1,0
1591.124,93.820,96.691,62.125,65.000,63.000,66.000,88.000,64.000,91.000,62.000,65.000,61.000,91.000,62.000,88.484,52.312,35.000,35.000,37.461,37.789,36.227,32.996,47.254,0.148,58.083,5617.627,5208.409,5616.000,5200.000,1.000,1.000,,,,2,1789738743.037,1,0
1592.131,93.605,96.477,62.250,87.000,66.000,67.000,69.000,64.000,87.000,61.000,64.000,60.000,87.000,65.000,86.922,52.312,35.000,35.000,37.469,37.797,36.234,32.996,47.211,0.151,57.739,5617.627,5206.978,5616.000,5200.000,1.000,1.000,,,,2,1789738744.043,1,0
1593.139,93.441,96.312,62.188,65.000,62.000,65.000,66.000,67.000,64.000,94.000,91.000,66.000,94.000,63.000,88.281,52.312,35.000,35.000,37.477,37.809,36.246,32.996,47.139,0.146,57.625,5617.978,5172.711,5616.000,5200.000,1.000,1.000,,,,2,1789738745.051,1,0
1594.147,93.281,96.152,62.250,69.000,81.000,69.000,70.000,63.000,85.000,61.000,62.000,60.000,88.344,69.000,88.344,52.312,35.000,35.000,37.484,37.816,36.258,32.996,46.407,0.167,57.354,5617.540,5173.009,5616.000,5200.000,1.000,1.000,,,,2,1789738746.059,1,0
1595.155,93.305,96.176,62.188,66.000,80.000,66.000,87.000,71.000,67.000,71.000,63.000,64.000,94.094,66.000,94.094,52.250,35.000,35.000,37.492,37.824,36.266,32.996,47.305,0.146,57.877,5618.416,5208.484,5616.000,5200.000,1.000,1.000,,,,2,1789738747.068,1,0
1596.165,93.215,96.086,62.250,67.000,63.000,95.000,67.000,66.000,64.000,92.000,64.000,65.000,95.000,64.000,90.344,52.250,35.000,35.000,37.500,37.836,36.273,32.996,47.207,0.152,58.465,5618.591,5208.861,5616.000,5200.000,1.000,1.000,,,,2,1789738748.076,1,0
1597.173,93.082,95.953,62.250,75.000,65.000,63.000,71.000,64.000,64.000,88.000,66.000,64.000,89.016,64.000,89.016,52.250,35.000,35.000,37.508,37.844,36.285,32.996,46.895,0.154,58.021,5617.013,5171.522,5616.000,5200.000,1.000,1.000,,,,2,1789738749.085,1,0
1598.177,93.004,95.875,62.312,63.000,61.000,65.000,65.000,68.000,66.000,94.000,94.000,65.000,94.000,62.000,90.625,52.438,35.000,35.000,37.516,37.855,36.293,32.996,46.895,0.143,57.226,5617.364,5209.614,5616.000,5200.000,1.000,1.000,,,,2,1789738750.089,1,0
1599.185,93.012,95.883,62.250,68.000,64.000,73.000,69.000,89.000,65.000,97.000,63.000,67.000,97.000,64.000,93.219,52.188,35.000,35.000,37.523,37.863,36.305,32.996,48.455,0.142,57.995,5617.364,5209.614,5616.000,5200.000,1.000,1.000,,,,2,1789738751.097,1,0
1600.190,92.891,95.762,62.312,75.000,64.000,85.000,68.000,66.000,65.000,64.000,90.000,62.000,90.000,64.000,89.188,52.188,35.000,35.000,37.531,37.871,36.309,32.996,46.532,0.147,58.038,5617.978,5210.972,5616.000,5200.000,1.000,1.000,,,,2,1789738752.102,1,0
1601.195,92.891,95.762,62.312,66.000,70.000,65.000,74.000,89.000,65.000,71.000,66.000,66.000,92.922,64.000,92.922,52.250,35.000,35.000,37.539,37.883,36.320,32.996,48.067,0.140,58.574,5616.575,5209.841,5616.000,5200.000,1.000,1.000,,,,2,1789738753.107,1,0
1602.204,92.699,95.570,62.375,66.000,64.000,86.000,69.000,65.000,65.000,66.000,88.000,64.000,88.000,64.000,86.766,52.375,35.000,35.000,37.547,37.891,36.328,32.996,46.967,0.157,58.211,5616.926,5209.992,5616.000,5200.000,1.000,1.000,,,,2,1789738754.117,1,0
1603.212,92.758,95.457,62.438,79.000,63.000,68.000,67.000,100.000,66.000,80.000,66.000,66.000,100.000,63.000,93.891,52.438,35.000,35.000,37.559,37.898,36.336,32.996,47.045,0.155,57.804,5617.364,5173.009,5616.000,5200.000,1.000,1.000,,,,2,1789738755.123,1,0
1604.221,92.598,95.297,62.375,65.000,63.000,65.000,74.000,66.000,65.000,83.000,92.000,67.000,92.000,64.000,87.750,52.438,35.000,35.000,37.562,37.910,36.344,32.996,46.991,0.195,58.361,5617.627,5210.896,5616.000,5200.000,1.000,1.000,,,,2,1789738756.132,1,0
1605.227,92.598,95.027,62.375,78.000,62.000,78.000,67.000,69.000,65.000,98.000,65.000,68.000,98.000,63.000,92.578,52.375,35.000,35.000,37.574,37.918,36.355,32.996,47.441,0.157,58.797,5617.540,5208.786,5616.000,5200.000,1.000,1.000,,,,2,1789738757.141,1,0
1606.234,92.555,94.738,62.438,88.000,64.000,69.000,67.000,94.000,65.000,69.000,66.000,63.000,94.000,64.000,91.156,52.375,35.000,35.000,37.582,37.926,36.359,32.996,46.679,0.152,57.356,5616.838,5209.163,5616.000,5200.000,1.000,1.000,,,,2,1789738758.147,1,0
1607.236,92.418,94.602,62.375,87.000,64.000,66.000,68.000,65.000,67.000,63.000,91.000,61.000,91.000,65.000,88.188,52.312,35.000,35.000,37.586,37.938,36.371,32.996,46.969,0.147,58.125,5616.575,5207.881,5616.000,5200.000,1.000,1.000,,,,2,1789738759.148,1,0
1608.241,92.293,94.477,62.500,78.000,64.000,67.000,68.000,72.000,81.000,68.000,67.000,64.000,88.500,63.000,88.500,52.312,35.000,35.000,37.598,37.945,36.379,32.996,46.090,0.152,57.187,5617.364,5208.484,5616.000,5200.000,1.000,1.000,,,,2,1789738760.154,1,0
1609.247,92.199,94.383,62.438,65.000,63.000,69.000,67.000,67.000,83.000,94.000,65.000,67.000,94.000,63.000,89.203,52.312,35.000,35.000,37.605,37.953,36.387,32.996,46.978,0.174,57.971,5616.400,5208.937,5616.000,5200.000,1.000,1.000,,,,2,1789738761.159,1,0
1610.254,92.148,94.332,62.438,67.000,64.000,91.000,70.000,64.000,67.000,64.000,93.000,62.000,93.000,63.000,90.625,52.250,35.000,35.000,37.613,37.961,36.395,32.996,46.896,0.142,57.250,5617.540,5172.042,5616.000,5200.000,1.000,1.000,,,,2,1789738762.166,1,0
1611.263,92.117,94.301,62.312,66.000,62.000,92.000,69.000,65.000,68.000,64.000,94.000,62.000,94.000,63.000,91.094,52.438,35.000,35.000,37.621,37.969,36.402,32.996,46.280,0.149,57.165,5617.101,5209.540,5616.000,5200.000,1.000,1.000,,,,2,1789738763.175,1,0
1612.268,92.059,94.242,62.375,80.000,65.000,78.000,69.000,67.000,65.000,65.000,87.000,63.000,90.281,65.000,90.281,52.312,35.000,35.000,37.629,37.977,36.410,32.996,46.786,0.151,57.200,5615.874,5173.306,5616.000,5200.000,1.000,1.000,,,,2,1789738764.180,1,0
1613.274,92.078,94.262,62.375,66.000,64.000,67.000,86.000,66.000,90.000,80.000,65.000,64.000,92.656,64.000,92.656,52.375,35.000,35.000,37.637,37.984,36.418,32.996,47.536,0.153,58.198,5616.487,5208.710,5616.000,5200.000,1.000,1.000,,,,2,1789738765.186,1,0
1614.279,92.383,94.875,62.562,63.000,61.000,66.000,65.000,73.000,64.000,100.000,85.000,69.000,100.000,61.000,97.625,52.375,35.000,35.000,37.645,37.992,36.426,32.996,48.073,0.135,58.845,5572.411,5209.087,5616.000,5200.000,1.000,1.000,,,,2,1789738766.190,1,0
1615.283,92.707,95.047,62.500,78.000,65.000,100.000,70.000,67.000,85.000,62.000,63.000,62.000,100.000,65.000,93.688,52.375,35.000,35.000,37.648,38.000,36.434,32.996,46.396,0.145,56.422,5617.101,5172.339,5616.000,5200.000,1.000,1.000,,,,2,1789738767.195,1,0
1616.289,92.617,94.957,62.562,67.000,64.000,66.000,89.000,64.000,66.000,63.000,90.000,61.000,90.000,64.000,89.953,52.375,35.000,35.000,37.656,38.008,36.441,32.996,46.256,0.151,57.137,5616.137,5209.540,5616.000,5200.000,1.000,1.000,,,,2,1789738768.202,1,0
1617.293,92.438,94.777,62.438,69.000,65.000,94.000,90.000,64.000,66.000,63.000,62.000,61.000,94.000,65.000,86.859,52.438,35.000,35.000,37.664,38.020,36.449,32.996,46.483,0.147,56.880,5617.013,5209.012,5616.000,5200.000,1.000,1.000,,,,2,1789738769.205,1,0
1618.299,92.496,94.715,62.375,68.000,62.000,98.000,67.000,68.000,64.000,98.000,63.000,67.000,98.000,63.000,93.609,52.438,35.000,35.000,37.672,38.027,36.457,32.996,46.811,0.147,57.848,5616.049,5208.032,5616.000,5200.000,1.000,1.000,,,,2,1789738770.212,1,0
1619.306,92.461,94.457,62.500,96.000,82.000,70.000,72.000,65.000,65.000,62.000,61.000,61.000,96.000,69.000,91.375,52.438,35.000,35.000,37.680,38.035,36.465,32.996,47.133,0.138,57.543,5615.524,5207.806,5616.000,5200.000,1.000,1.000,,,,2,1789738771.218,1,0
1620.314,92.395,94.391,62.562,94.000,81.000,68.000,69.000,64.000,64.000,68.000,62.000,64.000,94.000,68.000,90.391,52.438,35.000,35.000,37.688,38.043,36.469,32.996,46.560,0.147,57.034,5614.823,5210.369,5616.000,5200.000,1.000,1.000,,,,2,1789738772.228,1,0
1621.320,92.363,94.160,62.375,67.000,62.000,99.000,69.000,68.000,65.000,64.000,94.000,62.000,99.000,63.000,91.438,52.438,35.000,35.000,37.691,38.047,36.477,32.996,46.324,0.132,57.012,5615.699,5211.198,5616.000,5200.000,1.000,1.000,,,,2,1789738773.232,1,0
1622.327,92.266,94.062,62.500,66.000,63.000,68.000,66.000,93.000,87.000,67.000,66.000,61.000,93.000,63.000,89.203,52.562,35.000,35.000,37.699,38.055,36.484,32.996,46.382,0.142,57.734,5615.437,5208.635,5616.000,5200.000,1.000,1.000,,,,2,1789738774.241,1,0
1623.334,92.137,93.934,62.375,69.000,63.000,81.000,67.000,63.000,79.000,73.000,76.000,62.000,88.078,64.000,88.078,52.438,35.000,35.000,37.707,38.062,36.492,32.996,46.740,0.171,57.864,5616.312,5175.388,5616.000,5200.000,1.000,1.000,,,,2,1789738775.248,1,0
1624.343,92.000,93.797,62.500,92.000,64.000,71.000,69.000,65.000,89.000,62.000,64.000,60.000,92.000,64.000,87.812,52.375,35.000,35.000,37.715,38.070,36.500,32.996,46.030,0.149,57.130,5616.225,5210.067,5616.000,5200.000,1.000,1.000,,,,2,1789738776.256,1,0
1625.351,91.988,93.785,62.375,64.000,62.000,63.000,67.000,67.000,67.000,99.000,91.000,67.000,99.000,62.000,91.578,52.500,35.000,35.000,37.723,38.074,36.508,32.996,46.555,0.153,57.073,5616.750,5209.916,5616.000,5200.000,1.000,1.000,,,,2,1789738777.263,1,0
1626.356,92.074,93.863,62.438,70.000,83.000,99.000,71.000,67.000,64.000,61.000,61.000,61.000,99.000,69.000,93.797,52.438,35.000,35.000,37.730,38.082,36.516,32.996,47.872,0.152,58.963,5615.787,5207.957,5616.000,5200.000,1.000,1.000,,,,2,1789738778.270,1,0
1627.364,91.969,93.758,62.500,66.000,72.000,64.000,69.000,70.000,66.000,64.000,92.000,61.000,92.000,67.000,88.797,52.438,35.000,35.000,37.738,38.090,36.520,32.996,46.230,0.154,57.096,5616.312,5208.937,5616.000,5200.000,1.000,1.000,,,,2,1789738779.279,1,0
1628.372,91.871,93.660,62.500,65.000,79.000,64.000,67.000,65.000,85.000,65.000,68.000,62.000,88.766,67.000,88.766,52.438,35.000,35.000,37.746,38.098,36.531,32.996,45.652,0.153,56.564,5616.049,5207.429,5616.000,5200.000,1.000,1.000,,,,2,1789738780.286,1,0
1629.381,91.980,93.770,62.375,63.000,61.000,64.000,69.000,68.000,65.000,87.000,94.000,68.000,95.391,62.000,95.391,52.500,35.000,35.000,37.754,38.105,36.535,32.996,47.717,0.144,57.863,5615.699,5208.258,5616.000,5200.000,1.000,1.000,,,,2,1789738781.295,1,0
1630.389,91.852,93.641,62.438,66.000,64.000,66.000,70.000,87.000,64.000,87.000,62.000,63.000,87.891,65.000,87.891,52.375,35.000,35.000,37.762,38.109,36.539,32.996,46.647,0.149,56.706,5615.961,5208.409,5616.000,5200.000,1.000,1.000,,,,2,1789738782.303,1,0
1631.393,91.781,93.570,62.438,79.000,64.000,66.000,75.000,64.000,66.000,64.000,93.000,61.000,93.000,64.000,89.578,52.375,35.000,35.000,37.770,38.117,36.547,32.996,46.387,0.144,56.731,5615.787,5209.916,5616.000,5200.000,1.000,1.000,,,,2,1789738783.308,1,0
1632.400,91.730,93.520,62.562,66.000,64.000,67.000,88.000,64.000,67.000,64.000,91.000,61.000,91.000,63.000,90.109,52.438,35.000,35.000,37.773,38.125,36.555,32.996,47.185,0.143,57.426,5616.750,5171.819,5616.000,5200.000,1.000,1.000,,,,2,1789738784.312,1,0
1633.402,91.727,93.516,62.500,99.000,86.000,70.000,71.000,62.000,62.000,62.000,60.000,61.000,99.000,71.000,91.641,52.438,35.000,35.000,37.777,38.133,36.559,32.996,46.710,0.158,56.798,5616.750,5209.464,5616.000,5200.000,1.000,1.000,,,,2,1789738785.314,1,0
1634.406,91.816,93.605,62.500,69.000,68.000,66.000,95.000,63.000,66.000,88.000,62.000,63.000,95.000,67.000,94.656,52.500,35.000,35.000,37.785,38.137,36.566,32.996,48.162,0.109,58.277,5615.349,5171.968,5616.000,5200.000,1.000,1.000,,,,2,1789738786.318,1,0
1635.409,92.219,94.234,62.500,69.000,65.000,100.000,70.000,68.000,85.000,61.000,63.000,61.000,100.000,65.000,96.266,52.500,35.000,35.000,37.793,38.145,36.570,32.996,47.975,0.088,58.867,5616.663,5210.369,5616.000,5200.000,1.000,1.000,,,,2,1789738787.321,1,0
1636.409,92.605,94.652,62.375,94.000,64.000,67.000,70.000,64.000,67.000,64.000,98.000,61.000,98.000,65.000,94.938,52.438,35.000,35.000,37.801,38.148,36.578,32.996,46.666,0.106,56.600,5616.312,5208.484,5616.000,5200.000,1.000,1.000,,,,2,1789738788.321,1,0
1637.410,93.711,95.883,62.500,67.000,63.000,94.000,70.000,64.000,69.000,65.000,100.000,62.000,100.000,64.000,97.031,52.562,35.000,35.000,37.805,38.156,36.582,32.996,49.702,0.089,60.001,5616.487,5209.841,5616.000,5200.000,1.000,1.000,,,,2,1789738789.323,1,0
1638.413,94.191,96.293,62.500,65.000,65.000,64.000,67.000,90.000,67.000,64.000,98.000,62.000,98.000,66.000,95.641,52.625,35.000,35.000,37.809,38.160,36.590,32.996,48.488,0.095,59.595,5616.487,5174.272,5616.000,5200.000,1.000,1.000,,,,2,1789738790.324,1,0
1639.421,95.574,97.742,62.562,66.000,83.000,64.000,70.000,65.000,88.000,64.000,75.000,62.000,98.344,68.000,98.344,52.625,35.000,35.000,37.816,38.164,36.594,32.996,49.808,0.101,59.393,5616.400,5208.333,5616.000,5200.000,1.000,1.000,,,,2,1789738791.334,1,0
1640.427,96.211,98.352,62.500,67.000,61.000,99.000,67.000,95.000,65.000,68.000,62.000,61.000,99.000,62.000,98.125,52.688,35.000,35.000,37.820,38.168,36.602,32.996,48.357,0.092,59.104,5616.225,5171.002,5616.000,5200.000,1.000,1.000,,,,2,1789738792.339,1,0
1641.430,96.137,98.277,62.438,67.000,62.000,65.000,86.000,65.000,68.000,91.000,68.000,64.000,93.891,64.000,93.891,52.625,35.000,35.000,37.828,38.172,36.605,32.996,45.567,0.104,56.170,5614.999,5208.409,5616.000,5200.000,1.000,1.000,,,,2,1789738793.342,1,0
1642.439,96.227,98.293,62.438,63.000,61.000,64.000,68.000,68.000,93.000,100.000,68.000,67.000,100.000,62.000,97.594,52.625,35.000,35.000,37.836,38.176,36.609,32.996,47.924,0.089,57.553,5616.049,5209.389,5616.000,5200.000,1.000,1.000,,,,2,1789738794.352,1,0
1643.444,96.363,98.445,62.500,70.000,78.000,78.000,88.000,71.000,67.000,66.000,63.000,62.000,98.609,67.000,98.609,52.812,35.000,35.000,37.840,38.180,36.617,32.996,47.103,0.119,57.773,5615.699,5209.012,5616.000,5200.000,1.000,1.000,,,,2,1789738795.357,1,0
1644.447,96.445,98.422,62.438,67.000,66.000,67.000,68.000,95.000,63.000,100.000,64.000,67.000,100.000,66.000,97.469,52.625,35.000,35.000,37.848,38.188,36.625,32.996,47.956,0.094,58.939,5615.961,5207.881,5616.000,5200.000,1.000,1.000,,,,2,1789738796.360,1,0
1645.456,96.453,98.430,62.625,72.000,65.000,74.000,69.000,94.000,88.000,65.000,63.000,61.000,96.719,65.000,96.719,52.625,35.000,35.000,37.855,38.191,36.629,32.996,47.365,0.100,58.471,5615.261,5171.968,5616.000,5200.000,1.000,1.000,,,,2,1789738797.368,1,0
1646.464,96.480,98.316,62.562,67.000,65.000,68.000,81.000,65.000,100.000,82.000,66.000,61.000,100.000,64.000,97.031,52.750,35.000,35.000,37.859,38.195,36.637,32.996,48.084,0.094,57.627,5615.612,5208.560,5616.000,5200.000,1.000,1.000,,,,2,1789738798.376,1,0
1647.470,96.574,98.379,62.500,63.000,62.000,65.000,69.000,67.000,96.000,65.000,100.000,62.000,100.000,63.000,98.125,52.688,35.000,35.000,37.867,38.199,36.641,32.996,48.186,0.104,59.003,5614.736,5209.087,5616.000,5200.000,1.000,1.000,,,,2,1789738799.382,1,0
1648.477,96.758,98.676,62.562,63.000,62.000,64.000,68.000,66.000,94.000,65.000,100.000,62.000,100.000,62.000,99.688,52.812,35.000,35.000,37.875,38.203,36.648,32.996,47.103,0.112,58.112,5614.561,5171.968,5616.000,5200.000,1.000,1.000,,,,2,1789738800.389,1,0
1649.487,96.836,98.754,62.562,63.000,61.000,65.000,65.000,93.000,68.000,73.000,98.000,66.000,98.562,63.000,98.562,52.750,35.000,35.000,37.883,38.207,36.656,32.996,47.597,0.093,57.076,5616.225,5209.012,5616.000,5200.000,1.000,1.000,,,,2,1789738801.399,1,0
1650.496,96.887,98.805,62.562,71.000,79.000,94.000,69.000,64.000,66.000,64.000,71.000,62.000,98.328,67.000,98.328,52.812,35.000,35.000,37.887,38.211,36.660,32.996,49.071,0.091,59.542,5616.400,5208.107,5616.000,5200.000,1.000,1.000,,,,2,1789738802.410,1,0
1651.500,96.867,98.785,62.500,68.000,66.000,69.000,100.000,65.000,100.000,62.000,65.000,61.000,100.000,64.000,96.266,52.812,35.000,35.000,37.895,38.211,36.664,32.996,47.895,0.090,57.722,5616.225,5209.464,5616.000,5200.000,1.000,1.000,,,,2,1789738803.414,1,0
1652.508,96.855,98.773,62.500,69.000,64.000,97.000,74.000,66.000,98.000,62.000,66.000,61.000,98.000,64.000,96.578,52.812,35.000,35.000,37.898,38.219,36.672,32.996,48.911,0.084,59.318,5615.612,5173.306,5616.000,5200.000,1.000,1.000,,,,2,1789738804.421,1,0
1653.509,96.707,98.625,62.500,66.000,66.000,66.000,70.000,92.000,94.000,65.000,65.000,61.000,94.000,66.000,92.109,52.812,35.000,35.000,37.906,38.223,36.680,32.996,47.290,0.105,58.163,5614.823,5209.464,5616.000,5200.000,1.000,1.000,,,,2,1789738805.422,1,0
1654.518,96.664,98.582,62.562,68.000,85.000,65.000,69.000,65.000,67.000,65.000,99.000,62.000,99.000,70.000,95.250,52.875,35.000,35.000,37.910,38.227,36.684,32.996,47.850,0.096,57.897,5614.473,5209.163,5616.000,5200.000,1.000,1.000,,,,2,1789738806.431,1,0
1655.522,96.719,98.637,62.562,64.000,62.000,66.000,89.000,69.000,68.000,66.000,99.000,63.000,99.000,63.000,98.484,52.750,35.000,35.000,37.914,38.230,36.688,32.996,49.604,0.087,59.354,5615.699,5208.937,5616.000,5200.000,1.000,1.000,,,,2,1789738807.434,1,0
1656.527,96.766,98.684,62.500,100.000,83.000,71.000,70.000,63.000,63.000,64.000,68.000,62.000,100.000,71.000,98.250,52.938,35.000,35.000,37.922,38.234,36.695,32.996,48.301,0.104,58.814,5616.750,5208.786,5616.000,5200.000,1.000,1.000,,,,2,1789738808.440,1,0
1657.533,96.676,98.594,62.562,66.000,63.000,66.000,89.000,66.000,92.000,64.000,68.000,63.000,93.812,64.000,93.812,52.938,35.000,35.000,37.930,38.238,36.699,32.996,48.082,0.102,59.431,5615.961,5209.163,5616.000,5200.000,1.000,1.000,,,,2,1789738809.445,1,0
1658.539,96.742,98.699,62.562,67.000,82.000,96.000,70.000,66.000,68.000,64.000,71.000,62.000,98.859,67.000,98.859,52.812,35.000,35.000,37.934,38.242,36.703,32.996,47.504,0.094,58.234,5616.225,5171.596,5616.000,5200.000,1.000,1.000,,,,2,1789738810.452,1,0
1659.547,96.762,98.719,62.562,71.000,64.000,67.000,88.000,64.000,66.000,64.000,98.000,62.000,98.000,65.000,97.297,52.875,35.000,35.000,37.938,38.246,36.707,32.996,45.954,0.104,56.593,5615.349,5209.313,5616.000,5200.000,1.000,1.000,,,,2,1789738811.461,1,0
1660.552,96.750,98.707,62.688,94.000,66.000,93.000,70.000,63.000,65.000,64.000,69.000,62.000,96.453,66.000,96.453,52.875,35.000,35.000,37.941,38.246,36.715,32.996,49.309,0.093,59.646,5615.174,5208.183,5616.000,5200.000,1.000,1.000,,,,2,1789738812.464,1,0
1661.558,96.699,98.656,62.625,68.000,66.000,72.000,70.000,91.000,66.000,89.000,64.000,65.000,95.109,66.000,95.109,52.875,35.000,35.000,37.949,38.250,36.719,32.996,49.487,0.105,58.988,5615.437,5207.957,5616.000,5200.000,1.000,1.000,,,,2,1789738813.471,1,0
1662.564,96.664,98.621,62.750,67.000,65.000,66.000,96.000,66.000,67.000,100.000,64.000,67.000,100.000,64.000,95.578,53.000,35.000,35.000,37.957,38.254,36.723,32.996,46.678,0.121,58.107,5614.823,5209.238,5616.000,5200.000,1.000,1.000,,,,2,1789738814.477,1,0
1663.572,96.641,98.598,62.625,67.000,81.000,73.000,69.000,98.000,68.000,68.000,64.000,62.000,98.000,67.000,95.953,52.938,35.000,35.000,37.961,38.258,36.727,32.996,48.264,0.111,58.719,5614.911,5210.293,5616.000,5200.000,1.000,1.000,,,,2,1789738815.483,1,0
1664.579,96.742,98.699,62.562,64.000,62.000,64.000,65.000,68.000,88.000,100.000,66.000,67.000,100.000,63.000,99.828,53.000,35.000,35.000,37.969,38.262,36.734,32.996,46.839,0.105,57.957,5617.101,5207.881,5616.000,5200.000,1.000,1.000,,,,2,1789738816.492,1,0
1665.585,96.816,98.773,62.750,62.000,61.000,64.000,66.000,68.000,90.000,100.000,67.000,67.000,100.000,62.000,98.859,53.000,35.000,35.000,37.973,38.270,36.742,32.996,46.772,0.107,57.041,5615.787,5209.916,5616.000,5200.000,1.000,1.000,,,,2,1789738817.495,1,0
1666.586,96.812,98.770,62.688,66.000,64.000,66.000,89.000,65.000,84.000,65.000,76.000,63.000,96.750,64.000,96.750,52.875,35.000,35.000,37.980,38.270,36.746,32.996,46.407,0.113,56.765,5615.699,5207.731,5616.000,5200.000,1.000,1.000,,,,2,1789738818.497,1,0
1667.589,96.762,98.719,62.688,66.000,63.000,66.000,68.000,67.000,96.000,97.000,67.000,66.000,97.000,64.000,95.250,53.000,35.000,35.000,37.984,38.273,36.750,32.996,48.921,0.088,59.392,5616.137,5207.505,5616.000,5200.000,1.000,1.000,,,,2,1789738819.499,1,0
1668.595,96.793,98.977,62.688,71.000,76.000,69.000,69.000,98.000,66.000,69.000,72.000,63.000,98.000,67.000,97.750,53.000,35.000,35.000,37.992,38.277,36.758,32.996,48.427,0.103,58.847,5615.437,5208.710,5616.000,5200.000,1.000,1.000,,,,2,1789738820.507,1,0
1669.601,96.887,99.070,62.750,67.000,61.000,100.000,67.000,95.000,65.000,70.000,62.000,62.000,100.000,62.000,99.703,53.000,35.000,35.000,37.996,38.281,36.766,32.996,46.925,0.117,57.856,5614.999,5173.231,5616.000,5200.000,1.000,1.000,,,,2,1789738821.513,1,0
1670.603,96.883,99.066,62.750,70.000,66.000,68.000,99.000,64.000,95.000,62.000,64.000,61.000,99.000,66.000,96.750,53.000,35.000,35.000,38.004,38.285,36.770,32.996,46.733,0.099,55.883,5614.999,5173.009,5616.000,5200.000,1.000,1.000,,,,2,1789738822.515,1,0
1671.609,96.824,99.008,62.625,67.000,86.000,66.000,70.000,65.000,95.000,63.000,66.000,61.000,95.016,70.000,95.016,53.125,35.000,35.000,38.008,38.289,36.777,32.996,49.128,0.093,59.685,5615.174,5208.032,5616.000,5200.000,1.000,1.000,,,,2,1789738823.521,1,0
1672.616,96.734,98.918,62.750,71.000,87.000,68.000,98.000,64.000,68.000,63.000,61.000,61.000,98.000,70.000,94.031,53.062,35.000,35.000,38.016,38.293,36.781,32.996,48.042,0.119,58.644,5616.312,5172.637,5616.000,5200.000,1.000,1.000,,,,2,1789738824.528,1,0
1673.625,96.781,98.965,62.812,67.000,63.000,71.000,89.000,69.000,66.000,100.000,63.000,67.000,100.000,63.000,98.141,52.875,35.000,35.000,38.020,38.297,36.785,32.996,48.961,0.092,59.871,5615.874,5172.934,5616.000,5200.000,1.000,1.000,,,,2,1789738825.536,1,0
1674.629,96.766,98.949,62.750,69.000,83.000,67.000,71.000,64.000,93.000,63.000,65.000,62.000,96.297,69.000,96.297,52.938,35.000,35.000,38.023,38.301,36.793,32.996,47.720,0.106,57.737,5615.524,5209.389,5616.000,5200.000,1.000,1.000,,,,2,1789738826.540,1,0
1675.639,96.742,98.926,62.688,95.000,65.000,100.000,73.000,67.000,69.000,62.000,63.000,61.000,100.000,66.000,96.078,53.000,35.000,35.000,38.031,38.305,36.797,32.996,46.774,0.097,57.601,5615.086,5209.087,5616.000,5200.000,1.000,1.000,,,,2,1789738827.552,1,0
1676.647,96.641,98.824,62.812,67.000,66.000,66.000,91.000,64.000,68.000,89.000,64.000,63.000,93.469,66.000,93.469,53.000,35.000,35.000,38.035,38.309,36.801,32.996,48.460,0.090,59.111,5615.787,5208.032,5616.000,5200.000,1.000,1.000,,,,2,1789738828.558,1,0
1677.656,96.562,98.746,62.812,67.000,65.000,66.000,95.000,66.000,67.000,100.000,64.000,67.000,100.000,64.000,94.156,53.000,35.000,35.000,38.039,38.309,36.805,32.996,48.172,0.088,58.728,5615.699,5209.540,5616.000,5200.000,1.000,1.000,,,,2,1789738829.568,1,0
1678.662,96.527,98.836,62.812,93.000,66.000,67.000,92.000,64.000,68.000,63.000,64.000,62.000,95.375,66.000,95.375,53.062,35.000,35.000,38.047,38.312,36.809,32.996,46.910,0.104,57.772,5615.699,5210.444,5616.000,5200.000,1.000,1.000,,,,2,1789738830.573,1,0
1679.672,96.512,98.820,62.875,68.000,65.000,67.000,91.000,94.000,68.000,66.000,68.000,62.000,96.016,65.000,96.016,52.938,35.000,35.000,38.055,38.316,36.816,32.996,49.364,0.089,59.690,5616.225,5208.710,5616.000,5200.000,1.000,1.000,,,,2,1789738831.584,1,0
1680.677,96.492,98.801,62.812,69.000,65.000,70.000,71.000,93.000,68.000,68.000,89.000,62.000,95.953,65.000,95.953,53.000,35.000,35.000,38.059,38.320,36.820,32.996,48.856,0.084,58.833,5615.349,5209.389,5616.000,5200.000,1.000,1.000,,,,2,1789738832.589,1,0
1681.687,96.562,98.871,62.938,69.000,64.000,70.000,85.000,65.000,68.000,65.000,99.000,63.000,99.000,64.000,98.719,53.125,35.000,35.000,38.062,38.324,36.828,32.996,49.284,0.090,59.481,5615.874,5174.941,5616.000,5200.000,1.000,1.000,,,,2,1789738833.600,1,0
1682.697,96.578,98.887,63.000,82.000,65.000,65.000,67.000,66.000,70.000,65.000,98.000,63.000,98.000,65.000,97.109,53.188,35.000,35.000,38.070,38.328,36.832,32.996,49.829,0.095,60.299,5616.049,5210.369,5616.000,5200.000,1.000,1.000,,,,2,1789738834.609,1,0
1683.700,96.523,98.832,62.875,94.000,64.000,70.000,69.000,69.000,66.000,91.000,64.000,64.000,94.828,65.000,94.828,53.125,35.000,35.000,38.074,38.332,36.836,32.996,48.382,0.095,58.933,5616.225,5209.389,5616.000,5200.000,1.000,1.000,,,,2,1789738835.612,1,0
1684.706,96.465,98.773,62.938,70.000,67.000,67.000,98.000,63.000,94.000,62.000,63.000,62.000,98.000,66.000,94.609,53.188,35.000,35.000,38.078,38.336,36.840,32.996,47.610,0.090,57.549,5616.750,5210.369,5616.000,5200.000,1.000,1.000,,,,2,1789738836.619,1,0
1685.711,96.527,98.836,63.000,64.000,62.000,68.000,68.000,100.000,95.000,70.000,68.000,63.000,100.000,63.000,98.453,53.188,35.000,35.000,38.086,38.340,36.844,32.996,49.430,0.102,60.299,5616.049,5210.520,5616.000,5200.000,1.000,1.000,,,,2,1789738837.625,1,0
1686.718,96.621,98.930,62.875,68.000,62.000,100.000,69.000,71.000,65.000,100.000,64.000,67.000,100.000,63.000,99.094,53.188,35.000,35.000,38.090,38.344,36.852,32.996,47.795,0.106,58.206,5615.961,5209.690,5616.000,5200.000,1.000,1.000,,,,2,1789738838.630,1,0
1687.726,96.582,98.891,62.938,74.000,72.000,65.000,67.000,68.000,63.000,88.000,78.000,68.000,95.422,66.000,95.422,53.188,35.000,35.000,38.094,38.348,36.859,32.996,44.570,0.123,55.168,5615.086,5172.488,5616.000,5200.000,1.000,1.000,,,,2,1789738839.639,1,0
1688.731,96.594,98.934,62.938,66.000,83.000,69.000,69.000,67.000,65.000,95.000,68.000,66.000,96.969,67.000,96.969,53.188,35.000,35.000,38.102,38.355,36.859,32.996,46.960,0.118,57.852,5616.049,5171.596,5616.000,5200.000,1.000,1.000,,,,2,1789738840.643,1,0
1689.740,96.602,98.941,62.938,69.000,65.000,68.000,69.000,94.000,96.000,65.000,67.000,61.000,96.844,65.000,96.844,53.250,35.000,35.000,38.105,38.355,36.867,32.996,48.000,0.098,58.222,5616.838,5209.313,5616.000,5200.000,1.000,1.000,,,,2,1789738841.650,1,0
1690.742,96.559,98.898,62.938,90.000,83.000,68.000,71.000,72.000,67.000,64.000,64.000,61.000,95.266,69.000,95.266,53.188,35.000,35.000,38.113,38.359,36.871,32.996,47.821,0.103,58.681,5616.487,5207.655,5616.000,5200.000,1.000,1.000,,,,2,1789738842.655,1,0
1691.746,96.574,98.914,63.062,73.000,82.000,92.000,71.000,66.000,65.000,72.000,63.000,65.000,97.000,69.000,97.000,53.250,35.000,35.000,38.117,38.363,36.879,32.996,48.258,0.095,58.559,5615.961,5209.087,5616.000,5200.000,1.000,1.000,,,,2,1789738843.657,1,0
1692.751,96.602,98.941,62.875,70.000,66.000,67.000,69.000,65.000,67.000,89.000,98.000,64.000,98.000,66.000,97.469,53.188,35.000,35.000,38.121,38.367,36.883,32.996,48.386,0.096,58.575,5615.874,5208.032,5616.000,5200.000,1.000,1.000,,,,2,1789738844.660,1,0
1693.753,96.586,98.926,62.875,91.000,68.000,70.000,70.000,66.000,64.000,94.000,64.000,66.000,96.109,67.000,96.109,53.188,35.000,35.000,38.129,38.371,36.887,32.996,49.202,0.090,58.937,5617.013,5208.861,5616.000,5200.000,1.000,1.000,,,,2,1789738845.663,1,0
1694.755,96.609,98.949,63.062,93.000,67.000,70.000,70.000,67.000,63.000,98.000,64.000,67.000,98.000,67.000,97.312,53.188,35.000,35.000,38.133,38.375,36.891,32.996,47.974,0.095,57.598,5615.612,5208.786,5616.000,5200.000,1.000,1.000,,,,2,1789738846.664,1,0
1695.757,96.562,98.902,62.938,82.000,71.000,66.000,71.000,64.000,93.000,62.000,66.000,61.000,95.141,68.000,95.141,53.188,35.000,35.000,38.137,38.379,36.895,32.996,48.740,0.106,58.733,5617.189,5209.087,5616.000,5200.000,1.000,1.000,,,,2,1789738847.669,1,0
1696.768,96.578,98.918,62.875,85.000,74.000,72.000,71.000,64.000,91.000,62.000,66.000,61.000,97.031,67.000,95.062,53.188,35.000,35.000,38.145,38.383,36.898,32.996,48.606,0.082,59.836,5616.575,5208.635,5616.000,5200.000,1.000,1.000,,,,2,1789738848.677,1,0
1697.768,96.531,98.871,63.125,70.000,65.000,70.000,88.000,65.000,87.000,63.000,65.000,61.000,95.062,64.000,99.281,53.250,35.000,35.000,38.148,38.387,36.902,32.996,47.666,0.102,58.312,5617.189,5207.957,5616.000,5200.000,1.000,1.000,,,,2,1789738849.679,1,0
1698.777,96.617,99.023,63.062,67.000,63.000,96.000,70.000,68.000,90.000,63.000,66.000,62.000,99.281,63.000,96.328,53.062,35.000,35.000,38.152,38.391,36.910,32.996,49.548,0.113,58.961,5616.312,5208.635,5616.000,5200.000,1.000,1.000,,,,2,1789738850.691,1,0
1699.784,96.605,99.012,63.125,67.000,87.000,64.000,70.000,65.000,68.000,65.000,99.000,63.000,96.328,71.000,98.859,53.250,35.000,35.000,38.164,38.398,36.918,32.996,48.492,0.090,58.995,5616.049,5209.690,5616.000,5200.000,1.000,1.000,,,,2,1789738851.695,1,0
1700.785,96.676,99.082,63.000,94.000,86.000,68.000,71.000,70.000,64.000,68.000,63.000,64.000,96.562,72.000,96.562,53.250,35.000,35.000,38.168,38.402,36.922,32.996,49.595,0.089,60.706,5614.298,5208.560,5616.000,5200.000,1.000,1.000,,,,2,1789738852.697,1,0
1701.790,96.656,99.062,63.062,66.000,64.000,70.000,67.000,68.000,87.000,70.000,92.000,65.000,96.062,64.000,96.062,53.375,35.000,35.000,38.176,38.406,36.926,32.996,47.435,0.092,58.080,5617.189,5172.860,5616.000,5200.000,1.000,1.000,,,,2,1789738853.702,1,0
1702.794,96.715,99.121,63.062,67.000,66.000,69.000,91.000,100.000,67.000,70.000,64.000,62.000,100.000,66.000,98.516,53.375,35.000,35.000,38.180,38.410,36.930,32.996,48.225,0.099,58.855,5615.787,5209.841,5616.000,5200.000,1.000,1.000,,,,2,1789738854.706,1,0
1703.804,96.820,99.227,63.062,63.000,61.000,65.000,69.000,67.000,93.000,65.000,100.000,63.000,100.000,63.000,99.297,53.312,35.000,35.000,38.188,38.414,36.934,32.996,47.742,0.100,58.641,5616.400,5171.448,5616.000,5200.000,1.000,1.000,,,,2,1789738855.716,1,0
1704.806,96.836,99.035,63.062,72.000,87.000,100.000,73.000,68.000,65.000,61.000,61.000,61.000,100.000,71.000,97.188,53.250,35.000,35.000,38.191,38.414,36.938,32.996,48.462,0.090,58.954,5616.926,5172.562,5616.000,5200.000,1.000,1.000,,,,2,1789738856.717,1,0
1705.806,96.871,99.070,63.188,98.000,67.000,75.000,70.000,95.000,65.000,66.000,63.000,61.000,98.000,68.000,97.766,53.250,35.000,35.000,38.195,38.422,36.945,32.996,47.490,0.097,57.957,5616.225,5211.424,5616.000,5200.000,1.000,1.000,,,,2,1789738857.719,1,0
1706.815,96.773,98.973,63.062,64.000,63.000,68.000,66.000,95.000,67.000,69.000,95.000,62.000,95.000,63.000,93.844,53.375,35.000,35.000,38.203,38.422,36.945,32.996,48.960,0.119,59.591,5614.999,5209.238,5616.000,5200.000,1.000,1.000,,,,2,1789738858.727,1,0
1707.820,96.805,99.004,63.125,68.000,62.000,100.000,90.000,70.000,68.000,65.000,68.000,62.000,100.000,63.000,97.766,53.250,35.000,35.000,38.207,38.426,36.953,32.996,47.779,0.093,57.654,5615.086,5209.313,5616.000,5200.000,1.000,1.000,,,,2,1789738859.733,1,0
1708.827,96.855,99.055,63.188,70.000,65.000,70.000,96.000,64.000,69.000,64.000,91.000,61.000,98.406,65.000,98.406,53.312,35.000,35.000,38.211,38.434,36.957,32.996,47.994,0.103,59.097,5614.123,5209.238,5616.000,5200.000,1.000,1.000,,,,2,1789738860.739,1,0
1709.834,96.906,99.105,63.125,69.000,66.000,100.000,70.000,91.000,65.000,65.000,61.000,61.000,100.000,65.000,98.328,53.375,35.000,35.000,38.219,38.434,36.961,32.996,46.691,0.104,57.203,5616.750,5210.896,5616.000,5200.000,1.000,1.000,,,,2,1789738861.745,1,0
1710.842,96.949,99.148,63.125,71.000,86.000,100.000,72.000,69.000,65.000,63.000,61.000,62.000,100.000,71.000,98.047,53.312,35.000,35.000,38.223,38.438,36.965,32.996,48.656,0.091,58.623,5616.663,5173.677,5616.000,5200.000,1.000,1.000,,,,2,1789738862.754,1,0
1711.850,96.914,99.113,63.125,67.000,81.000,72.000,69.000,71.000,66.000,68.000,87.000,63.000,95.906,68.000,95.906,53.312,35.000,35.000,38.227,38.441,36.969,32.996,47.822,0.144,58.946,5615.174,5209.012,5616.000,5200.000,1.000,1.000,,,,2,1789738863.762,1,0
1712.856,96.930,99.184,63.250,67.000,86.000,67.000,70.000,100.000,66.000,72.000,65.000,64.000,100.000,69.000,97.344,53.375,35.000,35.000,38.230,38.445,36.973,32.996,48.877,0.085,59.036,5615.874,5173.306,5616.000,5200.000,1.000,1.000,,,,2,1789738864.769,1,0
1713.865,96.926,99.180,63.125,71.000,65.000,100.000,70.000,98.000,65.000,72.000,63.000,64.000,100.000,66.000,96.844,53.250,35.000,35.000,38.234,38.445,36.977,32.996,45.757,0.120,57.036,5616.575,5209.765,5616.000,5200.000,1.000,1.000,,,,2,1789738865.778,1,0
1714.871,96.918,99.172,63.125,93.000,65.000,69.000,69.000,100.000,65.000,72.000,65.000,63.000,100.000,66.000,96.719,53.250,35.000,35.000,38.242,38.453,36.980,32.996,46.983,0.105,57.692,5616.137,5170.779,5616.000,5200.000,1.000,1.000,,,,2,1789738866.782,1,0
1715.877,96.988,99.242,63.125,66.000,63.000,73.000,67.000,98.000,65.000,100.000,66.000,68.000,100.000,63.000,98.844,53.250,35.000,35.000,38.246,38.457,36.988,32.996,48.789,0.093,59.004,5616.049,5209.765,5616.000,5200.000,1.000,1.000,,,,2,1789738867.790,1,0
1716.887,96.949,99.203,63.125,69.000,67.000,67.000,97.000,95.000,68.000,67.000,63.000,62.000,97.000,67.000,95.812,53.250,35.000,35.000,38.250,38.461,36.992,32.996,46.101,0.117,57.074,5617.101,5208.710,5616.000,5200.000,1.000,1.000,,,,2,1789738868.800,1,0
1717.890,97.004,99.258,63.250,66.000,84.000,65.000,69.000,67.000,72.000,67.000,100.000,64.000,100.000,68.000,98.625,53.375,35.000,35.000,38.258,38.461,36.992,32.996,48.942,0.103,59.448,5615.612,5209.841,5616.000,5200.000,1.000,1.000,,,,2,1789738869.802,1,0
1718.896,97.027,99.281,63.312,69.000,65.000,99.000,69.000,94.000,66.000,66.000,69.000,62.000,99.000,66.000,97.844,53.312,35.000,35.000,38.262,38.465,37.000,32.996,48.419,0.089,58.839,5615.612,5209.992,5616.000,5200.000,1.000,1.000,,,,2,1789738870.809,1,0
1719.906,96.977,99.230,63.188,70.000,68.000,66.000,91.000,64.000,65.000,93.000,63.000,64.000,95.422,68.000,95.422,53.312,35.000,35.000,38.266,38.469,37.000,32.996,45.816,0.106,56.835,5615.524,5210.520,5616.000,5200.000,1.000,1.000,,,,2,1789738871.818,1,0
1720.917,97.039,99.293,63.125,64.000,62.000,64.000,68.000,67.000,73.000,84.000,100.000,63.000,100.000,63.000,98.891,53.250,35.000,35.000,38.273,38.473,37.004,32.996,48.881,0.095,58.625,5615.261,5209.389,5616.000,5200.000,1.000,1.000,,,,2,1789738872.829,1,0
1721.923,97.082,99.336,63.188,95.000,64.000,67.000,67.000,67.000,68.000,69.000,99.000,65.000,99.000,65.000,98.469,53.375,35.000,35.000,38.277,38.477,37.012,32.996,48.899,0.091,59.414,5615.086,5209.313,5616.000,5200.000,1.000,1.000,,,,2,1789738873.835,1,0
1722.927,97.027,99.258,63.062,64.000,63.000,68.000,66.000,95.000,66.000,68.000,96.000,62.000,96.000,64.000,95.266,53.250,35.000,35.000,38.281,38.480,37.016,32.996,46.995,0.096,58.208,5616.049,5209.765,5616.000,5200.000,1.000,1.000,,,,2,1789738874.839,1,0
1723.929,97.105,99.336,63.250,68.000,83.000,70.000,70.000,65.000,68.000,65.000,100.000,62.000,100.000,68.000,99.531,53.312,35.000,35.000,38.289,38.484,37.020,32.996,47.533,0.090,57.773,5616.750,5210.520,5616.000,5200.000,1.000,1.000,,,,2,1789738875.841,1,0
1724.930,97.184,99.414,63.188,67.000,84.000,70.000,70.000,65.000,69.000,65.000,100.000,62.000,100.000,68.000,99.625,53.312,35.000,35.000,38.289,38.484,37.023,32.996,48.537,0.092,59.035,5614.999,5210.520,5616.000,5200.000,1.000,1.000,,,,2,1789738876.842,1,0
1725.940,97.207,99.438,63.188,87.000,67.000,69.000,70.000,65.000,68.000,65.000,100.000,62.000,100.000,67.000,97.922,53.312,35.000,35.000,38.297,38.488,37.027,32.996,50.029,0.087,60.813,5616.312,5173.231,5616.000,5200.000,1.000,1.000,,,,2,1789738877.852,1,0
1726.948,97.164,99.395,63.188,69.000,64.000,71.000,92.000,66.000,70.000,91.000,66.000,64.000,95.828,64.000,95.828,53.375,35.000,35.000,38.301,38.492,37.031,32.996,49.515,0.100,60.266,5615.961,5206.978,5616.000,5200.000,1.000,1.000,,,,2,1789738878.860,1,0
1727.958,97.219,99.449,63.125,69.000,83.000,72.000,71.000,94.000,66.000,70.000,64.000,63.000,98.922,71.000,98.922,53.375,35.000,35.000,38.305,38.496,37.035,32.996,48.982,0.114,59.780,5615.524,5208.560,5616.000,5200.000,1.000,1.000,,,,2,1789738879.871,1,0
1728.960,97.188,99.418,63.188,68.000,66.000,67.000,96.000,66.000,99.000,64.000,67.000,63.000,99.000,67.000,96.281,53.375,35.000,35.000,38.312,38.500,37.039,32.996,48.737,0.100,59.305,5615.699,5209.238,5616.000,5200.000,1.000,1.000,,,,2,1789738880.871,1,0
1729.966,97.188,99.418,63.188,68.000,65.000,100.000,70.000,70.000,90.000,66.000,65.000,62.000,100.000,66.000,97.109,53.375,35.000,35.000,38.316,38.504,37.043,32.996,48.731,0.089,58.899,5615.787,5209.012,5616.000,5200.000,1.000,1.000,,,,2,1789738881.877,1,0
1730.976,97.137,99.367,63.000,89.000,84.000,66.000,71.000,67.000,66.000,65.000,68.000,63.000,95.656,69.000,95.656,53.438,35.000,35.000,38.320,38.508,37.047,32.996,49.197,0.096,59.477,5616.575,5209.313,5616.000,5200.000,1.000,1.000,,,,2,1789738882.888,1,0
1731.984,97.188,99.418,63.250,96.000,66.000,68.000,73.000,66.000,97.000,62.000,66.000,61.000,98.719,67.000,98.719,53.500,35.000,35.000,38.324,38.512,37.051,32.996,48.276,0.110,58.675,5616.750,5209.238,5616.000,5200.000,1.000,1.000,,,,2,1789738883.896,1,0
1732.990,97.273,99.594,63.250,65.000,62.000,65.000,66.000,86.000,73.000,65.000,100.000,63.000,100.000,63.000,99.953,53.500,35.000,35.000,38.328,38.516,37.055,32.996,46.785,0.104,58.017,5615.787,5209.012,5616.000,5200.000,1.000,1.000,,,,2,1789738884.902,1,0
1733.994,97.316,99.637,63.062,100.000,87.000,71.000,73.000,62.000,63.000,61.000,61.000,61.000,100.000,74.000,98.609,53.562,35.000,35.000,38.332,38.520,37.059,32.996,48.730,0.096,58.905,5615.612,5209.389,5616.000,5200.000,1.000,1.000,,,,2,1789738885.906,1,0
1735.000,97.332,99.652,63.188,70.000,64.000,74.000,95.000,96.000,69.000,66.000,63.000,61.000,97.781,65.000,97.781,53.375,35.000,35.000,38.340,38.523,37.062,32.996,46.875,0.096,57.602,5614.473,5207.957,5616.000,5200.000,1.000,1.000,,,,2,1789738886.912,1,0
1736.007,97.156,99.477,63.188,67.000,66.000,87.000,84.000,65.000,66.000,63.000,63.000,62.000,91.750,66.000,91.750,53.438,35.000,35.000,38.344,38.527,37.066,32.996,49.284,0.109,59.847,5615.699,5171.151,5616.000,5200.000,1.000,1.000,,,,2,1789738887.919,1,0
1737.016,96.988,99.309,63.250,66.000,64.000,66.000,90.000,66.000,67.000,65.000,94.000,62.000,94.000,65.000,91.766,53.562,35.000,35.000,38.348,38.527,37.070,32.996,47.529,0.102,58.294,5615.349,5208.710,5616.000,5200.000,1.000,1.000,,,,2,1789738888.930,1,0
1738.026,97.012,99.332,63.125,69.000,65.000,70.000,96.000,65.000,99.000,63.000,67.000,61.000,99.000,64.000,97.797,53.438,35.000,35.000,38.352,38.531,37.074,32.996,48.068,0.107,58.807,5614.823,5207.806,5616.000,5200.000,1.000,1.000,,,,2,1789738889.939,1,0
1739.028,97.059,99.379,63.250,64.000,80.000,64.000,67.000,67.000,91.000,69.000,76.000,64.000,98.516,66.000,98.516,53.500,35.000,35.000,38.355,38.535,37.078,32.996,47.348,0.090,58.186,5616.312,5208.861,5616.000,5200.000,1.000,1.000,,,,2,1789738890.939,1,0
1740.034,97.059,99.379,63.188,68.000,64.000,70.000,91.000,66.000,68.000,67.000,92.000,64.000,97.047,65.000,97.047,53.500,35.000,35.000,38.363,38.539,37.082,32.996,48.403,0.093,59.297,5615.261,5173.380,5616.000,5200.000,1.000,1.000,,,,2,1789738891.945,1,0
1741.040,97.098,99.418,63.125,74.000,82.000,100.000,72.000,68.000,65.000,62.000,62.000,61.000,100.000,70.000,98.344,53.625,35.000,35.000,38.367,38.543,37.086,32.996,47.442,0.105,57.921,5616.225,5207.429,5616.000,5200.000,1.000,1.000,,,,2,1789738892.952,1,0
1742.050,97.148,99.469,63.125,76.000,65.000,100.000,70.000,71.000,66.000,67.000,86.000,62.000,100.000,66.000,98.688,53.375,35.000,35.000,38.371,38.547,37.094,32.996,48.307,0.108,59.256,5616.312,5207.957,5616.000,5200.000,1.000,1.000,,,,2,1789738893.962,1,0
1743.059,97.227,99.547,63.188,64.000,62.000,68.000,69.000,100.000,65.000,98.000,66.000,68.000,100.000,63.000,99.188,53.500,35.000,35.000,38.379,38.551,37.094,32.996,48.560,0.101,59.004,5615.699,5207.279,5616.000,5200.000,1.000,1.000,,,,2,1789738894.972,1,0
1744.069,97.277,99.598,63.188,71.000,67.000,70.000,67.000,90.000,67.000,71.000,87.000,63.000,98.719,65.000,98.719,53.500,35.000,35.000,38.383,38.551,37.098,32.996,48.425,0.096,58.725,5614.123,5209.540,5616.000,5200.000,1.000,1.000,,,,2,1789738895.982,1,0
1745.078,97.293,99.613,63.250,67.000,65.000,68.000,75.000,67.000,100.000,94.000,68.000,64.000,100.000,65.000,97.703,53.375,35.000,35.000,38.387,38.555,37.102,32.996,48.198,0.101,58.797,5615.437,5170.557,5616.000,5200.000,1.000,1.000,,,,2,1789738896.990,1,0
1746.087,97.348,99.668,63.312,76.000,76.000,67.000,69.000,65.000,70.000,66.000,100.000,63.000,100.000,66.000,98.734,53.375,35.000,35.000,38.391,38.555,37.105,32.996,47.584,0.103,58.031,5615.086,5208.333,5616.000,5200.000,1.000,1.000,,,,2,1789738897.999,1,0
1747.097,97.289,99.590,63.188,70.000,69.000,96.000,98.000,64.000,68.000,63.000,63.000,61.000,98.000,67.000,95.562,53.562,35.000,35.000,38.395,38.559,37.105,32.996,48.541,0.098,59.218,5615.437,5207.580,5616.000,5200.000,1.000,1.000,,,,2,1789738899.009,1,0
1748.107,97.336,99.637,63.375,80.000,70.000,68.000,70.000,67.000,78.000,65.000,83.000,63.000,98.812,68.000,98.812,53.688,35.000,35.000,38.402,38.562,37.109,32.996,49.672,0.086,60.365,5615.086,5208.560,5616.000,5200.000,1.000,1.000,,,,2,1789738900.019,1,0
1749.107,97.379,99.680,63.250,75.000,74.000,98.000,70.000,71.000,72.000,65.000,66.000,61.000,98.625,66.000,98.625,53.625,35.000,35.000,38.406,38.566,37.113,32.996,48.029,0.092,58.787,5615.349,5207.731,5616.000,5200.000,1.000,1.000,,,,2,1789738901.019,1,0
1750.117,97.309,99.609,63.250,100.000,68.000,72.000,70.000,94.000,64.000,67.000,63.000,62.000,100.000,68.000,95.125,53.562,35.000,35.000,38.410,38.566,37.117,32.996,47.276,0.093,57.633,5614.561,5171.077,5616.000,5200.000,1.000,1.000,,,,2,1789738902.029,1,0
1751.118,97.312,99.613,63.438,87.000,81.000,76.000,71.000,69.000,69.000,66.000,65.000,62.000,97.469,68.000,97.469,53.500,35.000,35.000,38.414,38.574,37.121,32.996,48.655,0.105,59.085,5615.524,5171.670,5616.000,5200.000,1.000,1.000,,,,2,1789738903.032,1,0
1752.119,97.336,99.637,63.375,66.000,64.000,70.000,69.000,100.000,96.000,70.000,68.000,62.000,100.000,64.000,98.109,53.500,35.000,35.000,38.422,38.578,37.125,32.996,46.758,0.122,57.514,5615.437,5209.012,5616.000,5200.000,1.000,1.000,,,,2,1789738904.032,1,0
1753.128,97.301,99.602,63.312,69.000,64.000,72.000,89.000,67.000,70.000,64.000,91.000,63.000,96.188,65.000,96.188,53.625,35.000,35.000,38.426,38.582,37.129,32.996,48.530,0.110,59.451,5615.524,5208.560,5616.000,5200.000,1.000,1.000,,,,2,1789738905.040,1,0
1754.132,97.309,99.609,63.312,88.000,64.000,66.000,68.000,89.000,71.000,66.000,73.000,63.000,97.547,64.000,97.547,53.562,35.000,35.000,38.430,38.582,37.133,32.996,46.110,0.118,56.997,5615.174,5209.765,5616.000,5200.000,1.000,1.000,,,,2,1789738906.045,1,0
1755.140,97.176,99.477,63.312,71.000,88.000,94.000,75.000,64.000,66.000,63.000,63.000,61.000,94.000,71.000,93.062,53.562,35.000,35.000,38.434,38.586,37.137,32.996,46.899,0.107,57.932,5614.823,5209.765,5616.000,5200.000,1.000,1.000,,,,2,1789738907.052,1,0
1756.142,97.168,99.469,63.312,69.000,64.000,70.000,91.000,65.000,96.000,63.000,66.000,61.000,96.875,64.000,96.875,53.500,35.000,35.000,38.441,38.590,37.141,32.996,48.349,0.102,58.367,5614.736,5209.916,5616.000,5200.000,1.000,1.000,,,,2,1789738908.055,1,0
1757.148,97.207,99.508,63.250,71.000,63.000,92.000,69.000,68.000,88.000,70.000,67.000,65.000,98.469,64.000,98.469,53.438,35.000,35.000,38.445,38.594,37.145,32.996,47.962,0.110,59.318,5616.137,5209.012,5616.000,5200.000,1.000,1.000,,,,2,1789738909.061,1,0
1758.157,97.164,99.465,63.312,66.000,65.000,66.000,70.000,66.000,95.000,65.000,100.000,62.000,100.000,65.000,95.844,53.500,35.000,35.000,38.449,38.594,37.145,32.996,48.394,0.091,58.220,5614.210,5209.540,5616.000,5200.000,1.000,1.000,,,,2,1789738910.069,1,0
1759.167,97.070,99.371,63.250,69.000,88.000,66.000,71.000,64.000,93.000,62.000,65.000,61.000,94.141,71.000,94.141,53.500,35.000,35.000,38.453,38.598,37.148,32.996,47.427,0.103,58.458,5613.947,5208.786,5616.000,5200.000,1.000,1.000,,,,2,1789738911.079,1,0
1760.177,97.043,99.344,63.312,94.000,79.000,67.000,71.000,65.000,80.000,63.000,67.000,61.000,96.156,69.000,96.156,53.625,35.000,35.000,38.457,38.602,37.152,32.996,49.120,0.080,59.130,5614.473,5171.002,5616.000,5200.000,1.000,1.000,,,,2,1789738912.089,1,0
1761.181,97.086,99.387,63.250,73.000,82.000,74.000,93.000,66.000,68.000,63.000,62.000,62.000,98.484,69.000,98.484,53.500,35.000,35.000,38.465,38.605,37.156,32.996,47.362,0.106,59.178,5614.648,5207.881,5616.000,5200.000,1.000,1.000,,,,2,1789738913.093,1,0
1762.190,97.066,99.367,63.312,70.000,66.000,93.000,73.000,66.000,69.000,93.000,64.000,64.000,96.391,66.000,96.391,53.625,35.000,35.000,38.469,38.609,37.160,32.996,47.265,0.095,58.395,5614.385,5208.107,5616.000,5200.000,1.000,1.000,,,,2,1789738914.103,1,0
1763.200,97.012,99.312,63.312,70.000,80.000,71.000,74.000,64.000,87.000,62.000,67.000,61.000,95.391,68.000,95.391,53.562,35.000,35.000,38.473,38.613,37.164,32.996,47.101,0.103,57.811,5615.524,5170.705,5616.000,5200.000,1.000,1.000,,,,2,1789738915.115,1,0
1764.207,96.957,99.258,63.312,72.000,88.000,68.000,76.000,91.000,67.000,65.000,62.000,61.000,95.172,71.000,95.172,53.500,35.000,35.000,38.480,38.613,37.164,32.996,47.930,0.088,58.441,5616.049,5207.354,5616.000,5200.000,1.000,1.000,,,,2,1789738916.119,1,0
1765.207,96.938,99.238,63.312,69.000,69.000,67.000,70.000,82.000,68.000,64.000,90.000,62.000,96.406,68.000,96.406,53.562,35.000,35.000,38.484,38.617,37.168,32.996,47.894,0.091,58.372,5614.210,5171.448,5616.000,5200.000,1.000,1.000,,,,2,1789738917.120,1,0
1766.207,96.945,99.199,63.500,83.000,65.000,100.000,71.000,70.000,67.000,65.000,77.000,62.000,100.000,66.000,97.141,53.500,35.000,35.000,38.488,38.621,37.172,32.996,48.152,0.114,59.056,5614.999,5209.614,5616.000,5200.000,1.000,1.000,,,,2,1789738918.122,1,0
1767.214,96.949,99.203,63.438,77.000,65.000,72.000,76.000,71.000,64.000,98.000,65.000,67.000,98.000,65.000,97.047,53.562,35.000,35.000,38.492,38.621,37.172,32.996,47.614,0.108,58.276,5615.787,5207.881,5616.000,5200.000,1.000,1.000,,,,2,1789738919.125,1,0
1768.219,96.859,99.113,63.438,73.000,65.000,98.000,70.000,69.000,66.000,98.000,64.000,67.000,98.000,65.000,94.156,53.500,35.000,35.000,38.496,38.625,37.180,32.996,46.767,0.158,57.671,5614.473,5208.183,5616.000,5200.000,1.000,1.000,,,,2,1789738920.133,1,0
1769.220,96.895,99.148,63.312,72.000,66.000,100.000,92.000,69.000,69.000,63.000,62.000,61.000,100.000,65.000,97.812,53.625,35.000,35.000,38.504,38.633,37.184,32.996,46.645,0.118,58.689,5615.349,5208.484,5616.000,5200.000,1.000,1.000,,,,2,1789738921.133,1,0
1770.228,96.781,99.035,63.500,70.000,69.000,67.000,69.000,85.000,67.000,65.000,94.000,62.000,94.000,68.000,93.312,53.500,35.000,35.000,38.508,38.633,37.188,32.996,46.908,0.085,57.079,5614.823,5207.957,5616.000,5200.000,1.000,1.000,,,,2,1789738922.141,1,0
1771.230,96.832,99.086,63.375,86.000,66.000,72.000,73.000,72.000,85.000,68.000,68.000,63.000,98.406,65.000,98.406,53.562,35.000,35.000,38.512,38.637,37.188,32.996,48.324,0.109,59.206,5614.999,5209.313,5616.000,5200.000,1.000,1.000,,,,2,1789738923.143,1,0
1772.234,96.707,98.961,63.375,74.000,81.000,72.000,89.000,69.000,67.000,65.000,63.000,62.000,92.906,69.000,92.906,53.562,35.000,35.000,38.516,38.637,37.188,32.996,46.984,0.093,57.593,5615.349,5208.107,5616.000,5200.000,1.000,1.000,,,,2,1789738924.146,1,0
1773.240,96.785,99.039,63.438,67.000,83.000,66.000,69.000,67.000,62.000,97.000,64.000,68.000,99.156,70.000,99.156,53.562,35.000,35.000,38.520,38.641,37.191,32.996,47.839,0.090,58.601,5614.736,5209.087,5616.000,5200.000,1.000,1.000,,,,2,1789738925.152,1,0
1774.247,96.742,98.996,63.375,75.000,81.000,72.000,94.000,64.000,67.000,63.000,63.000,62.000,95.375,69.000,95.375,53.438,35.000,35.000,38.527,38.645,37.195,32.996,47.302,0.105,57.781,5613.860,5209.163,5616.000,5200.000,1.000,1.000,,,,2,1789738926.158,1,0
1775.250,96.734,98.988,63.250,69.000,66.000,68.000,93.000,65.000,96.000,62.000,66.000,61.000,96.516,65.000,96.516,53.625,35.000,35.000,38.527,38.648,37.199,32.996,47.108,0.099,57.360,5614.210,5208.635,5616.000,5200.000,1.000,1.000,,,,2,1789738927.162,1,0
1776.256,96.723,99.000,63.500,71.000,79.000,72.000,70.000,96.000,65.000,72.000,65.000,65.000,96.344,68.000,96.344,53.500,35.000,35.000,38.535,38.648,37.199,32.996,48.597,0.102,59.124,5613.598,5209.012,5616.000,5200.000,1.000,1.000,,,,2,1789738928.169,1,0
1777.261,96.703,98.980,63.312,94.000,65.000,66.000,69.000,65.000,70.000,65.000,100.000,63.000,100.000,65.000,96.062,53.625,35.000,35.000,38.535,38.652,37.203,32.996,46.732,0.116,57.731,5613.422,5208.333,5616.000,5200.000,1.000,1.000,,,,2,1789738929.175,1,0
1778.268,96.719,98.996,63.250,81.000,66.000,67.000,69.000,64.000,67.000,64.000,92.000,62.000,97.312,66.000,97.312,53.500,35.000,35.000,38.543,38.652,37.207,32.996,47.513,0.118,58.195,5657.620,5208.861,5616.000,5200.000,1.000,1.000,,,,2,1789738930.182,1,0
1779.268,96.578,98.855,63.375,68.000,67.000,68.000,73.000,67.000,82.000,88.000,64.000,64.000,92.219,67.000,92.219,53.500,35.000,35.000,38.547,38.660,37.211,32.996,50.858,0.141,61.918,5614.123,5134.056,5616.000,5200.000,1.000,1.000,,,,2,1789738931.180,1,0
1780.268,96.609,98.887,63.438,66.000,62.000,77.000,67.000,88.000,67.000,100.000,66.000,68.000,100.000,63.000,97.484,53.438,35.000,35.000,38.551,38.660,37.211,32.996,47.842,0.120,59.395,5613.685,5207.655,5616.000,5200.000,1.000,1.000,,,,2,1789738932.180,1,0
1781.278,96.645,98.922,63.562,78.000,73.000,66.000,73.000,66.000,69.000,64.000,76.000,62.000,97.766,65.000,97.766,53.500,35.000,35.000,38.555,38.664,37.215,32.996,48.167,0.110,58.227,5614.473,5207.505,5616.000,5200.000,1.000,1.000,,,,2,1789738933.191,1,0
1782.280,96.723,99.000,63.625,90.000,65.000,66.000,70.000,66.000,76.000,65.000,100.000,62.000,100.000,65.000,98.844,53.562,35.000,35.000,38.559,38.668,37.219,32.996,48.877,0.092,59.807,5613.685,5208.484,5616.000,5200.000,1.000,1.000,,,,2,1789738934.192,1,0
1783.290,96.746,99.023,63.438,67.000,64.000,66.000,93.000,66.000,68.000,97.000,66.000,67.000,97.469,65.000,97.469,53.500,35.000,35.000,38.566,38.668,37.219,32.996,50.229,0.097,61.283,5613.160,5208.409,5616.000,5200.000,1.000,1.000,,,,2,1789738935.202,1,0
1784.299,96.832,99.109,63.562,68.000,66.000,68.000,99.000,65.000,73.000,64.000,97.000,62.000,99.125,64.000,99.125,53.562,35.000,35.000,38.570,38.672,37.223,32.996,47.545,0.114,58.729,5571.117,5172.117,5616.000,5200.000,1.000,1.000,,,,2,1789738936.211,1,0
1785.307,96.816,99.094,63.438,94.000,85.000,69.000,73.000,69.000,66.000,66.000,64.000,62.000,96.422,70.000,96.422,53.688,35.000,35.000,38.574,38.676,37.227,32.996,48.840,0.084,59.375,5614.648,5172.117,5616.000,5200.000,1.000,1.000,,,,2,1789738937.219,1,0
1786.316,96.922,99.324,63.312,75.000,66.000,100.000,69.000,86.000,65.000,65.000,61.000,61.000,100.000,65.000,99.828,53.688,35.000,35.000,38.578,38.676,37.227,32.996,44.713,0.110,56.505,5614.123,5208.258,5616.000,5200.000,1.000,1.000,,,,2,1789738938.228,1,0
1787.316,96.906,99.309,63.562,70.000,86.000,67.000,71.000,66.000,64.000,99.000,64.000,67.000,99.000,71.000,96.484,53.812,35.000,35.000,38.582,38.680,37.230,32.996,45.814,0.092,55.622,5615.261,5208.183,5616.000,5200.000,1.000,1.000,,,,2,1789738939.228,1,0
1788.320,96.980,99.383,63.438,66.000,67.000,66.000,71.000,68.000,89.000,100.000,66.000,68.000,100.000,66.000,98.750,53.562,35.000,35.000,38.586,38.684,37.234,32.996,47.639,0.106,58.217,5614.473,5209.238,5616.000,5200.000,1.000,1.000,,,,2,1789738940.232,1,0
1789.326,96.965,99.367,63.562,98.000,67.000,69.000,71.000,66.000,68.000,91.000,66.000,64.000,98.000,67.000,96.531,53.625,35.000,35.000,38.594,38.684,37.234,32.996,49.307,0.093,60.332,5613.772,5207.731,5616.000,5200.000,1.000,1.000,,,,2,1789738941.239,1,0
1790.336,96.938,99.340,63.500,66.000,64.000,67.000,67.000,69.000,92.000,67.000,100.000,63.000,100.000,64.000,96.156,53.562,35.000,35.000,38.598,38.688,37.238,32.996,47.233,0.113,57.592,5613.685,5134.568,5616.000,5200.000,1.000,1.000,,,,2,1789738942.248,1,0
1791.341,97.012,99.414,63.562,92.000,65.000,67.000,71.000,66.000,70.000,65.000,100.000,63.000,100.000,65.000,98.875,53.625,35.000,35.000,38.602,38.691,37.242,32.996,49.470,0.097,59.956,5613.685,5206.751,5616.000,5200.000,1.000,1.000,,,,2,1789738943.253,1,0
1792.350,97.125,99.527,63.438,94.000,65.000,70.000,68.000,72.000,64.000,100.000,65.000,67.000,100.000,65.000,99.781,53.625,35.000,35.000,38.605,38.691,37.242,32.996,48.066,0.106,58.825,5614.561,5209.163,5616.000,5200.000,1.000,1.000,,,,2,1789738944.261,1,0
1793.357,97.172,99.574,63.625,66.000,78.000,66.000,75.000,67.000,96.000,68.000,68.000,65.000,98.578,65.000,98.578,53.562,35.000,35.000,38.609,38.695,37.246,32.996,46.044,0.114,56.676,5614.648,5170.631,5616.000,5200.000,1.000,1.000,,,,2,1789738945.270,1,0
1794.367,97.059,99.461,63.562,92.000,65.000,67.000,93.000,65.000,68.000,64.000,68.000,62.000,93.578,66.000,93.578,53.562,35.000,35.000,38.613,38.699,37.250,32.996,49.111,0.107,59.843,5614.210,5208.560,5616.000,5200.000,1.000,1.000,,,,2,1789738946.279,1,0
1795.377,97.113,99.516,63.500,77.000,64.000,73.000,74.000,68.000,68.000,66.000,98.000,63.000,98.797,64.000,98.797,53.750,35.000,35.000,38.617,38.699,37.250,32.996,48.240,0.131,59.462,5613.947,5208.484,5616.000,5200.000,1.000,1.000,,,,2,1789738947.289,1,0
1796.385,97.152,99.605,63.562,93.000,64.000,67.000,67.000,99.000,65.000,73.000,68.000,66.000,99.000,65.000,98.344,53.625,35.000,35.000,38.621,38.703,37.254,32.996,48.380,0.101,59.520,5614.911,5207.806,5616.000,5200.000,1.000,1.000,,,,2,1789738948.297,1,0
1797.391,97.121,99.574,63.625,69.000,65.000,96.000,69.000,69.000,68.000,65.000,93.000,64.000,96.188,64.000,96.188,53.688,35.000,35.000,38.625,38.707,37.254,32.996,46.613,0.104,57.289,5613.772,5172.711,5616.000,5200.000,1.000,1.000,,,,2,1789738949.302,1,0
1798.394,97.199,99.652,63.812,67.000,64.000,67.000,89.000,70.000,72.000,100.000,99.000,69.000,100.000,64.000,99.688,53.625,35.000,35.000,38.629,38.711,37.258,32.996,60.368,0.146,70.148,5614.210,5173.306,5616.000,5200.000,1.000,1.000,,,,2,1789738950.307,1,0
1799.394,97.035,99.488,64.000,79.000,68.000,76.000,70.000,91.000,68.000,69.000,67.000,64.000,91.969,67.000,91.969,53.750,35.000,35.000,38.633,38.711,37.258,32.996,57.210,0.164,69.387,5613.422,5209.163,5616.000,5200.000,1.000,1.000,,,,2,1789738951.305,1,0
1800.404,97.004,99.457,64.188,87.000,65.000,67.000,68.000,68.000,69.000,71.000,94.000,67.000,95.969,65.000,95.969,53.875,35.000,35.000,38.637,38.715,37.262,32.996,47.679,0.150,57.918,5613.860,5208.861,5616.000,5200.000,1.000,1.000,,,,2,1789738952.314,1,0
1801.406,96.344,98.797,63.875,80.000,67.000,66.000,68.000,63.000,80.000,65.000,63.000,63.000,80.000,65.000,75.938,53.938,35.000,35.000,38.641,38.719,37.266,32.996,31.068,0.175,43.269,5614.123,5208.861,5616.000,5200.000,1.000,1.000,,,,2,1789738953.317,1,0
1802.407,96.195,98.648,63.625,68.000,65.000,74.000,70.000,88.000,68.000,84.000,71.000,64.000,91.578,65.000,91.578,53.812,35.000,35.000,38.648,38.723,37.266,32.996,46.824,0.160,57.473,5614.473,5208.258,5616.000,5200.000,1.000,1.000,,,,2,1789738954.319,1,0
1803.412,96.121,98.574,63.750,65.000,64.000,65.000,67.000,68.000,65.000,100.000,94.000,68.000,100.000,64.000,93.844,53.750,35.000,35.000,38.648,38.719,37.270,32.996,48.077,0.154,58.898,5634.508,5208.409,5616.000,5200.000,1.000,1.000,,,,2,1789738955.323,1,0
1804.413,96.086,98.539,63.625,95.000,66.000,99.000,73.000,69.000,68.000,63.000,64.000,62.000,99.000,65.000,94.969,53.625,35.000,35.000,38.652,38.727,37.273,32.996,47.799,0.147,58.444,5612.285,5208.484,5616.000,5200.000,1.000,1.000,,,,2,1789738956.324,1,0
1805.415,95.902,98.355,63.875,82.000,64.000,86.000,67.000,80.000,65.000,80.000,66.000,67.000,90.219,64.000,90.219,53.688,35.000,35.000,38.660,38.730,37.277,32.996,47.570,0.168,58.507,5611.760,5208.258,5616.000,5200.000,1.000,1.000,,,,2,1789738957.325,1,0
1806.424,95.770,98.223,63.750,70.000,86.000,67.000,96.000,64.000,68.000,63.000,63.000,62.000,96.000,70.000,91.656,53.562,35.000,35.000,38.664,38.734,37.277,32.996,47.303,0.140,58.049,5612.547,5208.786,5616.000,5200.000,1.000,1.000,,,,2,1789738958.337,1,0
1807.429,95.660,98.113,63.750,66.000,66.000,64.000,68.000,67.000,84.000,73.000,99.000,66.000,99.000,65.000,92.234,53.750,35.000,35.000,38.668,38.738,37.281,32.996,46.661,0.147,57.332,5633.715,5207.580,5616.000,5200.000,1.000,1.000,,,,2,1789738959.341,1,0
1808.431,95.531,97.984,63.812,68.000,65.000,67.000,80.000,65.000,67.000,71.000,94.000,64.000,94.000,65.000,91.469,53.688,35.000,35.000,38.672,38.746,37.285,32.996,46.311,0.156,57.332,5613.860,5208.409,5616.000,5200.000,1.000,1.000,,,,2,1789738960.344,1,0
1809.441,95.426,97.879,63.688,64.000,64.000,66.000,70.000,67.000,96.000,65.000,100.000,62.000,100.000,63.000,92.172,53.625,35.000,35.000,38.676,38.750,37.285,32.996,46.906,0.150,57.674,5614.123,5208.635,5616.000,5200.000,1.000,1.000,,,,2,1789738961.351,1,0
1810.449,95.258,97.711,63.750,74.000,66.000,87.000,73.000,64.000,67.000,82.000,63.000,62.000,90.109,65.000,90.109,53.625,35.000,35.000,38.680,38.754,37.289,32.996,46.811,0.155,58.052,5614.298,5209.012,5616.000,5200.000,1.000,1.000,,,,2,1789738962.360,1,0
1811.457,95.160,97.613,63.688,65.000,63.000,65.000,66.000,68.000,67.000,99.000,96.000,68.000,99.000,63.000,92.062,53.625,35.000,35.000,38.684,38.758,37.293,32.996,47.410,0.144,58.379,5612.372,5210.143,5616.000,5200.000,1.000,1.000,,,,2,1789738963.368,1,0
1812.459,95.051,97.504,63.688,68.000,64.000,98.000,70.000,70.000,65.000,98.000,64.000,67.000,98.000,64.000,91.703,53.625,35.000,35.000,38.688,38.766,37.297,32.996,47.163,0.153,58.214,5614.210,5208.861,5616.000,5200.000,1.000,1.000,,,,2,1789738964.370,1,0
1813.469,94.953,97.406,63.625,70.000,67.000,68.000,93.000,65.000,68.000,90.000,63.000,64.000,93.000,66.000,91.938,53.562,35.000,35.000,38.691,38.770,37.297,32.996,47.229,0.149,58.014,5656.642,5170.928,5616.000,5200.000,1.000,1.000,,,,2,1789738965.382,1,0
1814.471,94.953,97.406,63.688,75.000,64.000,98.000,70.000,85.000,67.000,65.000,68.000,63.000,98.000,64.000,94.984,53.562,35.000,35.000,38.699,38.773,37.301,32.996,47.636,0.147,58.508,5613.947,5208.560,5616.000,5200.000,1.000,1.000,,,,2,1789738966.382,1,0
1815.474,94.895,97.227,63.688,67.000,64.000,92.000,70.000,70.000,66.000,99.000,65.000,68.000,99.000,64.000,93.000,53.625,35.000,35.000,38.703,38.781,37.305,32.996,47.138,0.145,58.231,5615.174,5206.149,5616.000,5200.000,1.000,1.000,,,,2,1789738967.384,1,0
1816.478,94.883,96.980,63.688,63.000,62.000,63.000,65.000,68.000,68.000,100.000,97.000,68.000,100.000,63.000,94.594,53.625,35.000,35.000,38.707,38.781,37.305,32.996,47.895,0.149,58.808,5635.214,5207.580,5616.000,5200.000,1.000,1.000,,,,2,1789738968.390,1,0
1817.481,94.750,96.848,63.812,66.000,65.000,92.000,69.000,66.000,66.000,65.000,95.000,62.000,95.000,65.000,90.578,53.625,35.000,35.000,38.707,38.789,37.309,32.996,47.250,0.147,58.582,5615.086,5208.107,5616.000,5200.000,1.000,1.000,,,,2,1789738969.392,1,0
1818.491,94.602,96.699,63.812,66.000,64.000,69.000,71.000,94.000,94.000,67.000,67.000,62.000,94.000,64.000,90.000,53.625,35.000,35.000,38.715,38.789,37.309,32.996,46.907,0.153,57.919,5592.667,5208.183,5616.000,5200.000,1.000,1.000,,,,2,1789738970.402,1,0
1819.498,94.656,96.754,63.750,74.000,80.000,100.000,71.000,69.000,65.000,64.000,62.000,62.000,100.000,69.000,96.234,53.562,35.000,35.000,38.719,38.797,37.312,32.996,47.788,0.151,57.808,5613.947,5208.107,5616.000,5200.000,1.000,1.000,,,,2,1789738971.409,1,0
1820.507,94.668,96.578,63.812,67.000,77.000,65.000,70.000,68.000,71.000,100.000,65.000,68.000,100.000,69.000,94.906,53.625,35.000,35.000,38.723,38.801,37.312,32.996,47.980,0.144,58.695,5614.298,5172.860,5616.000,5200.000,1.000,1.000,,,,2,1789738972.420,1,0
1821.510,94.625,96.535,63.938,66.000,63.000,68.000,89.000,98.000,70.000,70.000,67.000,62.000,98.000,63.000,93.312,53.562,35.000,35.000,38.727,38.805,37.312,32.996,47.639,0.145,58.532,5614.298,5208.409,5616.000,5200.000,1.000,1.000,,,,2,1789738973.422,1,0
1822.512,94.539,96.449,63.688,68.000,78.000,67.000,70.000,66.000,68.000,66.000,93.000,63.000,93.000,67.000,91.859,53.688,35.000,35.000,38.730,38.809,37.316,32.996,47.297,0.143,57.912,5613.248,5209.916,5616.000,5200.000,1.000,1.000,,,,2,1789738974.424,1,0
1823.519,94.555,96.465,63.750,64.000,62.000,64.000,68.000,67.000,95.000,66.000,100.000,63.000,100.000,63.000,95.125,53.625,35.000,35.000,38.734,38.812,37.320,32.996,47.165,0.147,57.819,5613.248,5208.333,5616.000,5200.000,1.000,1.000,,,,2,1789738975.431,1,0
1824.524,94.430,96.340,63.938,67.000,66.000,66.000,70.000,67.000,92.000,94.000,66.000,65.000,94.000,66.000,90.609,53.562,35.000,35.000,38.738,38.820,37.324,32.996,47.315,0.141,58.266,5592.841,5206.751,5616.000,5200.000,1.000,1.000,,,,2,1789738976.437,1,0
1825.528,94.379,96.289,63.750,67.000,77.000,68.000,70.000,93.000,67.000,69.000,65.000,62.000,93.000,67.000,92.859,53.625,35.000,35.000,38.746,38.820,37.324,32.996,47.195,0.155,58.371,5656.464,5207.354,5616.000,5200.000,1.000,1.000,,,,2,1789738977.440,1,0
1826.536,94.309,96.219,63.688,66.000,80.000,66.000,70.000,67.000,68.000,89.000,69.000,66.000,92.047,67.000,92.047,53.688,35.000,35.000,38.746,38.828,37.324,32.996,47.446,0.147,57.442,5613.248,5208.786,5616.000,5200.000,1.000,1.000,,,,2,1789738978.447,1,0
1827.541,94.238,96.148,63.875,67.000,66.000,65.000,91.000,67.000,65.000,100.000,64.000,67.000,100.000,66.000,92.047,53.688,35.000,35.000,38.750,38.832,37.328,32.996,47.282,0.154,58.484,5613.860,5208.107,5616.000,5200.000,1.000,1.000,,,,2,1789738979.453,1,0
1828.546,94.164,96.074,63.875,69.000,77.000,70.000,69.000,74.000,93.000,64.000,66.000,62.000,93.000,67.000,91.922,53.750,35.000,35.000,38.754,38.836,37.328,32.996,47.703,0.151,58.657,5614.385,5208.861,5616.000,5200.000,1.000,1.000,,,,2,1789738980.460,1,0
1829.553,94.195,96.105,63.875,94.000,65.000,72.000,70.000,66.000,67.000,65.000,96.000,62.000,96.000,65.000,95.141,53.500,35.000,35.000,38.758,38.840,37.332,32.996,48.412,0.150,59.167,5613.685,5209.012,5616.000,5200.000,1.000,1.000,,,,2,1789738981.466,1,0
1830.562,94.031,95.941,63.938,66.000,65.000,80.000,68.000,82.000,65.000,74.000,76.000,65.000,88.953,65.000,88.953,53.625,35.000,35.000,38.762,38.844,37.332,32.996,46.705,0.151,58.043,5613.510,5207.881,5616.000,5200.000,1.000,1.000,,,,2,1789738982.473,1,0
1831.571,93.941,95.852,63.812,67.000,63.000,93.000,68.000,69.000,67.000,66.000,94.000,63.000,94.000,63.000,91.109,53.625,35.000,35.000,38.766,38.848,37.336,32.996,46.807,0.146,56.753,5592.059,5208.937,5616.000,5200.000,1.000,1.000,,,,2,1789738983.483,1,0
1832.579,93.887,95.797,63.812,66.000,80.000,67.000,70.000,67.000,68.000,65.000,96.000,63.000,96.000,67.000,92.219,53.562,35.000,35.000,38.770,38.855,37.340,32.996,47.685,0.157,58.496,5613.160,5209.087,5616.000,5200.000,1.000,1.000,,,,2,1789738984.491,1,0
1833.582,93.902,95.812,63.875,67.000,65.000,66.000,91.000,67.000,67.000,100.000,65.000,67.000,100.000,64.000,94.391,53.500,35.000,35.000,38.773,38.855,37.340,32.996,47.649,0.149,58.250,5614.561,5208.032,5616.000,5200.000,1.000,1.000,,,,2,1789738985.494,1,0
1834.591,93.805,95.715,63.938,66.000,64.000,68.000,68.000,94.000,65.000,71.000,91.000,64.000,94.000,65.000,90.812,53.500,35.000,35.000,38.773,38.859,37.340,32.996,47.989,0.145,58.867,5613.510,5207.429,5616.000,5200.000,1.000,1.000,,,,2,1789738986.503,1,0
1835.591,93.750,95.660,63.875,68.000,83.000,72.000,70.000,95.000,67.000,68.000,67.000,63.000,95.000,68.000,92.016,53.625,35.000,35.000,38.777,38.867,37.344,32.996,47.445,0.146,58.527,5612.722,5209.012,5616.000,5200.000,1.000,1.000,,,,2,1789738987.504,1,0
1836.599,93.750,95.660,63.812,67.000,81.000,65.000,71.000,68.000,65.000,98.000,65.000,67.000,98.000,68.000,93.719,53.625,35.000,35.000,38.781,38.867,37.344,32.996,47.039,0.151,57.829,5614.473,5208.710,5616.000,5200.000,1.000,1.000,,,,2,1789738988.513,1,0
1837.601,93.664,95.574,63.938,66.000,64.000,67.000,69.000,75.000,78.000,92.000,68.000,66.000,92.000,64.000,91.000,53.625,35.000,35.000,38.785,38.871,37.348,32.996,47.020,0.141,58.183,5613.860,5207.279,5616.000,5200.000,1.000,1.000,,,,2,1789738989.514,1,0
1838.607,93.660,95.570,63.938,67.000,63.000,76.000,69.000,91.000,66.000,94.000,67.000,65.000,94.000,63.000,93.641,53.688,35.000,35.000,38.789,38.875,37.348,32.996,47.946,0.146,58.530,5613.248,5208.258,5616.000,5200.000,1.000,1.000,,,,2,1789738990.519,1,0
1839.608,93.582,95.492,63.938,67.000,65.000,94.000,70.000,66.000,93.000,63.000,67.000,62.000,94.000,65.000,91.141,53.688,35.000,35.000,38.793,38.879,37.352,32.996,47.679,0.149,59.095,5612.722,5207.731,5616.000,5200.000,1.000,1.000,,,,2,1789738991.521,1,0
1840.611,93.539,95.449,63.875,86.000,63.000,66.000,67.000,67.000,67.000,71.000,93.000,66.000,93.000,64.000,92.141,53.438,35.000,35.000,38.797,38.883,37.352,32.996,48.109,0.150,59.014,5614.473,5209.389,5616.000,5200.000,1.000,1.000,,,,2,1789738992.525,1,0
1841.613,93.465,95.301,63.938,66.000,66.000,68.000,66.000,69.000,74.000,69.000,93.000,64.000,93.000,64.000,91.188,53.688,35.000,35.000,38.801,38.887,37.352,32.996,47.247,0.144,57.954,5614.736,5172.562,5616.000,5200.000,1.000,1.000,,,,2,1789738993.524,1,0
1842.622,93.355,95.191,63.938,67.000,65.000,68.000,90.000,65.000,91.000,63.000,66.000,61.000,91.000,64.000,90.031,53.625,35.000,35.000,38.805,38.891,37.355,32.996,47.460,0.145,58.711,5613.248,5169.888,5616.000,5200.000,1.000,1.000,,,,2,1789738994.534,1,0
1843.628,93.207,95.043,63.812,67.000,64.000,66.000,86.000,66.000,65.000,66.000,89.000,64.000,89.000,64.000,88.516,53.688,35.000,35.000,38.809,38.895,37.359,32.996,47.376,0.146,58.282,5656.464,5208.786,5616.000,5200.000,1.000,1.000,,,,2,1789738995.541,1,0
1844.634,93.340,95.176,63.938,66.000,64.000,69.000,70.000,95.000,70.000,69.000,91.000,63.000,97.500,64.000,97.500,53.625,35.000,35.000,38.812,38.898,37.359,32.996,48.931,0.115,59.325,5613.598,5207.881,5616.000,5200.000,1.000,1.000,,,,2,1789738996.547,1,0
1845.639,93.441,95.277,63.938,70.000,65.000,97.000,95.000,67.000,70.000,64.000,68.000,63.000,97.000,65.000,96.547,53.688,35.000,35.000,38.816,38.898,37.359,32.996,47.435,0.095,58.598,5613.860,5207.881,5616.000,5200.000,1.000,1.000,,,,2,1789738997.552,1,0
1846.641,93.504,95.340,63.812,68.000,64.000,97.000,70.000,68.000,93.000,65.000,66.000,62.000,97.000,64.000,95.203,53.750,35.000,35.000,38.816,38.902,37.363,32.996,48.235,0.114,58.997,5614.035,5207.505,5616.000,5200.000,1.000,1.000,,,,2,1789738998.553,1,0
1847.643,93.523,95.359,63.938,72.000,88.000,67.000,95.000,63.000,68.000,62.000,63.000,61.000,95.000,71.000,94.125,53.750,35.000,35.000,38.820,38.906,37.363,32.996,47.499,0.094,57.968,5614.210,5209.238,5616.000,5200.000,1.000,1.000,,,,2,1789738999.554,1,0
1848.643,93.586,95.422,63.812,74.000,66.000,88.000,72.000,70.000,67.000,90.000,65.000,65.000,95.438,66.000,95.438,53.812,35.000,35.000,38.824,38.906,37.363,32.996,48.452,0.103,58.865,5613.947,5209.313,5616.000,5200.000,1.000,1.000,,,,2,1789739000.555,1,0
1849.653,93.656,95.492,63.875,70.000,84.000,94.000,75.000,74.000,70.000,67.000,65.000,62.000,95.734,69.000,95.734,53.812,35.000,35.000,38.828,38.910,37.367,32.996,48.240,0.107,58.394,5613.335,5209.992,5616.000,5200.000,1.000,1.000,,,,2,1789739001.566,1,0
1850.663,93.734,95.570,63.625,66.000,64.000,67.000,70.000,97.000,69.000,72.000,91.000,65.000,97.000,64.000,95.594,53.812,35.000,35.000,38.832,38.910,37.367,32.996,45.471,0.105,56.149,5613.072,5171.968,5616.000,5200.000,1.000,1.000,,,,2,1789739002.574,1,0
1851.666,94.266,96.398,63.875,93.000,64.000,69.000,68.000,73.000,65.000,100.000,65.000,68.000,100.000,64.000,99.078,53.750,35.000,35.000,38.836,38.914,37.367,32.996,48.016,0.097,59.173,5612.722,5208.107,5616.000,5200.000,1.000,1.000,,,,2,1789739003.577,1,0
1852.672,95.691,98.039,63.750,69.000,64.000,100.000,69.000,72.000,65.000,100.000,65.000,68.000,100.000,64.000,99.969,53.750,35.000,35.000,38.836,38.914,37.371,32.996,46.196,0.118,56.968,5612.897,5207.881,5616.000,5200.000,1.000,1.000,,,,2,1789739004.584,1,0
1853.679,96.766,99.199,63.875,65.000,63.000,66.000,69.000,68.000,89.000,100.000,67.000,68.000,100.000,64.000,100.000,53.812,35.000,35.000,38.840,38.914,37.371,32.996,45.784,0.111,56.271,5611.935,5207.203,5616.000,5200.000,1.000,1.000,,,,2,1789739005.591,1,0
1854.684,96.941,99.238,63.875,94.000,67.000,68.000,70.000,92.000,66.000,66.000,69.000,63.000,98.000,67.000,98.000,53.750,35.000,35.000,38.844,38.914,37.371,32.996,48.796,0.098,59.012,5613.598,5209.614,5616.000,5200.000,1.000,1.000,,,,2,1789739006.595,1,0
1855.691,96.855,98.922,63.875,93.000,65.000,69.000,70.000,74.000,66.000,96.000,65.000,66.000,96.000,66.000,94.219,53.812,35.000,35.000,38.848,38.918,37.375,32.996,48.584,0.111,59.267,5613.335,5209.690,5616.000,5200.000,1.000,1.000,,,,2,1789739007.603,1,0
1856.694,97.051,99.188,63.812,71.000,67.000,100.000,88.000,69.000,67.000,63.000,61.000,61.000,100.000,66.000,99.797,53.625,35.000,35.000,38.848,38.918,37.371,31.996,46.439,0.112,57.437,5614.298,5208.861,5616.000,5200.000,1.000,1.000,,,,2,1789739008.606,1,0
1857.704,97.020,98.941,63.812,99.000,67.000,98.000,75.000,66.000,69.000,63.000,65.000,62.000,99.000,67.000,96.109,53.688,35.000,35.000,38.852,38.918,37.371,32.996,47.732,0.096,57.543,5614.210,5206.525,5616.000,5200.000,1.000,1.000,,,,2,1789739009.616,1,0
1858.714,97.137,99.059,64.000,66.000,82.000,66.000,68.000,67.000,68.000,72.000,98.000,66.000,99.062,68.000,99.062,53.688,35.000,35.000,38.855,38.922,37.371,32.996,47.355,0.109,58.262,5614.123,5209.389,5616.000,5200.000,1.000,1.000,,,,2,1789739010.626,1,0
1859.720,97.301,99.277,63.812,66.000,64.000,66.000,67.000,95.000,72.000,68.000,100.000,63.000,100.000,64.000,99.766,53.750,35.000,35.000,38.855,38.922,37.375,32.996,48.968,0.097,59.244,5613.947,5209.238,5616.000,5200.000,1.000,1.000,,,,2,1789739011.633,1,0
1860.729,97.273,99.250,63.812,69.000,82.000,74.000,70.000,69.000,66.000,66.000,90.000,63.000,96.438,69.000,96.438,53.812,35.000,35.000,38.859,38.926,37.375,32.996,47.692,0.095,58.507,5614.210,5208.032,5616.000,5200.000,1.000,1.000,,,,2,1789739012.641,1,0
1861.735,97.230,99.207,63.875,70.000,67.000,74.000,72.000,98.000,68.000,93.000,64.000,65.000,98.000,66.000,95.922,53.812,35.000,35.000,38.863,38.926,37.379,32.996,48.331,0.086,58.564,5613.510,5208.409,5616.000,5200.000,1.000,1.000,,,,2,1789739013.647,1,0
1862.745,97.320,99.297,63.812,89.000,64.000,70.000,68.000,100.000,66.000,76.000,65.000,66.000,100.000,64.000,99.719,53.938,35.000,35.000,38.863,38.926,37.383,32.996,47.204,0.099,58.049,5612.722,5209.087,5616.000,5200.000,1.000,1.000,,,,2,1789739014.656,1,0
1863.754,97.363,99.340,63.750,70.000,67.000,93.000,73.000,73.000,68.000,88.000,65.000,65.000,98.641,66.000,98.641,53.750,35.000,35.000,38.867,38.926,37.383,32.996,45.501,0.111,57.732,5591.191,5173.603,5616.000,5200.000,1.000,1.000,,,,2,1789739015.664,1,0
1864.758,97.406,99.383,63.750,70.000,65.000,75.000,69.000,68.000,67.000,85.000,90.000,65.000,98.812,65.000,98.812,53.812,35.000,35.000,38.867,38.926,37.379,32.996,47.734,0.095,58.085,5614.385,5207.731,5616.000,5200.000,1.000,1.000,,,,2,1789739016.667,1,0
1865.759,97.391,99.367,63.750,77.000,83.000,71.000,73.000,87.000,64.000,65.000,63.000,61.000,96.906,71.000,96.906,53.812,35.000,35.000,38.871,38.926,37.383,32.996,46.769,0.094,57.532,5612.985,5209.540,5616.000,5200.000,1.000,1.000,,,,2,1789739017.668,1,0
1866.763,97.422,99.398,63.750,87.000,65.000,68.000,67.000,67.000,69.000,71.000,95.000,66.000,98.484,64.000,98.484,53.688,35.000,35.000,38.875,38.926,37.383,32.996,49.694,0.091,60.191,5613.335,5207.505,5616.000,5200.000,1.000,1.000,,,,2,1789739018.674,1,0
1867.768,97.438,99.414,63.812,71.000,65.000,72.000,86.000,66.000,90.000,63.000,68.000,62.000,97.859,64.000,97.859,53.750,35.000,35.000,38.875,38.930,37.387,32.996,45.906,0.100,56.848,5613.510,5208.484,5616.000,5200.000,1.000,1.000,,,,2,1789739019.677,1,0
1868.775,97.508,99.484,63.750,65.000,64.000,66.000,69.000,68.000,95.000,65.000,100.000,63.000,100.000,64.000,98.234,53.812,35.000,35.000,38.879,38.930,37.387,32.996,47.501,0.100,57.870,5612.547,5208.710,5616.000,5200.000,1.000,1.000,,,,2,1789739020.687,1,0
1869.784,97.531,99.590,63.875,90.000,65.000,72.000,85.000,67.000,66.000,69.000,63.000,64.000,100.000,65.000,91.016,53.750,35.000,35.000,38.883,38.930,37.391,32.996,49.524,0.136,60.055,5613.160,5207.354,5616.000,5200.000,1.000,1.000,,,,2,1789739021.693,1,0
1870.785,97.324,99.383,63.875,66.000,62.000,75.000,68.000,100.000,66.000,70.000,89.000,62.000,100.000,64.000,99.547,53.688,35.000,35.000,38.887,38.930,37.391,32.996,46.229,0.108,57.102,5613.947,5209.389,5616.000,5200.000,1.000,1.000,,,,2,1789739022.696,1,0
1871.791,97.184,99.242,63.812,78.000,68.000,74.000,80.000,68.000,71.000,74.000,83.000,61.000,90.578,67.000,90.578,53.750,35.000,35.000,38.887,38.930,37.395,32.996,47.307,0.137,57.786,5613.248,5208.786,5616.000,5200.000,1.000,1.000,,,,2,1789739023.706,1,0
1872.794,97.203,99.262,63.875,87.000,67.000,78.000,70.000,65.000,95.000,63.000,65.000,62.000,97.844,67.000,97.844,53.812,35.000,35.000,38.891,38.930,37.395,32.996,47.732,0.108,58.770,5613.947,5207.354,5616.000,5200.000,1.000,1.000,,,,2,1789739024.706,1,0
1873.796,97.242,99.301,63.812,100.000,86.000,72.000,73.000,63.000,64.000,63.000,62.000,62.000,100.000,73.000,98.469,53.875,35.000,35.000,38.895,38.930,37.395,32.996,48.903,0.098,58.996,5614.123,5208.861,5616.000,5200.000,1.000,1.000,,,,2,1789739025.709,1,0
1874.806,97.133,99.191,63.812,69.000,82.000,69.000,70.000,66.000,64.000,92.000,65.000,65.000,93.734,69.000,93.734,53.750,35.000,35.000,38.895,38.934,37.398,32.996,45.072,0.103,55.882,5613.422,5172.414,5616.000,5200.000,1.000,1.000,,,,2,1789739026.719,1,0
1875.808,97.121,99.180,63.812,73.000,68.000,100.000,72.000,94.000,66.000,65.000,62.000,61.000,100.000,69.000,96.781,53.750,35.000,35.000,38.895,38.934,37.398,32.996,48.860,0.085,59.376,5613.598,5210.067,5616.000,5200.000,1.000,1.000,,,,2,1789739027.720,1,0
1876.816,97.180,99.238,63.875,69.000,65.000,67.000,87.000,68.000,65.000,100.000,64.000,68.000,100.000,66.000,98.938,53.812,35.000,35.000,38.898,38.934,37.395,31.996,47.895,0.111,58.963,5614.911,5208.786,5616.000,5200.000,1.000,1.000,,,,2,1789739028.729,1,0
1877.826,97.230,99.289,63.938,67.000,66.000,66.000,95.000,68.000,67.000,99.000,65.000,67.000,99.000,65.000,98.719,53.750,35.000,35.000,38.902,38.938,37.391,31.996,49.260,0.107,59.763,5613.510,5189.713,5616.000,5200.000,1.000,1.000,,,,2,1789739029.738,1,0
1878.836,97.277,99.336,63.875,64.000,63.000,66.000,69.000,67.000,95.000,65.000,100.000,63.000,100.000,63.000,98.391,53.812,35.000,35.000,38.902,38.934,37.387,31.996,48.114,0.113,59.223,5612.985,5208.635,5616.000,5200.000,1.000,1.000,,,,2,1789739030.749,1,0
1879.841,97.316,99.254,63.812,67.000,66.000,69.000,93.000,100.000,68.000,70.000,65.000,63.000,100.000,66.000,98.188,53.875,35.000,35.000,38.906,38.938,37.383,31.996,48.650,0.090,59.024,5592.407,5209.163,5616.000,5200.000,1.000,1.000,,,,2,1789739031.753,1,0
1880.851,97.336,99.273,63.875,67.000,65.000,69.000,93.000,99.000,69.000,70.000,65.000,63.000,99.000,64.000,97.859,53.875,35.000,35.000,38.910,38.938,37.375,31.996,47.639,0.115,58.033,5614.561,5209.238,5616.000,5200.000,1.000,1.000,,,,2,1789739032.763,1,0
1881.858,97.359,99.297,63.875,97.000,65.000,73.000,71.000,67.000,96.000,63.000,67.000,62.000,98.141,66.000,98.141,54.000,35.000,35.000,38.910,38.938,37.371,31.996,47.688,0.091,58.371,5614.035,5208.183,5616.000,5200.000,1.000,1.000,,,,2,1789739033.771,1,0
1882.858,97.359,99.297,63.812,93.000,65.000,67.000,70.000,67.000,66.000,97.000,66.000,67.000,97.375,65.000,97.375,54.000,35.000,35.000,38.914,38.938,37.367,31.996,45.314,0.100,56.578,5657.264,5208.861,5616.000,5200.000,1.000,1.000,,,,2,1789739034.771,1,0
1883.866,97.434,99.371,63.750,74.000,65.000,92.000,69.000,68.000,63.000,100.000,64.000,68.000,100.000,66.000,99.797,53.812,35.000,35.000,38.914,38.941,37.371,32.996,47.439,0.104,57.274,5635.832,5208.635,5616.000,5200.000,1.000,1.000,,,,2,1789739035.778,1,0
1884.873,97.426,99.363,63.750,71.000,85.000,68.000,71.000,65.000,96.000,63.000,65.000,62.000,97.141,71.000,97.141,53.812,35.000,35.000,38.918,38.941,37.363,31.996,47.048,0.102,57.491,5614.035,5206.676,5616.000,5200.000,1.000,1.000,,,,2,1789739036.786,1,0
1885.879,97.461,99.398,63.750,68.000,85.000,69.000,89.000,65.000,80.000,62.000,68.000,61.000,98.625,69.000,98.625,53.875,35.000,35.000,38.918,38.941,37.359,31.996,49.012,0.088,59.493,5613.598,5206.751,5616.000,5200.000,1.000,1.000,,,,2,1789739037.791,1,0
1886.883,97.367,99.305,64.000,70.000,68.000,67.000,92.000,65.000,70.000,64.000,87.000,62.000,94.453,67.000,94.453,53.812,35.000,35.000,38.922,38.941,37.355,31.996,47.979,0.088,59.116,5635.125,5206.149,5616.000,5200.000,1.000,1.000,,,,2,1789739038.795,1,0
1887.891,97.367,99.387,63.812,96.000,65.000,74.000,70.000,68.000,67.000,94.000,65.000,65.000,97.281,66.000,97.281,53.938,35.000,35.000,38.922,38.941,37.352,31.996,47.558,0.107,58.739,5615.086,5171.968,5616.000,5200.000,1.000,1.000,,,,2,1789739039.803,1,0
1888.898,97.430,99.449,63.938,96.000,65.000,74.000,70.000,66.000,68.000,65.000,98.000,63.000,99.422,65.000,99.422,53.875,35.000,35.000,38.926,38.941,37.348,31.996,46.510,0.109,57.166,5613.598,5207.128,5616.000,5200.000,1.000,1.000,,,,2,1789739040.809,1,0
1889.908,97.414,99.434,63.750,71.000,65.000,68.000,86.000,68.000,66.000,99.000,64.000,67.000,99.000,66.000,96.969,53.812,35.000,35.000,38.926,38.941,37.340,31.996,47.511,0.106,57.694,5614.123,5171.225,5616.000,5200.000,1.000,1.000,,,,2,1789739041.819,1,0
1890.912,97.473,99.492,63.750,69.000,84.000,66.000,71.000,66.000,69.000,66.000,99.000,63.000,99.297,70.000,99.297,53.938,35.000,35.000,38.930,38.941,37.340,31.996,47.471,0.105,57.517,5614.736,5205.472,5616.000,5200.000,1.000,1.000,,,,2,1789739042.824,1,0
1891.914,97.492,99.512,63.812,70.000,65.000,73.000,90.000,66.000,85.000,62.000,63.000,60.000,98.094,64.000,98.094,53.938,35.000,35.000,38.930,38.945,37.332,31.996,47.331,0.122,58.528,5615.086,5207.806,5616.000,5200.000,1.000,1.000,,,,2,1789739043.826,1,0
1892.920,97.562,99.582,63.688,65.000,81.000,64.000,68.000,66.000,73.000,65.000,100.000,63.000,100.000,67.000,99.734,53.938,35.000,35.000,38.934,38.945,37.328,31.996,46.612,0.100,57.788,5615.261,5171.819,5616.000,5200.000,1.000,1.000,,,,2,1789739044.831,1,0
1893.929,97.605,99.625,63.875,81.000,69.000,65.000,70.000,66.000,96.000,64.000,73.000,63.000,98.953,66.000,98.953,53.938,35.000,35.000,38.934,38.945,37.328,31.996,46.689,0.095,57.333,5614.385,5208.786,5616.000,5200.000,1.000,1.000,,,,2,1789739045.840,1,0
1894.939,97.637,99.656,63.875,63.000,62.000,66.000,66.000,96.000,68.000,100.000,67.000,68.000,100.000,62.000,98.641,53.750,35.000,35.000,38.938,38.945,37.320,31.996,47.893,0.107,58.095,5614.298,5189.488,5616.000,5200.000,1.000,1.000,,,,2,1789739046.850,1,0
1895.941,97.684,99.703,63.688,67.000,82.000,70.000,70.000,70.000,64.000,100.000,64.000,68.000,100.000,68.000,98.969,53.875,35.000,35.000,38.941,38.945,37.316,31.996,46.934,0.109,57.136,5614.210,5172.488,5616.000,5200.000,1.000,1.000,,,,2,1789739047.852,1,0
1896.942,97.699,99.719,63.750,95.000,86.000,78.000,73.000,66.000,64.000,62.000,61.000,61.000,98.219,71.000,98.219,53.875,35.000,35.000,38.941,38.949,37.312,31.996,47.704,0.118,58.875,5613.160,5207.505,5616.000,5200.000,1.000,1.000,,,,2,1789739048.853,1,0
1897.949,97.688,99.738,63.688,67.000,67.000,66.000,94.000,65.000,70.000,65.000,96.000,63.000,97.312,66.000,97.312,53.750,35.000,35.000,38.941,38.949,37.312,31.996,47.806,0.107,57.195,5612.985,5171.968,5616.000,5200.000,1.000,1.000,,,,2,1789739049.862,1,0
1898.950,97.738,99.789,63.750,69.000,63.000,100.000,69.000,71.000,65.000,99.000,64.000,67.000,100.000,63.000,99.375,53.938,35.000,35.000,38.945,38.953,37.309,31.996,49.281,0.096,60.544,5614.035,5209.012,5616.000,5200.000,1.000,1.000,,,,2,1789739050.862,1,0
1899.958,97.641,99.691,63.625,68.000,64.000,67.000,83.000,69.000,67.000,65.000,85.000,64.000,94.594,64.000,94.594,53.875,35.000,35.000,38.949,38.949,37.305,31.996,47.924,0.111,58.296,5612.897,5172.414,5616.000,5200.000,1.000,1.000,,,,2,1789739051.870,1,0
1900.958,97.660,99.711,63.875,94.000,64.000,69.000,67.000,100.000,66.000,70.000,68.000,63.000,100.000,65.000,98.312,53.812,35.000,35.000,38.949,38.949,37.301,31.996,47.553,0.091,58.212,5613.947,5206.375,5616.000,5200.000,1.000,1.000,,,,2,1789739052.870,1,0
1901.960,97.609,99.660,64.000,71.000,65.000,70.000,69.000,70.000,67.000,85.000,93.000,63.000,95.938,64.000,95.938,53.938,35.000,35.000,38.953,38.949,37.297,31.996,48.575,0.097,59.745,5612.547,5171.522,5616.000,5200.000,1.000,1.000,,,,2,1789739053.872,1,0
1902.966,97.621,99.672,63.812,65.000,63.000,73.000,67.000,94.000,91.000,71.000,71.000,64.000,98.078,64.000,98.078,53.875,35.000,35.000,38.953,38.949,37.293,31.996,47.466,0.108,57.675,5613.772,5172.339,5616.000,5200.000,1.000,1.000,,,,2,1789739054.878,1,0
1903.971,97.656,99.707,63.875,66.000,63.000,65.000,89.000,67.000,68.000,71.000,100.000,66.000,100.000,64.000,98.641,53.875,35.000,35.000,38.957,38.949,37.289,31.996,47.572,0.104,58.807,5612.459,5208.937,5616.000,5200.000,1.000,1.000,,,,2,1789739055.882,1,0
1904.972,97.664,99.715,63.812,67.000,66.000,66.000,94.000,68.000,67.000,100.000,65.000,68.000,100.000,64.000,97.906,53.875,35.000,35.000,38.957,38.953,37.289,31.996,47.389,0.098,57.673,5614.911,5209.087,5616.000,5200.000,1.000,1.000,,,,2,1789739056.884,1,0
1905.979,97.680,99.730,63.750,72.000,86.000,72.000,96.000,67.000,68.000,77.000,63.000,64.000,98.266,71.000,98.266,54.000,35.000,35.000,38.961,38.953,37.285,31.996,46.887,0.114,57.396,5592.841,5207.881,5616.000,5200.000,1.000,1.000,,,,2,1789739057.890,1,0
1906.979,97.746,99.797,63.875,64.000,62.000,69.000,68.000,100.000,93.000,70.000,68.000,63.000,100.000,63.000,99.750,53.938,35.000,35.000,38.961,38.953,37.281,31.996,48.058,0.094,59.289,5613.510,5207.806,5616.000,5200.000,1.000,1.000,,,,2,1789739058.889,1,0
1907.987,97.781,99.828,63.812,67.000,66.000,66.000,95.000,65.000,70.000,66.000,100.000,63.000,100.000,65.000,98.859,53.875,35.000,35.000,38.965,38.953,37.281,31.996,47.812,0.102,57.682,5614.385,5207.957,5616.000,5200.000,1.000,1.000,,,,2,1789739059.897,1,0
1908.995,97.797,99.844,63.875,72.000,89.000,68.000,99.000,63.000,69.000,63.000,62.000,62.000,99.000,72.000,98.344,53.875,35.000,35.000,38.965,38.953,37.273,31.996,48.604,0.098,59.354,5658.687,5208.710,5616.000,5200.000,1.000,1.000,,,,2,1789739060.907,1,0
1909.999,97.859,99.906,63.812,62.000,62.000,63.000,64.000,68.000,67.000,100.000,95.000,69.000,100.000,62.000,99.750,53.812,35.000,35.000,38.969,38.953,37.273,31.996,47.666,0.095,58.220,5612.722,5172.488,5616.000,5200.000,1.000,1.000,,,,2,1789739061.913,1,0
1911.006,97.926,99.973,63.875,100.000,66.000,98.000,70.000,68.000,64.000,62.000,60.000,61.000,100.000,66.000,99.891,53.875,35.000,35.000,38.969,38.957,37.270,31.996,45.904,0.107,56.855,5613.510,5173.603,5616.000,5200.000,1.000,1.000,,,,2,1789739062.918,1,0
1912.012,97.965,100.012,63.812,71.000,82.000,96.000,71.000,68.000,65.000,62.000,60.000,61.000,99.281,70.000,99.281,53.812,35.000,35.000,38.973,38.957,37.270,31.996,44.247,0.126,54.463,5613.248,5207.881,5616.000,5200.000,1.000,1.000,,,,2,1789739063.923,1,0
1913.014,97.352,99.398,63.500,66.000,84.000,63.000,69.000,62.000,90.000,61.000,64.000,60.000,90.000,68.000,78.234,54.000,35.000,35.000,38.973,38.957,37.266,31.996,28.220,0.100,40.278,5613.160,5209.087,5616.000,5200.000,1.000,1.000,,,,2,1789739064.925,1,0
1914.024,97.355,99.402,63.438,91.000,64.000,66.000,67.000,68.000,66.000,100.000,67.000,69.000,100.000,64.000,97.594,53.688,35.000,35.000,38.977,38.957,37.262,31.996,48.947,0.095,57.980,5613.510,5172.786,5616.000,5200.000,1.000,1.000,,,,2,1789739065.935,1,0
1915.034,97.367,99.414,63.500,69.000,65.000,69.000,69.000,95.000,97.000,65.000,68.000,62.000,97.734,65.000,97.734,53.562,35.000,35.000,38.977,38.961,37.262,31.996,49.450,0.089,59.671,5657.442,5209.464,5616.000,5200.000,1.000,1.000,,,,2,1789739066.946,1,0
1916.042,97.410,99.457,63.625,93.000,66.000,67.000,69.000,68.000,64.000,100.000,64.000,68.000,100.000,67.000,98.734,53.625,35.000,35.000,38.977,38.961,37.262,31.996,49.236,0.101,59.817,5613.335,5209.464,5616.000,5200.000,1.000,1.000,,,,2,1789739067.953,1,0
1917.044,97.492,99.539,63.562,65.000,65.000,66.000,93.000,68.000,67.000,100.000,64.000,68.000,100.000,63.000,99.984,53.688,35.000,35.000,38.980,38.961,37.258,31.996,47.182,0.111,58.109,5612.635,5209.540,5616.000,5200.000,1.000,1.000,,,,2,1789739068.956,1,0
1918.050,97.391,99.438,63.562,68.000,66.000,66.000,94.000,65.000,69.000,64.000,95.000,62.000,95.000,66.000,94.219,53.562,35.000,35.000,38.980,38.961,37.254,31.996,47.137,0.110,57.435,5591.625,5170.928,5616.000,5200.000,1.000,1.000,,,,2,1789739069.962,1,0
1919.053,97.434,99.480,63.562,65.000,62.000,69.000,73.000,96.000,99.000,68.000,69.000,63.000,99.000,63.000,98.812,53.688,35.000,35.000,38.984,38.961,37.254,31.996,49.283,0.090,59.802,5614.123,5210.067,5616.000,5200.000,1.000,1.000,,,,2,1789739070.965,1,0
1920.062,96.938,98.984,63.625,76.000,60.000,66.000,64.000,63.000,76.000,60.000,61.000,60.000,81.547,60.000,81.547,53.875,35.000,35.000,38.984,38.965,37.254,31.996,36.042,0.101,49.041,5613.598,5170.854,5616.000,5200.000,1.000,1.000,,,,2,1789739071.974,1,0
1921.067,96.957,99.004,63.375,66.000,62.000,99.000,69.000,70.000,97.000,66.000,68.000,62.000,99.000,63.000,97.500,53.688,35.000,35.000,38.988,38.965,37.250,31.996,47.130,0.091,55.467,5613.160,5209.163,5616.000,5200.000,1.000,1.000,,,,2,1789739072.979,1,0
1922.070,97.043,99.090,63.438,66.000,63.000,74.000,67.000,100.000,65.000,93.000,64.000,65.000,100.000,63.000,99.703,53.750,35.000,35.000,38.988,38.965,37.250,31.996,46.375,0.120,57.735,5614.035,5208.937,5616.000,5200.000,1.000,1.000,,,,2,1789739073.982,1,0
1923.079,96.980,99.027,63.438,69.000,64.000,70.000,69.000,98.000,66.000,98.000,66.000,67.000,98.000,64.000,95.125,53.625,35.000,35.000,38.988,38.961,37.246,31.996,47.069,0.124,57.272,5614.385,5171.596,5616.000,5200.000,1.000,1.000,,,,2,1789739074.990,1,0
1924.088,97.074,99.121,63.375,66.000,86.000,63.000,69.000,68.000,63.000,100.000,64.000,68.000,100.000,69.000,99.906,53.750,35.000,35.000,38.992,38.965,37.242,31.996,45.077,0.125,55.663,5614.473,5171.596,5616.000,5200.000,1.000,1.000,,,,2,1789739075.999,1,0
1925.092,97.094,99.141,63.438,66.000,64.000,74.000,68.000,100.000,89.000,74.000,67.000,66.000,100.000,64.000,97.609,53.500,35.000,35.000,38.992,38.965,37.242,31.996,47.530,0.096,57.782,5613.772,5208.409,5616.000,5200.000,1.000,1.000,,,,2,1789739077.004,1,0
1926.101,97.039,99.086,63.500,78.000,67.000,74.000,70.000,65.000,76.000,73.000,66.000,62.000,95.391,66.000,95.391,53.500,35.000,35.000,38.992,38.965,37.238,31.996,48.937,0.087,58.939,5614.035,5209.992,5616.000,5200.000,1.000,1.000,,,,2,1789739078.012,1,0
1927.108,96.430,98.477,63.375,64.000,61.000,65.000,67.000,61.000,62.000,73.000,77.000,60.000,77.547,62.000,77.547,53.562,35.000,35.000,38.996,38.961,37.238,31.996,28.135,0.115,40.314,5614.123,5191.584,5616.000,5200.000,1.000,1.000,,,,2,1789739079.020,1,0
1928.118,96.516,98.562,63.188,87.000,62.000,65.000,67.000,69.000,66.000,100.000,66.000,68.000,100.000,63.000,99.203,53.500,35.000,35.000,38.996,38.961,37.238,32.996,46.085,0.124,55.461,5613.072,5206.676,5616.000,5200.000,1.000,1.000,,,,2,1789739080.031,1,0
1929.121,96.625,98.672,63.188,67.000,63.000,66.000,65.000,68.000,64.000,100.000,90.000,68.000,100.000,63.000,99.969,53.375,35.000,35.000,38.996,38.961,37.238,31.996,46.774,0.110,56.960,5613.860,5173.083,5616.000,5200.000,1.000,1.000,,,,2,1789739081.034,1,0
1930.129,96.543,98.590,63.312,67.000,63.000,98.000,89.000,70.000,68.000,66.000,69.000,62.000,98.000,63.000,94.031,53.375,35.000,35.000,38.996,38.961,37.234,31.996,46.412,0.099,56.519,5612.722,5209.614,5616.000,5200.000,1.000,1.000,,,,2,1789739082.041,1,0
1931.135,96.660,98.707,63.125,99.000,66.000,98.000,71.000,68.000,65.000,61.000,61.000,61.000,99.625,66.000,99.625,53.500,35.000,35.000,38.996,38.961,37.230,31.996,48.204,0.099,59.026,5613.947,5208.635,5616.000,5200.000,1.000,1.000,,,,2,1789739083.047,1,0
1932.137,96.660,98.504,63.250,100.000,88.000,70.000,72.000,62.000,62.000,63.000,61.000,61.000,100.000,73.000,96.703,53.438,35.000,35.000,39.000,38.957,37.230,31.996,47.133,0.094,57.535,5613.860,5173.306,5616.000,5200.000,1.000,1.000,,,,2,1789739084.049,1,0
1933.142,96.766,98.559,63.375,66.000,63.000,73.000,67.000,100.000,67.000,70.000,91.000,62.000,100.000,63.000,98.078,53.438,35.000,35.000,39.000,38.961,37.227,31.996,47.132,0.121,57.706,5615.437,5207.655,5616.000,5200.000,1.000,1.000,,,,2,1789739085.054,1,0
1934.147,96.941,98.781,63.312,66.000,62.000,71.000,68.000,67.000,96.000,94.000,67.000,64.000,99.234,63.000,99.234,53.562,35.000,35.000,39.000,38.957,37.230,32.996,47.054,0.100,58.012,5614.473,5208.937,5616.000,5200.000,1.000,1.000,,,,2,1789739086.059,1,0
1935.157,96.945,98.613,63.312,100.000,66.000,70.000,69.000,65.000,68.000,65.000,98.000,63.000,100.000,66.000,97.031,53.438,35.000,35.000,39.000,38.957,37.230,31.996,49.028,0.087,59.922,5614.385,5208.333,5616.000,5200.000,1.000,1.000,,,,2,1789739087.069,1,0
1936.158,97.098,98.797,63.312,68.000,63.000,100.000,69.000,68.000,68.000,65.000,98.000,62.000,100.000,63.000,99.109,53.562,35.000,35.000,39.000,38.957,37.227,31.996,49.165,0.089,60.055,5658.064,5209.163,5616.000,5200.000,1.000,1.000,,,,2,1789739088.069,1,0
1937.168,96.633,98.332,63.312,64.000,61.000,83.000,64.000,78.000,60.000,62.000,58.000,59.000,83.000,62.000,82.328,53.562,35.000,35.000,39.004,38.953,37.223,31.996,29.128,0.099,40.406,5614.123,5208.333,5616.000,5200.000,1.000,1.000,,,,2,1789739089.080,1,0
1938.170,96.691,98.391,63.062,72.000,63.000,89.000,91.000,71.000,71.000,67.000,66.000,62.000,98.469,63.000,98.469,53.375,35.000,35.000,39.004,38.953,37.223,31.996,47.540,0.095,57.700,5614.298,5209.841,5616.000,5200.000,1.000,1.000,,,,2,1789739090.082,1,0
1939.179,96.727,98.426,63.188,72.000,89.000,68.000,93.000,62.000,65.000,61.000,60.000,60.000,97.812,73.000,97.812,53.438,35.000,35.000,39.004,38.949,37.219,31.996,47.442,0.109,58.028,5613.685,5208.937,5616.000,5200.000,1.000,1.000,,,,2,1789739091.092,1,0
1940.186,96.812,98.512,63.312,63.000,62.000,66.000,88.000,66.000,74.000,66.000,100.000,62.000,100.000,62.000,99.469,53.438,35.000,35.000,39.004,38.945,37.211,31.996,47.354,0.101,57.675,5616.049,5208.484,5616.000,5200.000,1.000,1.000,,,,2,1789739092.098,1,0
1941.192,96.902,98.602,63.125,65.000,63.000,66.000,69.000,95.000,65.000,100.000,65.000,67.000,100.000,64.000,99.266,53.375,35.000,35.000,39.000,38.938,37.211,31.996,48.605,0.095,58.332,5614.035,5171.522,5616.000,5200.000,1.000,1.000,,,,2,1789739093.103,1,0
1942.202,96.883,98.582,63.250,67.000,81.000,68.000,70.000,97.000,67.000,70.000,64.000,63.000,97.000,67.000,96.344,53.438,35.000,35.000,39.004,38.938,37.207,31.996,45.299,0.127,55.743,5614.473,5209.389,5616.000,5200.000,1.000,1.000,,,,2,1789739094.113,1,0
1943.212,96.906,98.605,63.312,67.000,66.000,66.000,96.000,67.000,68.000,100.000,65.000,68.000,100.000,64.000,97.562,53.375,35.000,35.000,39.004,38.938,37.207,31.996,48.321,0.089,58.719,5614.473,5209.540,5616.000,5200.000,1.000,1.000,,,,2,1789739095.122,1,0
1944.220,96.371,98.070,63.000,66.000,79.000,64.000,65.000,64.000,64.000,64.000,94.000,61.000,94.000,65.000,79.812,53.500,35.000,35.000,39.004,38.934,37.203,31.996,27.835,0.093,43.498,5593.623,5210.293,5616.000,5200.000,1.000,1.000,,,,2,1789739096.135,1,0
1945.226,96.336,98.035,62.875,79.000,65.000,100.000,70.000,86.000,66.000,63.000,62.000,62.000,100.000,65.000,95.328,53.250,35.000,35.000,39.004,38.934,37.199,31.996,46.947,0.096,53.391,5613.248,5172.934,5616.000,5200.000,1.000,1.000,,,,2,1789739097.140,1,0
1946.229,96.453,98.152,63.000,67.000,64.000,97.000,69.000,97.000,67.000,70.000,63.000,62.000,99.688,64.000,99.688,53.250,35.000,35.000,39.004,38.930,37.199,31.996,45.007,0.103,55.029,5614.736,5210.896,5616.000,5200.000,1.000,1.000,,,,2,1789739098.141,1,0
1947.231,96.535,98.234,62.938,93.000,63.000,72.000,67.000,69.000,64.000,100.000,65.000,68.000,100.000,63.000,98.422,53.312,35.000,35.000,39.004,38.930,37.195,31.996,47.369,0.113,58.204,5613.160,5209.992,5616.000,5200.000,1.000,1.000,,,,2,1789739099.144,1,0
1948.239,96.684,98.531,63.062,65.000,62.000,69.000,66.000,70.000,63.000,100.000,88.000,68.000,100.000,62.000,99.844,53.312,35.000,35.000,39.000,38.922,37.199,32.996,47.155,0.123,58.197,5614.823,5208.937,5616.000,5200.000,1.000,1.000,,,,2,1789739100.153,1,0
1949.243,96.805,98.711,63.062,99.000,66.000,100.000,71.000,68.000,65.000,61.000,60.000,60.000,100.000,67.000,99.266,53.250,35.000,35.000,39.004,38.918,37.195,31.996,46.461,0.098,57.295,5657.708,5209.238,5616.000,5200.000,1.000,1.000,,,,2,1789739101.154,1,0
1950.251,96.891,98.789,63.062,67.000,62.000,100.000,67.000,71.000,65.000,98.000,64.000,67.000,100.000,63.000,98.703,53.375,35.000,35.000,39.004,38.918,37.191,31.996,45.451,0.099,55.119,5614.561,5208.786,5616.000,5200.000,1.000,1.000,,,,2,1789739102.163,1,0
1951.258,96.953,98.852,63.000,67.000,66.000,69.000,99.000,65.000,100.000,63.000,66.000,61.000,100.000,64.000,98.406,53.438,35.000,35.000,39.004,38.918,37.191,31.996,47.279,0.101,57.103,5614.561,5210.821,5616.000,5200.000,1.000,1.000,,,,2,1789739103.168,1,0
1952.258,96.426,98.324,62.938,60.000,58.000,60.000,61.000,62.000,74.000,64.000,80.000,61.000,80.094,59.000,80.094,53.188,35.000,35.000,39.004,38.918,37.188,31.996,28.842,0.105,44.177,5613.772,5209.313,5616.000,5200.000,1.000,1.000,,,,2,1789739104.170,1,0
1953.268,96.375,98.273,62.875,68.000,63.000,82.000,69.000,96.000,66.000,70.000,85.000,63.000,96.000,63.000,94.844,53.125,35.000,35.000,39.004,38.918,37.191,32.996,47.683,0.095,54.162,5613.598,5207.505,5616.000,5200.000,1.000,1.000,,,,2,1789739105.180,1,0
1954.275,96.457,98.355,62.875,65.000,66.000,64.000,69.000,67.000,86.000,66.000,100.000,62.000,100.000,66.000,99.031,53.125,35.000,35.000,39.004,38.914,37.188,31.996,48.453,0.090,58.800,5592.146,5209.540,5616.000,5200.000,1.000,1.000,,,,2,1789739106.187,1,0
1955.279,96.523,98.422,62.812,67.000,62.000,98.000,69.000,70.000,66.000,100.000,64.000,68.000,100.000,63.000,98.547,53.125,35.000,35.000,39.004,38.914,37.188,31.996,47.331,0.092,58.266,5614.123,5209.992,5616.000,5200.000,1.000,1.000,,,,2,1789739107.191,1,0
1956.290,96.547,98.445,63.000,72.000,67.000,100.000,94.000,67.000,68.000,62.000,61.000,61.000,100.000,67.000,97.281,53.312,35.000,35.000,39.004,38.914,37.191,32.996,47.337,0.108,58.314,5614.210,5208.937,5616.000,5200.000,1.000,1.000,,,,2,1789739108.201,1,0
1957.294,96.582,98.480,63.250,79.000,63.000,89.000,91.000,68.000,71.000,62.000,64.000,61.000,97.641,64.000,97.641,53.312,35.000,35.000,39.004,38.914,37.195,32.996,48.309,0.094,58.960,5614.035,5208.560,5616.000,5200.000,1.000,1.000,,,,2,1789739109.204,1,0
1958.304,96.027,97.926,62.938,75.000,60.000,62.000,66.000,61.000,78.000,60.000,61.000,59.000,78.875,60.000,78.875,53.188,35.000,35.000,39.004,38.910,37.191,31.996,28.998,0.106,43.895,5614.736,5208.861,5616.000,5200.000,1.000,1.000,,,,2,1789739110.216,1,0
1959.310,96.098,97.996,62.750,94.000,64.000,68.000,67.000,68.000,68.000,66.000,99.000,63.000,99.000,64.000,98.312,53.188,35.000,35.000,39.004,38.910,37.195,32.996,47.535,0.092,53.700,5615.787,5172.860,5616.000,5200.000,1.000,1.000,,,,2,1789739111.221,1,0
1960.317,96.156,98.055,62.875,65.000,63.000,92.000,67.000,95.000,68.000,68.000,70.000,63.000,97.969,64.000,97.969,53.188,35.000,35.000,39.004,38.906,37.191,31.996,49.789,0.089,60.148,5614.035,5171.596,5616.000,5200.000,1.000,1.000,,,,2,1789739112.230,1,0
1961.318,96.238,98.137,62.938,68.000,72.000,98.000,70.000,66.000,64.000,87.000,63.000,65.000,98.750,68.000,98.750,53.250,35.000,35.000,39.008,38.906,37.195,32.996,46.442,0.113,57.227,5614.561,5208.409,5616.000,5200.000,1.000,1.000,,,,2,1789739113.230,1,0
1962.326,96.074,97.973,62.875,68.000,65.000,66.000,91.000,66.000,67.000,93.000,63.000,65.000,93.000,65.000,90.969,53.188,35.000,35.000,39.008,38.906,37.199,32.996,46.954,0.118,58.150,5614.385,5209.087,5616.000,5200.000,1.000,1.000,,,,2,1789739114.238,1,0
1963.335,96.145,98.043,62.938,67.000,62.000,65.000,65.000,89.000,68.000,71.000,100.000,66.000,100.000,64.000,98.344,53.250,35.000,35.000,39.008,38.902,37.199,32.996,48.869,0.096,59.363,5613.685,5171.968,5616.000,5200.000,1.000,1.000,,,,2,1789739115.247,1,0
1964.338,96.309,98.207,62.938,64.000,62.000,65.000,69.000,96.000,65.000,100.000,65.000,67.000,100.000,63.000,99.953,53.250,35.000,35.000,39.008,38.902,37.207,32.996,47.880,0.114,58.477,5613.160,5171.002,5616.000,5200.000,1.000,1.000,,,,2,1789739116.250,1,0
1965.344,95.945,97.844,62.938,61.000,62.000,61.000,63.000,63.000,71.000,82.000,60.000,63.000,84.797,62.000,84.797,53.312,35.000,35.000,39.008,38.902,37.207,32.996,41.315,0.099,54.453,5613.860,5208.107,5616.000,5200.000,1.000,1.000,,,,2,1789739117.256,1,0
1966.352,96.004,97.902,62.750,66.000,65.000,90.000,68.000,67.000,65.000,100.000,65.000,67.000,100.000,65.000,97.766,53.188,35.000,35.000,39.008,38.902,37.211,32.996,40.502,0.092,47.748,5614.736,5209.163,5616.000,5200.000,1.000,1.000,,,,2,1789739118.264,1,0
1967.359,96.062,97.961,62.750,65.000,63.000,88.000,68.000,69.000,68.000,100.000,66.000,68.000,100.000,63.000,97.812,53.125,35.000,35.000,39.008,38.898,37.211,32.996,45.916,0.113,56.123,5592.754,5208.710,5616.000,5200.000,1.000,1.000,,,,2,1789739119.271,1,0
1968.365,96.188,98.086,62.938,98.000,64.000,69.000,67.000,66.000,68.000,66.000,99.000,63.000,99.000,64.000,98.938,53.188,35.000,35.000,39.008,38.898,37.219,32.996,47.170,0.108,58.091,5614.473,5207.881,5616.000,5200.000,1.000,1.000,,,,2,1789739120.277,1,0
1969.375,96.168,97.875,62.812,65.000,63.000,68.000,67.000,100.000,67.000,70.000,98.000,63.000,100.000,64.000,95.656,53.250,35.000,35.000,39.008,38.895,37.223,32.996,48.715,0.104,59.934,5592.581,5172.339,5616.000,5200.000,1.000,1.000,,,,2,1789739121.287,1,0
1970.383,96.344,98.059,63.062,63.000,62.000,67.000,65.000,100.000,65.000,100.000,65.000,67.000,100.000,62.000,98.109,53.250,35.000,35.000,39.008,38.895,37.227,32.996,48.253,0.099,58.463,5613.947,5171.522,5616.000,5200.000,1.000,1.000,,,,2,1789739122.295,1,0
1971.393,96.473,98.188,63.000,62.000,61.000,63.000,64.000,68.000,66.000,99.000,94.000,69.000,99.000,62.000,98.172,53.188,35.000,35.000,39.008,38.895,37.227,32.996,45.868,0.118,56.275,5613.685,5173.677,5616.000,5200.000,1.000,1.000,,,,2,1789739123.304,1,0
1972.403,95.957,97.672,62.938,62.000,59.000,79.000,64.000,80.000,62.000,64.000,59.000,60.000,80.047,60.000,80.047,53.250,35.000,35.000,39.008,38.891,37.230,32.996,33.424,0.107,46.755,5614.911,5172.117,5616.000,5200.000,1.000,1.000,,,,2,1789739124.315,1,0
1973.409,96.055,97.770,62.688,65.000,62.000,68.000,88.000,66.000,68.000,68.000,100.000,64.000,100.000,62.000,99.016,53.188,35.000,35.000,39.008,38.891,37.234,32.996,47.116,0.103,55.204,5636.714,5208.560,5616.000,5200.000,1.000,1.000,,,,2,1789739125.321,1,0
1974.415,96.168,97.883,62.812,63.000,62.000,64.000,69.000,67.000,95.000,64.000,100.000,62.000,100.000,62.000,99.672,53.188,35.000,35.000,39.012,38.887,37.234,32.996,49.580,0.092,60.670,5614.035,5208.258,5616.000,5200.000,1.000,1.000,,,,2,1789739126.326,1,0
1975.415,96.176,97.891,62.875,77.000,70.000,71.000,69.000,70.000,65.000,99.000,65.000,67.000,99.000,66.000,96.516,53.125,35.000,35.000,39.012,38.887,37.238,32.996,48.836,0.093,58.969,5613.947,5206.902,5616.000,5200.000,1.000,1.000,,,,2,1789739127.327,1,0
1976.419,96.270,98.000,62.938,66.000,65.000,65.000,69.000,66.000,93.000,65.000,100.000,62.000,100.000,65.000,98.156,53.375,35.000,35.000,39.008,38.879,37.238,32.996,49.556,0.095,59.748,5615.174,5208.861,5616.000,5200.000,1.000,1.000,,,,2,1789739128.331,1,0
1977.421,96.328,98.059,63.000,66.000,64.000,65.000,88.000,95.000,66.000,70.000,68.000,65.000,97.766,64.000,97.766,53.188,35.000,35.000,39.008,38.879,37.242,32.996,45.829,0.101,56.843,5614.736,5170.705,5616.000,5200.000,1.000,1.000,,,,2,1789739129.333,1,0
1978.430,96.016,97.746,62.938,78.000,60.000,66.000,63.000,61.000,61.000,61.000,78.000,60.000,86.375,61.000,86.375,53.250,35.000,35.000,39.008,38.879,37.246,32.996,42.137,0.111,55.088,5614.210,5207.429,5616.000,5200.000,1.000,1.000,,,,2,1789739130.340,1,0
1979.437,96.066,97.797,62.750,100.000,65.000,76.000,84.000,64.000,65.000,60.000,59.000,60.000,100.000,65.000,97.688,53.188,35.000,35.000,39.008,38.875,37.246,32.996,36.898,0.109,46.041,5614.823,5206.902,5616.000,5200.000,1.000,1.000,,,,2,1789739131.346,1,0
1980.442,96.160,97.891,62.750,64.000,61.000,88.000,68.000,66.000,72.000,66.000,99.000,63.000,99.078,62.000,99.078,53.188,35.000,35.000,39.008,38.875,37.246,32.996,46.716,0.113,56.654,5613.422,5208.032,5616.000,5200.000,1.000,1.000,,,,2,1789739132.354,1,0
1981.446,96.219,97.949,62.812,66.000,63.000,94.000,67.000,68.000,65.000,100.000,69.000,68.000,100.000,63.000,97.625,53.125,35.000,35.000,39.008,38.871,37.250,32.996,49.279,0.093,59.754,5657.086,5208.258,5616.000,5200.000,1.000,1.000,,,,2,1789739133.358,1,0
1982.448,96.402,98.293,62.938,72.000,64.000,66.000,85.000,68.000,66.000,100.000,64.000,68.000,100.000,64.000,99.719,53.250,35.000,35.000,39.008,38.871,37.254,32.996,46.583,0.120,57.576,5613.598,5207.731,5616.000,5200.000,1.000,1.000,,,,2,1789739134.362,1,0
1983.451,96.531,98.426,62.812,99.000,65.000,100.000,70.000,68.000,65.000,62.000,61.000,61.000,100.000,66.000,98.484,53.250,35.000,35.000,39.012,38.875,37.254,32.996,46.836,0.116,57.177,5614.210,5207.429,5616.000,5200.000,1.000,1.000,,,,2,1789739135.363,1,0
1984.459,96.645,98.559,62.812,93.000,64.000,67.000,66.000,67.000,68.000,70.000,99.000,66.000,99.000,64.000,98.719,53.250,35.000,35.000,39.012,38.871,37.258,32.996,45.617,0.106,55.708,5613.510,5206.676,5616.000,5200.000,1.000,1.000,,,,2,1789739136.369,1,0
1985.464,96.152,98.066,62.750,60.000,59.000,63.000,62.000,80.000,60.000,82.000,60.000,63.000,82.000,59.000,80.953,53.188,35.000,35.000,39.012,38.871,37.258,32.996,28.936,0.097,40.907,5615.086,5172.191,5616.000,5200.000,1.000,1.000,,,,2,1789739137.376,1,0
1986.464,96.098,98.012,62.750,68.000,64.000,94.000,95.000,64.000,69.000,64.000,68.000,62.000,95.000,63.000,94.391,53.125,35.000,35.000,39.012,38.871,37.262,32.996,46.455,0.102,55.524,5613.160,5208.333,5616.000,5200.000,1.000,1.000,,,,2,1789739138.375,1,0
1987.474,96.070,97.984,62.750,70.000,64.000,67.000,67.000,68.000,63.000,99.000,88.000,67.000,99.000,64.000,95.203,53.000,35.000,35.000,39.008,38.867,37.262,32.996,49.233,0.116,60.264,5613.422,5207.279,5616.000,5200.000,1.000,1.000,,,,2,1789739139.386,1,0
1988.483,96.180,98.094,62.812,66.000,65.000,66.000,95.000,65.000,71.000,65.000,100.000,62.000,100.000,64.000,99.609,53.125,35.000,35.000,39.012,38.867,37.266,32.996,49.175,0.101,59.589,5613.598,5208.333,5616.000,5200.000,1.000,1.000,,,,2,1789739140.395,1,0
1989.492,96.180,98.094,62.938,68.000,86.000,67.000,75.000,64.000,99.000,62.000,66.000,61.000,99.000,69.000,96.125,53.188,35.000,35.000,39.012,38.867,37.266,32.996,48.285,0.089,58.733,5614.298,5172.488,5616.000,5200.000,1.000,1.000,,,,2,1789739141.403,1,0
1990.495,96.223,98.137,62.812,83.000,63.000,71.000,69.000,76.000,68.000,65.000,99.000,62.000,99.000,63.000,97.297,53.250,35.000,35.000,39.008,38.859,37.270,32.996,49.035,0.090,59.221,5614.123,5171.670,5616.000,5200.000,1.000,1.000,,,,2,1789739142.405,1,0
1991.502,95.770,97.684,62.750,61.000,61.000,61.000,64.000,73.000,60.000,74.000,59.000,60.000,81.734,61.000,81.734,53.188,35.000,35.000,39.008,38.859,37.270,32.996,39.492,0.106,52.108,5613.685,5170.779,5616.000,5200.000,1.000,1.000,,,,2,1789739143.413,1,0
1992.509,95.867,97.781,62.688,98.000,64.000,70.000,67.000,67.000,63.000,100.000,64.000,68.000,100.000,65.000,98.922,53.188,35.000,35.000,39.004,38.852,37.273,32.996,42.601,0.104,51.679,5615.437,5205.547,5616.000,5200.000,1.000,1.000,,,,2,1789739144.421,1,0
1993.513,95.965,97.879,62.750,66.000,73.000,63.000,69.000,67.000,73.000,100.000,64.000,68.000,100.000,69.000,98.969,53.062,35.000,35.000,39.004,38.852,37.273,32.996,47.722,0.128,58.552,5614.648,5208.107,5616.000,5200.000,1.000,1.000,,,,2,1789739145.425,1,0
1994.521,96.020,97.934,62.938,67.000,63.000,72.000,88.000,65.000,91.000,64.000,71.000,62.000,97.781,63.000,97.781,53.188,35.000,35.000,39.004,38.852,37.277,32.996,49.101,0.098,59.639,5615.174,5207.203,5616.000,5200.000,1.000,1.000,,,,2,1789739146.434,1,0
1995.530,96.078,97.992,62.875,66.000,64.000,66.000,93.000,67.000,67.000,100.000,65.000,68.000,100.000,63.000,97.375,53.250,35.000,35.000,39.004,38.848,37.281,32.996,46.107,0.105,56.914,5613.947,5208.032,5616.000,5200.000,1.000,1.000,,,,2,1789739147.442,1,0
1996.537,96.090,97.832,62.938,100.000,66.000,98.000,75.000,66.000,68.000,63.000,63.000,61.000,100.000,66.000,96.281,53.188,35.000,35.000,39.004,38.844,37.281,32.996,47.237,0.109,57.769,5614.385,5169.888,5616.000,5200.000,1.000,1.000,,,,2,1789739148.449,1,0
1997.542,96.262,98.035,62.875,66.000,64.000,65.000,70.000,67.000,89.000,100.000,66.000,68.000,100.000,64.000,98.328,53.250,35.000,35.000,39.004,38.844,37.285,32.996,46.186,0.123,56.542,5592.320,5172.488,5616.000,5200.000,1.000,1.000,,,,2,1789739149.453,1,0
1998.552,95.957,97.730,63.000,71.000,59.000,65.000,64.000,64.000,60.000,80.000,60.000,63.000,86.562,60.000,86.562,53.250,35.000,35.000,39.004,38.844,37.285,32.996,43.232,0.106,55.240,5613.598,5209.012,5616.000,5200.000,1.000,1.000,,,,2,1789739150.464,1,0
1999.561,95.801,97.574,62.750,66.000,86.000,63.000,70.000,64.000,64.000,67.000,92.000,64.000,92.000,70.000,90.984,53.188,35.000,35.000,39.004,38.844,37.285,32.996,39.937,0.097,49.480,5614.561,5172.339,5616.000,5200.000,1.000,1.000,,,,2,1789739151.473,1,0
2000.567,95.859,97.633,62.875,68.000,63.000,100.000,69.000,68.000,68.000,64.000,96.000,62.000,100.000,63.000,97.625,53.125,35.000,35.000,39.004,38.840,37.285,32.996,49.421,0.086,60.022,5614.210,5208.484,5616.000,5200.000,1.000,1.000,,,,2,1789739152.480,1,0
2001.568,95.824,97.598,62.875,65.000,75.000,65.000,71.000,72.000,74.000,65.000,76.000,62.000,94.750,65.000,94.750,53.125,35.000,35.000,39.004,38.844,37.285,32.996,48.773,0.106,59.283,5614.736,5171.374,5616.000,5200.000,1.000,1.000,,,,2,1789739153.482,1,0
2002.574,95.871,97.645,62.875,67.000,64.000,65.000,91.000,66.000,69.000,65.000,98.000,63.000,98.000,64.000,97.297,53.250,35.000,35.000,39.004,38.840,37.289,32.996,48.205,0.089,58.675,5614.385,5208.183,5616.000,5200.000,1.000,1.000,,,,2,1789739154.487,1,0
2003.580,95.781,97.555,62.938,66.000,66.000,66.000,91.000,64.000,92.000,64.000,69.000,61.000,93.094,66.000,93.094,53.250,35.000,35.000,39.004,38.840,37.289,32.996,47.237,0.101,58.059,5614.736,5206.074,5616.000,5200.000,1.000,1.000,,,,2,1789739155.493,1,0
2004.589,95.871,97.645,62.938,90.000,65.000,67.000,71.000,68.000,66.000,100.000,64.000,68.000,100.000,65.000,98.594,53.375,35.000,35.000,39.004,38.840,37.293,32.996,51.069,0.134,61.511,5614.911,5209.087,5616.000,5200.000,1.000,1.000,,,,2,1789739156.502,1,0
2005.597,95.977,97.750,62.875,63.000,62.000,65.000,68.000,68.000,94.000,100.000,69.000,67.000,100.000,62.000,98.312,53.312,35.000,35.000,39.008,38.840,37.297,32.996,49.050,0.118,59.863,5615.349,5209.313,5616.000,5200.000,1.000,1.000,,,,2,1789739157.509,1,0
2006.599,96.070,97.809,63.125,64.000,62.000,68.000,66.000,100.000,68.000,70.000,99.000,64.000,100.000,63.000,97.484,53.500,35.000,35.000,39.004,38.832,37.297,32.996,47.569,0.116,58.406,5615.349,5208.183,5616.000,5200.000,1.000,1.000,,,,2,1789739158.509,1,0
2007.606,95.512,97.250,63.062,72.000,59.000,65.000,62.000,63.000,62.000,74.000,60.000,60.000,78.281,60.000,78.281,53.500,35.000,35.000,39.004,38.836,37.297,32.996,35.448,0.096,51.767,5614.823,5207.731,5616.000,5200.000,1.000,1.000,,,,2,1789739159.517,1,0
2008.609,95.598,97.336,62.812,68.000,68.000,80.000,69.000,83.000,64.000,85.000,66.000,68.000,98.281,67.000,98.281,53.312,35.000,35.000,39.004,38.832,37.301,32.996,46.762,0.116,51.583,5615.086,5208.183,5616.000,5200.000,1.000,1.000,,,,2,1789739160.522,1,0
2009.617,95.598,97.336,62.875,67.000,64.000,67.000,69.000,95.000,68.000,67.000,100.000,63.000,100.000,65.000,95.531,53.250,35.000,35.000,39.004,38.832,37.301,32.996,47.952,0.105,58.695,5614.385,5171.077,5616.000,5200.000,1.000,1.000,,,,2,1789739161.529,1,0
2010.627,95.562,97.301,63.062,71.000,67.000,94.000,92.000,66.000,67.000,63.000,62.000,62.000,94.453,67.000,94.453,53.375,35.000,35.000,39.004,38.832,37.301,32.996,47.907,0.100,58.753,5614.035,5207.957,5616.000,5200.000,1.000,1.000,,,,2,1789739162.539,1,0
2011.635,95.508,97.246,63.000,66.000,84.000,65.000,69.000,66.000,94.000,68.000,66.000,64.000,94.000,68.000,93.828,53.312,35.000,35.000,39.004,38.832,37.305,32.996,47.145,0.120,58.222,5658.064,5207.128,5616.000,5200.000,1.000,1.000,,,,2,1789739163.547,1,0
2012.642,95.570,97.309,63.125,68.000,64.000,99.000,70.000,69.000,92.000,63.000,67.000,62.000,99.000,64.000,97.594,53.500,35.000,35.000,39.004,38.832,37.305,32.996,49.218,0.129,59.529,5614.298,5208.484,5616.000,5200.000,1.000,1.000,,,,2,1789739164.554,1,0
2013.643,95.594,97.332,63.062,85.000,66.000,99.000,70.000,78.000,68.000,64.000,65.000,61.000,99.000,66.000,96.188,53.438,35.000,35.000,39.004,38.832,37.305,32.996,47.931,0.102,58.725,5613.248,5207.128,5616.000,5200.000,1.000,1.000,,,,2,1789739165.555,1,0
2014.646,95.484,97.223,63.250,71.000,84.000,95.000,73.000,66.000,68.000,63.000,63.000,61.000,95.000,70.000,92.125,53.500,35.000,35.000,39.004,38.832,37.309,32.996,50.047,0.143,60.634,5659.131,5206.074,5616.000,5200.000,1.000,1.000,,,,2,1789739166.557,1,0
2015.656,95.461,97.199,63.188,94.000,65.000,68.000,72.000,65.000,71.000,65.000,94.000,62.000,94.734,65.000,94.734,53.562,35.000,35.000,39.008,38.832,37.309,32.996,48.213,0.104,58.789,5615.174,5208.032,5616.000,5200.000,1.000,1.000,,,,2,1789739167.569,1,0
2016.659,95.629,97.367,63.312,63.000,62.000,65.000,66.000,73.000,82.000,100.000,66.000,68.000,100.000,62.000,99.844,53.500,35.000,35.000,39.008,38.836,37.312,32.996,46.206,0.120,57.545,5614.473,5206.601,5616.000,5200.000,1.000,1.000,,,,2,1789739168.571,1,0
2017.669,95.605,97.344,63.250,70.000,70.000,68.000,71.000,95.000,65.000,88.000,63.000,63.000,95.000,69.000,94.922,53.438,35.000,35.000,39.008,38.836,37.312,32.996,46.241,0.120,56.129,5614.385,5208.333,5616.000,5200.000,1.000,1.000,,,,2,1789739169.580,1,0
2018.674,95.789,98.020,63.312,64.000,63.000,69.000,65.000,100.000,83.000,76.000,66.000,65.000,100.000,63.000,99.875,53.562,35.000,35.000,39.008,38.828,37.316,32.996,45.359,0.120,56.801,5613.860,5170.334,5616.000,5200.000,1.000,1.000,,,,2,1789739170.585,1,0
2019.680,95.969,98.301,63.500,77.000,79.000,72.000,70.000,65.000,68.000,65.000,99.000,62.000,99.234,67.000,99.234,53.438,35.000,35.000,39.008,38.828,37.316,32.996,47.645,0.109,57.714,5591.799,5171.077,5616.000,5200.000,1.000,1.000,,,,2,1789739171.591,1,0
2020.689,95.949,98.281,63.375,67.000,84.000,67.000,75.000,65.000,96.000,63.000,66.000,61.000,96.000,67.000,95.438,53.500,35.000,35.000,39.008,38.832,37.316,32.996,48.599,0.102,59.918,5613.160,5208.409,5616.000,5200.000,1.000,1.000,,,,2,1789739172.602,1,0
2021.697,96.062,98.395,63.312,64.000,63.000,66.000,67.000,69.000,71.000,100.000,89.000,67.000,100.000,63.000,98.391,53.562,35.000,35.000,39.012,38.832,37.320,32.996,48.386,0.100,58.081,5614.385,5171.299,5616.000,5200.000,1.000,1.000,,,,2,1789739173.610,1,0
2022.698,96.086,98.418,63.250,67.000,86.000,67.000,71.000,94.000,67.000,67.000,68.000,63.000,96.781,69.000,96.781,53.562,35.000,35.000,39.012,38.832,37.320,32.996,47.796,0.094,58.586,5614.473,5208.258,5616.000,5200.000,1.000,1.000,,,,2,1789739174.608,1,0
2023.708,95.484,97.816,63.375,77.000,62.000,65.000,64.000,60.000,72.000,59.000,60.000,59.000,77.000,62.000,76.922,53.562,35.000,35.000,39.012,38.836,37.324,32.996,33.173,0.120,48.034,5614.911,5208.786,5616.000,5200.000,1.000,1.000,,,,2,1789739175.621,1,0
2024.709,95.477,97.809,63.188,70.000,82.000,72.000,71.000,67.000,96.000,63.000,67.000,62.000,96.000,68.000,95.234,53.438,35.000,35.000,39.012,38.832,37.324,32.996,47.517,0.102,54.277,5614.473,5208.635,5616.000,5200.000,1.000,1.000,,,,2,1789739176.621,1,0
2025.709,95.613,97.945,63.188,62.000,61.000,63.000,64.000,68.000,66.000,100.000,94.000,68.000,100.000,62.000,99.781,53.375,35.000,35.000,39.016,38.836,37.328,32.996,45.848,0.113,57.366,5592.233,5208.560,5616.000,5200.000,1.000,1.000,,,,2,1789739177.621,1,0
2026.711,95.707,98.039,63.188,100.000,66.000,70.000,88.000,64.000,66.000,65.000,68.000,63.000,100.000,66.000,98.625,53.375,35.000,35.000,39.016,38.836,37.328,32.996,46.195,0.099,55.987,5615.261,5207.429,5616.000,5200.000,1.000,1.000,,,,2,1789739178.623,1,0
2027.721,95.820,98.137,63.250,68.000,65.000,69.000,77.000,93.000,100.000,65.000,67.000,61.000,100.000,65.000,97.984,53.438,35.000,35.000,39.016,38.840,37.328,32.996,47.876,0.113,58.681,5614.911,5208.333,5616.000,5200.000,1.000,1.000,,,,2,1789739179.633,1,0
2028.723,95.977,98.250,63.312,68.000,86.000,66.000,73.000,65.000,70.000,65.000,100.000,62.000,100.000,69.000,97.859,53.375,35.000,35.000,39.020,38.840,37.332,32.996,49.393,0.090,60.554,5613.510,5171.670,5616.000,5200.000,1.000,1.000,,,,2,1789739180.634,1,0
2029.729,96.145,98.430,63.188,93.000,65.000,69.000,70.000,65.000,69.000,65.000,97.000,62.000,98.547,65.000,98.547,53.438,35.000,35.000,39.020,38.840,37.332,32.996,48.171,0.125,57.974,5614.561,5207.881,5616.000,5200.000,1.000,1.000,,,,2,1789739181.642,1,0
2030.739,96.094,98.379,63.312,65.000,63.000,65.000,74.000,78.000,66.000,84.000,83.000,68.000,94.609,64.000,94.609,53.500,35.000,35.000,39.020,38.840,37.336,32.996,47.947,0.111,59.402,5614.999,5209.012,5616.000,5200.000,1.000,1.000,,,,2,1789739182.652,1,0
2031.743,96.141,98.426,63.312,70.000,65.000,67.000,87.000,66.000,66.000,71.000,87.000,65.000,97.562,65.000,97.562,53.625,35.000,35.000,39.023,38.844,37.336,32.996,47.471,0.109,57.675,5615.174,5208.710,5616.000,5200.000,1.000,1.000,,,,2,1789739183.652,1,0
2032.747,95.684,97.969,63.312,64.000,60.000,66.000,74.000,76.000,62.000,61.000,60.000,60.000,81.500,61.000,81.500,53.625,35.000,35.000,39.023,38.844,37.340,32.996,37.213,0.102,51.300,5613.772,5208.484,5616.000,5200.000,1.000,1.000,,,,2,1789739184.657,1,0
2033.757,95.750,98.035,63.250,70.000,65.000,98.000,75.000,66.000,99.000,63.000,66.000,61.000,99.000,65.000,97.844,53.438,35.000,35.000,39.023,38.844,37.340,32.996,47.242,0.111,58.017,5615.086,5171.968,5616.000,5200.000,1.000,1.000,,,,2,1789739185.667,1,0
2034.760,95.773,98.059,63.062,67.000,68.000,65.000,69.000,65.000,68.000,88.000,96.000,64.000,96.438,67.000,96.438,53.438,35.000,35.000,39.023,38.844,37.340,32.996,49.278,0.108,59.792,5613.860,5209.238,5616.000,5200.000,1.000,1.000,,,,2,1789739186.669,1,0
2035.763,95.773,98.059,63.125,69.000,66.000,67.000,85.000,65.000,68.000,66.000,93.000,63.000,95.812,65.000,95.812,53.500,35.000,35.000,39.023,38.844,37.344,32.996,49.723,0.089,60.998,5591.191,5170.854,5616.000,5200.000,1.000,1.000,,,,2,1789739187.673,1,0
2036.768,95.875,98.160,63.312,85.000,76.000,71.000,70.000,65.000,68.000,65.000,96.000,62.000,99.062,68.000,96.688,53.562,35.000,35.000,39.023,38.844,37.344,32.996,49.220,0.088,60.143,5614.561,5170.779,5616.000,5200.000,1.000,1.000,,,,2,1789739188.678,1,0
2037.776,95.902,98.188,63.188,75.000,60.000,76.000,64.000,62.000,60.000,64.000,59.000,61.000,97.000,61.000,80.344,53.562,35.000,35.000,39.027,38.844,37.344,32.996,34.365,0.102,48.402,5614.561,5207.128,5616.000,5200.000,1.000,1.000,,,,2,1789739189.684,1,0
2038.781,95.414,97.699,63.062,67.000,65.000,66.000,94.000,66.000,68.000,100.000,65.000,67.000,80.344,64.000,97.250,53.438,35.000,35.000,39.027,38.848,37.348,32.996,47.044,0.099,55.279,5614.823,5208.560,5616.000,5200.000,1.000,1.000,,,,2,1789739190.691,1,0
2039.791,95.531,97.816,63.125,91.000,68.000,67.000,88.000,63.000,66.000,64.000,69.000,62.000,97.344,68.000,97.344,53.375,35.000,35.000,39.031,38.852,37.352,32.996,48.700,0.100,59.535,5614.385,5207.655,5616.000,5200.000,1.000,1.000,,,,2,1789739191.703,1,0
2040.798,95.688,97.973,63.188,73.000,87.000,68.000,100.000,62.000,68.000,62.000,62.000,61.000,100.000,71.000,99.453,53.438,35.000,35.000,39.031,38.848,37.352,32.996,48.874,0.100,59.289,5614.561,5209.238,5616.000,5200.000,1.000,1.000,,,,2,1789739192.712,1,0
2041.806,95.797,98.070,63.125,71.000,65.000,93.000,71.000,71.000,69.000,88.000,64.000,63.000,97.984,65.000,97.984,53.500,35.000,35.000,39.035,38.852,37.355,32.996,47.445,0.106,58.387,5614.210,5207.053,5616.000,5200.000,1.000,1.000,,,,2,1789739193.719,1,0
2042.808,96.176,98.605,63.250,73.000,63.000,100.000,67.000,77.000,74.000,70.000,63.000,62.000,100.000,63.000,100.000,53.562,35.000,35.000,39.035,38.852,37.355,32.996,45.725,0.120,56.598,5615.524,5171.819,5616.000,5200.000,1.000,1.000,,,,2,1789739194.720,1,0
2043.816,96.133,98.320,63.188,72.000,85.000,68.000,96.000,64.000,68.000,63.000,62.000,62.000,96.000,69.000,94.906,53.500,35.000,35.000,39.035,38.852,37.355,32.996,46.267,0.109,56.290,5614.123,5209.087,5616.000,5200.000,1.000,1.000,,,,2,1789739195.728,1,0
2044.822,96.211,98.348,63.375,82.000,85.000,81.000,74.000,70.000,68.000,67.000,63.000,62.000,97.906,69.000,97.906,53.500,35.000,35.000,39.035,38.852,37.359,32.996,48.707,0.096,59.420,5613.860,5209.238,5616.000,5200.000,1.000,1.000,,,,2,1789739196.734,1,0
2045.829,96.309,98.414,63.312,99.000,65.000,71.000,69.000,66.000,67.000,65.000,99.000,62.000,99.000,66.000,98.109,53.500,35.000,35.000,39.035,38.852,37.359,32.996,44.524,0.117,54.951,5614.911,5208.937,5616.000,5200.000,1.000,1.000,,,,2,1789739197.742,1,0
2046.838,95.777,97.883,63.250,60.000,59.000,75.000,61.000,63.000,62.000,64.000,78.000,61.000,79.312,60.000,79.312,53.438,35.000,35.000,39.035,38.852,37.359,32.996,35.112,0.108,47.672,5614.999,5209.614,5616.000,5200.000,1.000,1.000,,,,2,1789739198.750,1,0
2047.846,95.871,97.977,63.062,67.000,62.000,100.000,69.000,71.000,96.000,66.000,68.000,62.000,100.000,63.000,98.812,53.500,35.000,35.000,39.039,38.852,37.359,32.996,47.758,0.105,56.325,5614.561,5209.614,5616.000,5200.000,1.000,1.000,,,,2,1789739199.759,1,0
2048.851,95.945,98.051,63.125,71.000,68.000,76.000,89.000,66.000,85.000,62.000,63.000,61.000,98.281,68.000,98.281,53.438,35.000,35.000,39.039,38.852,37.359,32.996,47.940,0.110,58.589,5614.736,5207.580,5616.000,5200.000,1.000,1.000,,,,2,1789739200.763,1,0
2049.859,95.953,98.059,63.188,63.000,63.000,63.000,65.000,68.000,68.000,100.000,98.000,68.000,100.000,63.000,96.188,53.375,35.000,35.000,39.039,38.852,37.363,32.996,48.155,0.103,57.831,5615.349,5209.464,5616.000,5200.000,1.000,1.000,,,,2,1789739201.771,1,0
2050.860,96.066,98.133,63.125,64.000,62.000,89.000,67.000,69.000,69.000,100.000,67.000,68.000,100.000,62.000,97.797,53.500,35.000,35.000,39.039,38.852,37.363,32.996,46.740,0.115,57.819,5614.561,5207.429,5616.000,5200.000,1.000,1.000,,,,2,1789739202.771,1,0
2051.863,96.281,98.359,63.375,66.000,64.000,69.000,67.000,100.000,88.000,71.000,67.000,62.000,100.000,64.000,98.453,53.438,35.000,35.000,39.039,38.852,37.363,32.996,47.514,0.109,57.978,5615.349,5209.163,5616.000,5200.000,1.000,1.000,,,,2,1789739203.776,1,0
2052.871,96.215,98.293,63.312,69.000,69.000,67.000,96.000,64.000,94.000,62.000,65.000,61.000,96.000,68.000,94.203,53.375,35.000,35.000,39.039,38.852,37.367,32.996,48.761,0.104,59.316,5613.248,5172.339,5616.000,5200.000,1.000,1.000,,,,2,1789739204.784,1,0
2053.879,96.355,98.469,63.312,67.000,77.000,66.000,76.000,67.000,67.000,100.000,64.000,68.000,100.000,66.000,98.797,53.438,35.000,35.000,39.039,38.852,37.367,32.996,47.154,0.127,58.052,5614.648,5208.861,5616.000,5200.000,1.000,1.000,,,,2,1789739205.790,1,0
2054.885,95.719,97.832,63.125,61.000,60.000,77.000,63.000,60.000,75.000,60.000,61.000,59.000,77.000,61.000,76.078,53.375,35.000,35.000,39.039,38.852,37.367,32.996,28.677,0.114,41.084,5658.509,5171.448,5616.000,5200.000,1.000,1.000,,,,2,1789739206.795,1,0
2055.891,95.742,97.855,63.062,99.000,65.000,74.000,69.000,100.000,66.000,69.000,64.000,61.000,100.000,66.000,96.484,53.312,35.000,35.000,39.043,38.852,37.367,32.996,47.404,0.112,57.053,5614.123,5207.731,5616.000,5200.000,1.000,1.000,,,,2,1789739207.803,1,0
2056.898,95.723,97.836,63.125,70.000,65.000,97.000,69.000,65.000,95.000,62.000,66.000,61.000,97.000,65.000,95.031,53.250,35.000,35.000,39.043,38.852,37.367,32.996,48.066,0.089,59.344,5614.035,5207.203,5616.000,5200.000,1.000,1.000,,,,2,1789739208.811,1,0
2057.904,95.777,97.891,63.125,66.000,63.000,68.000,70.000,98.000,93.000,72.000,67.000,64.000,98.000,64.000,97.531,53.250,35.000,35.000,39.043,38.855,37.375,32.996,47.081,0.111,58.047,5613.947,5209.841,5616.000,5200.000,1.000,1.000,,,,2,1789739209.816,1,0
2058.911,95.883,97.996,63.250,68.000,63.000,98.000,69.000,68.000,69.000,65.000,98.000,63.000,98.953,63.000,98.953,53.375,35.000,35.000,39.047,38.855,37.375,32.996,48.030,0.103,58.769,5614.298,5207.505,5616.000,5200.000,1.000,1.000,,,,2,1789739210.824,1,0
2059.921,96.031,98.207,63.188,69.000,84.000,67.000,70.000,65.000,69.000,66.000,100.000,62.000,100.000,70.000,98.750,53.250,35.000,35.000,39.047,38.855,37.375,32.996,48.224,0.099,58.747,5614.123,5206.299,5616.000,5200.000,1.000,1.000,,,,2,1789739211.833,1,0
2060.930,96.176,98.309,63.188,92.000,64.000,67.000,68.000,67.000,73.000,65.000,100.000,63.000,100.000,64.000,97.938,53.375,35.000,35.000,39.047,38.855,37.375,32.996,47.906,0.108,58.821,5614.035,5208.937,5616.000,5200.000,1.000,1.000,,,,2,1789739212.842,1,0
2061.939,96.094,98.227,63.188,69.000,66.000,68.000,83.000,65.000,68.000,64.000,95.000,62.000,95.000,66.000,93.672,53.438,35.000,35.000,39.051,38.855,37.375,32.996,48.437,0.119,59.230,5614.736,5208.937,5616.000,5200.000,1.000,1.000,,,,2,1789739213.851,1,0
2062.943,96.133,98.266,63.312,94.000,64.000,69.000,69.000,68.000,94.000,64.000,67.000,62.000,97.375,64.000,97.375,53.500,35.000,35.000,39.051,38.855,37.375,32.996,48.039,0.091,58.850,5615.437,5208.786,5616.000,5200.000,1.000,1.000,,,,2,1789739214.856,1,0
2063.951,95.602,97.734,63.188,64.000,63.000,63.000,76.000,61.000,60.000,73.000,58.000,60.000,79.188,63.000,79.188,53.500,35.000,35.000,39.051,38.859,37.379,32.996,35.764,0.101,52.218,5615.961,5208.484,5616.000,5200.000,1.000,1.000,,,,2,1789739215.863,1,0
2064.953,95.562,97.695,62.938,70.000,90.000,67.000,72.000,93.000,65.000,65.000,62.000,60.000,94.312,72.000,94.312,53.375,35.000,35.000,39.051,38.863,37.383,32.996,47.539,0.082,52.329,5614.385,5205.999,5616.000,5200.000,1.000,1.000,,,,2,1789739216.865,1,0
2065.959,95.617,97.750,63.062,68.000,64.000,70.000,93.000,66.000,98.000,64.000,67.000,61.000,98.000,64.000,97.359,53.500,35.000,35.000,39.055,38.863,37.383,32.996,47.820,0.105,58.176,5613.598,5207.957,5616.000,5200.000,1.000,1.000,,,,2,1789739217.872,1,0
2066.961,95.547,97.680,63.250,71.000,90.000,98.000,73.000,66.000,66.000,64.000,62.000,62.000,98.000,71.000,93.328,53.375,35.000,35.000,39.055,38.863,37.383,32.996,47.856,0.092,58.684,5614.561,5171.002,5616.000,5200.000,1.000,1.000,,,,2,1789739218.873,1,0
2067.968,95.555,97.688,63.125,90.000,64.000,68.000,68.000,70.000,88.000,69.000,67.000,63.000,95.859,64.000,95.859,53.562,35.000,35.000,39.055,38.863,37.387,32.996,47.271,0.097,57.482,5613.335,5209.690,5616.000,5200.000,1.000,1.000,,,,2,1789739219.879,1,0
2068.976,95.574,97.707,63.125,71.000,70.000,67.000,99.000,63.000,69.000,90.000,63.000,64.000,99.000,68.000,96.125,53.438,35.000,35.000,39.055,38.863,37.387,32.996,47.897,0.107,58.048,5657.175,5209.313,5616.000,5200.000,1.000,1.000,,,,2,1789739220.889,1,0
2069.986,95.711,97.840,63.125,65.000,81.000,67.000,67.000,73.000,65.000,100.000,65.000,68.000,100.000,67.000,97.797,53.438,35.000,35.000,39.055,38.863,37.387,32.996,48.499,0.111,60.570,5614.561,5209.313,5616.000,5200.000,1.000,1.000,,,,2,1789739221.898,1,0
2070.993,95.922,98.027,63.062,67.000,64.000,66.000,94.000,69.000,68.000,100.000,67.000,67.000,100.000,64.000,97.828,53.562,35.000,35.000,39.059,38.863,37.387,32.996,47.778,0.111,57.773,5614.298,5205.923,5616.000,5200.000,1.000,1.000,,,,2,1789739222.905,1,0
2072.000,95.926,97.836,63.250,69.000,68.000,66.000,71.000,65.000,74.000,86.000,90.000,62.000,96.078,68.000,96.078,53.500,35.000,35.000,39.059,38.863,37.387,32.996,48.609,0.104,59.086,5614.561,5207.655,5616.000,5200.000,1.000,1.000,,,,2,1789739223.912,1,0
2073.009,96.191,98.285,63.125,67.000,65.000,64.000,88.000,67.000,65.000,100.000,64.000,68.000,100.000,65.000,99.938,53.438,35.000,35.000,39.059,38.867,37.391,32.996,47.604,0.105,59.041,5614.911,5208.183,5616.000,5200.000,1.000,1.000,,,,2,1789739224.921,1,0
2074.019,96.535,98.766,63.188,67.000,62.000,99.000,67.000,71.000,64.000,100.000,64.000,67.000,100.000,63.000,100.000,53.625,35.000,35.000,39.059,38.863,37.391,32.996,45.519,0.114,56.701,5613.860,5209.916,5616.000,5200.000,1.000,1.000,,,,2,1789739225.929,1,0
2075.022,95.945,98.176,63.125,76.000,60.000,64.000,64.000,62.000,74.000,60.000,60.000,59.000,77.781,61.000,77.781,53.625,35.000,35.000,39.059,38.863,37.391,32.996,28.888,0.093,43.276,5658.598,5207.053,5616.000,5200.000,1.000,1.000,,,,2,1789739226.934,1,0
2076.023,95.871,98.102,63.062,81.000,65.000,96.000,69.000,89.000,67.000,65.000,68.000,61.000,96.000,66.000,93.547,53.438,35.000,35.000,39.059,38.867,37.391,32.996,47.973,0.107,54.606,5613.598,5172.562,5616.000,5200.000,1.000,1.000,,,,2,1789739227.934,1,0
2077.033,95.906,98.137,63.125,66.000,66.000,66.000,71.000,66.000,97.000,64.000,98.000,61.000,98.000,66.000,96.984,53.438,35.000,35.000,39.062,38.871,37.395,32.996,48.276,0.108,59.234,5613.248,5190.162,5616.000,5200.000,1.000,1.000,,,,2,1789739228.945,1,0
2078.041,95.855,98.086,63.125,69.000,65.000,67.000,92.000,65.000,67.000,95.000,63.000,65.000,95.000,66.000,94.234,53.438,35.000,35.000,39.062,38.867,37.395,32.996,46.842,0.107,58.017,5613.947,5207.580,5616.000,5200.000,1.000,1.000,,,,2,1789739229.952,1,0
2079.043,95.918,98.148,63.188,93.000,65.000,67.000,71.000,66.000,67.000,98.000,66.000,67.000,98.000,65.000,97.844,53.438,35.000,35.000,39.062,38.867,37.395,32.996,48.467,0.094,58.016,5636.008,5204.268,5616.000,5200.000,1.000,1.000,,,,2,1789739230.955,1,0
2080.049,96.059,98.289,63.062,100.000,65.000,72.000,69.000,68.000,63.000,100.000,64.000,67.000,100.000,66.000,99.484,53.500,35.000,35.000,39.066,38.867,37.398,32.996,47.350,0.104,58.371,5658.687,5208.560,5616.000,5200.000,1.000,1.000,,,,2,1789739231.962,1,0
2081.052,96.125,98.355,63.188,69.000,66.000,72.000,84.000,67.000,65.000,63.000,83.000,61.000,97.734,66.000,97.734,53.562,35.000,35.000,39.066,38.867,37.398,32.996,45.727,0.111,57.567,5614.298,5207.881,5616.000,5200.000,1.000,1.000,,,,2,1789739232.964,1,0
2082.060,96.289,98.531,63.250,68.000,64.000,68.000,68.000,68.000,86.000,100.000,66.000,67.000,100.000,65.000,98.625,53.375,35.000,35.000,39.066,38.867,37.398,32.996,48.437,0.097,58.440,5614.298,5172.562,5616.000,5200.000,1.000,1.000,,,,2,1789739233.970,1,0
2083.060,95.668,97.910,62.938,61.000,62.000,74.000,63.000,73.000,61.000,61.000,59.000,59.000,76.469,62.000,76.469,53.375,35.000,35.000,39.066,38.871,37.402,32.996,28.451,0.104,43.696,5614.911,5207.128,5616.000,5200.000,1.000,1.000,,,,2,1789739234.972,1,0
2084.068,95.695,97.938,62.875,65.000,70.000,64.000,69.000,66.000,83.000,94.000,70.000,65.000,96.516,66.000,96.516,53.375,35.000,35.000,39.066,38.871,37.402,32.996,47.531,0.096,54.139,5614.298,5170.334,5616.000,5200.000,1.000,1.000,,,,2,1789739235.982,1,0
2085.070,95.797,98.039,63.000,65.000,62.000,93.000,66.000,67.000,67.000,72.000,98.000,66.000,99.016,63.000,99.016,53.375,35.000,35.000,39.070,38.871,37.398,32.996,47.321,0.106,57.945,5615.261,5170.928,5616.000,5200.000,1.000,1.000,,,,2,1789739236.984,1,0
2086.071,95.906,98.148,63.000,63.000,62.000,65.000,68.000,67.000,94.000,64.000,100.000,62.000,100.000,62.000,99.031,53.375,35.000,35.000,39.070,38.871,37.402,32.996,48.402,0.098,59.798,5614.123,5209.389,5616.000,5200.000,1.000,1.000,,,,2,1789739237.984,1,0
2087.081,95.930,98.172,62.938,70.000,65.000,77.000,70.000,66.000,97.000,86.000,67.000,62.000,97.000,66.000,96.609,53.312,35.000,35.000,39.074,38.871,37.402,32.996,47.973,0.088,57.913,5614.911,5208.635,5616.000,5200.000,1.000,1.000,,,,2,1789739238.993,1,0
2088.084,96.031,98.273,63.062,96.000,64.000,75.000,70.000,96.000,66.000,68.000,63.000,61.000,98.203,65.000,98.203,53.375,35.000,35.000,39.074,38.871,37.402,32.996,45.959,0.110,57.582,5614.911,5207.806,5616.000,5200.000,1.000,1.000,,,,2,1789739239.995,1,0
2089.094,95.988,98.230,63.062,69.000,72.000,85.000,72.000,65.000,96.000,62.000,66.000,61.000,96.000,70.000,94.688,53.375,35.000,35.000,39.074,38.871,37.402,32.996,48.464,0.099,57.935,5614.736,5205.773,5616.000,5200.000,1.000,1.000,,,,2,1789739241.006,1,0
2090.103,96.078,98.242,63.188,63.000,63.000,63.000,65.000,68.000,69.000,100.000,99.000,68.000,100.000,63.000,97.547,53.438,35.000,35.000,39.074,38.871,37.402,32.996,49.380,0.095,60.137,5656.553,5206.676,5616.000,5200.000,1.000,1.000,,,,2,1789739242.014,1,0
2091.110,95.602,97.766,63.188,74.000,59.000,64.000,62.000,61.000,62.000,60.000,78.000,60.000,80.891,60.000,80.891,53.625,35.000,35.000,39.074,38.871,37.406,32.996,37.205,0.100,51.942,5614.911,5206.751,5616.000,5200.000,1.000,1.000,,,,2,1789739243.022,1,0
2092.111,95.668,97.832,63.062,68.000,86.000,66.000,97.000,64.000,69.000,64.000,69.000,62.000,97.750,68.000,97.750,53.500,35.000,35.000,39.074,38.871,37.406,32.996,47.380,0.085,54.303,5613.422,5208.786,5616.000,5200.000,1.000,1.000,,,,2,1789739244.023,1,0
2093.111,95.695,97.859,62.938,78.000,65.000,67.000,70.000,66.000,70.000,81.000,100.000,63.000,100.000,66.000,96.562,53.438,35.000,35.000,39.078,38.875,37.406,32.996,48.665,0.091,58.722,5614.823,5207.429,5616.000,5200.000,1.000,1.000,,,,2,1789739245.023,1,0
2094.116,95.867,98.164,63.000,65.000,62.000,67.000,69.000,94.000,66.000,100.000,65.000,67.000,100.000,64.000,99.359,53.500,35.000,35.000,39.078,38.871,37.406,32.996,48.627,0.106,60.005,5613.685,5207.505,5616.000,5200.000,1.000,1.000,,,,2,1789739246.028,1,0
2095.124,95.867,98.164,63.188,68.000,66.000,69.000,70.000,66.000,65.000,95.000,93.000,65.000,95.969,67.000,95.969,53.438,35.000,35.000,39.078,38.871,37.410,32.996,47.650,0.091,58.137,5613.335,5208.107,5616.000,5200.000,1.000,1.000,,,,2,1789739247.036,1,0
2096.131,95.398,97.695,63.062,76.000,59.000,62.000,62.000,63.000,62.000,80.000,61.000,63.000,80.922,60.000,80.922,53.562,35.000,35.000,39.078,38.875,37.410,32.996,36.067,0.090,49.626,5614.473,5208.937,5616.000,5200.000,1.000,1.000,,,,2,1789739248.043,1,0
2097.137,95.438,97.734,63.188,97.000,64.000,72.000,69.000,66.000,69.000,65.000,97.000,62.000,97.000,65.000,96.641,53.562,35.000,35.000,39.078,38.875,37.410,32.996,47.500,0.093,55.733,5613.772,5207.806,5616.000,5200.000,1.000,1.000,,,,2,1789739249.049,1,0
2098.143,95.422,97.719,63.062,92.000,67.000,68.000,70.000,70.000,96.000,99.000,71.000,68.000,99.000,67.000,94.969,53.438,35.000,35.000,39.078,38.871,37.406,32.996,57.151,0.150,66.455,5613.685,5208.560,5616.000,5200.000,1.000,1.000,,,,2,1789739250.055,1,0
2099.143,94.977,97.273,63.438,61.000,71.000,61.000,63.000,62.000,73.000,80.000,62.000,63.000,81.156,63.000,81.156,53.562,35.000,35.000,39.078,38.871,37.410,32.996,46.130,0.135,61.283,5657.175,5208.333,5616.000,5200.000,1.000,1.000,,,,2,1789739251.055,1,0
2100.153,94.715,97.012,63.250,71.000,64.000,68.000,69.000,85.000,65.000,65.000,89.000,62.000,89.000,64.000,86.562,53.500,35.000,35.000,39.082,38.871,37.410,32.996,42.699,0.172,51.728,5614.035,5208.409,5616.000,5200.000,1.000,1.000,,,,2,1789739252.065,1,0
2101.160,94.840,97.137,63.312,64.000,62.000,69.000,65.000,100.000,66.000,71.000,97.000,63.000,100.000,62.000,98.812,53.500,35.000,35.000,39.082,38.871,37.410,32.996,47.432,0.103,57.661,5614.035,5208.409,5616.000,5200.000,1.000,1.000,,,,2,1789739253.072,1,0
2102.170,94.723,97.020,63.188,66.000,65.000,90.000,69.000,63.000,91.000,62.000,65.000,61.000,91.031,65.000,91.031,53.562,35.000,35.000,39.082,38.871,37.410,32.996,48.940,0.136,60.190,5614.911,5207.279,5616.000,5200.000,1.000,1.000,,,,2,1789739254.082,1,0
2103.180,94.828,97.125,63.250,66.000,84.000,67.000,70.000,69.000,95.000,66.000,68.000,62.000,98.141,68.000,98.141,53.562,35.000,35.000,39.082,38.875,37.410,32.996,47.306,0.098,57.002,5613.160,5208.484,5616.000,5200.000,1.000,1.000,,,,2,1789739255.093,1,0
2104.181,94.914,97.211,63.250,89.000,83.000,72.000,73.000,67.000,65.000,69.000,63.000,64.000,97.062,68.000,97.062,53.562,35.000,35.000,39.082,38.875,37.414,32.996,47.440,0.104,58.232,5613.772,5209.614,5616.000,5200.000,1.000,1.000,,,,2,1789739256.093,1,0
2105.188,94.910,97.207,63.250,70.000,87.000,69.000,73.000,95.000,66.000,67.000,63.000,62.000,95.000,72.000,94.906,53.562,35.000,35.000,39.082,38.879,37.414,32.996,47.394,0.099,57.274,5613.860,5135.155,5616.000,5200.000,1.000,1.000,,,,2,1789739257.100,1,0
2106.193,95.391,97.844,63.375,71.000,64.000,100.000,89.000,69.000,68.000,63.000,62.000,61.000,100.000,65.000,99.234,53.562,35.000,35.000,39.078,38.867,37.414,32.996,47.715,0.093,58.912,5614.561,5171.596,5616.000,5200.000,1.000,1.000,,,,2,1789739258.105,1,0
2107.203,95.371,97.578,63.375,67.000,65.000,67.000,98.000,65.000,97.000,64.000,69.000,63.000,98.000,64.000,94.828,53.625,35.000,35.000,39.082,38.871,37.414,32.996,47.572,0.104,57.572,5613.947,5209.012,5616.000,5200.000,1.000,1.000,,,,2,1789739259.115,1,0
2108.210,95.855,97.988,63.312,71.000,83.000,68.000,70.000,65.000,68.000,65.000,99.000,62.000,99.000,70.000,97.312,53.562,35.000,35.000,39.082,38.871,37.414,32.996,50.248,0.098,60.411,5614.123,5172.414,5616.000,5200.000,1.000,1.000,,,,2,1789739260.122,1,0
2109.220,95.848,97.766,63.438,71.000,68.000,67.000,73.000,65.000,89.000,64.000,92.000,61.000,95.688,67.000,95.688,53.562,35.000,35.000,39.078,38.867,37.414,32.996,49.327,0.104,59.410,5613.947,5208.409,5616.000,5200.000,1.000,1.000,,,,2,1789739261.132,1,0
2110.223,96.309,98.312,63.438,100.000,66.000,74.000,69.000,66.000,68.000,66.000,99.000,64.000,100.000,66.000,99.078,53.750,35.000,35.000,39.078,38.867,37.414,32.996,49.164,0.098,59.640,5614.298,5209.464,5616.000,5200.000,1.000,1.000,,,,2,1789739262.137,1,0
2111.229,96.234,98.238,63.500,70.000,67.000,67.000,90.000,65.000,65.000,92.000,63.000,64.000,94.031,68.000,94.031,53.688,35.000,35.000,39.078,38.867,37.418,32.996,48.295,0.111,59.508,5658.420,5208.409,5616.000,5200.000,1.000,1.000,,,,2,1789739263.140,1,0
2112.235,95.668,97.672,63.375,64.000,62.000,79.000,64.000,75.000,60.000,61.000,59.000,59.000,79.000,61.000,78.062,53.750,35.000,35.000,39.078,38.871,37.418,32.996,31.270,0.139,43.993,5613.598,5207.279,5616.000,5200.000,1.000,1.000,,,,2,1789739264.148,1,0
2113.235,95.637,97.641,63.375,92.000,64.000,67.000,67.000,67.000,67.000,70.000,97.000,65.000,97.000,64.000,94.734,53.625,35.000,35.000,39.082,38.871,37.418,32.996,46.563,0.114,55.952,5613.598,5171.299,5616.000,5200.000,1.000,1.000,,,,2,1789739265.150,1,0
2114.243,95.609,97.613,63.250,71.000,65.000,91.000,70.000,67.000,87.000,63.000,68.000,61.000,94.766,65.000,94.766,53.500,35.000,35.000,39.082,38.871,37.418,32.996,49.892,0.106,60.432,5613.860,5207.806,5616.000,5200.000,1.000,1.000,,,,2,1789739266.155,1,0
2115.247,95.711,97.715,63.312,66.000,65.000,66.000,68.000,99.000,89.000,74.000,67.000,65.000,99.000,66.000,98.812,53.625,35.000,35.000,39.082,38.871,37.418,32.996,46.885,0.106,58.308,5614.210,5207.429,5616.000,5200.000,1.000,1.000,,,,2,1789739267.160,1,0
2116.251,95.629,97.434,63.375,78.000,82.000,100.000,73.000,67.000,66.000,62.000,62.000,61.000,100.000,70.000,93.109,53.562,35.000,35.000,39.082,38.871,37.422,32.996,44.986,0.115,55.605,5614.385,5171.374,5616.000,5200.000,1.000,1.000,,,,2,1789739268.164,1,0
2117.260,95.590,97.211,63.438,67.000,65.000,69.000,70.000,100.000,68.000,71.000,91.000,63.000,100.000,65.000,94.297,53.688,35.000,35.000,39.086,38.875,37.422,32.996,46.595,0.112,57.521,5614.473,5208.861,5616.000,5200.000,1.000,1.000,,,,2,1789739269.172,1,0
2118.268,95.633,97.164,63.375,77.000,66.000,64.000,69.000,67.000,63.000,90.000,64.000,66.000,96.344,66.000,96.344,53.500,35.000,35.000,39.082,38.871,37.426,32.996,48.923,0.131,60.187,5615.086,5208.183,5616.000,5200.000,1.000,1.000,,,,2,1789739270.180,1,0
2119.276,95.602,97.133,63.375,76.000,70.000,75.000,85.000,65.000,70.000,64.000,91.000,61.000,94.641,69.000,94.641,53.500,35.000,35.000,39.086,38.871,37.426,32.996,47.745,0.104,57.943,5614.648,5207.731,5616.000,5200.000,1.000,1.000,,,,2,1789739271.189,1,0
2120.286,95.691,97.223,63.438,67.000,64.000,89.000,67.000,73.000,68.000,70.000,100.000,65.000,100.000,64.000,97.234,53.500,35.000,35.000,39.086,38.871,37.430,32.996,47.413,0.097,58.061,5615.174,5207.429,5616.000,5200.000,1.000,1.000,,,,2,1789739272.198,1,0
2121.293,96.039,97.770,63.500,91.000,64.000,65.000,68.000,67.000,69.000,70.000,100.000,65.000,100.000,65.000,99.531,53.625,35.000,35.000,39.086,38.871,37.430,32.996,49.391,0.083,60.108,5615.437,5208.560,5616.000,5200.000,1.000,1.000,,,,2,1789739273.205,1,0
2122.298,96.363,98.148,63.625,97.000,66.000,71.000,70.000,68.000,65.000,100.000,66.000,67.000,100.000,66.000,98.641,53.625,35.000,35.000,39.090,38.875,37.430,32.996,50.032,0.090,60.913,5592.494,5171.374,5616.000,5200.000,1.000,1.000,,,,2,1789739274.209,1,0
2123.301,96.434,98.156,63.562,84.000,70.000,73.000,70.000,68.000,70.000,64.000,95.000,62.000,97.594,65.000,97.594,53.812,35.000,35.000,39.090,38.875,37.430,32.996,47.857,0.089,58.176,5614.823,5207.128,5616.000,5200.000,1.000,1.000,,,,2,1789739275.215,1,0
2124.310,96.375,98.098,63.500,84.000,86.000,73.000,74.000,64.000,66.000,64.000,63.000,62.000,94.562,71.000,94.562,53.688,35.000,35.000,39.090,38.875,37.430,32.996,47.987,0.090,58.520,5615.961,5208.409,5616.000,5200.000,1.000,1.000,,,,2,1789739276.222,1,0
2125.312,96.445,98.168,63.500,64.000,62.000,68.000,66.000,75.000,69.000,96.000,100.000,65.000,100.000,63.000,98.234,53.750,35.000,35.000,39.090,38.875,37.434,32.996,47.499,0.100,58.103,5615.524,5208.560,5616.000,5200.000,1.000,1.000,,,,2,1789739277.223,1,0
2126.321,96.562,98.348,63.625,98.000,65.000,71.000,69.000,68.000,63.000,100.000,65.000,68.000,100.000,66.000,98.938,53.750,35.000,35.000,39.090,38.875,37.434,32.996,48.807,0.097,59.301,5614.561,5171.968,5616.000,5200.000,1.000,1.000,,,,2,1789739278.232,1,0
2127.327,96.621,98.406,63.500,68.000,62.000,99.000,70.000,69.000,95.000,63.000,67.000,61.000,99.000,64.000,97.859,53.875,35.000,35.000,39.090,38.875,37.434,32.996,46.974,0.114,57.392,5614.999,5208.560,5616.000,5200.000,1.000,1.000,,,,2,1789739279.243,1,0
2128.328,96.398,98.184,63.562,69.000,65.000,81.000,68.000,81.000,65.000,97.000,66.000,67.000,97.000,64.000,89.531,53.750,35.000,35.000,39.090,38.879,37.438,32.996,45.529,0.177,57.251,5614.561,5209.012,5616.000,5200.000,1.000,1.000,,,,2,1789739280.241,1,0
2129.330,96.344,98.129,63.688,69.000,83.000,71.000,71.000,66.000,68.000,66.000,99.000,63.000,99.000,68.000,94.703,53.812,35.000,35.000,39.090,38.879,37.438,32.996,49.579,0.144,60.076,5613.947,5170.854,5616.000,5200.000,1.000,1.000,,,,2,1789739281.243,1,0
2130.331,96.004,97.789,63.750,77.000,71.000,67.000,67.000,62.000,61.000,60.000,61.000,60.000,85.469,64.000,85.469,53.688,35.000,35.000,39.094,38.879,37.438,32.996,45.652,0.141,60.713,5613.685,5207.429,5616.000,5200.000,1.000,1.000,,,,2,1789739282.245,1,0
2131.336,95.926,97.711,63.625,67.000,64.000,98.000,69.000,100.000,68.000,70.000,68.000,63.000,100.000,64.000,93.453,53.688,35.000,35.000,39.094,38.879,37.438,32.996,41.064,0.132,47.155,5636.714,5208.635,5616.000,5200.000,1.000,1.000,,,,2,1789739283.249,1,0
2132.343,95.969,97.754,63.500,72.000,67.000,100.000,71.000,68.000,65.000,63.000,86.000,61.000,100.000,67.000,97.312,53.688,35.000,35.000,39.098,38.883,37.441,32.996,46.625,0.119,58.074,5635.390,5208.409,5616.000,5200.000,1.000,1.000,,,,2,1789739284.255,1,0
2133.353,96.078,97.863,63.438,71.000,66.000,74.000,70.000,66.000,68.000,78.000,94.000,62.000,99.422,66.000,99.422,53.875,35.000,35.000,39.098,38.883,37.441,32.996,47.714,0.105,58.215,5592.320,5207.806,5616.000,5200.000,1.000,1.000,,,,2,1789739285.265,1,0
2134.354,95.711,97.496,63.625,67.000,64.000,91.000,68.000,68.000,65.000,87.000,65.000,64.000,91.000,64.000,84.344,53.750,35.000,35.000,39.098,38.887,37.441,32.996,50.667,0.200,60.365,5614.298,5172.339,5616.000,5200.000,1.000,1.000,,,,2,1789739286.264,1,0
2135.357,95.418,97.203,63.750,77.000,68.000,77.000,70.000,85.000,66.000,72.000,77.000,64.000,86.438,66.000,86.438,53.688,35.000,35.000,39.102,38.887,37.441,32.996,49.034,0.235,61.636,5613.422,5209.087,5616.000,5200.000,1.000,1.000,,,,2,1789739287.267,1,0
2136.360,95.074,96.859,63.875,68.000,66.000,69.000,70.000,68.000,85.000,65.000,86.000,62.000,86.000,66.000,84.391,53.812,35.000,35.000,39.102,38.895,37.445,32.996,47.506,0.223,59.862,5613.685,5172.637,5616.000,5200.000,1.000,1.000,,,,2,1789739288.271,1,0
2137.364,94.832,96.617,63.812,67.000,64.000,76.000,72.000,67.000,81.000,64.000,75.000,62.000,87.250,64.000,87.250,53.812,35.000,35.000,39.102,38.895,37.445,32.996,45.771,0.201,56.903,5614.473,5209.841,5616.000,5200.000,1.000,1.000,,,,2,1789739289.274,1,0
2138.368,94.539,96.324,63.875,73.000,66.000,70.000,71.000,82.000,69.000,66.000,85.000,62.000,85.484,66.000,85.484,53.812,35.000,35.000,39.102,38.895,37.449,32.996,51.018,0.226,62.116,5613.510,5209.540,5616.000,5200.000,1.000,1.000,,,,2,1789739290.278,1,0
2139.371,94.066,95.852,64.000,75.000,69.000,75.000,71.000,73.000,66.000,75.000,69.000,64.000,79.422,66.000,79.422,53.875,35.000,35.000,39.105,38.898,37.449,32.996,54.323,0.252,65.632,5612.985,5210.143,5616.000,5200.000,1.000,1.000,,,,2,1789739291.283,1,0
2140.376,93.988,95.773,64.062,91.000,66.000,71.000,70.000,73.000,66.000,95.000,66.000,66.000,95.000,66.000,91.547,53.875,35.000,35.000,39.105,38.906,37.453,32.996,45.674,0.204,58.919,5613.072,5171.448,5616.000,5200.000,1.000,1.000,,,,2,1789739292.289,1,0
2141.381,94.074,95.859,64.000,68.000,79.000,68.000,86.000,67.000,79.000,65.000,67.000,62.000,96.781,67.000,96.781,53.938,35.000,35.000,39.109,38.906,37.453,32.996,47.824,0.103,58.483,5635.390,5172.637,5616.000,5200.000,1.000,1.000,,,,2,1789739293.293,1,0
2142.385,94.125,95.910,64.125,70.000,69.000,67.000,96.000,64.000,69.000,64.000,90.000,62.000,96.000,68.000,95.641,53.938,35.000,35.000,39.109,38.906,37.453,32.996,48.071,0.099,59.569,5613.860,5209.012,5616.000,5200.000,1.000,1.000,,,,2,1789739294.298,1,0
2143.390,94.395,96.410,64.188,69.000,64.000,82.000,88.000,80.000,69.000,65.000,71.000,62.000,98.484,65.000,98.484,53.875,35.000,35.000,39.113,38.914,37.457,32.996,48.937,0.096,60.037,5613.335,5210.520,5616.000,5200.000,1.000,1.000,,,,2,1789739295.301,1,0
2144.394,94.711,96.590,64.125,93.000,67.000,68.000,70.000,66.000,69.000,66.000,98.000,63.000,98.000,68.000,95.344,53.938,35.000,35.000,39.113,38.914,37.457,32.996,48.348,0.116,58.469,5614.385,5209.012,5616.000,5200.000,0.000,0.000,,,,2,1789739296.313,1,0
2145.399,94.711,96.590,63.688,57.000,56.000,58.000,56.000,56.000,55.000,57.000,57.000,58.000,59.266,56.000,59.266,53.812,35.000,35.000,39.117,38.918,37.457,32.996,7.652,0.107,27.797,5613.335,5173.009,5616.000,5200.000,0.000,0.000,,,,2,1789739297.316,1,0
2146.399,93.535,95.414,62.750,56.000,55.000,57.000,55.000,55.000,54.000,56.000,55.000,57.000,57.125,55.000,57.125,53.625,35.000,35.000,39.121,38.922,37.465,32.996,3.811,0.083,14.766,5612.985,5207.128,5616.000,5200.000,0.000,0.000,,,,2,1789739298.313,1,0
2147.404,92.375,94.254,62.125,55.000,54.000,56.000,54.000,54.000,53.000,55.000,54.000,56.000,56.453,54.000,56.453,53.188,35.000,35.000,39.121,38.922,37.465,32.996,5.123,0.088,16.538,5613.947,5208.710,5616.000,5200.000,0.000,0.000,,,,2,1789739299.323,1,0
2148.405,91.215,93.094,61.375,54.000,53.000,55.000,53.000,54.000,52.000,55.000,53.000,55.000,55.172,54.000,55.172,52.688,35.000,35.000,39.121,38.926,37.465,32.996,3.786,0.080,14.382,5657.887,5208.786,5616.000,5200.000,0.000,0.000,,,,2,1789739300.324,1,0
2149.410,90.078,91.957,60.812,54.000,53.000,55.000,53.000,53.000,52.000,53.000,53.000,54.000,55.000,53.000,54.875,52.312,35.000,35.000,39.125,38.922,37.465,32.996,3.673,0.079,14.456,5614.210,5170.111,5616.000,5200.000,0.000,0.000,,,,2,1789739301.326,1,0
2150.410,88.957,90.836,60.188,53.000,52.000,53.000,52.000,52.000,51.000,53.000,52.000,54.000,54.219,52.000,54.219,51.688,35.000,35.000,39.125,38.926,37.465,32.996,3.806,0.076,14.206,5613.947,5171.448,5616.000,5200.000,0.000,0.000,,,,2,1789739302.329,1,0
2151.413,87.871,89.750,59.625,53.000,52.000,53.000,52.000,52.000,51.000,53.000,52.000,53.000,54.250,51.000,54.250,51.312,35.000,35.000,39.125,38.922,37.465,32.996,7.105,0.089,17.371,5614.035,5208.409,5616.000,5200.000,0.000,0.000,,,,2,1789739303.332,1,0
2152.418,86.793,88.672,59.062,52.000,51.000,53.000,51.000,51.000,50.000,52.000,51.000,53.000,53.297,50.000,53.297,50.938,35.000,35.000,39.125,38.922,37.469,32.996,6.272,0.087,16.877,5613.598,5209.841,5616.000,5200.000,0.000,0.000,,,,2,1789739304.334,1,0
2153.421,85.723,87.602,58.562,51.000,51.000,52.000,51.000,51.000,50.000,51.000,50.000,53.000,53.000,50.000,52.562,50.375,35.000,35.000,39.125,38.918,37.465,32.996,3.593,0.076,14.187,5614.210,5171.522,5616.000,5200.000,0.000,0.000,,,,2,1789739305.336,1,0
2154.426,84.672,86.551,57.938,51.000,50.000,52.000,50.000,50.000,49.000,51.000,50.000,52.000,52.109,50.000,52.109,50.188,35.000,35.000,39.125,38.914,37.465,32.996,4.182,0.082,14.735,5613.072,5207.655,5616.000,5200.000,0.000,0.000,,,,2,1789739306.341,1,0
2155.431,83.641,85.520,57.375,50.000,49.000,51.000,50.000,50.000,49.000,50.000,49.000,51.000,51.641,49.000,51.641,49.750,35.000,35.000,39.121,38.910,37.465,32.996,3.841,0.081,14.884,5614.648,5207.655,5616.000,5200.000,0.000,0.000,,,,2,1789739307.349,1,0
2156.436,82.621,84.500,57.000,50.000,49.000,50.000,49.000,49.000,48.000,50.000,49.000,51.000,51.062,49.000,51.062,49.500,35.000,35.000,39.121,38.902,37.461,32.996,3.521,0.079,14.684,5614.561,5209.087,5616.000,5200.000,0.000,0.000,,,,2,1789739308.355,1,0
2157.438,81.625,83.504,56.375,50.000,49.000,50.000,49.000,48.000,48.000,50.000,49.000,51.000,51.000,48.000,50.750,49.062,35.000,35.000,39.117,38.895,37.457,32.996,3.438,0.075,14.004,5613.335,5208.560,5616.000,5200.000,0.000,0.000,,,,2,1789739309.355,1,0
2158.443,80.645,82.523,56.125,49.000,48.000,50.000,49.000,49.000,48.000,50.000,49.000,51.000,51.000,48.000,50.203,48.562,35.000,35.000,39.113,38.887,37.453,32.996,3.702,0.084,14.814,5614.648,5209.841,5616.000,5200.000,0.000,0.000,,,,2,1789739310.362,1,0
2159.447,79.691,81.570,55.625,49.000,48.000,49.000,49.000,48.000,47.000,49.000,49.000,50.000,50.141,48.000,50.141,48.438,35.000,35.000,39.109,38.875,37.449,32.996,4.365,0.081,15.293,5614.123,5210.369,5616.000,5200.000,0.000,0.000,,,,2,1789739311.366,1,0
2160.450,78.758,80.637,55.188,49.000,48.000,49.000,49.000,48.000,47.000,49.000,48.000,49.000,49.859,48.000,49.859,48.062,35.000,35.000,39.105,38.863,37.441,32.996,4.701,0.090,15.914,5614.911,5209.163,5616.000,5200.000,0.000,0.000,,,,2,1789739312.368,1,0
2161.453,77.836,79.715,54.812,49.000,47.000,49.000,48.000,48.000,47.000,48.000,47.000,49.000,49.234,47.000,49.234,47.562,35.000,35.000,39.102,38.852,37.438,32.996,3.753,0.077,14.830,5614.035,5209.464,5616.000,5200.000,0.000,0.000,,,,2,1789739313.369,1,0
2162.454,76.934,78.812,54.250,48.000,47.000,48.000,48.000,47.000,46.000,48.000,47.000,49.000,49.000,47.000,49.000,47.500,35.000,35.000,39.094,38.836,37.430,32.996,3.536,0.081,14.322,5614.736,5210.218,5611.000,5196.000,0.000,0.000,,,,2,1789739314.366,1,0
2163.458,76.055,77.934,53.812,48.000,47.000,48.000,48.000,46.000,46.000,48.000,47.000,49.000,49.000,46.000,48.797,47.062,35.000,35.000,39.090,38.820,37.422,32.996,3.437,0.078,14.057,5615.349,5172.414,5550.000,5139.000,0.000,0.000,,,,2,1789739315.376,1,0
2164.462,75.199,77.078,53.500,47.000,47.000,48.000,47.000,46.000,45.000,48.000,47.000,49.000,49.000,46.000,48.641,46.875,35.000,35.000,39.082,38.805,37.414,32.996,3.668,0.079,14.223,5572.928,5154.196,5488.000,5082.000,0.000,0.000,,,,2,1789739316.380,1,0
2165.467,74.359,76.238,53.000,47.000,47.000,47.000,47.000,46.000,45.000,47.000,47.000,48.000,48.328,46.000,48.328,46.625,35.000,35.000,39.074,38.785,37.402,32.996,3.426,0.078,14.159,5508.377,5100.378,5427.000,5025.000,0.000,0.000,,,,2,1789739317.386,1,0
2166.471,73.535,75.414,52.625,47.000,46.000,47.000,46.000,46.000,45.000,47.000,47.000,48.000,48.047,46.000,48.047,46.375,35.000,35.000,39.066,38.770,37.391,32.996,3.487,0.080,13.935,5426.100,5029.057,5365.000,4968.000,0.000,0.000,,,,2,1789739318.390,1,0
2167.476,72.738,74.617,52.312,47.000,46.000,47.000,46.000,45.000,45.000,47.000,46.000,48.000,48.000,45.000,48.000,46.125,35.000,35.000,39.059,38.746,37.375,32.996,3.850,0.078,14.377,5425.936,4961.958,5315.000,4922.000,0.000,0.000,,,,2,1789739319.391,1,0
2168.478,71.961,73.840,52.000,47.000,46.000,47.000,46.000,45.000,44.000,47.000,46.000,47.000,47.906,46.000,47.906,46.000,35.000,35.000,39.047,38.727,37.363,32.996,3.605,0.077,14.269,5366.726,4943.833,5266.000,4876.000,0.000,0.000,,,,2,1789739320.390,1,0
2169.482,71.250,73.129,51.562,46.000,47.000,47.000,47.000,46.000,46.000,47.000,46.000,48.000,49.156,46.000,49.156,45.625,35.000,35.000,39.039,38.703,37.348,32.996,5.822,0.092,16.462,5268.627,4929.211,5216.000,4830.000,0.000,0.000,,,,2,1789739321.393,1,0
2170.487,70.590,72.469,51.438,47.000,47.000,48.000,48.000,47.000,45.000,47.000,46.000,48.000,50.156,46.000,50.156,45.500,35.000,35.000,39.027,38.680,37.332,32.996,7.769,0.108,18.400,5288.363,4831.501,5166.000,4784.000,0.000,0.000,,,,2,1789739322.401,0,0
2171.492,69.867,71.746,51.250,47.000,46.000,47.000,46.000,45.000,44.000,47.000,46.000,48.000,48.000,45.000,47.406,45.250,35.000,35.000,39.016,38.656,37.320,32.996,3.715,0.077,14.069,5213.387,4831.112,5117.000,4738.000,0.000,0.000,,,,2,1789739323.409,0,0
2172.494,69.234,71.113,50.688,48.000,48.000,49.000,58.000,47.000,48.000,47.000,47.000,48.000,58.000,48.000,49.625,45.125,35.000,35.000,39.004,38.633,37.305,32.996,6.601,0.095,16.981,5157.520,4798.784,5067.000,4692.000,0.000,0.000,,,,2,1789739324.411,0,0
2173.495,68.559,70.438,50.688,46.000,45.000,47.000,46.000,45.000,43.000,46.000,46.000,47.000,47.672,45.000,47.672,44.938,35.000,35.000,38.992,38.605,37.285,32.996,5.898,0.088,17.139,5140.360,4723.666,5017.000,4646.000,0.000,0.000,,,,2,1789739325.411,0,0
2174.498,67.887,69.766,50.438,46.000,45.000,46.000,45.000,44.000,43.000,46.000,45.000,47.000,47.000,44.000,46.984,44.875,35.000,35.000,38.980,38.578,37.266,32.996,3.687,0.076,13.893,5050.151,4662.971,4968.000,4600.000,0.000,0.000,,,,2,1789739326.412,0,0
2175.503,67.219,69.098,49.938,45.000,45.000,46.000,45.000,45.000,43.000,45.000,45.000,46.000,46.531,45.000,46.531,44.625,35.000,35.000,38.965,38.551,37.250,32.996,3.738,0.079,14.411,5015.954,4648.520,4918.000,4554.000,0.000,0.000,,,,2,1789739327.417,0,0
2176.507,66.559,68.438,49.812,45.000,45.000,46.000,44.000,44.000,43.000,46.000,44.000,46.000,46.156,44.000,46.156,44.500,35.000,35.000,38.949,38.523,37.230,32.996,3.695,0.085,14.416,4965.312,4575.379,4868.000,4508.000,0.000,0.000,,,,2,1789739328.420,0,0
2177.508,65.926,67.805,49.500,46.000,45.000,47.000,45.000,45.000,43.000,45.000,45.000,46.000,47.000,44.000,46.234,44.312,35.000,35.000,38.938,38.492,37.211,32.996,4.158,0.088,14.750,4915.414,4563.895,4818.000,4462.000,0.000,0.000,,,,2,1789739329.420,0,0
2178.508,65.305,67.184,49.250,46.000,44.000,46.000,45.000,44.000,43.000,45.000,44.000,46.000,46.078,44.000,46.078,44.312,35.000,35.000,38.922,38.465,37.191,32.996,3.871,0.084,14.797,4866.509,4507.381,4777.000,4424.000,0.000,0.000,,,,2,1789739330.420,0,0
2179.510,64.703,66.582,48.875,45.000,44.000,46.000,44.000,44.000,43.000,45.000,44.000,46.000,46.016,44.000,46.016,43.938,35.000,35.000,38.906,38.438,37.168,32.996,3.632,0.077,14.397,4801.344,4465.171,4736.000,4386.000,0.000,0.000,,,,2,1789739331.422,0,0
2180.513,64.117,65.996,48.688,46.000,44.000,47.000,44.000,45.000,43.000,45.000,44.000,46.000,47.000,44.000,46.047,43.812,35.000,35.000,38.891,38.406,37.145,32.996,3.922,0.087,13.887,4786.088,4424.942,4695.000,4348.000,0.000,0.000,,,,2,1789739332.428,0,0
2181.518,63.555,65.434,48.438,46.000,45.000,46.000,44.000,44.000,43.000,45.000,44.000,46.000,46.016,44.000,46.016,43.688,35.000,35.000,38.875,38.375,37.125,32.996,3.771,0.078,14.075,4739.461,4412.306,4654.000,4310.000,0.000,0.000,,,,2,1789739333.430,0,0
2182.521,63.004,64.883,48.188,45.000,45.000,46.000,44.000,44.000,42.000,45.000,44.000,46.000,46.000,44.000,46.000,43.500,35.000,35.000,38.859,38.340,37.102,32.996,4.069,0.082,14.450,4724.782,4335.991,4613.000,4272.000,0.000,0.000,,,,2,1789739334.433,0,0
2183.522,62.469,64.348,47.938,45.000,44.000,46.000,44.000,44.000,42.000,45.000,44.000,46.000,46.000,43.000,45.828,43.438,35.000,35.000,38.844,38.309,37.078,32.996,3.818,0.082,13.921,4664.119,4296.609,4572.000,4234.000,0.000,0.000,,,,2,1789739335.433,0,0
2184.525,61.938,63.816,47.812,44.000,44.000,45.000,43.000,44.000,42.000,45.000,44.000,45.000,45.500,43.000,45.500,43.250,35.000,35.000,38.828,38.277,37.055,32.996,3.516,0.074,14.084,4576.950,4258.087,4531.000,4196.000,0.000,0.000,,,,2,1789739336.438,0,0
2185.525,61.422,63.301,47.500,44.000,44.000,45.000,44.000,44.000,42.000,44.000,44.000,45.000,45.406,43.000,45.406,43.250,35.000,35.000,38.809,38.242,37.031,32.996,3.632,0.075,13.971,4561.928,4222.181,4490.000,4158.000,0.000,0.000,,,,2,1789739337.438,0,0
2186.526,60.910,62.789,47.375,44.000,43.000,45.000,44.000,43.000,42.000,44.000,44.000,45.000,45.047,43.000,45.047,43.000,35.000,35.000,38.793,38.211,37.008,32.996,3.320,0.072,13.784,4519.717,4174.639,4449.000,4120.000,0.000,0.000,,,,2,1789739338.439,0,0
2187.526,60.414,62.293,47.188,44.000,44.000,45.000,44.000,43.000,42.000,44.000,44.000,45.000,45.016,43.000,45.016,42.812,35.000,35.000,38.773,38.180,36.984,32.996,3.503,0.072,13.233,4506.309,4174.494,4408.000,4082.000,0.000,0.000,,,,2,1789739339.439,0,0
2188.527,59.934,61.812,46.938,44.000,43.000,44.000,44.000,44.000,42.000,44.000,44.000,45.000,45.047,43.000,45.047,42.812,35.000,35.000,38.758,38.145,36.957,32.996,3.954,0.081,14.413,4424.507,4127.588,4367.000,4044.000,0.000,0.000,,,,2,1789739340.440,0,0
2189.531,59.453,61.332,46.750,44.000,43.000,45.000,43.000,43.000,42.000,44.000,44.000,45.000,45.000,43.000,44.625,42.750,35.000,35.000,38.738,38.105,36.930,32.996,3.577,0.078,13.588,4425.051,4092.723,4326.000,4006.000,0.000,0.000,,,,2,1789739341.445,0,0
2190.536,58.980,60.859,46.562,44.000,43.000,44.000,43.000,43.000,42.000,44.000,43.000,44.000,44.344,42.000,44.344,42.688,35.000,35.000,38.719,38.074,36.906,32.996,3.368,0.075,13.507,4359.462,4014.407,4285.000,3968.000,0.000,0.000,,,,2,1789739342.454,0,0
2191.536,58.523,60.402,46.438,44.000,43.000,44.000,43.000,43.000,42.000,44.000,43.000,44.000,44.375,42.000,44.375,42.562,35.000,35.000,38.699,38.039,36.883,32.996,3.402,0.075,13.279,4320.743,4003.559,4250.000,3936.000,0.000,0.000,,,,2,1789739343.451,0,0
2192.542,58.090,59.969,46.312,44.000,43.000,44.000,44.000,43.000,42.000,44.000,43.000,45.000,45.000,43.000,44.562,42.438,35.000,35.000,38.680,38.004,36.855,32.996,4.496,0.082,14.092,4270.209,3949.534,4216.000,3904.000,0.000,0.000,,,,2,1789739344.456,0,0
2193.544,57.660,59.539,46.250,44.000,42.000,44.000,43.000,43.000,41.000,44.000,43.000,44.000,44.391,42.000,44.391,42.250,35.000,35.000,38.660,37.969,36.828,32.996,3.681,0.073,14.881,4245.133,3919.093,4181.000,3872.000,0.000,0.000,,,,2,1789739345.460,0,0
2194.549,57.242,59.121,46.062,44.000,43.000,44.000,43.000,43.000,42.000,44.000,43.000,44.000,44.281,42.000,44.281,42.188,35.000,35.000,38.641,37.934,36.801,32.996,3.817,0.080,13.742,4209.542,3877.179,4147.000,3840.000,0.000,0.000,,,,2,1789739346.464,0,0
2195.551,56.832,58.711,45.812,44.000,42.000,44.000,43.000,43.000,42.000,44.000,43.000,44.000,44.109,42.000,44.109,42.125,35.000,35.000,38.621,37.898,36.777,32.996,3.477,0.074,14.037,4148.517,3836.399,4112.000,3808.000,0.000,0.000,,,,2,1789739347.464,0,0
2196.555,56.434,58.312,45.688,44.000,43.000,44.000,43.000,42.000,42.000,44.000,43.000,44.000,44.094,42.000,44.094,41.938,35.000,35.000,38.602,37.863,36.750,32.996,3.474,0.077,13.755,4137.456,3828.077,4078.000,3776.000,0.000,0.000,,,,2,1789739348.468,0,0
2197.559,56.051,57.930,45.625,44.000,43.000,44.000,43.000,43.000,41.000,44.000,43.000,44.000,44.109,42.000,44.109,42.000,35.000,35.000,38.582,37.828,36.723,32.996,4.109,0.079,14.302,4102.377,3777.743,4043.000,3744.000,0.000,0.000,,,,2,1789739349.472,0,0
2198.560,55.691,57.570,45.312,44.000,43.000,44.000,43.000,43.000,42.000,44.000,43.000,44.000,44.641,43.000,44.641,41.875,35.000,35.000,38.559,37.793,36.695,32.996,5.328,0.096,15.885,4068.026,3749.453,4008.000,3712.000,0.000,0.000,,,,2,1789739350.470,0,0
2199.560,55.375,57.254,45.438,44.000,44.000,45.000,44.000,43.000,42.000,44.000,43.000,45.000,45.516,43.000,45.516,41.812,35.000,35.000,38.539,37.754,36.664,32.996,8.919,0.133,19.189,4012.125,3719.969,3974.000,3680.000,0.000,0.000,,,,2,1789739351.471,0,0
2200.565,55.211,56.902,45.375,49.000,47.000,49.000,49.000,46.000,52.000,45.000,44.000,45.000,52.000,47.000,50.125,41.750,35.000,35.000,38.520,37.719,36.637,32.996,10.510,0.141,19.545,3990.777,3692.535,3939.000,3648.000,0.000,0.000,,,,2,1789739352.482,0,0
2201.568,54.898,56.590,45.500,45.000,45.000,46.000,44.000,43.000,42.000,44.000,43.000,45.000,46.000,44.000,45.266,41.688,35.000,35.000,38.496,37.684,36.609,32.996,6.800,0.123,18.597,3958.219,3664.980,3905.000,3616.000,0.000,0.000,,,,2,1789739353.485,0,0
2202.573,54.574,56.266,45.375,44.000,43.000,45.000,43.000,43.000,42.000,44.000,43.000,44.000,45.000,43.000,44.453,41.562,35.000,35.000,38.477,37.648,36.582,32.996,5.962,0.108,17.856,3926.145,3620.674,3870.000,3584.000,0.000,0.000,,,,2,1789739354.490,0,0
2203.573,54.246,55.938,45.125,43.000,43.000,44.000,42.000,42.000,41.000,44.000,43.000,44.000,44.094,42.000,44.094,41.750,35.000,35.000,38.457,37.613,36.551,32.996,3.810,0.084,14.130,3863.822,3612.028,3836.000,3552.000,0.000,0.000,,,,2,1789739355.486,0,0
2204.578,53.926,55.617,45.062,44.000,43.000,44.000,43.000,42.000,42.000,44.000,43.000,44.000,44.047,42.000,44.047,41.562,35.000,35.000,38.434,37.578,36.523,32.996,3.625,0.082,13.683,3833.539,3566.263,3801.000,3520.000,0.000,0.000,,,,2,1789739356.493,0,0
2205.580,53.617,55.309,44.812,43.000,43.000,43.000,42.000,42.000,41.000,43.000,42.000,44.000,44.016,42.000,44.016,41.500,35.000,35.000,38.414,37.543,36.496,32.996,3.306,0.074,13.647,3823.604,3541.355,3767.000,3488.000,0.000,0.000,,,,2,1789739357.496,0,0
2206.580,53.316,55.008,44.688,43.000,42.000,43.000,42.000,42.000,41.000,43.000,42.000,44.000,44.000,42.000,43.969,41.500,35.000,35.000,38.391,37.508,36.469,32.996,3.486,0.075,13.751,3803.607,3498.882,3738.000,3462.000,0.000,0.000,,,,2,1789739358.498,0,0
2207.584,53.023,54.715,44.688,43.000,42.000,43.000,42.000,42.000,41.000,43.000,42.000,43.000,44.000,42.000,44.000,41.250,35.000,35.000,38.371,37.477,36.441,32.996,4.249,0.086,14.585,3764.588,3491.993,3710.000,3436.000,0.000,0.000,,,,2,1789739359.499,0,0
2208.589,52.742,54.434,44.375,43.000,42.000,44.000,42.000,42.000,41.000,43.000,42.000,44.000,44.000,42.000,43.969,41.250,35.000,35.000,38.348,37.441,36.414,32.996,3.785,0.081,13.844,3725.898,3451.615,3682.000,3410.000,0.000,0.000,,,,2,1789739360.503,0,0
2209.590,52.465,54.156,44.312,42.000,42.000,43.000,42.000,42.000,41.000,44.000,42.000,44.000,44.000,42.000,43.906,41.188,35.000,35.000,38.328,37.410,36.387,32.996,3.729,0.077,13.683,3707.060,3426.353,3654.000,3384.000,0.000,0.000,,,,2,1789739361.501,0,0
2210.594,52.191,53.883,44.250,42.000,42.000,43.000,42.000,42.000,41.000,43.000,42.000,44.000,44.000,41.000,43.688,41.125,35.000,35.000,38.305,37.375,36.359,32.996,4.004,0.083,14.387,3670.024,3386.578,3626.000,3358.000,0.000,0.000,,,,2,1789739362.513,0,0
2211.594,51.918,53.523,44.188,43.000,42.000,43.000,43.000,42.000,41.000,43.000,42.000,44.000,44.000,41.000,43.438,40.938,35.000,35.000,38.285,37.340,36.332,32.996,3.532,0.081,13.397,3642.508,3371.007,3598.000,3332.000,0.000,0.000,,,,2,1789739363.513,0,0
2212.599,51.645,53.250,44.125,42.000,42.000,43.000,42.000,42.000,40.000,43.000,42.000,43.000,43.141,42.000,43.141,40.938,35.000,35.000,38.262,37.305,36.305,32.996,3.428,0.078,13.222,3614.639,3355.298,3570.000,3306.000,0.000,0.000,,,,2,1789739364.518,0,0
2213.603,51.375,52.980,44.062,42.000,42.000,43.000,42.000,42.000,41.000,43.000,42.000,43.000,43.047,41.000,43.047,40.938,35.000,35.000,38.242,37.270,36.277,32.996,3.300,0.078,13.250,3561.606,3310.619,3542.000,3280.000,0.000,0.000,,,,2,1789739365.522,0,0
2214.603,51.117,52.723,43.938,42.000,41.000,43.000,42.000,41.000,41.000,42.000,42.000,42.000,43.094,41.000,43.094,40.812,35.000,35.000,38.219,37.234,36.250,32.996,3.281,0.074,13.092,3536.554,3288.122,3514.000,3254.000,0.000,0.000,,,,2,1789739366.521,0,0
2215.608,50.863,52.469,43.750,42.000,41.000,43.000,42.000,42.000,41.000,43.000,42.000,43.000,43.031,41.000,43.031,40.812,35.000,35.000,38.199,37.203,36.223,32.996,3.235,0.073,13.377,3528.201,3266.432,3486.000,3228.000,0.000,0.000,,,,2,1789739367.526,0,0
2216.612,50.703,52.309,43.688,44.000,43.000,43.000,43.000,42.000,41.000,44.000,42.000,43.000,45.766,42.000,45.766,40.812,35.000,35.000,38.176,37.168,36.191,32.996,10.043,0.138,20.500,3502.798,3236.595,3458.000,3202.000,0.000,0.000,,,,2,1789739368.524,0,0
2217.614,50.656,52.098,43.812,48.000,47.000,48.000,49.000,46.000,45.000,55.000,44.000,47.000,55.000,47.000,49.125,40.688,35.000,35.000,38.152,37.137,36.168,32.996,15.236,0.163,23.048,3476.850,3195.285,3430.000,3176.000,0.000,0.000,,,,2,1789739369.526,0,0
2218.618,50.461,51.762,44.125,44.000,43.000,44.000,43.000,43.000,41.000,43.000,43.000,45.000,45.000,42.000,44.500,40.750,35.000,35.000,38.129,37.105,36.137,32.996,9.491,0.134,22.849,3428.310,3181.252,3402.000,3150.000,0.000,0.000,,,,2,1789739370.530,0,0
2219.623,50.270,51.570,43.938,45.000,43.000,44.000,43.000,42.000,42.000,44.000,42.000,44.000,45.000,43.000,44.266,40.875,35.000,35.000,38.105,37.074,36.113,32.996,8.749,0.133,19.314,3428.016,3167.258,3373.000,3124.000,0.000,0.000,,,,2,1789739371.540,0,0
2220.623,50.090,51.391,44.000,43.000,42.000,44.000,43.000,42.000,41.000,43.000,42.000,43.000,44.562,43.000,44.562,40.812,35.000,35.000,38.086,37.043,36.082,32.996,5.949,0.102,17.152,3389.097,3127.281,3345.000,3098.000,0.000,0.000,,,,2,1789739372.534,0,0
2221.626,49.898,51.199,44.062,44.000,42.000,44.000,43.000,42.000,41.000,43.000,42.000,44.000,44.000,42.000,43.969,40.750,35.000,35.000,38.062,37.012,36.059,32.996,4.832,0.096,14.957,3334.383,3114.483,3317.000,3072.000,0.000,0.000,,,,2,1789739373.539,0,0
2222.628,49.719,51.020,43.938,44.000,43.000,44.000,42.000,42.000,41.000,43.000,43.000,44.000,44.156,42.000,44.156,40.750,35.000,35.000,38.043,36.980,36.031,32.996,7.120,0.125,17.708,3319.043,3075.004,3289.000,3046.000,0.000,0.000,,,,2,1789739374.548,0,0
2223.629,49.543,50.844,43.938,43.000,42.000,43.000,42.000,42.000,41.000,43.000,42.000,43.000,44.094,42.000,44.094,40.750,35.000,35.000,38.020,36.949,36.004,32.996,6.554,0.112,17.213,3296.764,3048.755,3261.000,3020.000,0.000,0.000,,,,2,1789739375.541,0,0
2224.629,49.367,50.668,43.875,43.000,43.000,44.000,43.000,42.000,41.000,43.000,42.000,43.000,44.000,42.000,43.938,40.625,35.000,35.000,38.000,36.922,35.977,32.996,5.204,0.103,15.085,3258.951,3005.033,3233.000,2994.000,0.000,0.000,,,,2,1789739376.541,0,0
2225.630,49.199,50.500,43.750,44.000,43.000,44.000,42.000,42.000,41.000,43.000,42.000,44.000,44.000,42.000,43.953,40.688,35.000,35.000,37.977,36.891,35.949,32.996,6.266,0.115,16.770,3216.497,2951.957,3162.000,2928.000,0.000,0.000,,,,2,1789739377.550,0,0
2226.631,49.031,50.332,43.812,43.000,42.000,43.000,43.000,42.000,41.000,43.000,42.000,44.000,44.000,42.000,43.828,40.562,35.000,35.000,37.953,36.863,35.926,32.996,6.119,0.110,16.416,3160.695,2921.698,3090.000,2862.000,0.000,0.000,,,,2,1789739378.544,0,0
2227.631,48.875,50.176,43.625,43.000,43.000,44.000,43.000,43.000,41.000,43.000,42.000,44.000,44.000,42.000,44.000,40.625,35.000,35.000,37.930,36.832,35.898,32.996,6.145,0.103,15.961,3106.608,2847.831,3019.000,2796.000,0.000,0.000,,,,2,1789739379.544,0,0
2228.635,48.723,49.957,43.750,43.000,43.000,43.000,42.000,42.000,41.000,43.000,42.000,44.000,44.000,42.000,43.984,40.562,35.000,35.000,37.910,36.805,35.871,32.996,7.423,0.126,17.835,3023.355,2799.509,2948.000,2730.000,0.000,0.000,,,,2,1789739380.554,0,0
2229.638,48.566,49.801,43.812,42.000,42.000,44.000,43.000,42.000,41.000,43.000,42.000,43.000,44.000,42.000,43.781,40.562,35.000,35.000,37.887,36.773,35.844,32.996,5.438,0.106,15.433,2949.176,2726.942,2877.000,2664.000,0.000,0.000,,,,2,1789739381.551,0,0
2230.642,48.406,49.641,43.688,43.000,42.000,43.000,42.000,42.000,41.000,43.000,42.000,43.000,43.406,42.000,43.406,40.438,35.000,35.000,37.863,36.746,35.820,32.996,5.413,0.108,14.814,2890.104,2681.424,2805.000,2598.000,0.000,0.000,,,,2,1789739382.555,0,0
2231.642,48.266,49.500,43.625,44.000,43.000,44.000,43.000,42.000,41.000,43.000,42.000,44.000,44.000,42.000,43.875,40.500,35.000,35.000,37.844,36.719,35.797,32.996,6.421,0.124,16.668,2839.542,2606.448,2734.000,2532.000,0.000,0.000,,,,2,1789739383.555,0,0
2232.643,48.113,49.348,43.500,43.000,43.000,43.000,42.000,42.000,41.000,43.000,42.000,44.000,44.000,42.000,43.438,40.500,35.000,35.000,37.820,36.691,35.770,32.996,5.427,0.109,15.390,2743.380,2525.146,2663.000,2466.000,0.000,0.000,,,,2,1789739384.557,0,0
2233.647,47.977,49.211,43.500,44.000,43.000,43.000,43.000,42.000,41.000,43.000,42.000,43.000,44.000,42.000,43.766,40.438,35.000,35.000,37.797,36.660,35.746,32.996,5.563,0.107,15.472,2692.515,2494.267,2602.000,2410.000,0.000,0.000,,,,2,1789739385.561,0,0
2234.650,47.840,49.074,43.562,42.000,43.000,43.000,42.000,42.000,41.000,43.000,42.000,44.000,44.000,42.000,43.516,40.500,35.000,35.000,37.777,36.637,35.723,32.996,6.058,0.117,16.090,2620.640,2432.399,2542.000,2354.000,0.000,0.000,,,,2,1789739386.569,0,0
2235.652,47.691,48.926,43.438,42.000,42.000,43.000,43.000,41.000,41.000,42.000,42.000,44.000,44.000,41.000,43.172,40.500,35.000,35.000,37.754,36.609,35.699,32.996,5.249,0.107,15.648,2546.671,2358.985,2481.000,2298.000,0.000,0.000,,,,2,1789739387.565,0,0
2236.655,47.551,48.785,43.438,43.000,42.000,43.000,42.000,43.000,41.000,43.000,42.000,43.000,43.172,42.000,43.172,40.312,35.000,35.000,37.730,36.582,35.672,32.996,5.035,0.102,15.311,2477.206,2295.538,2421.000,2242.000,0.000,0.000,,,,2,1789739388.567,0,0
2237.656,47.430,48.664,43.375,44.000,42.000,44.000,42.000,42.000,41.000,43.000,42.000,43.000,44.000,42.000,43.609,40.312,35.000,35.000,37.707,36.555,35.648,32.996,6.199,0.114,16.180,2420.135,2256.799,2360.000,2186.000,0.000,0.000,,,,2,1789739389.575,0,0
2238.659,47.301,48.473,43.438,42.000,42.000,43.000,42.000,41.000,41.000,43.000,42.000,43.000,43.422,41.000,43.422,40.312,35.000,35.000,37.688,36.527,35.625,32.996,6.488,0.112,16.891,2384.280,2199.588,2300.000,2130.000,0.000,0.000,,,,2,1789739390.572,0,0
2239.662,47.184,48.355,43.250,43.000,43.000,43.000,43.000,42.000,41.000,43.000,42.000,43.000,43.516,42.000,43.516,40.250,35.000,35.000,37.668,36.504,35.602,32.996,5.483,0.104,15.578,2300.996,2141.570,2239.000,2074.000,0.000,0.000,,,,2,1789739391.574,0,0
2240.662,47.094,48.266,43.312,43.000,43.000,43.000,43.000,42.000,41.000,43.000,42.000,43.000,44.250,42.000,44.250,40.250,35.000,35.000,37.645,36.477,35.582,32.996,6.812,0.120,16.492,2248.300,2084.117,2179.000,2018.000,0.000,0.000,,,,2,1789739392.581,0,0
2241.667,46.969,48.141,43.312,43.000,41.000,43.000,42.000,41.000,41.000,43.000,42.000,43.000,43.188,41.000,43.188,40.312,35.000,35.000,37.625,36.453,35.559,32.996,5.329,0.103,16.388,2187.280,2048.854,2118.000,1962.000,0.000,0.000,,,,2,1789739393.579,0,0
2242.669,46.867,48.039,43.188,42.000,42.000,43.000,43.000,41.000,40.000,43.000,42.000,44.000,44.000,41.000,43.609,40.125,35.000,35.000,37.605,36.430,35.539,32.996,5.620,0.110,14.727,2139.304,1975.189,2064.000,1912.000,0.000,0.000,,,,2,1789739394.581,0,0
2243.674,46.758,47.930,43.250,43.000,42.000,43.000,42.000,41.000,41.000,43.000,42.000,43.000,43.406,41.000,43.406,40.312,35.000,35.000,37.582,36.406,35.508,31.996,6.195,0.114,16.587,2083.972,1913.225,2010.000,1862.000,0.000,0.000,,,,2,1789739395.593,0,0
2244.675,46.715,47.887,43.188,43.000,42.000,44.000,43.000,42.000,42.000,43.000,43.000,43.000,45.391,43.000,45.391,40.250,35.000,35.000,37.562,36.383,35.480,31.996,7.450,0.114,15.715,2020.134,1859.888,1956.000,1812.000,0.000,0.000,,,,2,1789739396.588,0,0
2245.678,46.609,47.781,43.250,43.000,43.000,43.000,43.000,41.000,41.000,43.000,42.000,43.000,43.375,42.000,43.375,40.312,35.000,35.000,37.543,36.359,35.453,31.996,5.543,0.107,16.603,1960.283,1820.978,1902.000,1762.000,0.000,0.000,,,,2,1789739397.591,0,0
2246.681,46.516,47.688,43.188,43.000,42.000,43.000,42.000,42.000,41.000,43.000,42.000,44.000,44.000,42.000,43.625,40.250,35.000,35.000,37.520,36.336,35.426,31.996,6.716,0.121,16.981,1919.028,1763.720,1848.000,1712.000,0.000,0.000,,,,2,1789739398.593,0,0
2247.684,46.418,47.590,43.250,43.000,42.000,43.000,42.000,42.000,41.000,43.000,42.000,43.000,43.391,42.000,43.391,40.250,35.000,35.000,37.500,36.312,35.398,31.996,5.690,0.113,16.031,1867.220,1748.982,1836.000,1700.000,0.000,0.000,,,,2,1789739399.595,0,0
2248.688,46.344,47.457,43.312,44.000,43.000,44.000,43.000,42.000,41.000,43.000,42.000,44.000,44.000,43.000,44.000,40.250,35.000,35.000,37.480,36.289,35.371,31.996,7.001,0.114,16.332,1850.519,1738.358,1836.000,1700.000,0.000,0.000,,,,2,1789739400.600,0,0
2249.693,46.266,47.379,43.188,43.000,42.000,43.000,43.000,42.000,41.000,43.000,42.000,43.000,43.781,42.000,43.781,40.188,35.000,35.000,37.461,36.270,35.344,31.996,6.848,0.121,17.671,1843.724,1708.728,1836.000,1700.000,0.000,0.000,,,,2,1789739401.607,0,0
2250.697,46.172,47.285,43.188,42.000,42.000,43.000,42.000,41.000,41.000,43.000,42.000,44.000,44.000,42.000,43.344,40.188,35.000,35.000,37.438,36.246,35.320,31.996,5.528,0.105,16.040,1850.719,1720.093,1836.000,1700.000,0.000,0.000,,,,2,1789739402.610,0,0
2251.702,46.078,47.191,43.125,42.000,42.000,43.000,43.000,42.000,41.000,43.000,42.000,43.000,43.188,42.000,43.188,40.312,35.000,35.000,37.418,36.227,35.293,31.996,5.213,0.101,14.512,1852.843,1704.110,1836.000,1700.000,0.000,0.000,,,,2,1789739403.614,0,0
2252.704,45.992,47.105,43.000,43.000,43.000,43.000,43.000,42.000,41.000,43.000,43.000,43.000,43.297,42.000,43.297,40.188,35.000,35.000,37.398,36.207,35.270,31.996,5.953,0.114,15.797,1832.192,1694.724,1836.000,1700.000,0.000,0.000,,,,2,1789739404.623,0,0
2253.705,45.902,47.016,43.125,44.000,42.000,43.000,42.000,42.000,41.000,42.000,42.000,43.000,44.000,41.000,43.094,40.250,35.000,35.000,37.379,36.188,35.246,31.996,5.184,0.103,15.760,1843.771,1693.958,1836.000,1700.000,0.000,0.000,,,,2,1789739405.620,0,0
2254.705,45.820,46.934,43.062,43.000,43.000,44.000,43.000,42.000,41.000,43.000,42.000,43.000,44.000,42.000,43.344,40.312,35.000,35.000,37.363,36.172,35.219,31.996,4.821,0.097,13.902,1848.429,1694.453,1836.000,1700.000,0.000,0.000,,,,2,1789739406.619,0,0
2255.711,45.742,46.855,42.938,43.000,42.000,43.000,43.000,42.000,41.000,43.000,42.000,43.000,43.266,41.000,43.266,40.125,35.000,35.000,37.344,36.148,35.195,31.996,5.952,0.110,16.007,1838.930,1714.122,1836.000,1700.000,0.000,0.000,,,,2,1789739407.629,0,0
2256.713,45.660,46.773,43.062,42.000,42.000,44.000,42.000,41.000,40.000,43.000,42.000,42.000,44.000,41.000,43.172,40.188,35.000,35.000,37.324,36.133,35.172,31.996,5.201,0.107,15.533,1820.812,1700.174,1836.000,1700.000,0.000,0.000,,,,2,1789739408.626,0,0
2257.716,45.598,46.711,43.000,43.000,42.000,43.000,43.000,41.000,41.000,43.000,42.000,43.000,43.562,42.000,43.562,40.125,35.000,35.000,37.305,36.109,35.148,31.996,5.518,0.102,14.632,1836.669,1688.136,1836.000,1700.000,0.000,0.000,,,,2,1789739409.627,0,0
2258.721,45.539,46.598,42.938,44.000,43.000,44.000,44.000,42.000,41.000,43.000,42.000,44.000,44.000,42.000,43.719,40.250,35.000,35.000,37.285,36.094,35.125,31.996,6.882,0.119,16.611,1836.557,1714.131,1836.000,1700.000,0.000,0.000,,,,2,1789739410.634,0,0
2259.724,45.473,46.531,43.000,42.000,42.000,43.000,43.000,42.000,41.000,43.000,42.000,44.000,44.000,41.000,43.500,40.125,35.000,35.000,37.270,36.078,35.102,31.996,6.632,0.114,17.395,1831.735,1705.854,1836.000,1700.000,0.000,0.000,,,,2,1789739411.637,0,0
2260.725,45.414,46.473,43.000,43.000,42.000,44.000,43.000,42.000,41.000,43.000,42.000,43.000,44.000,42.000,43.516,40.125,35.000,35.000,37.250,36.062,35.078,31.996,5.231,0.100,14.197,1843.800,1698.313,1836.000,1700.000,0.000,0.000,,,,2,1789739412.637,0,0
2261.727,45.348,46.406,43.062,43.000,43.000,43.000,43.000,42.000,41.000,43.000,42.000,43.000,43.359,42.000,43.359,40.125,35.000,35.000,37.230,36.043,35.059,31.996,5.958,0.113,16.083,1837.053,1703.868,1836.000,1700.000,0.000,0.000,,,,2,1789739413.638,0,0
2262.727,45.285,46.344,43.062,42.000,42.000,43.000,43.000,41.000,41.000,43.000,42.000,43.000,43.297,41.000,43.297,40.125,35.000,35.000,37.211,36.023,35.035,31.996,6.069,0.108,16.722,1848.695,1688.666,1836.000,1700.000,0.000,0.000,,,,2,1789739414.640,0,0
2263.730,45.223,46.281,42.875,44.000,42.000,43.000,43.000,42.000,40.000,43.000,42.000,43.000,44.000,42.000,43.312,40.312,35.000,35.000,37.191,36.004,35.012,31.996,4.899,0.096,14.295,1837.091,1694.405,1836.000,1700.000,0.000,0.000,,,,2,1789739415.641,0,0
2264.730,45.160,46.219,42.938,43.000,43.000,43.000,42.000,42.000,41.000,43.000,42.000,43.000,43.188,42.000,43.188,40.250,35.000,35.000,37.172,35.988,34.992,31.996,6.104,0.114,16.123,1830.254,1695.913,1836.000,1700.000,0.000,0.000,,,,2,1789739416.641,0,0
2265.735,45.102,46.160,42.875,42.000,42.000,43.000,43.000,41.000,41.000,43.000,42.000,43.000,43.312,41.000,43.312,40.125,35.000,35.000,37.156,35.969,34.969,31.996,6.257,0.107,16.514,1843.762,1713.959,1836.000,1700.000,0.000,0.000,,,,2,1789739417.648,0,0
