t,TC0E,TC0F,TC0P,TC1C,TC2C,TC3C,TC4C,TC5C,TC6C,TC7C,TC8C,TCGC,TCMX,TCSA,TCXC,TG0P,TGDD,TGDF,Ts0P,Ts0S,Ts1S,Ts2S,PC0R,PG0R,PSTR,F0Ac,F1Ac,F0Tg,F1Tg,F0Md,ioreg.gpu.temp,ioreg.gpu.power,ioreg.gpu.activity,ioreg.gpu.pcipower,sys.wall,sys.speed_limit,sys.on_ac
0.000,82.219,82.734,69.750,73.000,68.000,74.000,70.000,76.000,67.000,66.000,65.000,67.000,77.938,68.000,77.938,58.875,35.000,35.000,35.996,44.316,44.328,41.836,46.928,0.317,50.402,3918.410,3629.947,3932.000,3641.000,0.000,,,,2,1789721627.403,100,1
1.004,82.188,82.703,69.750,71.000,69.000,71.000,72.000,72.000,82.000,68.000,67.000,66.000,82.000,70.000,81.172,58.875,35.000,35.000,35.996,44.316,44.324,41.832,38.135,0.203,5.232,3928.630,3628.996,3932.000,3641.000,0.000,,,,2,1789721628.400,100,1
2.004,82.113,82.629,69.750,71.000,72.000,71.000,70.000,68.000,67.000,67.000,68.000,66.000,79.891,68.000,79.891,58.938,35.000,35.000,35.996,44.312,44.324,41.832,38.794,0.107,39.565,3939.464,3629.362,3933.000,3642.000,0.000,,,,2,1789721629.390,100,1
3.004,81.957,82.473,69.688,68.000,66.000,69.000,70.000,76.000,66.000,67.000,69.000,67.000,77.016,67.000,77.016,59.000,35.000,35.000,35.996,44.312,44.316,41.824,35.582,0.107,53.044,3940.369,3627.789,3931.000,3640.000,0.000,,,,2,1789721630.391,100,1
4.007,81.969,82.484,69.688,70.000,68.000,72.000,73.000,86.000,68.000,70.000,82.000,65.000,86.000,68.000,82.344,58.938,35.000,35.000,35.996,44.312,44.316,41.824,41.862,0.130,52.880,3897.538,3647.158,3931.000,3640.000,0.000,,,,2,1789721631.398,100,1
5.012,82.016,82.531,69.812,70.000,69.000,71.000,73.000,68.000,80.000,67.000,73.000,66.000,83.453,69.000,83.453,58.812,35.000,35.000,35.996,44.312,44.316,41.820,37.107,0.104,54.853,3918.965,3646.640,3932.000,3641.000,0.000,,,,2,1789721632.398,100,1
6.015,82.098,82.723,69.750,86.000,69.000,72.000,72.000,74.000,68.000,69.000,67.000,66.000,86.000,68.000,83.688,58.875,35.000,35.000,35.996,44.312,44.309,41.816,38.821,0.108,54.853,3939.248,3629.508,3930.000,3639.000,0.000,,,,2,1789721633.399,100,1
7.015,82.438,83.203,69.688,84.000,69.000,87.000,73.000,73.000,70.000,70.000,68.000,66.000,87.000,69.000,84.484,58.938,35.000,35.000,35.996,44.309,44.305,41.812,42.551,0.112,55.634,3939.895,3647.417,3930.000,3639.000,0.000,,,,2,1789721634.401,100,1
8.020,83.566,84.594,69.750,71.000,84.000,70.000,73.000,68.000,68.000,67.000,71.000,66.000,86.953,72.000,86.953,58.938,35.000,35.000,35.996,44.305,44.301,41.812,39.592,0.117,65.020,3939.852,3630.496,3929.000,3638.000,0.000,,,,2,1789721635.407,100,1
9.023,84.590,85.824,69.750,71.000,69.000,70.000,91.000,68.000,69.000,67.000,66.000,66.000,91.000,69.000,87.672,58.938,35.000,35.000,35.996,44.305,44.297,41.809,37.850,0.083,50.110,3950.010,3646.899,3927.000,3637.000,0.000,,,,2,1789721636.410,100,1
10.028,85.836,87.316,69.625,71.000,67.000,98.000,71.000,70.000,68.000,66.000,67.000,66.000,98.000,68.000,89.562,58.875,35.000,35.000,35.996,44.305,44.289,41.801,38.276,0.086,52.006,3939.636,3647.564,3925.000,3635.000,0.000,,,,2,1789721637.414,100,1
11.030,85.777,87.113,69.438,85.000,69.000,71.000,74.000,71.000,69.000,69.000,66.000,66.000,85.000,69.000,83.969,58.812,35.000,35.000,35.996,44.301,44.281,41.797,37.756,0.091,52.663,3917.472,3646.788,3923.000,3633.000,0.000,,,,2,1789721638.415,100,1
12.034,86.023,87.297,69.562,71.000,69.000,72.000,73.000,71.000,69.000,68.000,88.000,66.000,88.000,69.000,86.766,58.812,35.000,35.000,35.996,44.297,44.273,41.793,37.563,0.085,53.056,3917.770,3628.703,3921.000,3631.000,0.000,,,,2,1789721639.422,100,1
13.035,86.195,87.395,69.562,71.000,81.000,70.000,73.000,69.000,72.000,68.000,68.000,66.000,86.719,71.000,86.719,58.875,35.000,35.000,35.996,44.293,44.270,41.789,37.234,0.089,53.256,3918.239,3628.776,3920.000,3630.000,0.000,,,,2,1789721640.423,100,1
14.040,86.328,87.516,69.250,75.000,70.000,81.000,73.000,69.000,68.000,66.000,84.000,65.000,87.391,70.000,87.391,58.812,35.000,35.000,35.996,44.293,44.262,41.789,37.462,0.101,51.880,3918.026,3628.557,3918.000,3628.000,0.000,,,,2,1789721641.427,100,1
15.044,86.457,87.680,69.312,70.000,68.000,72.000,73.000,69.000,86.000,69.000,67.000,66.000,88.016,68.000,88.016,58.875,35.000,35.000,35.996,44.289,44.250,41.781,36.728,0.087,52.568,3918.538,3630.020,3915.000,3625.000,0.000,,,,2,1789721642.431,100,1
16.045,86.449,87.672,69.062,70.000,69.000,72.000,86.000,69.000,69.000,71.000,67.000,66.000,86.312,69.000,86.312,58.812,35.000,35.000,35.996,44.281,44.238,41.781,37.036,0.092,52.394,3918.751,3648.673,3910.000,3621.000,0.000,,,,2,1789721643.434,100,1
17.045,86.324,87.547,69.250,84.000,69.000,72.000,73.000,68.000,68.000,67.000,66.000,65.000,84.000,68.000,82.453,58.812,35.000,35.000,35.996,44.277,44.227,41.773,39.846,0.107,51.566,3908.837,3628.812,3907.000,3618.000,0.000,,,,2,1789721644.434,100,1
18.050,86.184,87.406,69.250,72.000,69.000,72.000,72.000,78.000,85.000,69.000,68.000,66.000,85.000,69.000,81.781,58.750,35.000,35.000,35.996,44.273,44.219,41.770,41.090,0.113,56.669,3908.116,3620.565,3905.000,3616.000,0.000,,,,2,1789721645.436,100,1
19.051,86.035,87.258,69.250,74.000,69.000,72.000,73.000,83.000,68.000,66.000,71.000,65.000,83.000,69.000,81.391,58.688,35.000,35.000,35.996,44.270,44.211,41.766,35.276,0.104,56.170,3907.268,3619.873,3903.000,3614.000,0.000,,,,2,1789721646.437,100,1
20.055,85.957,87.180,69.188,69.000,68.000,71.000,71.000,68.000,92.000,68.000,68.000,66.000,92.000,68.000,83.516,58.688,35.000,35.000,35.996,44.266,44.207,41.762,38.109,0.120,49.933,3907.734,3620.383,3902.000,3613.000,0.000,,,,2,1789721647.449,100,1
21.058,86.156,87.496,69.188,74.000,69.000,74.000,73.000,70.000,69.000,68.000,92.000,66.000,92.000,69.000,88.562,58.500,35.000,35.000,35.996,44.258,44.191,41.758,40.824,0.110,53.431,3929.874,3603.928,3896.000,3608.000,0.000,,,,2,1789721648.446,100,1
22.061,86.098,87.305,69.188,69.000,67.000,87.000,70.000,68.000,68.000,67.000,75.000,65.000,87.000,68.000,84.297,58.750,35.000,35.000,35.996,44.250,44.176,41.754,36.669,0.107,56.621,3907.649,3603.171,3891.000,3603.000,0.000,,,,2,1789721649.450,100,1
23.061,85.984,87.191,69.188,87.000,69.000,77.000,75.000,68.000,68.000,70.000,66.000,65.000,87.000,70.000,82.516,58.562,35.000,35.000,35.996,44.242,44.164,41.754,37.936,0.110,51.214,3918.751,3585.836,3886.000,3599.000,0.000,,,,2,1789721650.448,100,1
24.066,85.898,87.105,69.062,74.000,68.000,75.000,73.000,71.000,81.000,73.000,67.000,67.000,83.297,69.000,83.297,58.688,35.000,35.000,35.996,44.234,44.152,41.750,40.317,0.110,53.605,3886.766,3621.767,3883.000,3596.000,0.000,,,,2,1789721651.453,100,1
25.069,85.684,86.891,69.250,69.000,67.000,81.000,70.000,70.000,67.000,67.000,67.000,64.000,81.000,67.000,78.938,58.625,35.000,35.000,35.996,44.227,44.141,41.746,39.294,0.120,57.435,3907.819,3560.479,3879.000,3592.000,0.000,,,,2,1789721652.456,100,1
26.072,85.492,86.699,69.250,76.000,69.000,90.000,76.000,70.000,69.000,67.000,66.000,65.000,90.000,70.000,79.531,58.438,35.000,35.000,35.996,44.223,44.137,41.746,35.414,0.115,53.274,3907.183,3595.146,3878.000,3591.000,0.000,,,,2,1789721653.460,100,1
27.077,85.348,86.555,69.125,76.000,79.000,74.000,75.000,71.000,69.000,69.000,67.000,66.000,80.906,71.000,80.906,58.562,35.000,35.000,35.996,44.219,44.133,41.746,37.072,0.116,51.022,3864.403,3559.247,3877.000,3590.000,0.000,,,,2,1789721654.464,100,1
28.082,85.211,86.418,69.125,69.000,67.000,82.000,71.000,69.000,67.000,69.000,67.000,66.000,82.000,67.000,80.953,58.562,35.000,35.000,35.996,44.215,44.125,41.742,36.677,0.125,53.343,3865.938,3594.967,3873.000,3587.000,0.000,,,,2,1789721655.468,100,1
29.086,84.941,86.148,69.062,69.000,67.000,73.000,70.000,78.000,66.000,68.000,65.000,65.000,78.000,67.000,76.656,58.562,35.000,35.000,35.996,44.207,44.121,41.742,36.194,0.121,51.514,3865.274,3585.907,3872.000,3586.000,0.000,,,,2,1789721656.472,100,1
30.088,84.715,85.922,69.000,70.000,66.000,78.000,72.000,69.000,66.000,68.000,66.000,66.000,78.000,66.000,77.625,58.500,35.000,35.000,35.996,44.203,44.113,41.738,39.488,0.124,52.239,3875.844,3594.500,3870.000,3584.000,0.000,,,,2,1789721657.474,100,1
31.089,84.535,85.742,69.062,71.000,68.000,71.000,76.000,67.000,68.000,66.000,65.000,66.000,79.016,67.000,79.016,58.562,35.000,35.000,35.996,44.195,44.105,41.738,35.423,0.110,55.327,3886.682,3594.177,3868.000,3582.000,0.000,,,,2,1789721658.475,100,1
32.092,84.316,85.523,68.938,74.000,80.000,70.000,71.000,70.000,68.000,67.000,66.000,66.000,80.000,70.000,77.547,58.562,35.000,35.000,35.996,44.188,44.098,41.738,35.797,0.126,50.394,3866.187,3587.301,3865.000,3579.000,0.000,,,,2,1789721659.481,100,1
33.095,84.172,85.379,68.875,70.000,69.000,72.000,71.000,79.000,68.000,81.000,80.000,66.000,81.000,68.000,79.688,58.562,35.000,35.000,35.996,44.184,44.098,41.734,40.941,0.134,52.577,3876.177,3585.800,3865.000,3579.000,0.000,,,,2,1789721660.481,100,1
34.095,84.090,85.297,69.125,71.000,69.000,74.000,71.000,85.000,70.000,69.000,67.000,67.000,85.000,69.000,81.484,58.438,35.000,35.000,35.996,44.176,44.094,41.730,43.302,0.143,59.695,3865.025,3567.677,3864.000,3578.000,0.000,,,,2,1789721661.482,100,1
35.095,83.895,85.102,69.188,74.000,67.000,73.000,71.000,69.000,68.000,70.000,74.000,66.000,77.812,67.000,77.812,58.500,35.000,35.000,35.996,44.168,44.086,41.730,36.285,0.128,55.531,3864.568,3568.561,3862.000,3576.000,0.000,,,,2,1789721662.482,100,1
36.099,83.680,84.887,69.062,69.000,67.000,70.000,76.000,70.000,66.000,66.000,65.000,66.000,77.141,67.000,77.141,58.562,35.000,35.000,35.996,44.160,44.082,41.730,38.562,0.127,52.598,3865.440,3568.136,3861.000,3575.000,0.000,,,,2,1789721663.485,100,1
37.103,83.543,84.750,69.250,71.000,68.000,72.000,71.000,71.000,68.000,69.000,74.000,66.000,79.234,67.000,79.234,58.562,35.000,35.000,35.996,44.156,44.078,41.727,36.690,0.134,54.649,3854.844,3568.950,3858.000,3573.000,0.000,,,,2,1789721664.489,100,1
38.103,83.363,84.570,69.062,79.000,74.000,78.000,79.000,77.000,75.000,73.000,76.000,68.000,79.000,70.000,77.781,58.500,35.000,35.000,35.996,44.148,44.074,41.727,41.952,0.153,52.628,3854.472,3568.419,3857.000,3572.000,0.000,,,,2,1789721665.490,100,1
39.104,83.184,84.391,69.188,75.000,73.000,80.000,74.000,81.000,73.000,73.000,72.000,68.000,81.000,69.000,77.625,58.500,35.000,35.000,35.996,44.145,44.078,41.727,40.120,0.155,58.266,3854.183,3567.535,3859.000,3574.000,0.000,,,,2,1789721666.491,100,1
40.108,83.117,84.324,69.375,71.000,68.000,74.000,72.000,81.000,68.000,68.000,65.000,65.000,81.016,68.000,81.016,58.562,35.000,35.000,35.996,44.141,44.082,41.723,38.153,0.135,55.929,3844.100,3585.193,3861.000,3575.000,0.000,,,,2,1789721667.495,100,1
41.111,83.219,84.426,69.375,72.000,69.000,82.000,70.000,73.000,68.000,68.000,65.000,65.000,86.344,68.000,86.344,58.562,35.000,35.000,35.996,44.137,44.082,41.723,39.187,0.132,53.148,3854.431,3585.943,3862.000,3576.000,0.000,,,,2,1789721668.496,100,1
42.111,83.496,84.668,69.250,79.000,69.000,89.000,73.000,68.000,68.000,66.000,65.000,66.000,89.000,70.000,84.328,58.688,35.000,35.000,35.996,44.133,44.078,41.723,36.864,0.145,55.171,3886.094,3557.804,3859.000,3574.000,0.000,,,,2,1789721669.499,100,1
43.114,83.676,84.820,69.438,77.000,81.000,78.000,76.000,72.000,71.000,69.000,68.000,66.000,84.594,72.000,84.594,58.625,35.000,35.000,35.996,44.125,44.078,41.723,40.647,0.131,54.620,3853.606,3584.372,3861.000,3575.000,0.000,,,,2,1789721670.501,100,1
44.118,84.621,85.938,69.500,72.000,68.000,77.000,84.000,76.000,70.000,69.000,67.000,66.000,87.469,69.000,87.469,58.750,35.000,35.000,35.996,44.121,44.078,41.723,39.138,0.149,54.608,3853.441,3566.935,3861.000,3575.000,0.000,,,,2,1789721671.506,100,1
45.122,84.441,85.625,69.500,73.000,70.000,81.000,72.000,70.000,70.000,69.000,71.000,67.000,81.000,68.000,78.953,58.688,35.000,35.000,35.996,44.117,44.074,41.723,38.162,0.142,54.991,3884.040,3584.872,3859.000,3574.000,0.000,,,,2,1789721672.508,100,1
46.127,84.234,85.418,69.375,70.000,68.000,71.000,70.000,69.000,78.000,68.000,67.000,67.000,78.000,68.000,77.734,58.750,35.000,35.000,35.996,44.113,44.078,41.723,36.946,0.146,54.840,3843.033,3585.122,3861.000,3575.000,0.000,,,,2,1789721673.513,100,1
47.129,84.035,85.219,69.375,69.000,68.000,70.000,70.000,69.000,67.000,76.000,66.000,66.000,77.859,67.000,77.859,58.750,35.000,35.000,35.996,44.113,44.078,41.723,37.814,0.154,52.956,3854.018,3602.774,3861.000,3575.000,0.000,,,,2,1789721674.518,100,1
48.129,83.906,85.090,69.250,76.000,68.000,72.000,80.000,67.000,68.000,67.000,65.000,64.000,80.031,68.000,80.031,58.750,35.000,35.000,35.996,44.105,44.074,41.719,35.501,0.145,52.934,3844.183,3603.351,3859.000,3574.000,0.000,,,,2,1789721675.518,100,1
49.132,83.988,85.172,69.125,89.000,70.000,74.000,74.000,68.000,69.000,67.000,66.000,65.000,89.000,70.000,86.359,58.688,35.000,35.000,35.996,44.102,44.082,41.723,37.443,0.138,52.151,3842.951,3585.514,3863.000,3577.000,0.000,,,,2,1789721676.519,100,1
50.136,84.422,85.879,69.250,71.000,68.000,78.000,71.000,73.000,83.000,68.000,67.000,65.000,88.328,68.000,88.328,58.750,35.000,35.000,35.996,44.098,44.082,41.719,37.527,0.144,52.260,3862.827,3584.515,3863.000,3577.000,0.000,,,,2,1789721677.523,100,1
51.139,84.379,85.688,69.375,72.000,71.000,73.000,80.000,71.000,69.000,68.000,66.000,66.000,83.109,69.000,83.109,58.625,35.000,35.000,35.996,44.098,44.086,41.719,38.418,0.166,54.811,3843.567,3584.551,3865.000,3579.000,0.000,,,,2,1789721678.528,100,1
52.144,84.406,85.637,69.188,74.000,72.000,75.000,75.000,74.000,70.000,68.000,83.000,66.000,84.906,71.000,84.906,58.625,35.000,35.000,35.996,44.094,44.086,41.723,38.073,0.169,54.494,3863.449,3567.712,3865.000,3579.000,0.000,,,,2,1789721679.532,100,1
53.145,84.363,85.594,69.250,72.000,71.000,74.000,75.000,71.000,82.000,72.000,67.000,67.000,83.031,70.000,83.031,58.688,35.000,35.000,35.996,44.090,44.090,41.719,37.899,0.169,53.386,3863.780,3593.819,3866.000,3580.000,0.000,,,,2,1789721680.533,100,1
54.146,84.484,85.816,69.312,73.000,81.000,75.000,73.000,70.000,76.000,67.000,68.000,65.000,86.734,71.000,86.734,58.812,35.000,35.000,35.996,44.090,44.090,41.719,38.432,0.167,53.973,3852.451,3593.783,3867.000,3581.000,0.000,,,,2,1789721681.532,100,1
55.150,84.621,86.012,69.375,74.000,72.000,78.000,73.000,85.000,70.000,70.000,68.000,66.000,86.547,69.000,86.547,58.812,35.000,35.000,35.996,44.086,44.094,41.723,40.097,0.171,55.903,3863.117,3585.622,3868.000,3582.000,0.000,,,,2,1789721682.537,100,1
56.153,85.074,86.461,69.250,73.000,69.000,74.000,93.000,69.000,70.000,68.000,66.000,66.000,93.000,69.000,86.438,58.812,35.000,35.000,35.996,44.078,44.086,41.723,37.000,0.167,54.463,3884.962,3585.586,3866.000,3580.000,0.000,,,,2,1789721683.540,100,1
57.154,84.941,86.191,69.250,77.000,69.000,73.000,73.000,87.000,68.000,68.000,66.000,66.000,87.000,69.000,80.844,58.812,35.000,35.000,35.996,44.078,44.090,41.723,36.416,0.173,53.221,3862.868,3559.106,3867.000,3581.000,0.000,,,,2,1789721684.541,100,1
58.154,84.887,86.012,69.250,76.000,71.000,73.000,76.000,70.000,70.000,67.000,87.000,66.000,87.000,70.000,83.188,58.750,35.000,35.000,35.996,44.074,44.090,41.723,38.344,0.179,53.233,3863.656,3567.465,3868.000,3582.000,0.000,,,,2,1789721685.542,100,1
59.155,85.859,87.164,69.188,73.000,69.000,95.000,75.000,71.000,72.000,68.000,68.000,65.000,95.000,69.000,88.781,58.812,35.000,35.000,35.996,44.070,44.086,41.723,39.158,0.187,54.521,3863.946,3585.193,3866.000,3580.000,0.000,,,,2,1789721686.542,100,1
60.157,85.715,86.887,69.312,69.000,67.000,70.000,70.000,69.000,67.000,81.000,65.000,66.000,81.234,67.000,81.234,58.812,35.000,35.000,35.996,44.066,44.086,41.727,38.485,0.196,55.558,3853.688,3593.173,3867.000,3581.000,0.000,,,,2,1789721687.545,100,1
61.160,85.613,86.785,69.375,79.000,68.000,74.000,71.000,75.000,68.000,69.000,66.000,66.000,82.531,68.000,82.531,58.750,35.000,35.000,35.996,44.062,44.090,41.727,41.620,0.208,56.919,3863.158,3594.644,3868.000,3582.000,0.000,,,,2,1789721688.550,100,1
62.165,85.492,86.664,69.500,71.000,69.000,86.000,76.000,72.000,70.000,68.000,67.000,66.000,86.000,69.000,81.719,58.938,35.000,35.000,35.996,44.059,44.086,41.727,36.532,0.190,55.119,3862.785,3584.622,3867.000,3581.000,0.000,,,,2,1789721689.552,100,1
63.169,85.383,86.555,69.312,73.000,81.000,73.000,76.000,71.000,70.000,70.000,67.000,66.000,82.031,71.000,82.031,58.938,35.000,35.000,35.996,44.055,44.090,41.727,41.203,0.209,56.275,3842.254,3567.111,3869.000,3583.000,0.000,,,,2,1789721690.556,100,1
64.173,86.059,87.316,69.438,74.000,70.000,74.000,85.000,98.000,71.000,71.000,68.000,66.000,98.000,70.000,88.094,58.812,35.000,35.000,35.996,44.051,44.086,41.727,38.975,0.197,54.859,3884.082,3566.652,3867.000,3581.000,0.000,,,,2,1789721691.561,100,1
65.177,86.484,87.746,69.438,72.000,69.000,91.000,73.000,77.000,70.000,70.000,68.000,66.000,91.000,69.000,87.766,58.938,35.000,35.000,35.996,44.047,44.082,41.730,40.860,0.217,55.410,3862.910,3566.687,3866.000,3580.000,0.000,,,,2,1789721692.564,100,1
66.180,87.238,88.602,69.625,75.000,69.000,81.000,80.000,72.000,69.000,68.000,67.000,67.000,89.500,70.000,89.500,58.938,35.000,35.000,35.996,44.043,44.086,41.730,40.126,0.214,57.327,3862.702,3567.147,3868.000,3582.000,0.000,,,,2,1789721693.566,100,1
67.184,87.309,88.621,69.562,77.000,81.000,74.000,73.000,69.000,69.000,68.000,74.000,67.000,88.172,71.000,88.172,59.125,35.000,35.000,35.996,44.039,44.078,41.730,38.454,0.198,55.751,3862.122,3576.502,3865.000,3579.000,0.000,,,,2,1789721694.572,100,1
68.186,87.965,89.344,69.500,95.000,70.000,75.000,73.000,69.000,69.000,67.000,67.000,66.000,95.000,70.000,89.938,59.188,35.000,35.000,35.996,44.035,44.082,41.734,39.262,0.210,54.957,3861.915,3567.500,3867.000,3581.000,0.000,,,,2,1789721695.573,100,1
69.191,87.859,89.238,69.625,73.000,84.000,72.000,74.000,68.000,68.000,68.000,67.000,66.000,84.703,73.000,84.703,59.062,35.000,35.000,35.996,44.035,44.086,41.734,39.648,0.236,55.914,3863.863,3576.183,3868.000,3582.000,0.000,,,,2,1789721696.579,100,1
70.195,87.816,89.055,69.625,71.000,70.000,72.000,73.000,69.000,93.000,67.000,68.000,66.000,93.000,71.000,86.406,59.000,35.000,35.000,34.996,44.027,44.082,41.730,38.886,0.206,55.780,3862.868,3576.254,3867.000,3581.000,0.000,,,,2,1789721697.581,100,1
71.195,87.805,88.922,69.562,94.000,72.000,75.000,75.000,70.000,68.000,67.000,66.000,66.000,94.000,72.000,87.484,59.125,35.000,35.000,35.996,44.027,44.086,41.730,39.034,0.218,54.625,3862.205,3583.124,3869.000,3583.000,0.000,,,,2,1789721698.581,100,1
72.195,87.855,88.941,69.562,72.000,81.000,81.000,74.000,69.000,69.000,67.000,66.000,66.000,88.656,71.000,88.656,59.062,35.000,35.000,34.996,44.023,44.086,41.723,40.042,0.229,56.366,3862.785,3568.632,3869.000,3583.000,0.000,,,,2,1789721699.583,100,1
73.199,88.629,89.836,69.562,74.000,70.000,76.000,74.000,100.000,71.000,72.000,68.000,66.000,100.000,70.000,90.953,59.125,35.000,35.000,35.996,44.023,44.090,41.727,40.247,0.211,56.875,3883.034,3568.313,3871.000,3585.000,0.000,,,,2,1789721700.585,100,1
74.201,88.578,89.664,69.562,70.000,69.000,69.000,71.000,69.000,70.000,67.000,95.000,66.000,95.000,68.000,87.031,59.062,35.000,35.000,34.996,44.023,44.090,41.723,39.229,0.226,55.830,3883.118,3593.388,3871.000,3585.000,0.000,,,,2,1789721701.587,100,1
75.201,88.539,89.520,69.562,73.000,69.000,74.000,73.000,72.000,73.000,71.000,85.000,68.000,87.328,70.000,87.328,59.188,35.000,35.000,35.996,44.020,44.098,41.727,37.263,0.205,53.877,3882.992,3558.895,3875.000,3588.000,0.000,,,,2,1789721702.589,100,1
76.203,88.543,89.523,69.500,76.000,70.000,76.000,82.000,72.000,69.000,69.000,68.000,66.000,88.688,70.000,88.688,59.312,35.000,35.000,34.996,44.020,44.098,41.719,37.569,0.215,54.227,3862.578,3593.424,3875.000,3588.000,0.000,,,,2,1789721703.590,100,1
77.204,88.562,89.543,69.562,72.000,70.000,72.000,93.000,68.000,70.000,67.000,67.000,66.000,93.000,70.000,89.062,59.250,35.000,35.000,35.996,44.016,44.098,41.727,37.859,0.219,54.154,3861.998,3584.194,3875.000,3588.000,0.000,,,,2,1789721704.591,100,1
78.208,88.555,89.535,69.625,80.000,70.000,74.000,73.000,71.000,69.000,83.000,67.000,68.000,88.375,70.000,88.375,59.125,35.000,35.000,35.996,44.008,44.094,41.727,37.739,0.230,54.130,3863.034,3566.899,3873.000,3587.000,0.000,,,,2,1789721705.597,100,1
79.212,88.473,89.453,69.438,71.000,85.000,72.000,73.000,68.000,68.000,68.000,69.000,67.000,85.969,73.000,85.969,59.188,35.000,35.000,34.996,44.008,44.098,41.727,38.498,0.225,55.674,3861.335,3567.323,3876.000,3589.000,0.000,,,,2,1789721706.599,100,1
80.214,88.504,89.484,69.312,76.000,69.000,98.000,74.000,72.000,70.000,68.000,68.000,66.000,98.000,70.000,89.297,59.312,35.000,35.000,34.996,44.004,44.102,41.719,38.460,0.244,54.289,3861.915,3566.369,3877.000,3590.000,0.000,,,,2,1789721707.601,100,1
81.216,88.473,89.453,69.438,78.000,83.000,76.000,74.000,70.000,70.000,68.000,67.000,66.000,87.625,73.000,87.625,59.188,35.000,35.000,34.996,44.004,44.105,41.715,37.970,0.227,55.269,3883.286,3594.177,3879.000,3592.000,0.000,,,,2,1789721708.602,100,1
82.219,88.520,89.500,69.312,72.000,69.000,74.000,93.000,71.000,70.000,69.000,67.000,66.000,93.000,69.000,89.969,59.375,35.000,35.000,34.996,44.004,44.105,41.711,38.125,0.240,54.719,3862.495,3584.479,3879.000,3592.000,0.000,,,,2,1789721709.605,100,1
83.222,88.383,89.363,69.375,73.000,70.000,80.000,74.000,71.000,69.000,69.000,82.000,66.000,84.094,71.000,84.094,59.125,35.000,35.000,34.996,44.004,44.109,41.707,37.642,0.255,54.863,3882.197,3602.342,3881.000,3594.000,0.000,,,,2,1789721710.612,100,1
84.224,88.309,89.289,69.562,71.000,69.000,73.000,86.000,70.000,74.000,69.000,68.000,67.000,86.062,69.000,86.062,59.250,35.000,35.000,34.996,44.000,44.113,41.703,38.848,0.268,55.756,3862.039,3576.183,3882.000,3595.000,0.000,,,,2,1789721711.613,100,1
85.229,88.164,89.145,69.562,73.000,72.000,73.000,73.000,92.000,69.000,69.000,67.000,66.000,92.000,72.000,83.672,59.188,35.000,35.000,35.996,44.000,44.121,41.707,37.981,0.272,54.883,3882.239,3620.128,3885.000,3598.000,0.000,,,,2,1789721712.616,100,1
86.232,88.156,89.137,69.438,74.000,69.000,76.000,74.000,71.000,69.000,89.000,67.000,68.000,89.000,70.000,87.844,59.188,35.000,35.000,35.996,43.996,44.117,41.711,38.946,0.276,55.180,3882.992,3593.819,3884.000,3597.000,0.000,,,,2,1789721713.619,100,1
87.236,88.102,89.082,69.562,76.000,82.000,72.000,73.000,68.000,70.000,69.000,68.000,66.000,86.469,72.000,86.469,59.188,35.000,35.000,34.996,43.996,44.121,41.711,38.202,0.275,55.015,3882.406,3594.321,3886.000,3599.000,0.000,,,,2,1789721714.624,100,1
88.236,88.059,89.039,69.500,72.000,69.000,70.000,91.000,67.000,71.000,67.000,66.000,66.000,91.000,70.000,86.688,59.188,35.000,35.000,34.996,43.992,44.129,41.707,38.783,0.276,56.132,3882.616,3585.372,3890.000,3602.000,0.000,,,,2,1789721715.623,100,1
89.240,87.996,88.879,69.438,97.000,70.000,76.000,73.000,69.000,68.000,69.000,67.000,66.000,97.000,70.000,86.000,59.312,35.000,35.000,34.996,43.992,44.129,41.703,37.847,0.274,54.537,3882.950,3602.955,3890.000,3602.000,0.000,,,,2,1789721716.627,100,1
90.244,87.973,88.855,69.500,75.000,72.000,76.000,75.000,76.000,70.000,68.000,85.000,67.000,87.266,72.000,87.266,59.312,35.000,35.000,34.996,43.992,44.133,41.699,38.127,0.287,55.175,3924.347,3576.183,3892.000,3604.000,0.000,,,,2,1789721717.630,100,1
91.246,87.941,88.824,69.625,83.000,72.000,75.000,75.000,83.000,69.000,69.000,67.000,67.000,87.062,72.000,87.062,59.250,35.000,35.000,34.996,43.992,44.141,41.699,39.028,0.282,55.669,3903.539,3594.500,3895.000,3607.000,0.000,,,,2,1789721718.632,100,1
92.250,87.949,88.832,69.625,71.000,69.000,72.000,72.000,70.000,70.000,68.000,94.000,67.000,94.000,69.000,88.234,59.188,35.000,35.000,35.996,43.988,44.145,41.703,38.034,0.252,54.448,3924.604,3602.522,3896.000,3608.000,0.000,,,,2,1789721719.637,100,1
93.252,87.938,88.820,69.562,72.000,68.000,73.000,71.000,72.000,68.000,69.000,82.000,66.000,87.578,69.000,87.578,59.250,35.000,35.000,34.996,43.992,44.148,41.703,37.862,0.253,54.391,3903.328,3602.702,3898.000,3610.000,0.000,,,,2,1789721720.638,100,1
94.252,88.023,88.949,69.500,74.000,69.000,97.000,73.000,73.000,69.000,69.000,68.000,66.000,97.000,70.000,89.359,59.312,35.000,35.000,34.996,43.988,44.152,41.699,37.098,0.243,54.857,3882.448,3620.456,3900.000,3612.000,0.000,,,,2,1789721721.641,100,1
95.256,88.082,89.027,69.500,72.000,69.000,74.000,73.000,92.000,72.000,69.000,68.000,66.000,92.000,70.000,89.188,59.250,35.000,35.000,34.996,43.988,44.160,41.695,38.663,0.260,55.445,3903.539,3621.111,3904.000,3615.000,0.000,,,,2,1789721722.645,100,1
96.256,88.066,88.918,69.500,70.000,69.000,71.000,71.000,70.000,67.000,96.000,68.000,69.000,96.000,69.000,87.609,59.312,35.000,35.000,34.996,43.988,44.164,41.695,35.865,0.250,52.648,3924.048,3602.089,3905.000,3616.000,0.000,,,,2,1789721723.644,100,1
97.260,87.941,88.793,69.500,70.000,69.000,74.000,71.000,71.000,68.000,80.000,80.000,66.000,84.156,69.000,84.156,59.312,35.000,35.000,35.996,43.988,44.168,41.699,37.616,0.264,54.815,3903.243,3620.055,3907.000,3618.000,0.000,,,,2,1789721724.651,100,1
98.262,87.910,88.762,69.438,74.000,85.000,74.000,73.000,68.000,69.000,67.000,66.000,66.000,86.938,73.000,86.938,59.125,35.000,35.000,34.996,43.988,44.172,41.699,38.513,0.278,55.641,3903.285,3619.473,3909.000,3620.000,0.000,,,,2,1789721725.654,100,1
99.264,87.852,88.703,69.562,77.000,77.000,77.000,76.000,74.000,69.000,77.000,68.000,68.000,86.000,71.000,86.000,59.312,35.000,35.000,34.996,43.984,44.176,41.695,41.777,0.265,58.032,3912.958,3603.387,3911.000,3622.000,0.000,,,,2,1789721726.652,100,1
100.267,88.090,88.941,70.250,78.000,88.000,80.000,92.000,80.000,74.000,83.000,71.000,71.000,95.453,77.000,95.453,59.312,35.000,35.000,34.996,43.984,44.180,41.695,72.600,0.278,87.564,3882.071,3620.346,3912.000,3623.000,0.000,,,,2,1789721727.655,100,1
101.269,88.809,90.293,70.875,98.000,75.000,85.000,78.000,79.000,72.000,70.000,82.000,68.000,98.000,75.000,96.016,59.500,35.000,35.000,34.996,43.988,44.188,41.691,52.444,0.260,69.696,3892.271,3620.346,3917.000,3627.000,0.000,,,,2,1789721728.656,100,1
102.270,88.902,90.434,71.125,79.000,81.000,89.000,79.000,83.000,78.000,84.000,78.000,70.000,90.844,73.000,90.844,59.625,35.000,35.000,34.996,43.988,44.188,41.691,55.313,0.275,69.992,3912.916,3621.220,3917.000,3627.000,0.000,,,,2,1789721729.659,100,1
103.274,89.070,90.770,71.312,90.000,72.000,80.000,76.000,76.000,72.000,93.000,78.000,71.000,93.000,72.000,92.266,59.875,35.000,35.000,34.996,43.988,44.195,41.688,51.641,0.270,70.441,3902.270,3629.398,3920.000,3630.000,0.000,,,,2,1789721730.662,100,1
104.278,90.836,92.895,71.375,82.000,73.000,85.000,89.000,99.000,75.000,78.000,75.000,69.000,99.000,74.000,96.141,60.062,35.000,35.000,34.996,43.984,44.195,41.688,51.282,0.236,67.563,3934.641,3629.984,3921.000,3631.000,0.000,,,,2,1789721731.664,100,1
105.280,90.727,92.578,71.875,89.000,82.000,93.000,87.000,92.000,88.000,89.000,88.000,70.000,93.000,75.000,87.453,60.188,35.000,35.000,34.996,43.984,44.199,41.688,53.233,0.346,68.069,3891.808,3629.032,3922.000,3632.000,0.000,,,,2,1789721732.667,100,1
106.284,92.289,94.426,72.375,76.000,72.000,86.000,96.000,76.000,76.000,72.000,94.000,69.000,96.984,73.000,96.984,60.438,35.000,35.000,34.996,43.984,44.207,41.688,67.251,0.279,86.364,3912.873,3630.277,3957.000,3664.000,0.000,,,,2,1789721733.671,100,1
107.284,92.359,94.363,72.625,78.000,90.000,79.000,78.000,80.000,74.000,73.000,93.000,69.000,93.172,75.000,93.172,60.625,35.000,35.000,34.996,43.984,44.215,41.688,53.183,0.286,69.646,3944.730,3647.934,3991.000,3696.000,0.000,,,,2,1789721734.673,100,1
108.287,93.098,95.121,72.750,87.000,73.000,90.000,78.000,74.000,79.000,72.000,100.000,70.000,100.000,75.000,95.312,60.812,35.000,35.000,34.996,43.984,44.223,41.684,50.740,0.253,67.257,3988.301,3676.133,4026.000,3728.000,0.000,,,,2,1789721735.677,100,1
109.292,93.070,94.895,72.812,76.000,76.000,79.000,78.000,79.000,90.000,92.000,74.000,72.000,92.266,74.000,92.266,60.938,35.000,35.000,34.996,43.988,44.230,41.684,54.862,0.245,71.355,3988.345,3702.447,4060.000,3760.000,0.000,,,,2,1789721736.680,100,1
110.294,93.027,94.668,73.062,86.000,80.000,95.000,82.000,91.000,87.000,85.000,83.000,72.000,95.000,76.000,91.719,61.000,35.000,35.000,34.996,43.984,44.234,41.684,57.189,0.326,72.797,4055.378,3732.736,4095.000,3792.000,0.000,,,,2,1789721737.681,100,1
111.296,92.926,94.566,73.688,90.000,82.000,92.000,87.000,90.000,87.000,90.000,89.000,72.000,92.000,76.000,89.781,61.188,35.000,35.000,34.996,43.988,44.242,41.688,67.512,0.319,84.023,4077.934,3758.888,4129.000,3824.000,0.000,,,,2,1789721738.684,100,1
112.301,93.195,95.160,74.438,76.000,92.000,80.000,78.000,80.000,97.000,84.000,77.000,72.000,98.094,77.000,98.094,61.562,35.000,35.000,34.996,43.988,44.246,41.688,72.811,0.295,90.760,4090.723,3799.392,4164.000,3856.000,0.000,,,,2,1789721739.688,100,1
113.306,93.262,95.227,74.688,79.000,89.000,82.000,80.000,93.000,76.000,76.000,75.000,71.000,94.859,76.000,94.859,61.688,35.000,35.000,34.996,43.988,44.258,41.691,56.432,0.338,72.737,4124.987,3819.264,4199.000,3888.000,0.000,,,,2,1789721740.693,100,1
114.310,93.438,95.547,74.812,93.000,84.000,90.000,85.000,91.000,86.000,83.000,89.000,72.000,96.828,77.000,96.828,61.938,35.000,35.000,34.996,43.992,44.270,41.691,55.260,0.292,70.687,4148.899,3869.470,4233.000,3920.000,0.000,,,,2,1789721741.695,100,1
115.310,93.453,95.387,74.938,84.000,77.000,96.000,87.000,85.000,77.000,79.000,90.000,72.000,96.000,76.000,93.797,62.250,35.000,35.000,34.996,43.996,44.281,41.695,56.712,0.320,74.745,4184.344,3878.934,4268.000,3952.000,0.000,,,,2,1789721742.697,100,1
116.312,93.539,95.473,75.188,91.000,85.000,96.000,86.000,89.000,86.000,88.000,85.000,74.000,96.000,78.000,95.438,62.188,35.000,35.000,34.996,43.996,44.297,41.695,67.510,0.321,84.142,4221.042,3911.131,4302.000,3984.000,0.000,,,,2,1789721743.723,100,1
117.315,93.500,95.434,75.875,84.000,82.000,92.000,89.000,85.000,88.000,79.000,84.000,71.000,92.359,76.000,92.359,62.375,35.000,35.000,34.996,44.000,44.309,41.699,70.170,0.314,88.034,4257.231,3943.002,4337.000,4016.000,0.000,,,,2,1789721744.702,100,1
118.320,93.688,95.621,76.562,91.000,79.000,90.000,91.000,89.000,85.000,89.000,87.000,74.000,98.391,78.000,98.391,62.562,35.000,35.000,34.996,44.004,44.320,41.703,74.451,0.270,90.434,4282.502,3974.519,4378.000,4054.000,0.000,,,,2,1789721745.707,100,1
119.320,93.809,95.742,77.062,92.000,83.000,95.000,94.000,95.000,92.000,89.000,95.000,74.000,96.781,80.000,96.781,62.812,35.000,35.000,34.996,44.008,44.332,41.707,68.292,0.391,85.092,4321.054,4029.144,4419.000,4092.000,0.000,,,,2,1789721746.706,100,1
120.324,93.855,95.789,77.625,85.000,80.000,89.000,82.000,86.000,82.000,82.000,83.000,74.000,95.219,76.000,95.219,63.062,35.000,35.000,34.996,44.012,44.352,41.715,70.716,0.315,89.009,4400.010,4062.839,4460.000,4130.000,0.000,,,,2,1789721747.712,100,1
121.326,93.656,95.590,77.625,80.000,77.000,92.000,86.000,80.000,80.000,80.000,78.000,77.000,92.000,76.000,87.531,63.250,35.000,35.000,34.996,44.016,44.367,41.719,58.829,0.313,76.370,4412.900,4109.026,4501.000,4168.000,0.000,,,,2,1789721748.713,100,1
122.329,93.492,95.426,77.438,82.000,82.000,82.000,86.000,80.000,80.000,79.000,80.000,78.000,88.391,77.000,88.391,63.438,35.000,35.000,34.996,44.016,44.379,41.727,60.866,0.378,78.052,4453.571,4142.216,4542.000,4206.000,0.000,,,,2,1789721749.716,100,1
123.334,93.508,95.441,77.625,91.000,90.000,89.000,89.000,91.000,85.000,83.000,86.000,73.000,94.062,79.000,94.062,63.625,35.000,35.000,34.996,44.023,44.395,41.730,62.924,0.363,80.171,4494.438,4154.310,4583.000,4244.000,0.000,,,,2,1789721750.720,100,1
124.336,93.582,95.516,77.875,96.000,89.000,100.000,95.000,100.000,96.000,96.000,96.000,75.000,100.000,81.000,95.891,63.562,35.000,35.000,34.996,44.027,44.418,41.738,65.537,0.324,81.549,4536.976,4189.505,4624.000,4282.000,0.000,,,,2,1789721751.722,100,1
125.340,93.734,95.781,78.625,84.000,80.000,86.000,82.000,82.000,99.000,95.000,80.000,74.000,99.000,78.000,96.828,63.875,35.000,35.000,34.996,44.035,44.438,41.742,67.450,0.334,85.603,4594.767,4264.292,4665.000,4320.000,0.000,,,,2,1789721752.726,100,1
126.343,93.906,96.082,78.688,93.000,79.000,86.000,85.000,90.000,89.000,79.000,79.000,72.000,97.219,78.000,97.219,63.938,35.000,35.000,34.996,44.043,44.461,41.750,56.631,0.318,73.609,4609.180,4276.652,4706.000,4358.000,0.000,,,,2,1789721753.730,100,1
127.344,93.938,96.113,78.750,88.000,83.000,96.000,89.000,92.000,86.000,86.000,83.000,74.000,96.000,78.000,94.656,64.125,35.000,35.000,34.996,44.051,44.480,41.758,61.351,0.325,78.244,4667.445,4313.702,4747.000,4396.000,0.000,,,,2,1789721754.730,100,1
128.344,93.871,96.047,79.000,80.000,77.000,92.000,79.000,78.000,95.000,76.000,79.000,72.000,95.000,76.000,91.875,64.188,35.000,35.000,34.996,44.055,44.504,41.766,57.071,0.397,74.372,4713.029,4325.935,4788.000,4434.000,0.000,,,,2,1789721755.731,100,1
129.345,93.914,96.090,78.812,94.000,85.000,95.000,87.000,96.000,89.000,88.000,87.000,73.000,96.000,79.000,95.266,64.125,35.000,35.000,34.996,44.066,44.527,41.777,56.346,0.345,72.953,4758.631,4414.903,4829.000,4472.000,0.000,,,,2,1789721756.732,100,1
130.347,94.109,96.285,78.938,93.000,95.000,86.000,83.000,84.000,79.000,83.000,80.000,74.000,98.609,79.000,98.609,64.250,35.000,35.000,34.996,44.070,44.543,41.785,58.638,0.295,75.722,4774.726,4444.938,4870.000,4510.000,0.000,,,,2,1789721757.735,100,1
131.352,94.145,96.320,78.875,81.000,77.000,83.000,94.000,86.000,80.000,89.000,80.000,73.000,95.344,76.000,95.344,64.188,35.000,35.000,34.996,44.078,44.566,41.797,52.402,0.314,69.413,4838.125,4484.640,4920.000,4556.000,0.000,,,,2,1789721758.740,100,1
132.355,94.332,96.508,78.625,80.000,87.000,88.000,86.000,81.000,77.000,79.000,93.000,73.000,98.719,78.000,98.719,64.312,35.000,35.000,34.996,44.086,44.586,41.805,51.556,0.269,68.587,4854.042,4528.302,4970.000,4602.000,0.000,,,,2,1789721759.743,100,1
133.360,94.641,97.031,78.500,85.000,77.000,100.000,96.000,80.000,82.000,75.000,76.000,72.000,100.000,77.000,98.969,64.188,35.000,35.000,34.996,44.094,44.609,41.816,51.451,0.260,68.575,4903.163,4581.960,5019.000,4648.000,0.000,,,,2,1789721760.746,100,1
134.363,94.461,96.852,78.625,82.000,79.000,84.000,81.000,83.000,81.000,80.000,80.000,75.000,88.953,75.000,88.953,64.125,35.000,35.000,34.996,44.102,44.625,41.828,56.447,0.242,73.791,4954.788,4568.354,5069.000,4694.000,0.000,,,,2,1789721761.750,100,1
135.367,94.418,96.809,78.500,94.000,87.000,99.000,93.000,96.000,92.000,92.000,95.000,75.000,99.000,80.000,93.109,64.188,35.000,35.000,34.996,44.113,44.645,41.836,56.072,0.336,74.247,5006.258,4640.850,5119.000,4740.000,0.000,,,,2,1789721762.759,100,1
136.368,94.480,96.871,79.125,84.000,95.000,84.000,84.000,94.000,78.000,78.000,80.000,73.000,96.391,80.000,96.391,64.250,35.000,35.000,34.996,44.121,44.668,41.848,77.246,0.261,94.118,5075.928,4684.389,5168.000,4786.000,0.000,,,,2,1789721763.755,100,1
137.372,94.629,97.020,79.375,78.000,75.000,100.000,79.000,80.000,77.000,100.000,83.000,75.000,100.000,76.000,98.250,64.312,35.000,35.000,34.996,44.125,44.684,41.855,55.667,0.340,72.983,5111.604,4746.022,5218.000,4832.000,0.000,,,,2,1789721764.761,100,1
138.376,94.742,97.133,79.250,82.000,89.000,84.000,81.000,95.000,82.000,79.000,89.000,72.000,97.625,80.000,97.625,64.375,35.000,35.000,34.996,44.137,44.707,41.871,53.358,0.282,71.237,5166.031,4791.886,5268.000,4878.000,0.000,,,,2,1789721765.763,100,1
139.378,94.828,97.137,79.250,100.000,84.000,95.000,82.000,85.000,77.000,77.000,77.000,73.000,100.000,80.000,96.406,64.250,35.000,35.000,34.996,44.145,44.723,41.879,55.379,0.279,72.491,5222.159,4839.686,5317.000,4924.000,0.000,,,,2,1789721766.765,100,1
140.379,94.883,97.191,78.875,82.000,77.000,84.000,84.000,84.000,78.000,87.000,91.000,73.000,96.453,76.000,96.453,64.312,35.000,35.000,34.996,44.156,44.742,41.887,52.117,0.280,69.517,5259.774,4853.780,5367.000,4970.000,0.000,,,,2,1789721767.766,100,1
141.383,94.953,97.262,79.062,86.000,77.000,87.000,87.000,81.000,88.000,87.000,78.000,73.000,97.250,77.000,97.250,64.312,35.000,35.000,34.996,44.160,44.758,41.898,59.054,0.283,76.493,5277.354,4919.848,5417.000,5016.000,0.000,,,,2,1789721768.772,100,1
142.386,95.113,97.422,79.188,86.000,89.000,82.000,80.000,82.000,100.000,81.000,76.000,73.000,100.000,78.000,98.828,64.312,35.000,35.000,34.996,44.168,44.773,41.910,54.295,0.291,72.067,5376.264,4968.258,5478.000,5073.000,0.000,,,,2,1789721769.773,100,1
143.387,95.266,97.574,79.000,86.000,87.000,85.000,96.000,78.000,78.000,74.000,86.000,71.000,98.750,79.000,98.750,64.312,35.000,35.000,34.996,44.180,44.793,41.922,51.612,0.260,69.162,5396.169,5055.043,5540.000,5130.000,0.000,,,,2,1789721770.774,100,1
144.390,95.129,97.438,78.812,83.000,86.000,87.000,90.000,85.000,78.000,81.000,78.000,72.000,90.984,77.000,90.984,64.188,35.000,35.000,34.996,44.184,44.805,41.934,54.996,0.309,72.730,5519.187,5107.397,5589.000,5175.000,0.000,,,,2,1789721771.777,100,1
145.395,95.043,97.352,78.688,86.000,81.000,87.000,91.000,86.000,84.000,82.000,84.000,72.000,92.312,78.000,92.312,64.125,35.000,35.000,34.996,44.191,44.820,41.941,58.125,0.329,75.784,5540.593,5143.519,5577.000,5164.000,0.000,,,,2,1789721772.781,100,1
146.395,94.848,97.156,78.750,86.000,75.000,80.000,78.000,76.000,74.000,78.000,72.000,71.000,88.828,74.000,88.828,64.125,35.000,35.000,34.996,44.199,44.832,41.953,47.304,0.366,64.522,5540.763,5144.621,5530.000,5121.000,0.000,,,,2,1789721773.781,100,1
147.400,94.559,96.867,78.438,81.000,79.000,81.000,79.000,84.000,75.000,75.000,73.000,71.000,85.609,75.000,85.609,63.875,35.000,35.000,34.996,44.207,44.844,41.961,39.867,0.344,58.053,5560.876,5091.002,5469.000,5064.000,0.000,,,,2,1789721774.787,100,1
148.401,94.336,96.645,78.062,77.000,74.000,78.000,78.000,91.000,75.000,74.000,72.000,70.000,91.000,75.000,87.469,63.875,35.000,35.000,34.996,44.215,44.863,41.973,40.375,0.341,58.432,5456.116,5037.360,5407.000,5007.000,0.000,,,,2,1789721775.790,100,1
149.404,94.266,96.574,77.750,80.000,75.000,97.000,79.000,75.000,75.000,72.000,79.000,70.000,97.000,75.000,92.016,63.688,35.000,35.000,34.996,44.223,44.875,41.984,40.527,0.315,58.689,5434.865,5020.920,5391.000,4992.000,0.000,,,,2,1789721776.791,100,1
150.408,94.062,96.371,77.625,80.000,75.000,81.000,78.000,77.000,92.000,74.000,72.000,70.000,92.000,75.000,87.781,63.438,35.000,35.000,34.996,44.230,44.887,41.996,41.079,0.369,59.263,5393.582,4986.288,5341.000,4946.000,0.000,,,,2,1789721777.794,100,1
151.412,93.883,96.191,77.125,89.000,72.000,78.000,76.000,72.000,72.000,70.000,69.000,68.000,89.000,73.000,88.266,63.312,35.000,35.000,34.996,44.234,44.898,42.004,39.617,0.338,56.911,5373.616,4986.219,5298.000,4906.000,0.000,,,,2,1789721778.799,100,1
152.414,93.633,95.941,76.938,75.000,72.000,76.000,75.000,73.000,71.000,71.000,89.000,69.000,89.000,72.000,85.906,63.188,35.000,35.000,34.996,44.246,44.906,42.012,44.098,0.330,61.825,5333.254,4935.969,5248.000,4860.000,0.000,,,,2,1789721779.801,100,1
153.417,93.527,95.836,76.812,77.000,72.000,78.000,76.000,99.000,73.000,76.000,72.000,70.000,99.000,73.000,90.344,62.938,35.000,35.000,34.996,44.250,44.918,42.023,42.353,0.342,59.984,5313.888,4950.904,5212.000,4826.000,0.000,,,,2,1789721780.804,100,1
154.421,93.395,95.703,76.625,75.000,72.000,74.000,97.000,71.000,75.000,70.000,71.000,69.000,97.000,73.000,89.281,62.938,35.000,35.000,34.996,44.258,44.926,42.031,41.886,0.314,59.539,5294.507,4886.325,5181.000,4798.000,0.000,,,,2,1789721781.808,100,1
155.425,93.230,95.539,76.250,76.000,72.000,89.000,76.000,74.000,72.000,71.000,71.000,69.000,89.000,72.000,88.062,62.750,35.000,35.000,34.996,44.262,44.938,42.043,40.007,0.303,57.782,5217.013,4838.320,5141.000,4761.000,0.000,,,,2,1789721782.812,100,1
156.429,93.156,95.465,76.188,81.000,74.000,83.000,82.000,87.000,75.000,73.000,71.000,68.000,90.922,74.000,90.922,62.688,35.000,35.000,34.996,44.270,44.945,42.051,42.918,0.312,61.008,5181.794,4775.296,5127.000,4748.000,0.000,,,,2,1789721783.816,100,1
157.434,93.074,95.383,75.938,91.000,79.000,78.000,77.000,73.000,72.000,72.000,70.000,69.000,91.000,75.000,90.531,62.562,35.000,35.000,34.996,44.273,44.953,42.059,39.851,0.320,57.974,5161.586,4791.758,5111.000,4733.000,0.000,,,,2,1789721784.821,100,1
158.436,93.062,95.371,75.812,95.000,86.000,98.000,90.000,93.000,90.000,90.000,91.000,72.000,98.000,78.000,92.609,62.438,35.000,35.000,34.996,44.281,44.961,42.066,57.304,0.323,78.450,5126.379,4759.450,5114.000,4736.000,0.000,,,,2,1789721785.822,100,1
159.438,92.980,95.289,76.812,90.000,84.000,93.000,88.000,90.000,87.000,87.000,89.000,71.000,93.000,76.000,90.469,62.438,35.000,35.000,34.996,44.289,44.969,42.074,66.875,0.330,84.695,5126.453,4729.312,5097.000,4720.000,0.000,,,,2,1789721786.825,100,1
160.440,93.066,95.375,77.500,83.000,81.000,91.000,82.000,90.000,79.000,78.000,73.000,71.000,95.578,76.000,95.578,62.625,35.000,35.000,34.996,44.293,44.977,42.078,72.179,0.314,86.400,5127.475,4759.450,5130.000,4750.000,0.000,,,,2,1789721787.830,100,1
161.444,93.188,95.492,77.438,97.000,91.000,84.000,83.000,85.000,79.000,77.000,77.000,71.000,97.000,78.000,95.438,62.750,35.000,35.000,34.996,44.297,44.984,42.090,55.697,0.328,73.573,5163.659,4760.268,5171.000,4788.000,0.000,,,,2,1789721788.831,100,1
162.445,93.422,95.801,77.375,81.000,89.000,80.000,97.000,79.000,83.000,74.000,75.000,70.000,97.000,79.000,96.484,62.812,35.000,35.000,34.996,44.305,44.992,42.098,53.976,0.287,71.150,5199.682,4791.822,5220.000,4834.000,0.000,,,,2,1789721789.835,100,1
163.450,93.375,95.754,77.375,91.000,80.000,91.000,86.000,84.000,90.000,81.000,82.000,73.000,91.922,76.000,91.922,62.875,35.000,35.000,34.996,44.309,44.996,42.105,55.201,0.302,74.232,5182.018,4776.436,5262.000,4873.000,0.000,,,,2,1789721790.838,100,1
164.454,93.301,95.680,77.438,86.000,78.000,84.000,86.000,86.000,78.000,80.000,79.000,71.000,91.016,75.000,91.016,62.875,35.000,35.000,34.996,44.316,45.004,42.109,55.121,0.323,72.881,5219.434,4838.254,5248.000,4860.000,0.000,,,,2,1789721791.842,100,1
165.459,93.301,95.445,77.625,100.000,75.000,78.000,79.000,74.000,74.000,72.000,71.000,70.000,100.000,75.000,93.328,62.812,35.000,35.000,34.996,44.320,45.012,42.117,51.229,0.324,65.417,5218.752,4838.450,5199.000,4814.000,0.000,,,,2,1789721792.847,100,1
166.463,93.227,95.371,77.188,79.000,75.000,86.000,83.000,73.000,73.000,70.000,72.000,69.000,91.000,74.000,91.000,63.000,35.000,35.000,34.996,44.324,45.016,42.121,39.359,0.298,56.705,5219.358,4806.601,5173.000,4790.000,0.000,,,,2,1789721793.850,100,1
167.464,93.043,95.188,76.875,76.000,72.000,76.000,76.000,95.000,73.000,73.000,71.000,69.000,95.000,73.000,87.359,62.938,35.000,35.000,34.996,44.332,45.023,42.129,37.332,0.289,54.997,5180.974,4759.450,5126.000,4747.000,0.000,,,,2,1789721794.851,100,1
168.466,93.031,95.176,76.375,76.000,74.000,76.000,98.000,73.000,75.000,70.000,70.000,69.000,98.000,73.000,92.703,62.812,35.000,35.000,34.996,44.336,45.027,42.133,39.838,0.280,57.230,5126.453,4790.674,5130.000,4750.000,0.000,,,,2,1789721795.853,100,1
169.470,92.992,94.922,76.000,100.000,73.000,78.000,77.000,74.000,72.000,72.000,70.000,70.000,100.000,74.000,91.719,62.500,35.000,35.000,34.996,44.344,45.031,42.137,38.949,0.285,56.260,5163.141,4758.946,5080.000,4704.000,0.000,,,,2,1789721796.857,100,1
170.471,92.949,94.684,75.812,74.000,71.000,76.000,76.000,72.000,73.000,71.000,98.000,69.000,98.000,72.000,91.672,62.625,35.000,35.000,34.996,44.348,45.035,42.145,40.654,0.309,58.327,5109.282,4743.458,5030.000,4658.000,0.000,,,,2,1789721797.858,100,1
171.473,92.707,94.441,75.688,83.000,73.000,76.000,76.000,73.000,72.000,71.000,69.000,69.000,85.109,72.000,85.109,62.438,35.000,35.000,34.996,44.352,45.043,42.148,41.238,0.305,58.667,5037.643,4653.869,4980.000,4612.000,0.000,,,,2,1789721798.860,100,1
172.477,92.621,94.355,75.438,91.000,72.000,79.000,78.000,73.000,72.000,75.000,70.000,70.000,91.000,73.000,90.016,62.312,35.000,35.000,34.996,44.355,45.047,42.152,40.843,0.340,58.625,4967.916,4639.354,4931.000,4566.000,0.000,,,,2,1789721799.863,100,1
173.480,92.449,94.184,75.375,80.000,71.000,86.000,76.000,72.000,70.000,70.000,70.000,68.000,87.141,72.000,87.141,62.125,35.000,35.000,34.996,44.363,45.051,42.160,39.861,0.332,58.040,4951.516,4579.628,4881.000,4520.000,0.000,,,,2,1789721800.867,100,1
174.484,92.336,94.070,75.125,90.000,71.000,80.000,75.000,79.000,72.000,72.000,70.000,68.000,90.000,72.000,88.781,62.125,35.000,35.000,34.996,44.367,45.055,42.168,39.783,0.315,56.573,4934.076,4538.521,4841.000,4483.000,0.000,,,,2,1789721801.872,100,1
175.487,92.223,93.957,75.000,79.000,72.000,76.000,76.000,83.000,78.000,78.000,74.000,68.000,88.719,72.000,88.719,62.000,35.000,35.000,34.996,44.371,45.059,42.172,40.286,0.332,57.503,4883.873,4523.352,4813.000,4457.000,0.000,,,,2,1789721802.874,100,1
176.488,92.129,93.863,74.812,78.000,72.000,77.000,75.000,72.000,70.000,71.000,76.000,68.000,89.219,72.000,89.219,61.875,35.000,35.000,34.996,44.375,45.059,42.176,38.303,0.294,56.092,4849.726,4482.462,4789.000,4435.000,0.000,,,,2,1789721803.875,100,1
177.492,91.996,93.730,74.625,84.000,71.000,84.000,75.000,76.000,71.000,71.000,69.000,67.000,87.859,71.000,87.859,61.750,35.000,35.000,34.996,44.379,45.062,42.180,39.804,0.301,57.025,4835.330,4455.832,4754.000,4402.000,0.000,,,,2,1789721804.880,100,1
178.497,91.859,93.594,74.500,75.000,85.000,75.000,76.000,74.000,70.000,78.000,70.000,70.000,87.672,74.000,87.672,61.625,35.000,35.000,34.996,44.383,45.066,42.184,39.831,0.316,56.951,4803.522,4428.535,4718.000,4369.000,0.000,,,,2,1789721805.883,100,1
179.501,91.773,93.508,74.438,78.000,86.000,77.000,79.000,74.000,75.000,73.000,71.000,69.000,89.078,75.000,89.078,61.562,35.000,35.000,34.996,44.387,45.070,42.191,40.327,0.302,57.394,4756.054,4414.740,4695.000,4348.000,0.000,,,,2,1789721806.887,100,1
180.506,91.719,93.453,74.312,80.000,77.000,81.000,82.000,74.000,89.000,69.000,70.000,68.000,90.078,75.000,90.078,61.625,35.000,35.000,34.996,44.391,45.074,42.195,42.556,0.313,60.093,4725.898,4404.154,4682.000,4336.000,0.000,,,,2,1789721807.892,100,1
181.510,91.648,93.383,74.250,79.000,74.000,77.000,78.000,74.000,72.000,96.000,71.000,71.000,96.000,74.000,89.422,61.500,35.000,35.000,34.996,44.398,45.070,42.195,43.696,0.331,61.207,4709.946,4350.611,4664.000,4319.000,0.000,,,,2,1789721808.897,100,1
182.511,91.562,93.297,74.250,80.000,73.000,77.000,78.000,73.000,71.000,91.000,72.000,70.000,91.000,74.000,88.922,61.562,35.000,35.000,34.996,44.398,45.074,42.203,41.218,0.313,58.634,4680.126,4325.312,4641.000,4298.000,0.000,,,,2,1789721809.897,100,1
183.513,91.477,93.211,74.125,84.000,72.000,74.000,77.000,72.000,71.000,70.000,70.000,67.000,88.812,72.000,88.812,61.375,35.000,35.000,34.996,44.402,45.078,42.207,41.682,0.329,59.293,4664.239,4312.358,4619.000,4277.000,0.000,,,,2,1789721810.900,100,1
184.514,91.355,93.090,73.938,77.000,72.000,79.000,78.000,75.000,94.000,71.000,71.000,68.000,94.000,73.000,87.625,61.438,35.000,35.000,34.996,44.406,45.078,42.211,39.482,0.291,56.530,4634.815,4286.531,4585.000,4246.000,0.000,,,,2,1789721811.901,100,1
185.519,91.105,92.840,73.812,76.000,72.000,84.000,75.000,77.000,74.000,75.000,71.000,69.000,84.000,71.000,83.328,61.500,35.000,35.000,34.996,44.410,45.074,42.211,43.425,0.324,61.288,4575.438,4274.062,4544.000,4208.000,0.000,,,,2,1789721812.908,100,1
186.521,90.945,92.680,73.812,74.000,70.000,80.000,74.000,73.000,70.000,88.000,68.000,69.000,88.000,70.000,86.000,61.312,35.000,35.000,34.996,44.414,45.078,42.215,38.803,0.316,56.515,4532.978,4248.690,4503.000,4170.000,0.000,,,,2,1789721813.907,100,1
187.521,91.000,92.734,73.938,91.000,85.000,94.000,89.000,95.000,89.000,92.000,91.000,71.000,95.000,76.000,92.641,61.312,35.000,35.000,34.996,44.414,45.078,42.219,61.635,0.286,76.308,4547.177,4188.628,4488.000,4156.000,0.000,,,,2,1789721814.907,100,1
188.522,90.883,92.617,74.812,87.000,82.000,89.000,85.000,87.000,80.000,85.000,85.000,70.000,89.000,75.000,87.297,61.500,35.000,35.000,34.996,44.418,45.078,42.219,61.255,0.338,80.438,4490.794,4176.382,4456.000,4126.000,0.000,,,,2,1789721815.910,100,1
189.526,91.566,93.609,75.438,100.000,91.000,81.000,82.000,83.000,76.000,76.000,74.000,71.000,100.000,76.000,96.359,61.625,35.000,35.000,34.996,44.422,45.078,42.223,71.377,0.287,88.049,4490.570,4175.801,4497.000,4164.000,0.000,,,,2,1789721816.914,100,1
190.529,92.789,94.996,75.500,80.000,74.000,83.000,94.000,75.000,75.000,72.000,94.000,70.000,96.469,74.000,96.469,61.812,35.000,35.000,34.996,44.426,45.082,42.227,52.825,0.264,70.053,4518.639,4177.303,4538.000,4202.000,0.000,,,,2,1789721817.916,100,1
191.533,93.148,95.242,75.500,82.000,74.000,97.000,79.000,76.000,90.000,74.000,82.000,70.000,97.000,74.000,94.219,61.938,35.000,35.000,34.996,44.426,45.082,42.227,53.577,0.290,70.662,4562.333,4212.892,4579.000,4240.000,0.000,,,,2,1789721818.919,100,1
192.534,94.281,96.504,75.562,80.000,77.000,86.000,85.000,95.000,76.000,77.000,87.000,70.000,97.688,74.000,97.688,62.125,35.000,35.000,34.996,44.430,45.082,42.230,51.398,0.289,68.139,4590.958,4238.036,4620.000,4278.000,0.000,,,,2,1789721819.922,100,1
193.539,94.262,96.262,75.625,90.000,83.000,93.000,84.000,94.000,85.000,88.000,86.000,72.000,94.000,76.000,93.766,62.188,35.000,35.000,34.996,44.434,45.082,42.230,55.941,0.300,72.128,4605.877,4250.295,4661.000,4316.000,0.000,,,,2,1789721820.929,100,1
194.543,94.848,96.824,75.688,77.000,94.000,79.000,80.000,77.000,75.000,100.000,73.000,72.000,100.000,79.000,96.609,62.312,35.000,35.000,34.996,44.434,45.086,42.234,53.203,0.296,71.089,4620.835,4286.990,4702.000,4354.000,0.000,,,,2,1789721821.931,100,1
195.545,94.965,96.777,75.750,81.000,75.000,82.000,80.000,100.000,78.000,79.000,90.000,72.000,100.000,76.000,95.312,62.312,35.000,35.000,34.996,44.438,45.086,42.234,53.515,0.278,70.505,4680.795,4337.245,4743.000,4392.000,0.000,,,,2,1789721822.933,100,1
196.550,94.914,96.547,75.875,83.000,77.000,86.000,85.000,80.000,83.000,87.000,88.000,71.000,93.422,76.000,93.422,62.500,35.000,35.000,34.996,44.438,45.086,42.234,56.655,0.328,73.982,4696.122,4362.262,4784.000,4430.000,0.000,,,,2,1789721823.937,100,1
197.553,94.883,96.352,75.938,94.000,75.000,81.000,90.000,80.000,76.000,79.000,75.000,72.000,94.000,75.000,93.906,62.688,35.000,35.000,34.996,44.441,45.086,42.234,53.820,0.312,71.109,4725.898,4415.065,4825.000,4468.000,0.000,,,,2,1789721824.939,100,1
198.555,94.859,96.184,76.062,99.000,78.000,86.000,80.000,78.000,76.000,74.000,78.000,71.000,99.000,76.000,94.078,62.750,35.000,35.000,34.996,44.445,45.090,42.242,55.595,0.333,73.139,4804.677,4429.406,4866.000,4506.000,0.000,,,,2,1789721825.942,100,1
199.559,94.527,95.852,76.188,82.000,79.000,83.000,86.000,78.000,75.000,78.000,75.000,71.000,86.000,74.000,84.219,62.688,35.000,35.000,34.996,44.449,45.094,42.242,43.173,0.313,60.440,4837.539,4455.721,4916.000,4552.000,0.000,,,,2,1789721826.946,100,1
200.563,94.262,95.586,75.812,82.000,73.000,78.000,76.000,79.000,81.000,72.000,71.000,70.000,86.141,73.000,86.141,62.688,35.000,35.000,34.996,44.449,45.094,42.242,39.760,0.315,57.853,4869.734,4525.513,4965.000,4598.000,0.000,,,,2,1789721827.952,100,1
201.564,94.156,95.480,75.562,83.000,74.000,89.000,79.000,74.000,73.000,73.000,70.000,70.000,90.859,74.000,90.859,62.625,35.000,35.000,34.996,44.453,45.094,42.242,40.280,0.296,57.709,4935.158,4581.027,5015.000,4644.000,0.000,,,,2,1789721828.951,100,1
202.568,94.133,95.457,75.375,75.000,73.000,76.000,79.000,77.000,74.000,72.000,88.000,70.000,93.422,73.000,93.422,62.562,35.000,35.000,34.996,44.457,45.098,42.246,39.978,0.294,57.406,4987.255,4581.260,5065.000,4690.000,0.000,,,,2,1789721829.956,100,1
203.571,94.016,95.340,75.125,79.000,74.000,80.000,78.000,77.000,74.000,83.000,81.000,72.000,90.328,74.000,90.328,62.438,35.000,35.000,34.996,44.461,45.098,42.246,40.826,0.304,58.394,5022.321,4655.253,5114.000,4736.000,0.000,,,,2,1789721830.957,100,1
204.574,93.859,95.184,75.000,81.000,73.000,93.000,80.000,76.000,74.000,72.000,71.000,69.000,93.000,73.000,89.031,62.375,35.000,35.000,34.996,44.461,45.094,42.246,41.205,0.357,58.791,5074.997,4698.206,5164.000,4782.000,0.000,,,,2,1789721831.961,100,1
205.578,93.684,95.008,74.875,97.000,73.000,77.000,77.000,74.000,72.000,70.000,70.000,69.000,97.000,74.000,88.172,62.188,35.000,35.000,34.996,44.465,45.098,42.250,39.892,0.323,57.488,5093.522,4790.993,5214.000,4828.000,0.000,,,,2,1789721832.964,100,1
206.582,93.395,94.719,74.688,76.000,75.000,77.000,76.000,73.000,71.000,74.000,75.000,68.000,84.484,73.000,84.484,62.125,35.000,35.000,34.996,44.469,45.098,42.250,43.038,0.362,60.653,5128.863,4791.184,5174.000,4791.000,0.000,,,,2,1789721833.971,100,1
207.587,93.027,94.352,74.500,80.000,73.000,81.000,77.000,78.000,73.000,73.000,79.000,69.000,81.688,72.000,81.688,61.938,35.000,35.000,34.996,44.469,45.098,42.254,38.694,0.362,56.288,5165.660,4758.191,5124.000,4745.000,0.000,,,,2,1789721834.973,100,1
208.588,92.680,94.004,74.375,75.000,71.000,77.000,75.000,73.000,70.000,83.000,69.000,70.000,83.000,71.000,81.906,61.938,35.000,35.000,34.996,44.473,45.098,42.254,39.272,0.369,57.064,5109.572,4743.958,5074.000,4699.000,0.000,,,,2,1789721835.976,100,1
209.591,92.488,93.812,74.188,83.000,72.000,78.000,76.000,77.000,83.000,73.000,71.000,68.000,86.547,71.000,86.547,61.750,35.000,35.000,34.996,44.473,45.094,42.258,40.951,0.328,58.512,5074.782,4683.170,5025.000,4653.000,0.000,,,,2,1789721836.980,100,1
210.594,92.383,93.707,74.375,77.000,90.000,74.000,79.000,73.000,75.000,85.000,71.000,69.000,90.000,77.000,89.109,61.750,35.000,35.000,34.996,44.477,45.098,42.258,46.409,0.259,63.763,5021.761,4623.802,4975.000,4607.000,0.000,,,,2,1789721837.981,100,1
211.599,92.273,93.598,74.375,76.000,73.000,76.000,76.000,74.000,72.000,91.000,71.000,72.000,91.000,72.000,88.875,61.750,35.000,35.000,34.996,44.480,45.094,42.258,43.373,0.294,59.927,4952.470,4580.735,4925.000,4561.000,0.000,,,,2,1789721838.987,100,1
212.604,92.078,93.402,74.125,75.000,71.000,77.000,75.000,73.000,72.000,73.000,79.000,68.000,85.969,71.000,85.969,61.562,35.000,35.000,34.996,44.484,45.098,42.258,36.900,0.311,54.034,4934.955,4596.175,4876.000,4515.000,0.000,,,,2,1789721839.995,100,1
213.604,91.996,93.320,74.000,90.000,73.000,76.000,79.000,70.000,73.000,69.000,68.000,68.000,90.000,73.000,89.500,61.500,35.000,35.000,34.996,44.484,45.098,42.262,36.829,0.292,54.149,4902.495,4552.698,4826.000,4469.000,0.000,,,,2,1789721840.995,100,1
214.609,91.852,93.176,73.625,75.000,71.000,74.000,75.000,92.000,73.000,70.000,70.000,67.000,92.000,71.000,87.297,61.500,35.000,35.000,34.996,44.488,45.098,42.262,36.292,0.287,53.287,4885.198,4484.752,4785.000,4431.000,0.000,,,,2,1789721841.997,100,1
215.613,91.789,93.113,73.562,74.000,91.000,75.000,77.000,72.000,70.000,69.000,68.000,67.000,91.000,77.000,89.906,61.312,35.000,35.000,34.996,44.488,45.098,42.262,38.886,0.264,55.947,4804.677,4456.107,4744.000,4393.000,0.000,,,,2,1789721843.002,100,1
216.614,91.797,93.121,73.500,72.000,70.000,72.000,92.000,71.000,71.000,71.000,69.000,68.000,92.016,71.000,92.016,61.250,35.000,35.000,34.996,44.492,45.094,42.262,38.159,0.271,54.926,4804.036,4442.031,4739.000,4388.000,0.000,,,,2,1789721844.002,100,1
217.615,91.891,93.242,73.188,75.000,87.000,72.000,80.000,72.000,73.000,68.000,68.000,67.000,93.484,75.000,93.484,61.188,35.000,35.000,34.996,44.492,45.094,42.266,38.997,0.264,55.874,4804.548,4416.636,4773.000,4420.000,0.000,,,,2,1789721845.001,100,1
218.620,91.891,93.109,73.188,82.000,71.000,85.000,78.000,75.000,72.000,84.000,68.000,68.000,91.922,71.000,91.922,61.188,35.000,35.000,34.996,44.496,45.094,42.266,37.865,0.272,54.627,4786.916,4415.120,4736.000,4386.000,0.000,,,,2,1789721846.011,100,1
219.623,91.691,92.910,72.938,78.000,71.000,77.000,74.000,73.000,69.000,69.000,87.000,67.000,87.000,71.000,85.531,61.000,35.000,35.000,34.996,44.496,45.094,42.266,36.890,0.304,54.159,4725.091,4401.947,4695.000,4348.000,0.000,,,,2,1789721847.012,100,1
220.626,91.629,92.848,72.812,76.000,79.000,94.000,77.000,78.000,71.000,74.000,69.000,68.000,94.000,73.000,89.719,60.938,35.000,35.000,34.996,44.500,45.090,42.266,38.098,0.310,55.083,4710.624,4349.770,4664.000,4319.000,0.000,,,,2,1789721848.012,100,1
221.627,91.387,92.484,72.875,73.000,70.000,94.000,73.000,71.000,69.000,69.000,68.000,67.000,94.000,69.000,83.859,60.750,35.000,35.000,34.996,44.500,45.090,42.270,35.570,0.347,52.767,4680.188,4297.687,4623.000,4281.000,0.000,,,,2,1789721849.013,100,1
222.631,91.195,92.293,72.688,73.000,72.000,74.000,91.000,71.000,73.000,69.000,71.000,67.000,91.000,71.000,85.281,60.750,35.000,35.000,34.996,44.504,45.090,42.266,36.901,0.315,54.842,4634.338,4286.888,4582.000,4243.000,0.000,,,,2,1789721850.018,100,1
223.632,90.945,92.043,72.688,82.000,74.000,77.000,75.000,75.000,74.000,70.000,72.000,67.000,83.219,71.000,83.219,60.562,35.000,35.000,34.996,44.504,45.086,42.270,42.377,0.346,60.061,4561.119,4274.265,4541.000,4205.000,0.000,,,,2,1789721851.019,100,1
224.635,90.977,92.074,73.125,81.000,76.000,82.000,79.000,79.000,78.000,78.000,88.000,69.000,91.906,72.000,91.906,60.625,35.000,35.000,34.996,44.504,45.086,42.270,73.976,0.288,91.495,4561.408,4224.261,4532.000,4197.000,0.000,,,,2,1789721852.023,100,1
225.640,91.062,92.160,73.875,89.000,83.000,94.000,88.000,93.000,86.000,89.000,88.000,71.000,94.000,76.000,93.703,60.812,35.000,35.000,34.996,44.508,45.082,42.266,66.449,0.315,85.185,4561.523,4236.740,4533.000,4198.000,0.000,,,,2,1789721853.027,100,1
226.643,90.859,91.957,74.562,85.000,79.000,87.000,81.000,81.000,82.000,83.000,79.000,71.000,87.000,74.000,84.656,60.938,35.000,35.000,34.996,44.508,45.082,42.270,59.623,0.327,77.167,4532.122,4212.546,4537.000,4201.000,0.000,,,,2,1789721854.032,100,1
227.644,90.969,92.066,75.125,87.000,82.000,91.000,90.000,90.000,86.000,85.000,86.000,72.000,94.344,76.000,94.344,61.250,35.000,35.000,34.996,44.508,45.082,42.266,79.352,0.276,94.114,4562.738,4212.793,4540.000,4204.000,0.000,,,,2,1789721855.033,100,1
228.648,91.082,92.266,75.500,90.000,87.000,95.000,89.000,92.000,89.000,89.000,88.000,73.000,95.000,77.000,93.047,61.562,35.000,35.000,34.996,44.508,45.082,42.266,61.503,0.317,81.351,4533.263,4213.237,4543.000,4207.000,0.000,,,,2,1789721856.034,100,1
229.649,91.043,92.227,76.562,85.000,80.000,86.000,81.000,84.000,85.000,80.000,81.000,72.000,89.844,76.000,89.844,61.750,35.000,35.000,34.996,44.512,45.082,42.266,73.129,0.245,89.067,4533.548,4212.892,4545.000,4209.000,0.000,,,,2,1789721857.042,100,1
230.654,91.594,93.211,76.875,91.000,87.000,94.000,88.000,96.000,89.000,90.000,90.000,74.000,97.109,79.000,97.109,62.125,35.000,35.000,34.996,44.512,45.086,42.266,78.216,0.275,96.338,4562.102,4225.650,4586.000,4247.000,0.000,,,,2,1789721858.041,100,1
231.655,91.508,93.125,77.625,83.000,77.000,87.000,88.000,80.000,77.000,75.000,75.000,71.000,88.922,75.000,88.922,62.500,35.000,35.000,34.996,44.512,45.086,42.266,64.931,0.356,80.714,4605.701,4248.740,4627.000,4285.000,0.000,,,,2,1789721859.042,100,1
232.660,91.840,93.762,77.875,95.000,84.000,94.000,92.000,91.000,87.000,88.000,89.000,75.000,96.531,79.000,96.531,62.688,35.000,35.000,34.996,44.516,45.094,42.266,79.644,0.238,98.147,4620.598,4286.275,4668.000,4323.000,0.000,,,,2,1789721860.046,100,1
233.662,91.742,93.664,78.438,87.000,84.000,88.000,82.000,85.000,84.000,85.000,80.000,74.000,88.719,77.000,88.719,63.062,35.000,35.000,34.996,44.516,45.094,42.266,61.944,0.317,76.611,4679.944,4298.456,4709.000,4361.000,0.000,,,,2,1789721861.049,100,1
234.667,91.598,93.520,78.125,77.000,74.000,78.000,77.000,75.000,82.000,78.000,71.000,72.000,87.234,74.000,87.234,63.188,35.000,35.000,34.996,44.520,45.098,42.262,43.430,0.365,60.195,4710.870,4325.883,4750.000,4399.000,0.000,,,,2,1789721862.058,100,1
235.670,91.465,93.387,77.625,81.000,76.000,88.000,79.000,80.000,83.000,75.000,83.000,71.000,88.000,75.000,87.297,63.125,35.000,35.000,34.996,44.523,45.105,42.262,38.981,0.323,57.151,4756.557,4403.993,4791.000,4437.000,0.000,,,,2,1789721863.057,100,1
236.674,91.285,93.207,77.250,76.000,73.000,76.000,76.000,73.000,81.000,71.000,70.000,71.000,85.656,73.000,85.656,63.062,35.000,35.000,34.996,44.523,45.109,42.262,43.601,0.359,61.022,4788.316,4416.365,4823.000,4466.000,0.000,,,,2,1789721864.060,100,1
237.678,91.137,93.059,76.750,74.000,72.000,78.000,75.000,89.000,72.000,76.000,82.000,71.000,89.000,72.000,86.547,63.062,35.000,35.000,34.996,44.527,45.113,42.262,40.005,0.291,58.110,4804.292,4443.896,4782.000,4428.000,0.000,,,,2,1789721865.065,100,1
238.682,90.980,92.902,76.625,75.000,85.000,76.000,76.000,72.000,71.000,70.000,69.000,69.000,86.188,75.000,86.188,62.938,35.000,35.000,34.996,44.531,45.121,42.266,37.273,0.307,54.371,4756.494,4416.419,4741.000,4390.000,0.000,,,,2,1789721866.069,100,1
239.684,90.789,92.711,76.312,77.000,72.000,77.000,76.000,75.000,83.000,72.000,81.000,72.000,84.875,73.000,84.875,62.750,35.000,35.000,34.996,44.531,45.125,42.266,41.232,0.276,59.806,4724.348,4377.006,4700.000,4352.000,0.000,,,,2,1789721867.071,100,1
240.686,90.883,92.805,76.438,88.000,80.000,90.000,89.000,89.000,82.000,88.000,86.000,73.000,93.797,77.000,93.797,62.688,35.000,35.000,34.996,44.539,45.133,42.270,66.875,0.288,86.654,4710.747,4324.688,4709.000,4361.000,0.000,,,,2,1789721868.072,100,1
241.691,91.004,92.891,77.000,94.000,88.000,99.000,93.000,95.000,95.000,92.000,93.000,74.000,99.000,79.000,92.578,62.750,35.000,35.000,34.996,44.543,45.141,42.270,62.135,0.328,80.590,4725.650,4363.636,4733.000,4383.000,0.000,,,,2,1789721869.078,100,1
242.695,91.789,93.727,77.625,82.000,86.000,100.000,80.000,78.000,79.000,75.000,75.000,71.000,100.000,77.000,94.156,63.000,35.000,35.000,34.996,44.543,45.141,42.270,71.203,0.296,85.165,4756.871,4415.606,4774.000,4421.000,0.000,,,,2,1789721870.082,100,1
243.698,93.348,95.559,78.125,92.000,85.000,95.000,89.000,94.000,87.000,91.000,91.000,74.000,98.016,79.000,98.016,63.062,35.000,35.000,34.996,44.547,45.148,42.273,74.868,0.286,88.945,4771.814,4443.402,4815.000,4459.000,0.000,,,,2,1789721871.085,100,1
244.699,93.398,95.402,78.812,95.000,87.000,95.000,96.000,99.000,94.000,95.000,94.000,75.000,99.000,80.000,93.547,63.312,35.000,35.000,34.996,44.551,45.152,42.273,65.274,0.319,80.802,4804.356,4443.951,4856.000,4497.000,0.000,,,,2,1789721872.086,100,1
245.700,93.371,95.176,79.125,93.000,87.000,96.000,89.000,92.000,91.000,87.000,87.000,73.000,96.000,78.000,92.578,63.438,35.000,35.000,34.996,44.559,45.156,42.277,69.759,0.331,90.799,4884.005,4497.751,4897.000,4535.000,0.000,,,,2,1789721873.087,100,1
246.703,94.742,96.777,79.500,98.000,89.000,100.000,91.000,96.000,93.000,91.000,92.000,75.000,100.000,81.000,98.859,63.625,35.000,35.000,34.996,44.562,45.164,42.277,81.938,0.232,96.373,4918.570,4541.211,4947.000,4581.000,0.000,,,,2,1789721874.089,100,1
247.703,94.707,96.539,80.062,95.000,89.000,98.000,93.000,95.000,92.000,92.000,93.000,76.000,98.000,80.000,93.719,63.812,35.000,35.000,34.996,44.566,45.168,42.277,66.083,0.316,83.528,4934.413,4568.992,4997.000,4627.000,0.000,,,,2,1789721875.123,100,1
248.704,95.707,97.656,80.438,92.000,85.000,93.000,89.000,93.000,88.000,89.000,87.000,75.000,98.719,80.000,98.719,64.188,35.000,35.000,34.996,44.570,45.180,42.285,83.335,0.198,100.893,4985.528,4611.305,5046.000,4673.000,0.000,,,,2,1789721876.091,100,1
249.708,96.223,98.129,80.812,94.000,89.000,98.000,93.000,96.000,93.000,91.000,89.000,75.000,98.000,81.000,97.766,64.312,35.000,35.000,34.996,44.578,45.191,42.289,65.597,0.338,83.301,5090.498,4683.597,5096.000,4719.000,0.000,,,,2,1789721877.094,100,1
250.708,96.199,97.918,81.375,84.000,93.000,86.000,83.000,84.000,81.000,81.000,80.000,74.000,95.484,80.000,95.484,64.562,35.000,35.000,34.996,44.582,45.199,42.293,73.607,0.263,94.366,5107.977,4699.616,5146.000,4765.000,0.000,,,,2,1789721878.094,100,1
251.711,96.254,97.871,81.250,91.000,80.000,92.000,82.000,92.000,78.000,76.000,74.000,72.000,96.984,78.000,96.984,64.688,35.000,35.000,34.996,44.586,45.211,42.297,47.614,0.328,64.967,5144.768,4760.520,5195.000,4811.000,0.000,,,,2,1789721879.098,100,1
252.713,96.508,98.223,81.062,95.000,88.000,99.000,93.000,96.000,93.000,93.000,91.000,76.000,99.078,81.000,99.078,64.688,35.000,35.000,34.996,44.594,45.219,42.301,71.838,0.265,86.751,5199.908,4793.991,5245.000,4857.000,0.000,,,,2,1789721880.100,100,1
253.715,96.324,98.039,81.188,82.000,90.000,83.000,80.000,95.000,76.000,76.000,73.000,72.000,95.000,79.000,90.641,64.688,35.000,35.000,34.996,44.602,45.230,42.309,48.193,0.390,69.207,5218.223,4839.230,5295.000,4903.000,0.000,,,,2,1789721881.101,100,1
254.719,96.312,97.855,80.688,99.000,82.000,84.000,82.000,75.000,75.000,74.000,74.000,72.000,99.000,80.000,96.031,64.875,35.000,35.000,34.996,44.605,45.242,42.312,40.816,0.287,57.792,5237.811,4887.254,5344.000,4949.000,0.000,,,,2,1789721882.107,100,1
255.722,96.066,97.609,80.125,79.000,77.000,82.000,79.000,86.000,75.000,79.000,73.000,71.000,88.469,76.000,88.469,64.625,35.000,35.000,34.996,44.609,45.258,42.320,38.488,0.274,56.826,5315.144,4903.296,5394.000,4995.000,0.000,,,,2,1789721883.111,100,1
256.727,96.031,97.574,79.500,100.000,77.000,81.000,80.000,76.000,75.000,72.000,71.000,71.000,100.000,77.000,94.875,64.438,35.000,35.000,34.996,44.617,45.266,42.324,38.206,0.285,55.285,5373.375,5003.127,5444.000,5041.000,0.000,,,,2,1789721884.114,100,1
257.732,95.852,97.395,79.125,83.000,77.000,92.000,79.000,79.000,76.000,77.000,75.000,72.000,92.000,75.000,90.344,64.375,35.000,35.000,34.996,44.621,45.277,42.332,42.454,0.274,59.296,5393.339,5020.010,5505.000,5098.000,0.000,,,,2,1789721885.118,100,1
258.737,95.703,97.246,78.875,77.000,74.000,79.000,77.000,100.000,73.000,76.000,71.000,71.000,100.000,75.000,91.094,64.125,35.000,35.000,34.996,44.629,45.289,42.340,41.980,0.259,60.878,5559.330,5073.424,5567.000,5155.000,0.000,,,,2,1789721886.125,100,1
259.740,95.660,97.203,78.500,94.000,88.000,98.000,93.000,94.000,93.000,90.000,91.000,75.000,98.000,79.000,94.328,63.875,35.000,35.000,34.996,44.633,45.301,42.344,54.652,0.287,69.922,5536.588,5126.818,5616.000,5200.000,0.000,,,,2,1789721887.126,100,1
260.745,95.578,97.121,79.438,80.000,80.000,82.000,79.000,85.000,77.000,83.000,75.000,73.000,92.984,76.000,92.984,63.938,35.000,35.000,34.996,44.641,45.312,42.352,71.280,0.296,91.491,5579.492,5144.253,5616.000,5200.000,0.000,,,,2,1789721888.134,100,1
261.749,95.512,97.055,79.250,84.000,80.000,93.000,84.000,79.000,82.000,76.000,75.000,71.000,93.469,76.000,93.469,63.938,35.000,35.000,34.996,44.648,45.324,42.359,40.971,0.280,57.944,5579.060,5161.809,5616.000,5200.000,0.000,,,,2,1789721889.135,100,1
262.750,95.531,97.074,78.688,82.000,81.000,91.000,80.000,84.000,80.000,74.000,73.000,70.000,96.109,77.000,96.109,63.875,35.000,35.000,34.996,44.652,45.332,42.363,40.652,0.267,59.006,5578.455,5198.030,5616.000,5200.000,0.000,,,,2,1789721890.137,100,1
263.755,95.434,96.977,78.562,87.000,75.000,79.000,78.000,76.000,73.000,83.000,76.000,73.000,92.453,75.000,92.453,63.688,35.000,35.000,34.996,44.660,45.344,42.371,44.152,0.316,61.885,5601.021,5198.932,5616.000,5200.000,0.000,,,,2,1789721891.144,100,1
264.759,95.207,96.750,78.125,77.000,80.000,78.000,77.000,84.000,74.000,74.000,72.000,70.000,88.109,75.000,88.109,63.688,35.000,35.000,34.996,44.664,45.352,42.379,43.568,0.325,61.754,5600.585,5198.932,5616.000,5200.000,0.000,,,,2,1789721892.146,100,1
265.763,95.078,96.621,77.875,91.000,74.000,84.000,78.000,74.000,73.000,75.000,71.000,70.000,91.062,74.000,91.062,63.312,35.000,35.000,34.996,44.672,45.363,42.383,41.338,0.315,58.855,5600.585,5197.805,5616.000,5200.000,0.000,,,,2,1789721893.149,100,1
266.766,94.871,96.414,77.625,78.000,74.000,79.000,79.000,89.000,73.000,72.000,71.000,69.000,89.000,73.000,88.469,63.312,35.000,35.000,34.996,44.676,45.371,42.387,39.681,0.313,57.703,5599.626,5197.580,5616.000,5200.000,0.000,,,,2,1789721894.152,100,1
267.771,94.758,96.301,77.375,80.000,76.000,81.000,79.000,79.000,73.000,93.000,71.000,72.000,93.000,74.000,91.266,63.250,35.000,35.000,34.996,44.684,45.379,42.395,39.554,0.291,57.497,5601.108,5197.430,5616.000,5200.000,0.000,,,,2,1789721895.160,100,1
268.775,94.562,96.105,77.062,82.000,86.000,80.000,78.000,74.000,72.000,72.000,74.000,69.000,88.484,76.000,88.484,62.938,35.000,35.000,34.996,44.688,45.391,42.402,40.567,0.333,58.511,5599.104,5197.655,5616.000,5200.000,0.000,,,,2,1789721896.161,100,1
269.776,94.297,95.840,76.938,80.000,72.000,78.000,75.000,73.000,71.000,71.000,83.000,69.000,86.125,71.000,86.125,62.812,35.000,35.000,34.996,44.695,45.391,42.406,39.546,0.359,58.013,5643.341,5197.505,5616.000,5200.000,0.000,,,,2,1789721897.164,100,1
270.776,94.203,95.746,76.625,83.000,76.000,83.000,78.000,77.000,79.000,71.000,73.000,69.000,91.328,73.000,91.328,62.625,35.000,35.000,34.996,44.699,45.398,42.410,42.009,0.368,59.716,5643.076,5196.830,5616.000,5200.000,0.000,,,,2,1789721898.163,100,1
271.781,94.043,95.586,76.312,78.000,73.000,82.000,92.000,73.000,73.000,70.000,70.000,69.000,92.000,74.000,89.062,62.562,35.000,35.000,34.996,44.703,45.406,42.414,38.685,0.309,56.536,5599.191,5197.880,5616.000,5200.000,0.000,,,,2,1789721899.172,100,1
272.785,93.914,95.457,76.062,77.000,72.000,79.000,86.000,72.000,81.000,71.000,72.000,68.000,89.922,72.000,89.922,62.500,35.000,35.000,34.996,44.707,45.406,42.422,39.494,0.283,57.521,5599.540,5198.331,5616.000,5200.000,0.000,,,,2,1789721900.173,100,1
273.790,93.641,95.184,75.875,77.000,78.000,78.000,75.000,74.000,75.000,72.000,74.000,68.000,85.078,72.000,85.078,62.312,35.000,35.000,34.996,44.711,45.414,42.426,43.662,0.350,61.567,5644.580,5199.231,5616.000,5200.000,0.000,,,,2,1789721901.178,100,1
274.793,93.480,95.023,75.812,77.000,72.000,97.000,76.000,75.000,71.000,71.000,69.000,68.000,97.000,72.000,88.594,62.125,35.000,35.000,34.996,44.719,45.418,42.430,39.479,0.361,57.417,5599.975,5198.631,5616.000,5200.000,0.000,,,,2,1789721902.182,100,1
275.798,93.328,94.871,75.625,79.000,79.000,80.000,77.000,75.000,78.000,74.000,71.000,68.000,88.625,73.000,88.625,62.062,35.000,35.000,34.996,44.719,45.422,42.434,39.340,0.327,57.211,5600.847,5199.757,5616.000,5200.000,0.000,,,,2,1789721903.184,100,1
276.803,93.141,94.684,75.250,78.000,75.000,81.000,76.000,77.000,79.000,81.000,71.000,68.000,87.266,72.000,87.266,61.938,35.000,35.000,34.996,44.723,45.422,42.438,41.269,0.352,59.136,5598.495,5198.181,5610.000,5195.000,0.000,,,,2,1789721904.191,100,1
277.805,93.074,94.617,75.562,82.000,77.000,86.000,81.000,84.000,82.000,83.000,81.000,72.000,91.047,74.000,91.047,61.750,35.000,35.000,34.996,44.727,45.426,42.438,71.188,0.255,88.849,5599.626,5198.706,5596.000,5182.000,0.000,,,,2,1789721905.191,100,1
278.808,93.113,94.656,76.312,92.000,84.000,98.000,89.000,94.000,89.000,92.000,88.000,73.000,98.000,77.000,94.047,61.812,35.000,35.000,34.996,44.730,45.426,42.441,64.244,0.286,82.281,5600.411,5198.631,5612.000,5197.000,0.000,,,,2,1789721906.194,100,1
279.812,92.930,94.473,76.938,78.000,73.000,92.000,76.000,76.000,72.000,91.000,71.000,71.000,92.000,73.000,87.312,62.062,35.000,35.000,34.996,44.734,45.430,42.445,64.551,0.310,82.331,5600.934,5161.586,5562.000,5150.000,0.000,,,,2,1789721907.205,100,1
280.814,93.172,94.852,77.312,88.000,83.000,91.000,86.000,92.000,85.000,90.000,85.000,72.000,96.078,77.000,96.078,62.125,35.000,35.000,34.996,44.734,45.430,42.445,75.834,0.267,93.414,5599.714,5199.307,5616.000,5200.000,0.000,,,,2,1789721908.201,100,1
281.819,93.516,95.129,77.688,92.000,86.000,99.000,89.000,94.000,89.000,92.000,90.000,73.000,99.000,79.000,94.547,62.312,35.000,35.000,34.996,44.738,45.434,42.449,62.139,0.349,80.292,5643.429,5200.358,5616.000,5200.000,0.000,,,,2,1789721909.206,100,1
282.824,93.457,94.910,78.375,92.000,86.000,96.000,89.000,93.000,88.000,89.000,90.000,72.000,96.000,77.000,91.672,62.500,35.000,35.000,34.996,44.742,45.438,42.453,65.716,0.331,83.655,5599.801,5200.058,5616.000,5200.000,0.000,,,,2,1789721910.210,100,1
283.829,93.465,94.777,78.688,84.000,78.000,86.000,83.000,82.000,80.000,83.000,79.000,71.000,93.531,76.000,93.531,62.750,35.000,35.000,34.996,44.746,45.441,42.457,76.242,0.290,93.492,5643.783,5198.331,5616.000,5200.000,0.000,,,,2,1789721911.223,100,1
284.831,94.641,96.176,79.000,94.000,88.000,98.000,95.000,99.000,93.000,92.000,92.000,74.000,99.000,79.000,98.172,62.875,35.000,35.000,34.996,44.750,45.441,42.457,68.186,0.287,86.407,5599.801,5198.556,5616.000,5200.000,0.000,,,,2,1789721912.218,100,1
285.835,94.508,96.043,79.375,87.000,83.000,89.000,85.000,90.000,84.000,81.000,79.000,72.000,90.484,76.000,90.484,63.062,35.000,35.000,34.996,44.750,45.445,42.457,60.818,0.333,78.660,5644.756,5199.833,5616.000,5200.000,0.000,,,,2,1789721913.223,100,1
286.837,94.902,96.641,79.750,87.000,80.000,92.000,84.000,92.000,80.000,81.000,80.000,72.000,98.453,77.000,98.453,63.125,35.000,35.000,34.996,44.754,45.449,42.457,78.196,0.288,95.302,5644.049,5201.485,5616.000,5200.000,0.000,,,,2,1789721914.224,100,1
287.844,94.699,96.438,79.688,87.000,78.000,82.000,80.000,86.000,75.000,75.000,73.000,70.000,88.516,75.000,88.516,63.312,35.000,35.000,34.996,44.758,45.453,42.461,47.258,0.373,64.630,5602.154,5198.105,5616.000,5200.000,0.000,,,,2,1789721915.232,100,1
288.849,94.656,96.395,79.625,85.000,80.000,88.000,83.000,85.000,83.000,84.000,84.000,76.000,93.297,76.000,93.297,63.500,35.000,35.000,34.996,44.758,45.457,42.461,75.030,0.255,93.288,5643.341,5200.133,5616.000,5200.000,0.000,,,,2,1789721916.235,100,1
289.851,94.438,96.176,79.750,81.000,78.000,92.000,79.000,80.000,78.000,75.000,86.000,71.000,92.000,75.000,87.688,63.438,35.000,35.000,34.996,44.762,45.465,42.461,49.668,0.378,67.145,5600.411,5200.358,5616.000,5200.000,0.000,,,,2,1789721917.238,100,1
290.854,94.309,96.047,79.375,80.000,84.000,79.000,79.000,76.000,74.000,100.000,73.000,74.000,100.000,77.000,90.250,63.562,35.000,35.000,34.996,44.766,45.469,42.465,39.603,0.290,65.841,5644.137,5199.307,5616.000,5200.000,0.000,,,,2,1789721918.243,100,1
291.858,94.184,95.922,78.875,85.000,79.000,83.000,85.000,77.000,74.000,73.000,72.000,70.000,90.328,75.000,90.328,63.438,35.000,35.000,34.996,44.770,45.477,42.469,38.741,0.354,57.154,5600.759,5198.781,5616.000,5200.000,0.000,,,,2,1789721919.245,100,1
292.862,93.941,95.680,78.500,80.000,75.000,78.000,78.000,93.000,73.000,73.000,71.000,69.000,93.000,74.000,86.469,63.375,35.000,35.000,34.996,44.770,45.480,42.469,37.352,0.349,56.933,5600.411,5198.781,5616.000,5200.000,0.000,,,,2,1789721920.248,100,1
293.863,93.695,95.434,77.938,79.000,75.000,79.000,92.000,73.000,74.000,71.000,71.000,69.000,92.000,74.000,86.031,63.188,35.000,35.000,34.996,44.773,45.488,42.473,40.213,0.342,55.540,5644.314,5199.382,5616.000,5200.000,0.000,,,,2,1789721921.249,100,1
294.868,93.457,95.195,77.500,79.000,76.000,84.000,78.000,82.000,79.000,77.000,73.000,70.000,86.031,73.000,85.562,62.938,35.000,35.000,34.996,44.777,45.492,42.477,38.242,0.338,58.277,5643.518,5198.856,5616.000,5200.000,0.000,,,,2,1789721922.254,100,1
295.869,93.211,94.949,77.125,75.000,76.000,77.000,75.000,72.000,80.000,71.000,71.000,68.000,85.562,72.000,86.844,62.938,35.000,35.000,34.996,44.781,45.496,42.477,40.783,0.325,55.828,5643.252,5199.082,5616.000,5200.000,0.000,,,,2,1789721923.255,100,1
296.871,93.012,94.750,76.875,77.000,73.000,76.000,79.000,88.000,72.000,71.000,69.000,68.000,87.000,74.000,85.094,62.750,35.000,35.000,34.996,44.785,45.504,42.480,38.147,0.328,58.686,5600.498,5200.509,5616.000,5200.000,0.000,,,,2,1789721924.259,100,1
297.876,92.762,94.500,76.562,94.000,73.000,76.000,78.000,72.000,74.000,70.000,71.000,68.000,88.000,73.000,88.500,62.312,35.000,35.000,34.996,44.785,45.504,42.480,40.684,0.321,56.052,5599.714,5199.607,5616.000,5200.000,0.000,,,,2,1789721925.266,100,1
298.880,92.629,94.367,76.188,75.000,72.000,77.000,75.000,80.000,70.000,75.000,68.000,68.000,94.000,72.000,83.359,62.312,35.000,35.000,34.996,44.789,45.508,42.484,37.532,0.349,58.818,5600.934,5199.007,5616.000,5200.000,0.000,,,,2,1789721926.264,100,1
299.881,92.340,94.078,76.188,78.000,79.000,78.000,76.000,74.000,73.000,70.000,70.000,67.000,83.359,73.000,83.656,62.312,35.000,35.000,34.996,44.793,45.512,42.484,40.897,0.362,54.735,5601.282,5199.007,5612.000,5197.000,0.000,,,,2,1789721927.265,100,1
300.885,92.070,93.809,75.812,75.000,73.000,74.000,77.000,69.000,87.000,69.000,68.000,67.000,87.000,73.000,83.672,61.875,35.000,35.000,34.996,44.797,45.516,42.488,38.604,0.324,59.279,5580.011,5164.474,5551.000,5140.000,0.000,,,,2,1789721928.271,100,1
301.888,91.691,93.430,75.438,73.000,72.000,77.000,75.000,81.000,71.000,88.000,69.000,68.000,88.156,72.000,88.156,61.875,35.000,35.000,34.996,44.801,45.520,42.492,38.994,0.308,56.874,5536.417,5056.464,5489.000,5083.000,0.000,,,,2,1789721929.275,100,1
302.892,91.602,93.340,75.188,75.000,74.000,76.000,76.000,73.000,89.000,71.000,69.000,68.000,89.000,74.000,88.750,61.812,35.000,35.000,34.996,44.805,45.520,42.492,38.254,0.276,56.571,5473.371,5038.559,5428.000,5026.000,0.000,,,,2,1789721930.280,100,1
303.897,91.527,93.266,75.125,81.000,72.000,75.000,87.000,70.000,71.000,71.000,68.000,67.000,89.312,73.000,89.312,61.625,35.000,35.000,34.996,44.805,45.520,42.496,38.045,0.272,55.830,5432.978,5023.232,5378.000,4980.000,0.000,,,,2,1789721931.284,100,1
304.901,91.336,93.074,74.875,77.000,76.000,79.000,89.000,76.000,72.000,71.000,92.000,67.000,92.000,74.000,85.391,61.500,35.000,35.000,34.996,44.809,45.520,42.496,41.547,0.276,55.869,5390.836,4986.979,5356.000,4960.000,0.000,,,,2,1789721932.289,100,1
305.903,91.105,92.844,74.750,75.000,70.000,75.000,85.000,74.000,71.000,71.000,69.000,68.000,85.000,70.000,83.953,61.375,35.000,35.000,34.996,44.809,45.520,42.496,43.756,0.300,60.142,5371.210,4951.993,5307.000,4914.000,0.000,,,,2,1789721933.291,100,1
306.908,90.820,92.559,74.562,73.000,71.000,87.000,75.000,74.000,75.000,70.000,73.000,68.000,87.000,71.000,81.953,61.312,35.000,35.000,34.996,44.809,45.516,42.496,38.056,0.336,59.940,5352.205,4936.443,5257.000,4868.000,0.000,,,,2,1789721934.297,100,1
307.908,90.555,92.293,74.438,72.000,70.000,74.000,75.000,73.000,70.000,82.000,68.000,68.000,82.266,70.000,82.266,61.250,35.000,35.000,34.996,44.812,45.520,42.500,40.245,0.318,56.188,5272.331,4887.851,5207.000,4822.000,0.000,,,,2,1789721935.296,100,1
308.910,90.203,91.941,74.188,72.000,69.000,79.000,71.000,70.000,74.000,69.000,70.000,67.000,79.344,70.000,79.344,61.250,35.000,35.000,34.996,44.812,45.520,42.500,37.403,0.341,57.525,5217.165,4839.360,5158.000,4776.000,0.000,,,,2,1789721936.296,100,1
309.910,89.922,91.660,74.062,84.000,72.000,81.000,76.000,71.000,70.000,71.000,68.000,68.000,84.000,71.000,81.266,61.062,35.000,35.000,34.996,44.812,45.520,42.500,38.576,0.331,54.911,5179.931,4792.715,5108.000,4730.000,0.000,,,,2,1789721937.300,100,1
310.912,89.660,91.398,74.000,73.000,76.000,76.000,75.000,76.000,70.000,70.000,69.000,67.000,81.531,71.000,81.531,61.062,35.000,35.000,34.996,44.816,45.520,42.500,38.673,0.326,56.422,5124.774,4760.394,5058.000,4684.000,0.000,,,,2,1789721938.298,100,1
311.912,89.500,91.238,73.688,75.000,71.000,76.000,74.000,72.000,69.000,97.000,69.000,70.000,97.000,71.000,84.484,60.938,35.000,35.000,34.996,44.816,45.520,42.500,36.980,0.272,56.053,5106.745,4700.353,5036.000,4663.000,0.000,,,,2,1789721939.299,100,1
312.915,89.480,91.219,73.625,73.000,71.000,75.000,75.000,71.000,71.000,69.000,85.000,66.000,88.844,71.000,88.844,60.812,35.000,35.000,34.996,44.816,45.520,42.500,39.541,0.265,55.344,5071.351,4698.328,5040.000,4667.000,0.000,,,,2,1789721940.302,100,1
313.919,89.402,90.965,73.438,93.000,70.000,75.000,73.000,75.000,69.000,70.000,67.000,66.000,93.000,71.000,86.969,60.812,35.000,35.000,34.996,44.816,45.520,42.500,38.525,0.289,56.618,5071.137,4670.169,5044.000,4671.000,0.000,,,,2,1789721941.306,100,1
314.921,89.328,90.734,73.375,90.000,71.000,83.000,85.000,75.000,72.000,69.000,68.000,66.000,90.000,71.000,87.109,60.625,35.000,35.000,34.996,44.820,45.516,42.496,39.681,0.272,57.567,5072.208,4684.938,5049.000,4675.000,0.000,,,,2,1789721942.307,100,1
315.923,89.113,90.520,73.438,74.000,69.000,72.000,73.000,69.000,86.000,68.000,69.000,66.000,86.000,70.000,82.453,60.688,35.000,35.000,34.996,44.820,45.512,42.496,43.030,0.295,56.059,5089.922,4671.139,5052.000,4678.000,0.000,,,,2,1789721943.311,100,1
316.926,89.270,90.648,73.188,94.000,77.000,74.000,77.000,69.000,69.000,67.000,66.000,66.000,94.000,75.000,90.391,60.688,35.000,35.000,34.996,44.820,45.512,42.496,38.934,0.257,61.311,5054.689,4714.696,5054.000,4680.000,0.000,,,,2,1789721944.315,100,1
317.931,89.094,90.473,73.125,80.000,71.000,74.000,73.000,72.000,74.000,70.000,70.000,68.000,83.734,69.000,83.734,60.562,35.000,35.000,34.996,44.816,45.508,42.496,45.793,0.288,55.589,5054.973,4669.806,5058.000,4684.000,0.000,,,,2,1789721945.318,100,1
318.933,89.082,90.324,73.375,94.000,71.000,75.000,75.000,72.000,70.000,70.000,73.000,67.000,94.000,71.000,88.734,60.688,35.000,35.000,34.996,44.820,45.504,42.492,41.439,0.299,62.979,5036.163,4655.554,5061.000,4687.000,0.000,,,,2,1789721946.320,100,1
319.936,88.926,90.043,72.875,80.000,81.000,79.000,90.000,73.000,73.000,71.000,70.000,67.000,90.000,73.000,84.062,60.375,35.000,35.000,34.996,44.820,45.504,42.492,44.193,0.315,59.706,5072.709,4684.816,5064.000,4689.000,0.000,,,,2,1789721947.324,100,1
320.937,88.766,89.883,73.000,76.000,70.000,75.000,88.000,71.000,72.000,68.000,68.000,66.000,88.000,72.000,83.781,60.500,35.000,35.000,34.996,44.816,45.500,42.488,42.466,0.306,61.182,5071.065,4685.730,5068.000,4693.000,0.000,,,,2,1789721948.324,100,1
321.942,88.953,90.301,73.125,82.000,76.000,85.000,80.000,82.000,78.000,76.000,77.000,67.000,92.391,73.000,92.391,60.562,35.000,35.000,34.996,44.816,45.496,42.484,41.870,0.278,60.733,5071.780,4670.291,5071.000,4696.000,0.000,,,,2,1789721949.329,100,1
322.946,88.789,90.137,73.125,74.000,71.000,83.000,74.000,72.000,71.000,69.000,68.000,67.000,83.750,70.000,83.750,60.562,35.000,35.000,34.996,44.816,45.496,42.484,39.472,0.300,58.262,5071.065,4699.739,5073.000,4698.000,0.000,,,,2,1789721950.332,100,1
323.949,88.738,90.086,72.812,71.000,70.000,72.000,72.000,76.000,70.000,87.000,69.000,67.000,87.234,71.000,87.234,60.500,35.000,35.000,34.996,44.816,45.492,42.480,38.614,0.305,58.238,5071.851,4700.414,5078.000,4702.000,0.000,,,,2,1789721951.336,100,1
324.952,88.715,90.062,72.750,73.000,71.000,73.000,75.000,70.000,88.000,69.000,70.000,66.000,88.000,72.000,87.906,60.438,35.000,35.000,34.996,44.816,45.488,42.477,39.633,0.297,56.435,5072.423,4700.782,5081.000,4705.000,0.000,,,,2,1789721952.339,100,1
325.967,88.613,89.961,72.562,71.000,69.000,70.000,71.000,69.000,71.000,68.000,94.000,66.000,94.000,69.000,85.531,60.312,35.000,35.000,34.996,44.812,45.480,42.469,37.698,0.279,56.391,5072.280,4700.414,5083.000,4707.000,0.000,,,,2,1789721953.364,100,1
326.971,88.438,89.785,72.562,74.000,84.000,73.000,74.000,69.000,69.000,68.000,67.000,66.000,84.000,73.000,83.000,60.375,35.000,35.000,34.996,44.812,45.477,42.469,41.010,0.287,56.021,5109.209,4702.440,5084.000,4708.000,0.000,,,,2,1789721954.358,100,1
327.975,88.414,89.762,72.438,72.000,70.000,72.000,74.000,69.000,69.000,68.000,94.000,66.000,94.000,71.000,87.656,60.250,35.000,35.000,34.996,44.812,45.473,42.461,38.371,0.318,58.811,5036.938,4699.248,5087.000,4711.000,0.000,,,,2,1789721955.365,100,1
328.980,88.777,90.102,72.312,76.000,84.000,100.000,79.000,76.000,73.000,72.000,69.000,67.000,100.000,73.000,89.875,60.250,35.000,35.000,34.996,44.812,45.465,42.457,41.730,0.266,56.042,5073.424,4698.757,5090.000,4713.000,0.000,,,,2,1789721956.364,100,1
329.981,88.699,89.891,72.312,82.000,70.000,73.000,91.000,67.000,69.000,67.000,67.000,66.000,91.000,71.000,86.281,60.188,35.000,35.000,34.996,44.809,45.457,42.453,39.900,0.315,58.223,5073.924,4700.659,5091.000,4714.000,0.000,,,,2,1789721957.365,100,1
330.986,88.816,89.973,72.125,75.000,92.000,76.000,78.000,71.000,69.000,70.000,68.000,67.000,92.000,76.000,89.656,60.125,35.000,35.000,34.996,44.809,45.453,42.449,40.367,0.281,60.951,5073.781,4745.208,5094.000,4717.000,0.000,,,,2,1789721958.374,100,1
331.990,89.598,90.875,72.062,76.000,71.000,98.000,75.000,70.000,70.000,68.000,68.000,66.000,98.000,72.000,91.953,60.062,35.000,35.000,34.996,44.809,45.445,42.445,38.224,0.204,58.501,5073.853,4745.083,5095.000,4718.000,0.000,,,,2,1789721959.374,100,1
332.992,90.617,92.070,71.938,74.000,70.000,78.000,73.000,77.000,70.000,70.000,89.000,67.000,93.672,70.000,93.672,60.062,35.000,35.000,34.996,44.809,45.438,42.438,38.138,0.243,55.604,5073.924,4745.584,5096.000,4719.000,0.000,,,,2,1789721960.380,100,1
333.997,90.637,91.973,71.938,79.000,72.000,77.000,79.000,71.000,70.000,80.000,67.000,67.000,90.906,72.000,90.906,59.938,35.000,35.000,34.996,44.809,45.434,42.434,40.738,0.258,58.094,5110.515,4700.782,5098.000,4721.000,0.000,,,,2,1789721961.383,100,1
334.997,90.605,91.941,71.750,74.000,72.000,76.000,89.000,70.000,72.000,69.000,68.000,66.000,89.688,71.000,89.688,60.000,35.000,35.000,34.996,44.805,45.426,42.430,38.788,0.245,55.970,5109.427,4700.966,5099.000,4722.000,0.000,,,,2,1789721962.384,100,1
335.999,90.504,91.840,71.750,76.000,71.000,82.000,73.000,80.000,70.000,81.000,76.000,67.000,87.391,70.000,87.391,59.938,35.000,35.000,34.996,44.805,45.418,42.426,40.039,0.249,57.755,5108.702,4700.476,5100.000,4723.000,0.000,,,,2,1789721963.384,100,1
337.003,90.293,91.629,71.875,75.000,71.000,76.000,74.000,82.000,69.000,70.000,67.000,65.000,83.719,70.000,83.719,59.938,35.000,35.000,34.996,44.801,45.414,42.422,46.967,0.337,65.880,5109.500,4715.498,5103.000,4725.000,0.000,,,,2,1789721964.389,100,1
338.005,90.137,91.473,72.062,86.000,75.000,81.000,74.000,70.000,70.000,69.000,68.000,66.000,86.000,71.000,85.250,60.000,35.000,35.000,34.996,44.801,45.406,42.418,51.386,0.353,69.707,5109.572,4746.084,5104.000,4726.000,0.000,,,,2,1789721965.392,100,1
339.010,90.180,91.516,71.938,72.000,70.000,77.000,72.000,98.000,70.000,74.000,68.000,67.000,98.000,70.000,91.578,59.938,35.000,35.000,34.996,44.801,45.398,42.410,38.669,0.247,56.120,5109.572,4744.958,5104.000,4726.000,0.000,,,,2,1789721966.397,100,1
340.013,90.020,91.355,72.000,73.000,69.000,73.000,89.000,68.000,70.000,68.000,68.000,66.000,89.000,70.000,85.047,60.125,35.000,35.000,34.996,44.797,45.391,42.406,40.194,0.287,57.875,5108.267,4745.146,5105.000,4727.000,0.000,,,,2,1789721967.399,100,1
341.017,90.133,91.469,71.875,78.000,69.000,93.000,73.000,72.000,69.000,71.000,67.000,67.000,93.641,70.000,93.641,59.938,35.000,35.000,34.996,44.797,45.387,42.402,38.077,0.232,55.204,5108.629,4700.721,5107.000,4729.000,0.000,,,,2,1789721968.403,100,1
342.018,90.172,91.508,71.688,75.000,89.000,73.000,76.000,71.000,69.000,67.000,67.000,66.000,91.422,75.000,91.422,60.000,35.000,35.000,34.996,44.793,45.379,42.395,38.848,0.240,56.372,5109.572,4744.771,5108.000,4730.000,0.000,,,,2,1789721969.404,100,1
343.021,89.902,91.238,71.562,69.000,68.000,70.000,71.000,69.000,68.000,68.000,78.000,68.000,81.453,67.000,81.453,59.875,35.000,35.000,34.996,44.793,45.371,42.391,41.687,0.259,59.243,5109.790,4745.709,5108.000,4730.000,0.000,,,,2,1789721970.409,100,1
344.025,89.871,91.207,71.625,71.000,69.000,72.000,72.000,69.000,94.000,68.000,69.000,66.000,94.000,69.000,88.922,59.875,35.000,35.000,34.996,44.789,45.363,42.387,38.063,0.281,56.103,5110.007,4745.771,5109.000,4731.000,0.000,,,,2,1789721971.413,100,1
345.027,89.688,91.023,71.562,81.000,69.000,74.000,72.000,70.000,79.000,69.000,68.000,66.000,84.078,68.000,84.078,59.688,35.000,35.000,34.996,44.785,45.359,42.379,38.341,0.253,55.842,5108.412,4746.147,5111.000,4733.000,0.000,,,,2,1789721972.412,100,1
346.030,89.824,91.301,71.438,100.000,71.000,76.000,74.000,68.000,68.000,67.000,66.000,65.000,100.000,71.000,92.578,59.750,35.000,35.000,34.996,44.785,45.352,42.375,36.780,0.262,54.130,5109.862,4715.375,5112.000,4734.000,0.000,,,,2,1789721973.419,100,1
347.034,89.734,91.211,71.438,75.000,73.000,75.000,76.000,70.000,82.000,69.000,67.000,67.000,87.016,71.000,87.016,59.812,35.000,35.000,34.996,44.781,45.340,42.367,40.075,0.241,57.532,5109.935,4745.646,5111.000,4733.000,0.000,,,,2,1789721974.423,100,1
348.037,89.445,90.922,71.188,74.000,70.000,74.000,71.000,69.000,77.000,68.000,66.000,66.000,80.453,70.000,80.453,59.750,35.000,35.000,34.996,44.777,45.336,42.363,40.620,0.303,58.658,5109.500,4746.272,5113.000,4735.000,0.000,,,,2,1789721975.425,100,1
349.039,89.301,90.777,71.250,79.000,70.000,87.000,76.000,70.000,69.000,67.000,66.000,65.000,87.000,70.000,84.844,59.750,35.000,35.000,34.996,44.777,45.328,42.355,39.015,0.292,56.324,5109.645,4744.708,5113.000,4735.000,0.000,,,,2,1789721976.425,100,1
350.043,89.133,90.609,71.188,73.000,70.000,75.000,73.000,73.000,69.000,79.000,68.000,67.000,83.891,69.000,83.891,59.625,35.000,35.000,34.996,44.773,45.320,42.348,39.875,0.277,57.611,5109.935,4745.333,5114.000,4736.000,0.000,,,,2,1789721977.429,100,1
351.047,88.773,90.250,71.125,72.000,72.000,69.000,72.000,68.000,70.000,70.000,67.000,70.000,77.656,69.000,77.656,59.562,35.000,35.000,34.996,44.770,45.312,42.344,45.048,0.350,62.624,5109.354,4746.209,5114.000,4736.000,0.000,,,,2,1789721978.434,100,1
352.052,88.426,89.902,71.125,73.000,70.000,75.000,73.000,69.000,68.000,68.000,81.000,69.000,81.000,69.000,77.625,59.625,35.000,35.000,34.996,44.766,45.309,42.336,47.178,0.367,64.765,5109.572,4746.898,5117.000,4738.000,0.000,,,,2,1789721979.438,100,1
353.055,88.254,89.730,71.250,81.000,74.000,81.000,76.000,83.000,73.000,71.000,72.000,70.000,83.000,71.000,82.938,59.625,35.000,35.000,34.996,44.762,45.301,42.332,51.929,0.360,70.062,5110.660,4746.335,5117.000,4738.000,0.000,,,,2,1789721980.441,100,1
354.058,88.207,89.684,71.812,84.000,76.000,86.000,81.000,89.000,79.000,79.000,78.000,69.000,89.000,72.000,86.734,59.812,35.000,35.000,34.996,44.758,45.301,42.324,60.985,0.335,78.829,5109.645,4716.240,5121.000,4742.000,0.000,,,,2,1789721981.445,100,1
355.059,88.113,89.590,72.375,75.000,72.000,76.000,83.000,73.000,71.000,71.000,69.000,68.000,85.312,70.000,85.312,60.000,35.000,35.000,34.996,44.758,45.297,42.316,55.558,0.373,72.834,5109.717,4714.696,5123.000,4744.000,0.000,,,,2,1789721982.447,100,1
356.059,88.031,89.508,72.562,79.000,81.000,86.000,77.000,78.000,72.000,82.000,75.000,67.000,86.000,72.000,85.438,60.125,35.000,35.000,34.996,44.754,45.293,42.312,48.353,0.351,66.650,5109.427,4746.710,5125.000,4746.000,0.000,,,,2,1789721983.445,100,1
357.059,88.180,89.656,72.750,78.000,88.000,80.000,86.000,78.000,83.000,76.000,73.000,70.000,92.391,75.000,92.391,60.062,35.000,35.000,34.996,44.750,45.289,42.305,59.097,0.313,76.099,5110.297,4746.335,5127.000,4748.000,0.000,,,,2,1789721984.445,100,1
358.062,88.363,89.949,72.875,86.000,81.000,88.000,85.000,87.000,84.000,82.000,83.000,71.000,90.938,75.000,90.938,60.125,35.000,35.000,34.996,44.746,45.285,42.301,53.442,0.272,71.485,5165.512,4746.710,5130.000,4750.000,0.000,,,,2,1789721985.449,100,1
359.063,88.254,89.840,73.188,77.000,72.000,76.000,75.000,76.000,78.000,71.000,69.000,67.000,84.906,71.000,84.906,60.312,35.000,35.000,34.996,44.746,45.281,42.293,47.182,0.382,64.008,5164.252,4747.587,5132.000,4752.000,0.000,,,,2,1789721986.450,100,1
360.065,88.066,89.652,72.938,81.000,69.000,77.000,74.000,72.000,69.000,72.000,72.000,68.000,82.250,70.000,82.250,60.500,35.000,35.000,34.996,44.742,45.277,42.285,37.604,0.325,55.389,5145.650,4745.646,5133.000,4753.000,0.000,,,,2,1789721987.453,100,1
361.069,88.043,89.473,72.875,77.000,71.000,94.000,76.000,69.000,70.000,68.000,68.000,67.000,94.000,72.000,87.375,60.312,35.000,35.000,34.996,44.738,45.273,42.281,39.396,0.349,56.964,5127.255,4698.757,5135.000,4755.000,0.000,,,,2,1789721988.457,100,1
362.071,87.969,89.398,72.562,74.000,75.000,75.000,75.000,71.000,75.000,71.000,69.000,66.000,85.688,70.000,85.688,60.438,35.000,35.000,34.996,44.738,45.270,42.273,39.231,0.315,56.874,5128.059,4730.307,5137.000,4757.000,0.000,,,,2,1789721989.460,100,1
363.075,87.844,89.273,72.438,77.000,77.000,77.000,78.000,72.000,81.000,69.000,68.000,66.000,83.969,73.000,83.969,60.312,35.000,35.000,34.996,44.734,45.266,42.270,39.582,0.333,57.541,5128.278,4747.524,5139.000,4759.000,0.000,,,,2,1789721990.464,100,1
364.080,87.859,89.289,72.312,76.000,87.000,74.000,76.000,71.000,69.000,70.000,67.000,67.000,88.281,75.000,88.281,60.250,35.000,35.000,34.996,44.730,45.262,42.262,38.681,0.308,55.835,5126.672,4745.959,5141.000,4761.000,0.000,,,,2,1789721991.466,100,1
365.084,87.848,89.277,72.125,82.000,71.000,75.000,75.000,73.000,70.000,70.000,69.000,66.000,87.469,71.000,87.469,60.250,35.000,35.000,34.996,44.730,45.254,42.258,38.974,0.284,56.517,5128.205,4761.527,5141.000,4761.000,0.000,,,,2,1789721992.470,100,1
366.086,87.848,89.133,72.125,94.000,71.000,75.000,74.000,72.000,70.000,69.000,69.000,67.000,94.000,71.000,87.844,60.125,35.000,35.000,34.996,44.727,45.250,42.250,36.415,0.317,53.826,5126.818,4731.675,5144.000,4763.000,0.000,,,,2,1789721993.473,100,1
367.087,87.906,89.156,72.000,75.000,87.000,75.000,75.000,72.000,69.000,70.000,68.000,67.000,88.844,74.000,88.844,60.000,35.000,35.000,34.996,44.723,45.242,42.246,39.263,0.273,56.621,5128.352,4762.283,5144.000,4763.000,0.000,,,,2,1789721994.475,100,1
368.092,87.875,89.125,71.875,84.000,74.000,78.000,77.000,72.000,70.000,70.000,69.000,66.000,86.906,70.000,86.906,59.938,35.000,35.000,34.996,44.719,45.238,42.242,40.672,0.324,57.950,5164.548,4761.401,5146.000,4765.000,0.000,,,,2,1789721995.479,100,1
369.097,88.070,89.531,71.812,76.000,71.000,79.000,85.000,76.000,72.000,70.000,68.000,66.000,91.406,70.000,91.406,59.938,35.000,35.000,34.996,44.715,45.230,42.234,38.793,0.302,56.730,5128.132,4760.079,5146.000,4765.000,0.000,,,,2,1789721996.486,100,1
370.101,88.293,89.805,71.688,73.000,69.000,74.000,92.000,70.000,71.000,68.000,69.000,66.000,92.000,70.000,90.297,59.875,35.000,35.000,34.996,44.711,45.223,42.230,40.521,0.304,57.510,5127.109,4760.079,5147.000,4766.000,0.000,,,,2,1789721997.489,100,1
371.106,88.352,89.809,71.562,86.000,70.000,88.000,76.000,72.000,71.000,67.000,67.000,66.000,89.297,71.000,89.297,59.875,35.000,35.000,34.996,44.711,45.219,42.227,38.829,0.277,56.165,5127.255,4760.079,5148.000,4767.000,0.000,,,,2,1789721998.496,100,1
372.110,88.344,89.801,71.438,77.000,73.000,83.000,75.000,89.000,74.000,73.000,71.000,66.000,89.000,71.000,88.125,59.812,35.000,35.000,34.996,44.707,45.211,42.219,37.776,0.293,57.060,5164.548,4792.907,5149.000,4768.000,0.000,,,,2,1789721999.498,100,1
373.110,88.438,89.895,71.625,78.000,87.000,78.000,77.000,71.000,71.000,68.000,68.000,67.000,90.547,74.000,90.547,59.875,35.000,35.000,34.996,44.703,45.203,42.215,52.664,0.327,68.476,5126.599,4760.520,5149.000,4768.000,0.000,,,,2,1789722000.498,100,1
374.110,88.410,89.867,72.000,79.000,75.000,81.000,83.000,78.000,77.000,78.000,86.000,72.000,87.578,71.000,87.578,59.812,35.000,35.000,34.996,44.699,45.199,42.211,59.658,0.282,78.838,5164.400,4760.205,5150.000,4769.000,0.000,,,,2,1789722001.498,100,1
375.111,88.379,89.836,72.312,81.000,83.000,84.000,79.000,88.000,81.000,89.000,78.000,71.000,89.000,74.000,87.422,59.938,35.000,35.000,34.996,44.695,45.191,42.203,60.574,0.360,78.079,5163.437,4760.142,5151.000,4770.000,0.000,,,,2,1789722002.498,100,1
376.112,88.238,89.695,72.875,83.000,75.000,78.000,76.000,72.000,70.000,70.000,69.000,67.000,83.969,71.000,83.969,60.125,35.000,35.000,34.996,44.691,45.184,42.199,54.027,0.371,69.243,5163.733,4760.457,5151.000,4770.000,0.000,,,,2,1789722003.499,100,1
377.116,88.238,89.695,72.688,84.000,72.000,90.000,76.000,75.000,76.000,70.000,72.000,67.000,90.000,72.000,88.203,60.250,35.000,35.000,34.996,44.691,45.180,42.195,40.724,0.295,58.829,5127.402,4761.716,5152.000,4771.000,0.000,,,,2,1789722004.505,100,1
378.121,88.188,89.645,72.625,79.000,79.000,84.000,80.000,87.000,77.000,76.000,78.000,69.000,87.000,72.000,86.641,60.188,35.000,35.000,34.996,44.688,45.176,42.188,42.254,0.322,60.511,5164.252,4760.960,5154.000,4773.000,0.000,,,,2,1789722005.508,100,1
379.121,88.027,89.484,72.562,73.000,82.000,74.000,74.000,78.000,70.000,69.000,72.000,67.000,83.062,72.000,83.062,60.250,35.000,35.000,34.996,44.684,45.168,42.180,40.760,0.326,57.347,5164.845,4791.950,5154.000,4773.000,0.000,,,,2,1789722006.508,100,1
380.125,87.883,89.340,72.500,74.000,72.000,82.000,75.000,78.000,70.000,70.000,68.000,67.000,83.344,70.000,83.344,60.250,35.000,35.000,34.996,44.680,45.164,42.172,49.723,0.347,68.246,5202.463,4760.520,5157.000,4775.000,0.000,,,,2,1789722007.512,100,1
381.130,87.691,89.148,72.688,75.000,71.000,76.000,74.000,76.000,70.000,72.000,81.000,69.000,81.766,70.000,81.766,60.312,35.000,35.000,34.996,44.676,45.164,42.172,45.969,0.348,62.741,5128.352,4760.268,5160.000,4778.000,0.000,,,,2,1789722008.517,100,1
382.130,87.699,89.156,72.438,78.000,77.000,79.000,76.000,87.000,71.000,69.000,67.000,67.000,87.891,72.000,87.891,60.125,35.000,35.000,34.996,44.676,45.160,42.168,38.413,0.316,56.384,5165.141,4761.401,5161.000,4779.000,0.000,,,,2,1789722009.517,100,1
383.130,87.594,89.051,72.375,73.000,70.000,74.000,74.000,94.000,71.000,72.000,70.000,67.000,94.000,71.000,84.344,60.125,35.000,35.000,34.996,44.672,45.152,42.160,41.792,0.304,58.544,5165.215,4792.651,5161.000,4779.000,0.000,,,,2,1789722010.516,100,1
384.133,87.469,88.781,72.250,93.000,70.000,73.000,73.000,68.000,68.000,67.000,67.000,66.000,93.000,70.000,83.594,60.000,35.000,35.000,34.996,44.668,45.148,42.156,38.975,0.284,56.741,5165.289,4792.651,5163.000,4781.000,0.000,,,,2,1789722011.522,100,1
385.137,87.305,88.617,72.188,72.000,69.000,74.000,73.000,75.000,69.000,70.000,80.000,66.000,82.281,69.000,82.281,60.000,35.000,35.000,34.996,44.664,45.145,42.152,39.419,0.311,57.146,5165.438,4792.587,5164.000,4782.000,0.000,,,,2,1789722012.524,100,1
386.141,87.352,88.664,72.062,77.000,73.000,75.000,75.000,71.000,85.000,68.000,70.000,67.000,88.781,72.000,88.781,59.938,35.000,35.000,34.996,44.664,45.145,42.148,40.816,0.300,57.955,5164.104,4791.375,5168.000,4786.000,0.000,,,,2,1789722013.528,100,1
387.144,87.137,88.449,71.875,79.000,74.000,75.000,75.000,75.000,69.000,70.000,67.000,66.000,80.453,69.000,80.453,60.000,35.000,35.000,34.996,44.660,45.141,42.145,39.595,0.330,56.965,5164.622,4791.121,5169.000,4787.000,0.000,,,,2,1789722014.531,100,1
388.148,86.969,88.281,72.000,78.000,77.000,78.000,74.000,71.000,70.000,67.000,68.000,66.000,81.719,71.000,81.719,59.938,35.000,35.000,34.996,44.656,45.137,42.141,39.448,0.377,58.661,5164.696,4792.014,5172.000,4789.000,0.000,,,,2,1789722015.535,100,1
389.148,86.809,88.121,71.875,74.000,71.000,84.000,74.000,71.000,74.000,68.000,68.000,66.000,84.000,69.000,81.844,59.875,35.000,35.000,34.996,44.652,45.133,42.137,40.751,0.364,57.121,5164.622,4792.077,5173.000,4790.000,0.000,,,,2,1789722016.534,100,1
390.149,86.730,88.043,71.812,73.000,76.000,72.000,77.000,71.000,82.000,69.000,70.000,66.000,84.406,70.000,84.406,59.812,35.000,35.000,34.996,44.652,45.129,42.133,40.014,0.346,56.998,5164.918,4792.779,5175.000,4792.000,0.000,,,,2,1789722017.537,100,1
391.154,86.848,88.160,71.750,72.000,68.000,71.000,85.000,70.000,70.000,71.000,67.000,68.000,90.453,68.000,90.453,59.750,35.000,35.000,34.996,44.648,45.121,42.129,38.338,0.270,56.122,5165.808,4792.523,5175.000,4792.000,0.000,,,,2,1789722018.542,100,1
392.158,87.043,88.539,71.500,72.000,69.000,71.000,72.000,93.000,70.000,70.000,69.000,67.000,93.000,68.000,90.203,59.812,35.000,35.000,34.996,44.648,45.117,42.125,38.542,0.253,55.821,5147.048,4791.886,5176.000,4793.000,0.000,,,,2,1789722019.545,100,1
393.162,87.055,88.406,71.438,72.000,69.000,74.000,92.000,68.000,71.000,67.000,67.000,66.000,92.000,69.000,87.109,59.688,35.000,35.000,34.996,44.645,45.113,42.121,36.483,0.242,53.951,5184.183,4790.802,5177.000,4794.000,0.000,,,,2,1789722020.549,100,1
394.165,87.012,88.227,71.438,85.000,72.000,70.000,72.000,67.000,68.000,66.000,66.000,65.000,85.750,71.000,85.750,59.625,35.000,35.000,34.996,44.641,45.105,42.117,36.221,0.243,54.042,5164.252,4792.141,5177.000,4794.000,0.000,,,,2,1789722021.553,100,1
395.169,87.430,88.941,71.375,73.000,69.000,84.000,74.000,70.000,79.000,67.000,69.000,66.000,91.609,69.000,91.609,59.562,35.000,35.000,34.996,44.641,45.098,42.109,36.504,0.227,52.958,5221.250,4792.014,5177.000,4794.000,0.000,,,,2,1789722022.557,100,1
396.172,87.383,88.746,71.188,75.000,88.000,72.000,75.000,68.000,68.000,67.000,67.000,66.000,88.000,73.000,85.969,59.500,35.000,35.000,34.996,44.637,45.094,42.105,37.774,0.256,54.976,5147.637,4792.843,5179.000,4796.000,0.000,,,,2,1789722023.559,100,1
397.175,87.527,89.000,70.875,72.000,68.000,72.000,71.000,73.000,86.000,70.000,69.000,67.000,89.984,68.000,89.984,59.562,35.000,35.000,34.996,44.633,45.086,42.102,37.460,0.259,54.935,5146.459,4792.970,5178.000,4795.000,0.000,,,,2,1789722024.561,100,1
398.180,88.039,89.516,70.875,71.000,68.000,74.000,71.000,95.000,69.000,73.000,67.000,66.000,95.000,68.000,89.578,59.375,35.000,35.000,34.996,44.629,45.082,42.098,37.572,0.262,55.071,5202.763,4791.375,5180.000,4797.000,0.000,,,,2,1789722025.567,100,1
399.180,88.273,89.770,70.750,70.000,84.000,74.000,73.000,77.000,69.000,71.000,67.000,66.000,89.938,71.000,89.938,59.500,35.000,35.000,34.996,44.625,45.074,42.094,37.625,0.259,54.772,5183.212,4792.843,5180.000,4797.000,0.000,,,,2,1789722026.567,100,1
400.181,88.398,89.785,70.750,74.000,69.000,99.000,74.000,69.000,69.000,66.000,65.000,65.000,99.000,70.000,88.781,59.250,35.000,35.000,34.996,44.621,45.066,42.086,37.388,0.248,54.564,5164.400,4790.802,5179.000,4796.000,0.000,,,,2,1789722027.568,100,1
401.182,88.750,90.102,70.688,72.000,87.000,72.000,75.000,68.000,68.000,67.000,67.000,65.000,89.797,73.000,89.797,59.250,35.000,35.000,34.996,44.617,45.062,42.082,37.311,0.258,54.395,5183.585,4791.822,5181.000,4798.000,0.000,,,,2,1789722028.570,100,1
402.185,88.609,89.824,70.625,70.000,68.000,70.000,71.000,68.000,92.000,67.000,69.000,66.000,92.000,69.000,84.266,59.125,35.000,35.000,34.996,44.617,45.051,42.078,37.976,0.283,55.790,5183.362,4793.545,5179.000,4796.000,0.000,,,,2,1789722029.572,100,1
403.189,88.676,89.895,70.625,75.000,76.000,74.000,73.000,70.000,78.000,67.000,68.000,65.000,89.906,70.000,89.906,59.125,35.000,35.000,34.996,44.609,45.043,42.074,35.859,0.232,52.969,5184.033,4792.523,5179.000,4796.000,0.000,,,,2,1789722030.579,100,1
404.194,88.645,89.863,70.375,74.000,70.000,74.000,88.000,70.000,70.000,67.000,68.000,65.000,88.000,69.000,87.734,59.062,35.000,35.000,34.996,44.609,45.035,42.070,37.384,0.254,54.724,5183.809,4792.014,5178.000,4795.000,0.000,,,,2,1789722031.580,100,1
405.196,88.770,90.055,70.250,76.000,71.000,96.000,74.000,73.000,70.000,70.000,67.000,65.000,96.000,69.000,90.672,59.000,35.000,35.000,34.996,44.605,45.027,42.062,37.381,0.250,54.385,5146.459,4793.417,5178.000,4795.000,0.000,,,,2,1789722032.584,100,1
406.201,88.734,90.020,70.312,75.000,68.000,73.000,81.000,78.000,69.000,69.000,66.000,65.000,87.766,70.000,87.766,59.000,35.000,35.000,34.996,44.602,45.020,42.059,36.826,0.257,54.122,5201.410,4792.269,5178.000,4795.000,0.000,,,,2,1789722033.589,100,1
407.205,88.711,89.996,70.125,71.000,68.000,73.000,72.000,93.000,70.000,69.000,66.000,65.000,93.000,68.000,87.922,58.812,35.000,35.000,34.996,44.598,45.012,42.055,36.218,0.246,53.386,5183.063,4791.057,5177.000,4794.000,0.000,,,,2,1789722034.593,100,1
408.208,88.668,89.953,70.062,68.000,66.000,70.000,70.000,71.000,67.000,84.000,67.000,67.000,87.344,66.000,87.344,58.812,35.000,35.000,34.996,44.590,45.004,42.051,38.229,0.281,54.805,5182.988,4808.591,5177.000,4794.000,0.000,,,,2,1789722035.597,100,1
409.212,88.586,89.871,70.062,72.000,68.000,95.000,73.000,69.000,70.000,67.000,66.000,65.000,95.000,68.000,86.031,58.812,35.000,35.000,34.996,44.586,44.996,42.047,36.441,0.273,54.500,5203.214,4776.943,5177.000,4794.000,0.000,,,,2,1789722036.598,100,1
410.212,88.441,89.727,70.000,70.000,68.000,87.000,76.000,71.000,69.000,69.000,66.000,65.000,87.000,68.000,83.922,58.750,35.000,35.000,34.996,44.582,44.984,42.039,38.876,0.308,56.739,5183.585,4792.269,5175.000,4792.000,0.000,,,,2,1789722037.599,100,1
411.217,88.305,89.590,69.938,77.000,69.000,80.000,77.000,74.000,70.000,68.000,68.000,65.000,84.109,69.000,84.109,58.812,35.000,35.000,34.996,44.578,44.977,42.035,38.169,0.322,55.765,5146.901,4793.864,5174.000,4791.000,0.000,,,,2,1789722038.604,100,1
412.221,88.125,89.410,70.000,77.000,69.000,74.000,73.000,72.000,69.000,71.000,78.000,66.000,82.594,69.000,82.594,58.750,35.000,35.000,34.996,44.574,44.969,42.027,38.022,0.342,55.900,5184.556,4793.098,5174.000,4791.000,0.000,,,,2,1789722039.609,100,1
413.225,87.965,89.250,69.875,86.000,70.000,76.000,75.000,70.000,70.000,68.000,69.000,66.000,86.000,70.000,82.953,58.625,35.000,35.000,34.996,44.570,44.957,42.023,39.097,0.318,56.275,5202.087,4792.205,5172.000,4789.000,0.000,,,,2,1789722040.611,100,1
414.230,87.805,89.090,70.000,74.000,70.000,83.000,79.000,72.000,69.000,66.000,65.000,65.000,83.000,68.000,82.859,58.562,35.000,35.000,34.996,44.562,44.949,42.016,36.603,0.318,54.595,5165.586,4793.098,5171.000,4788.000,0.000,,,,2,1789722041.617,100,1
415.234,87.660,88.945,69.875,72.000,69.000,74.000,70.000,72.000,70.000,70.000,80.000,65.000,83.156,68.000,83.156,58.688,35.000,35.000,34.996,44.559,44.941,42.012,38.948,0.299,56.695,5165.660,4794.950,5171.000,4788.000,0.000,,,,2,1789722042.625,100,1
416.238,87.617,88.902,69.750,71.000,68.000,71.000,76.000,83.000,69.000,67.000,67.000,65.000,86.281,68.000,86.281,58.750,35.000,35.000,34.996,44.555,44.930,42.004,38.604,0.289,56.045,5147.563,4794.502,5168.000,4786.000,0.000,,,,2,1789722043.626,100,1
417.242,87.613,88.898,69.750,69.000,66.000,70.000,71.000,68.000,91.000,66.000,67.000,65.000,91.000,68.000,87.547,58.562,35.000,35.000,34.996,44.551,44.922,41.996,37.353,0.258,54.792,5165.586,4793.417,5167.000,4785.000,0.000,,,,2,1789722044.629,100,1
418.246,87.480,88.766,69.812,88.000,70.000,72.000,73.000,69.000,71.000,68.000,68.000,65.000,88.000,70.000,83.375,58.625,35.000,35.000,34.996,44.543,44.914,41.992,39.789,0.331,57.004,5165.586,4792.460,5166.000,4784.000,0.000,,,,2,1789722045.633,100,1
419.250,87.480,88.766,69.625,73.000,69.000,80.000,73.000,70.000,69.000,84.000,66.000,65.000,87.391,69.000,87.391,58.625,35.000,35.000,34.996,44.539,44.902,41.984,38.320,0.291,56.024,5165.586,4793.545,5164.000,4782.000,0.000,,,,2,1789722046.636,100,1
420.254,87.430,88.715,69.625,80.000,69.000,85.000,75.000,72.000,69.000,68.000,66.000,65.000,85.922,70.000,85.922,58.500,35.000,35.000,34.996,44.535,44.895,41.980,37.692,0.287,55.159,5184.257,4794.502,5163.000,4781.000,0.000,,,,2,1789722047.640,100,1
421.258,87.328,88.613,69.562,73.000,68.000,74.000,71.000,69.000,83.000,71.000,66.000,65.000,84.141,68.000,84.141,58.562,35.000,35.000,34.996,44.531,44.883,41.973,39.675,0.324,57.101,5166.846,4793.417,5161.000,4779.000,0.000,,,,2,1789722048.646,100,1
422.259,87.277,88.562,69.500,72.000,69.000,84.000,76.000,69.000,69.000,69.000,72.000,66.000,85.656,69.000,85.656,58.562,35.000,35.000,34.996,44.523,44.875,41.969,39.909,0.322,57.627,5166.698,4762.472,5160.000,4778.000,0.000,,,,2,1789722049.648,100,1
423.261,87.273,88.559,69.562,72.000,72.000,73.000,72.000,72.000,68.000,95.000,67.000,69.000,95.000,69.000,87.188,58.562,35.000,35.000,34.996,44.520,44.863,41.961,39.516,0.317,57.011,5166.995,4792.460,5158.000,4776.000,0.000,,,,2,1789722050.648,100,1
424.266,87.613,88.875,69.438,73.000,67.000,94.000,71.000,69.000,69.000,67.000,72.000,65.000,94.000,68.000,88.641,58.375,35.000,35.000,34.996,44.516,44.855,41.953,39.441,0.288,57.039,5166.846,4762.724,5157.000,4775.000,0.000,,,,2,1789722051.652,100,1
425.271,87.668,88.816,69.562,71.000,69.000,73.000,73.000,70.000,91.000,68.000,70.000,66.000,91.000,69.000,87.828,58.500,35.000,35.000,34.996,44.508,44.844,41.949,38.054,0.258,55.346,5165.957,4794.183,5154.000,4773.000,0.000,,,,2,1789722052.657,100,1
426.274,87.551,88.586,69.500,87.000,69.000,75.000,73.000,73.000,69.000,68.000,67.000,65.000,87.000,69.000,83.969,58.438,35.000,35.000,34.996,44.504,44.836,41.941,39.931,0.339,57.327,5166.772,4792.396,5153.000,4772.000,0.000,,,,2,1789722053.660,100,1
427.279,87.434,88.469,69.562,72.000,68.000,77.000,71.000,70.000,82.000,67.000,68.000,65.000,83.859,68.000,83.859,58.500,35.000,35.000,34.996,44.500,44.824,41.938,38.686,0.271,56.067,5165.734,4763.669,5151.000,4770.000,0.000,,,,2,1789722054.665,100,1
428.283,87.430,88.465,69.438,70.000,67.000,87.000,71.000,87.000,69.000,71.000,67.000,65.000,87.234,68.000,87.234,58.500,35.000,35.000,34.996,44.492,44.816,41.930,39.190,0.300,56.812,5166.105,4761.842,5150.000,4769.000,0.000,,,,2,1789722055.670,100,1
429.286,87.242,88.277,69.438,74.000,71.000,77.000,73.000,73.000,71.000,81.000,67.000,65.000,81.438,69.000,81.438,58.438,35.000,35.000,34.996,44.488,44.805,41.922,38.425,0.312,55.982,5166.995,4793.864,5147.000,4766.000,0.000,,,,2,1789722056.675,100,1
430.288,87.184,88.219,69.250,68.000,67.000,69.000,70.000,70.000,66.000,97.000,66.000,69.000,97.000,68.000,85.406,58.438,35.000,35.000,34.996,44.484,44.797,41.914,40.264,0.328,57.764,5130.105,4761.779,5146.000,4765.000,0.000,,,,2,1789722057.674,100,1
431.291,86.977,88.012,69.312,69.000,77.000,72.000,70.000,68.000,67.000,66.000,66.000,66.000,80.516,69.000,80.516,58.438,35.000,35.000,34.996,44.477,44.789,41.910,42.661,0.292,60.177,5130.179,4762.220,5146.000,4765.000,0.000,,,,2,1789722058.678,100,1
432.296,86.812,87.848,69.375,75.000,77.000,76.000,75.000,71.000,68.000,68.000,67.000,67.000,81.688,69.000,81.688,58.375,35.000,35.000,34.996,44.469,44.777,41.902,40.370,0.290,58.301,5130.690,4762.724,5142.000,4762.000,0.000,,,,2,1789722059.682,100,1
433.300,86.871,87.906,69.312,72.000,68.000,75.000,74.000,71.000,69.000,84.000,66.000,65.000,88.703,69.000,88.703,58.312,35.000,35.000,34.996,44.465,44.770,41.895,38.181,0.277,55.842,5167.291,4762.283,5141.000,4761.000,0.000,,,,2,1789722060.687,100,1
434.304,86.887,87.922,69.375,71.000,86.000,70.000,72.000,68.000,67.000,69.000,66.000,66.000,87.391,72.000,87.391,58.375,35.000,35.000,34.996,44.457,44.762,41.887,39.314,0.294,57.001,5166.401,4791.503,5140.000,4760.000,0.000,,,,2,1789722061.692,100,1
435.308,86.922,87.957,69.438,84.000,75.000,75.000,72.000,71.000,68.000,67.000,67.000,65.000,88.094,70.000,88.094,58.312,35.000,35.000,34.996,44.453,44.754,41.879,38.638,0.276,56.192,5130.179,4761.779,5139.000,4759.000,0.000,,,,2,1789722062.695,100,1
436.311,86.742,87.777,69.500,74.000,71.000,81.000,74.000,72.000,79.000,69.000,67.000,65.000,81.078,69.000,81.078,58.375,35.000,35.000,34.996,44.449,44.746,41.875,42.198,0.309,59.827,5148.962,4762.220,5138.000,4758.000,0.000,,,,2,1789722063.696,100,1
437.313,86.707,87.742,69.562,72.000,69.000,76.000,77.000,73.000,83.000,69.000,66.000,65.000,85.625,69.000,85.625,58.312,35.000,35.000,34.996,44.441,44.738,41.867,40.916,0.282,58.194,5167.068,4761.023,5137.000,4757.000,0.000,,,,2,1789722064.699,100,1
438.317,86.711,87.746,69.375,86.000,69.000,90.000,73.000,68.000,68.000,66.000,66.000,65.000,90.000,69.000,86.891,58.500,35.000,35.000,34.996,44.438,44.730,41.859,41.394,0.290,58.795,5129.959,4760.960,5136.000,4756.000,0.000,,,,2,1789722065.705,100,1
439.319,86.664,87.699,69.375,72.000,69.000,73.000,73.000,72.000,70.000,90.000,67.000,66.000,90.000,69.000,85.219,58.312,35.000,35.000,34.996,44.434,44.723,41.855,39.257,0.264,57.124,5129.959,4747.086,5135.000,4755.000,0.000,,,,2,1789722066.706,100,1
440.323,86.629,87.562,69.500,92.000,68.000,73.000,72.000,70.000,68.000,68.000,65.000,65.000,92.000,68.000,85.453,58.375,35.000,35.000,34.996,44.430,44.715,41.848,38.619,0.250,55.970,5129.959,4760.205,5133.000,4753.000,0.000,,,,2,1789722067.710,100,1
441.325,86.535,87.375,69.500,73.000,74.000,89.000,74.000,69.000,68.000,68.000,66.000,66.000,89.000,71.000,83.625,58.312,35.000,35.000,34.996,44.422,44.707,41.840,39.716,0.262,57.616,5130.690,4777.134,5132.000,4752.000,0.000,,,,2,1789722068.712,100,1
442.329,87.148,88.027,69.250,75.000,69.000,93.000,83.000,77.000,72.000,71.000,71.000,66.000,93.000,70.000,88.375,58.375,35.000,35.000,34.996,44.418,44.695,41.836,43.002,0.240,61.070,5130.910,4747.587,5128.000,4749.000,0.000,,,,2,1789722069.716,100,1
443.329,88.117,89.199,69.438,88.000,76.000,86.000,80.000,88.000,83.000,80.000,80.000,68.000,91.031,72.000,91.031,58.312,35.000,35.000,34.996,44.410,44.688,41.828,60.371,0.291,79.693,5148.300,4746.773,5127.000,4748.000,0.000,,,,2,1789722070.715,100,1
444.333,88.070,89.152,70.750,75.000,72.000,80.000,77.000,81.000,73.000,70.000,70.000,67.000,86.656,70.000,86.656,58.500,35.000,35.000,34.996,44.410,44.688,41.820,66.232,0.312,82.490,5129.740,4745.021,5130.000,4750.000,0.000,,,,2,1789722071.721,100,1
445.337,88.309,89.641,71.250,85.000,79.000,87.000,83.000,85.000,88.000,88.000,81.000,70.000,91.922,74.000,91.922,58.750,35.000,35.000,34.996,44.402,44.680,41.816,72.783,0.272,91.308,5129.959,4761.527,5128.000,4749.000,0.000,,,,2,1789722072.724,100,1
446.341,89.383,90.906,71.938,93.000,83.000,95.000,88.000,93.000,89.000,89.000,88.000,70.000,95.000,75.000,92.609,59.062,35.000,35.000,34.996,44.398,44.672,41.809,66.336,0.320,85.084,5130.397,4746.585,5127.000,4748.000,0.000,,,,2,1789722073.727,100,1
447.345,89.363,90.734,72.625,88.000,81.000,92.000,86.000,90.000,85.000,86.000,85.000,71.000,92.000,75.000,88.797,59.375,35.000,35.000,34.996,44.395,44.668,41.805,62.176,0.302,80.275,5149.183,4730.804,5127.000,4748.000,0.000,,,,2,1789722074.737,100,1
448.349,89.398,90.680,73.125,81.000,83.000,83.000,79.000,81.000,78.000,79.000,77.000,69.000,89.891,74.000,89.891,59.688,35.000,35.000,34.996,44.391,44.660,41.797,74.032,0.275,88.998,5093.667,4731.799,5125.000,4746.000,0.000,,,,2,1789722075.738,100,1
449.353,90.883,92.484,73.500,90.000,82.000,96.000,88.000,93.000,88.000,88.000,88.000,72.000,96.000,76.000,95.344,60.062,35.000,35.000,34.996,44.387,44.656,41.789,73.468,0.307,92.229,5130.324,4745.584,5126.000,4747.000,0.000,,,,2,1789722076.739,100,1
450.360,91.816,93.535,74.125,90.000,85.000,97.000,87.000,93.000,89.000,91.000,89.000,72.000,97.000,76.000,94.609,60.188,35.000,35.000,34.996,44.383,44.656,41.785,65.330,0.341,83.383,5112.475,4761.590,5176.000,4793.000,0.000,,,,2,1789722077.754,100,1
451.361,91.770,93.316,74.875,86.000,82.000,81.000,85.000,79.000,81.000,74.000,74.000,70.000,90.406,75.000,90.406,60.438,35.000,35.000,34.996,44.379,44.652,41.781,70.833,0.295,84.271,5204.719,4760.205,5226.000,4839.000,0.000,,,,2,1789722078.749,100,1
452.361,91.719,93.113,74.562,78.000,87.000,85.000,79.000,92.000,74.000,72.000,70.000,69.000,92.000,75.000,90.062,60.625,35.000,35.000,34.996,44.371,44.652,41.777,39.981,0.268,57.233,5185.900,4824.573,5275.000,4885.000,0.000,,,,2,1789722079.748,100,1
453.365,91.746,93.043,74.188,94.000,77.000,77.000,78.000,72.000,71.000,69.000,68.000,68.000,94.000,75.000,92.156,60.625,35.000,35.000,34.996,44.371,44.652,41.773,39.142,0.250,56.330,5222.159,4839.946,5290.000,4899.000,0.000,,,,2,1789722080.756,100,1
454.370,91.645,92.941,73.875,80.000,81.000,81.000,78.000,80.000,74.000,78.000,72.000,68.000,88.547,74.000,88.547,60.688,35.000,35.000,34.996,44.367,44.652,41.770,41.178,0.289,59.291,5259.928,4889.378,5260.000,4871.000,0.000,,,,2,1789722081.759,100,1
455.375,91.668,92.965,73.500,84.000,76.000,90.000,79.000,75.000,74.000,74.000,74.000,68.000,92.391,74.000,92.391,60.688,35.000,35.000,34.996,44.363,44.652,41.770,39.850,0.270,57.355,5260.159,4871.514,5268.000,4878.000,0.000,,,,2,1789722082.761,100,1
456.379,91.605,92.902,73.312,84.000,83.000,81.000,78.000,73.000,72.000,70.000,69.000,68.000,89.703,74.000,89.703,60.500,35.000,35.000,34.996,44.359,44.652,41.766,41.252,0.275,57.905,5260.082,4889.577,5249.000,4861.000,0.000,,,,2,1789722083.766,100,1
457.383,91.551,92.848,73.188,80.000,72.000,78.000,78.000,93.000,72.000,71.000,69.000,67.000,93.000,72.000,89.812,60.500,35.000,35.000,34.996,44.359,44.652,41.762,39.726,0.275,57.364,5260.466,4823.410,5232.000,4845.000,0.000,,,,2,1789722084.771,100,1
458.386,91.879,93.242,72.938,100.000,72.000,77.000,76.000,70.000,69.000,68.000,67.000,67.000,100.000,72.000,93.859,60.562,35.000,35.000,34.996,44.355,44.656,41.762,39.084,0.249,55.866,5259.621,4856.530,5282.000,4891.000,0.000,,,,2,1789722085.774,100,1
459.388,91.727,93.090,72.688,74.000,70.000,79.000,83.000,71.000,69.000,71.000,69.000,68.000,87.062,70.000,87.062,60.438,35.000,35.000,34.996,44.355,44.656,41.762,39.920,0.286,58.022,5279.134,4856.268,5303.000,4911.000,0.000,,,,2,1789722086.780,100,1
460.393,91.625,92.988,72.688,84.000,81.000,76.000,76.000,68.000,70.000,68.000,68.000,67.000,88.422,73.000,88.422,60.250,35.000,35.000,34.996,44.352,44.656,41.758,40.485,0.269,57.640,5240.632,4887.519,5274.000,4884.000,0.000,,,,2,1789722087.781,100,1
461.395,91.512,92.875,72.375,73.000,71.000,75.000,82.000,79.000,71.000,69.000,68.000,67.000,88.062,71.000,88.062,60.125,35.000,35.000,34.996,44.352,44.656,41.758,38.618,0.270,55.896,5261.004,4855.024,5241.000,4853.000,0.000,,,,2,1789722088.783,100,1
462.398,91.457,92.820,72.312,73.000,71.000,76.000,73.000,72.000,70.000,70.000,91.000,67.000,91.000,70.000,89.719,60.188,35.000,35.000,34.996,44.348,44.656,41.754,39.250,0.268,56.900,5260.543,4856.792,5225.000,4838.000,0.000,,,,2,1789722089.787,100,1
463.402,91.387,92.750,72.188,91.000,73.000,74.000,75.000,73.000,69.000,70.000,68.000,67.000,91.000,71.000,89.234,60.062,35.000,35.000,34.996,44.348,44.656,41.754,39.766,0.269,57.533,5222.159,4840.922,5203.000,4818.000,0.000,,,,2,1789722090.793,100,1
464.403,91.379,92.742,72.062,86.000,74.000,77.000,75.000,69.000,68.000,67.000,66.000,66.000,91.172,72.000,91.172,60.062,35.000,35.000,34.996,44.348,44.660,41.758,38.910,0.266,56.976,5222.159,4840.011,5200.000,4815.000,0.000,,,,2,1789722091.790,100,1
465.403,91.258,92.621,71.812,75.000,71.000,78.000,89.000,70.000,70.000,68.000,67.000,66.000,89.000,71.000,87.500,59.938,35.000,35.000,34.996,44.344,44.660,41.758,39.899,0.259,57.213,5222.311,4840.727,5164.000,4782.000,0.000,,,,2,1789722092.790,100,1
466.407,91.227,92.590,71.938,86.000,71.000,76.000,75.000,85.000,70.000,70.000,68.000,66.000,90.281,71.000,90.281,59.875,35.000,35.000,34.996,44.344,44.664,41.758,42.018,0.285,59.507,5221.705,4810.069,5162.000,4780.000,0.000,,,,2,1789722093.798,100,1
467.411,91.172,92.535,71.875,82.000,77.000,87.000,78.000,82.000,73.000,75.000,72.000,67.000,89.484,72.000,89.484,59.875,35.000,35.000,34.996,44.340,44.664,41.758,42.365,0.282,59.219,5165.586,4793.928,5164.000,4782.000,0.000,,,,2,1789722094.799,100,1
468.415,90.988,92.352,71.875,72.000,70.000,75.000,85.000,86.000,72.000,70.000,70.000,67.000,86.000,70.000,85.188,59.938,35.000,35.000,34.996,44.340,44.664,41.758,40.289,0.281,58.129,5166.327,4793.354,5165.000,4783.000,0.000,,,,2,1789722095.802,100,1
469.419,90.984,92.348,71.688,73.000,69.000,98.000,73.000,72.000,69.000,73.000,67.000,69.000,98.000,70.000,90.891,59.625,35.000,35.000,34.996,44.340,44.664,41.758,38.838,0.241,56.109,5166.772,4794.055,5167.000,4785.000,0.000,,,,2,1789722096.807,100,1
470.423,90.938,92.164,71.625,74.000,69.000,74.000,74.000,71.000,70.000,68.000,94.000,67.000,94.000,70.000,89.562,59.625,35.000,35.000,34.996,44.336,44.664,41.758,39.812,0.272,57.172,5204.117,4793.800,5169.000,4787.000,0.000,,,,2,1789722097.811,100,1
471.424,90.859,92.086,71.500,79.000,84.000,79.000,76.000,70.000,70.000,67.000,67.000,66.000,88.375,73.000,88.375,59.562,35.000,35.000,34.996,44.336,44.668,41.758,39.248,0.261,56.652,5167.068,4793.417,5173.000,4790.000,0.000,,,,2,1789722098.811,100,1
472.429,90.785,92.012,71.438,88.000,74.000,87.000,77.000,73.000,80.000,72.000,68.000,67.000,88.516,72.000,88.516,59.625,35.000,35.000,34.996,44.332,44.664,41.758,39.613,0.259,57.342,5185.452,4792.014,5174.000,4791.000,0.000,,,,2,1789722099.816,100,1
473.432,90.691,91.918,71.375,74.000,75.000,74.000,76.000,88.000,69.000,69.000,67.000,67.000,88.000,73.000,87.812,59.562,35.000,35.000,34.996,44.332,44.664,41.762,42.170,0.291,59.312,5204.493,4793.545,5175.000,4792.000,0.000,,,,2,1789722100.819,100,1
474.437,90.633,91.859,71.312,79.000,76.000,78.000,76.000,84.000,69.000,70.000,67.000,66.000,88.734,73.000,88.734,59.625,35.000,35.000,34.996,44.328,44.664,41.758,40.929,0.300,58.900,5165.808,4791.121,5177.000,4794.000,0.000,,,,2,1789722101.824,100,1
475.442,90.430,91.656,71.312,75.000,74.000,78.000,86.000,70.000,86.000,72.000,75.000,66.000,86.000,70.000,84.125,59.375,35.000,35.000,34.996,44.328,44.664,41.758,41.787,0.269,59.428,5185.377,4792.077,5179.000,4796.000,0.000,,,,2,1789722102.828,100,1
476.445,90.461,91.688,71.375,77.000,70.000,86.000,76.000,86.000,71.000,68.000,67.000,66.000,91.531,71.000,91.531,59.500,35.000,35.000,34.996,44.324,44.664,41.758,43.446,0.297,62.367,5185.302,4795.333,5181.000,4798.000,0.000,,,,2,1789722103.832,100,1
477.446,90.215,91.441,71.312,80.000,73.000,77.000,78.000,73.000,71.000,69.000,67.000,66.000,82.562,69.000,82.562,59.500,35.000,35.000,34.996,44.324,44.664,41.758,40.214,0.291,58.062,5185.900,4795.013,5184.000,4800.000,0.000,,,,2,1789722104.831,100,1
478.446,90.090,91.316,71.188,91.000,69.000,73.000,72.000,72.000,68.000,74.000,68.000,68.000,91.000,70.000,86.219,59.438,35.000,35.000,34.996,44.324,44.664,41.758,37.267,0.293,54.781,5185.750,4793.800,5185.000,4801.000,0.000,,,,2,1789722105.835,100,1
479.450,89.992,91.219,70.938,76.000,72.000,74.000,83.000,79.000,68.000,70.000,67.000,66.000,86.938,71.000,86.938,59.438,35.000,35.000,34.996,44.324,44.664,41.758,39.994,0.273,57.903,5185.228,4793.034,5187.000,4803.000,0.000,,,,2,1789722106.837,100,1
480.451,89.867,91.094,71.000,77.000,70.000,96.000,74.000,72.000,69.000,68.000,67.000,65.000,96.000,71.000,86.016,59.312,35.000,35.000,34.996,44.320,44.664,41.758,39.441,0.268,56.781,5185.377,4792.970,5189.000,4805.000,0.000,,,,2,1789722107.837,100,1
481.456,89.785,90.891,70.938,77.000,69.000,93.000,75.000,76.000,88.000,69.000,69.000,65.000,93.000,70.000,87.203,59.188,35.000,35.000,34.996,44.320,44.660,41.758,41.325,0.273,57.750,5185.004,4809.684,5189.000,4805.000,0.000,,,,2,1789722108.842,100,1
482.460,89.730,90.723,70.938,77.000,73.000,97.000,79.000,86.000,72.000,69.000,68.000,66.000,97.000,72.000,88.000,59.188,35.000,35.000,34.996,44.320,44.660,41.754,44.097,0.283,63.437,5149.257,4778.972,5191.000,4807.000,0.000,,,,2,1789722109.847,100,1
483.463,89.566,90.559,71.062,77.000,68.000,86.000,71.000,71.000,67.000,67.000,67.000,65.000,86.000,69.000,84.484,59.188,35.000,35.000,34.996,44.320,44.656,41.754,38.128,0.268,55.757,5185.004,4841.963,5191.000,4807.000,0.000,,,,2,1789722110.849,100,1
484.468,89.469,90.461,70.812,73.000,74.000,74.000,76.000,79.000,69.000,70.000,66.000,66.000,86.453,71.000,86.453,59.188,35.000,35.000,34.996,44.316,44.656,41.754,39.700,0.265,56.637,5203.816,4808.977,5193.000,4809.000,0.000,,,,2,1789722111.854,100,1
485.470,89.359,90.352,70.875,76.000,69.000,74.000,72.000,81.000,68.000,72.000,74.000,68.000,86.000,69.000,86.000,59.250,35.000,35.000,34.996,44.316,44.656,41.754,39.870,0.267,57.259,5184.854,4793.545,5195.000,4811.000,0.000,,,,2,1789722112.859,100,1
486.473,89.230,90.223,70.625,79.000,81.000,83.000,76.000,74.000,70.000,71.000,67.000,66.000,85.234,72.000,85.234,59.125,35.000,35.000,34.996,44.316,44.656,41.750,39.665,0.294,56.801,5185.601,4825.931,5198.000,4813.000,0.000,,,,2,1789722113.860,100,1
487.476,89.008,90.000,70.625,73.000,70.000,74.000,88.000,71.000,69.000,68.000,66.000,66.000,88.000,69.000,82.047,59.125,35.000,35.000,34.996,44.312,44.656,41.750,37.668,0.311,55.290,5186.423,4825.155,5199.000,4814.000,0.000,,,,2,1789722114.863,100,1
488.479,88.840,89.832,70.500,72.000,70.000,73.000,73.000,69.000,67.000,81.000,66.000,66.000,83.734,70.000,83.734,59.000,35.000,35.000,34.996,44.312,44.652,41.750,39.556,0.294,56.526,5185.377,4809.234,5200.000,4815.000,0.000,,,,2,1789722115.865,100,1
489.479,88.652,89.645,70.688,82.000,70.000,76.000,75.000,71.000,69.000,68.000,66.000,65.000,82.734,69.000,82.734,59.062,35.000,35.000,34.996,44.309,44.652,41.746,39.299,0.289,56.579,5224.054,4809.427,5201.000,4816.000,0.000,,,,2,1789722116.866,100,1
490.481,88.598,89.590,70.562,74.000,70.000,98.000,75.000,70.000,70.000,67.000,67.000,66.000,98.000,71.000,86.984,58.875,35.000,35.000,34.996,44.309,44.652,41.746,41.321,0.281,58.590,5185.302,4808.848,5203.000,4818.000,0.000,,,,2,1789722117.869,100,1
491.482,88.551,89.543,70.438,84.000,71.000,75.000,79.000,72.000,71.000,67.000,66.000,66.000,87.062,70.000,87.062,58.875,35.000,35.000,34.996,44.305,44.648,41.746,38.984,0.262,56.449,5222.689,4808.591,5203.000,4818.000,0.000,,,,2,1789722118.869,100,1
492.485,88.375,89.367,70.438,82.000,72.000,80.000,85.000,72.000,71.000,67.000,67.000,65.000,85.000,70.000,82.906,58.938,35.000,35.000,34.996,44.305,44.645,41.742,40.119,0.285,57.003,5223.145,4807.692,5204.000,4819.000,0.000,,,,2,1789722119.872,100,1
493.490,88.227,89.219,70.500,73.000,69.000,75.000,86.000,71.000,69.000,73.000,66.000,67.000,86.000,70.000,83.641,59.000,35.000,35.000,34.996,44.305,44.645,41.742,40.149,0.301,57.662,5222.841,4809.941,5205.000,4820.000,0.000,,,,2,1789722120.876,100,1
494.495,88.016,89.008,70.312,71.000,68.000,82.000,70.000,69.000,68.000,67.000,68.000,67.000,82.000,67.000,81.438,58.875,35.000,35.000,34.996,44.301,44.641,41.742,40.053,0.280,57.427,5223.220,4840.336,5205.000,4820.000,0.000,,,,2,1789722121.881,100,1
495.496,87.727,88.719,70.312,73.000,67.000,71.000,75.000,69.000,66.000,67.000,65.000,66.000,78.766,67.000,78.766,58.875,35.000,35.000,34.996,44.297,44.641,41.738,43.341,0.329,60.691,5185.676,4839.621,5207.000,4822.000,0.000,,,,2,1789722122.882,100,1
496.497,87.469,88.461,70.250,68.000,66.000,77.000,70.000,67.000,72.000,67.000,66.000,65.000,79.469,67.000,79.469,58.875,35.000,35.000,34.996,44.297,44.641,41.738,33.877,0.289,51.186,5185.601,4840.596,5209.000,4824.000,0.000,,,,2,1789722123.883,100,1
497.501,87.207,88.199,70.125,72.000,67.000,74.000,70.000,77.000,67.000,68.000,65.000,65.000,79.125,67.000,79.125,58.750,35.000,35.000,34.996,44.293,44.641,41.738,35.552,0.276,52.959,5222.993,4825.220,5212.000,4826.000,0.000,,,,2,1789722124.888,100,1
498.505,86.945,87.938,70.000,71.000,75.000,72.000,70.000,67.000,69.000,67.000,66.000,65.000,78.859,69.000,78.859,58.688,35.000,35.000,34.996,44.293,44.641,41.734,35.245,0.306,52.603,5222.993,4809.748,5213.000,4827.000,0.000,,,,2,1789722125.891,100,1
499.510,86.828,87.820,69.938,68.000,66.000,71.000,70.000,85.000,68.000,70.000,66.000,65.000,85.000,67.000,83.141,58.625,35.000,35.000,34.996,44.289,44.645,41.734,36.669,0.288,53.964,5223.296,4842.224,5217.000,4831.000,0.000,,,,2,1789722126.898,100,1
500.512,86.609,87.602,69.812,76.000,67.000,74.000,76.000,74.000,66.000,67.000,68.000,65.000,79.906,66.000,79.906,58.500,35.000,35.000,34.996,44.289,44.645,41.730,37.475,0.259,54.900,5222.159,4809.876,5218.000,4832.000,0.000,,,,2,1789722127.901,100,1
501.516,86.426,87.418,69.875,80.000,67.000,74.000,70.000,69.000,67.000,67.000,65.000,65.000,80.688,67.000,80.688,58.500,35.000,35.000,34.996,44.285,44.645,41.727,36.972,0.268,54.229,5222.766,4841.183,5220.000,4834.000,0.000,,,,2,1789722128.903,100,1
502.518,86.422,87.316,69.812,70.000,68.000,69.000,69.000,68.000,70.000,69.000,97.000,66.000,97.000,68.000,86.359,58.438,35.000,35.000,34.996,44.281,44.645,41.727,36.897,0.267,54.415,5222.689,4840.141,5222.000,4836.000,0.000,,,,2,1789722129.905,100,1
503.519,86.141,87.035,69.688,68.000,67.000,69.000,79.000,66.000,66.000,65.000,64.000,65.000,79.000,66.000,77.328,58.375,35.000,35.000,34.996,44.277,44.645,41.723,36.595,0.280,53.657,5222.766,4841.052,5225.000,4838.000,0.000,,,,2,1789722130.907,100,1
504.523,85.871,86.766,69.625,72.000,73.000,72.000,71.000,77.000,68.000,68.000,66.000,65.000,77.578,69.000,77.578,58.250,35.000,35.000,34.996,44.277,44.645,41.723,34.051,0.282,51.964,5223.750,4840.987,5226.000,4839.000,0.000,,,,2,1789722131.910,100,1
505.527,85.609,86.504,69.562,69.000,73.000,71.000,69.000,71.000,66.000,68.000,65.000,65.000,77.500,68.000,77.500,58.250,35.000,35.000,34.996,44.273,44.645,41.719,37.590,0.306,54.681,5223.448,4841.703,5228.000,4841.000,0.000,,,,2,1789722132.913,100,1
506.529,85.340,86.234,69.500,69.000,67.000,70.000,71.000,72.000,66.000,68.000,78.000,65.000,78.000,67.000,77.000,58.125,35.000,35.000,34.996,44.270,44.645,41.715,34.832,0.298,52.308,5222.917,4841.248,5230.000,4843.000,0.000,,,,2,1789722133.918,100,1
507.530,85.098,85.992,69.375,73.000,71.000,71.000,78.000,70.000,68.000,65.000,65.000,64.000,78.000,69.000,77.578,58.062,35.000,35.000,34.996,44.270,44.645,41.711,33.563,0.277,51.310,5223.372,4840.011,5232.000,4845.000,0.000,,,,2,1789722134.917,100,1
508.532,85.012,85.906,69.312,72.000,66.000,90.000,71.000,69.000,68.000,66.000,64.000,65.000,90.000,67.000,82.312,57.938,35.000,35.000,34.996,44.266,44.645,41.707,35.630,0.284,52.905,5221.478,4840.792,5233.000,4846.000,0.000,,,,2,1789722135.922,100,1
509.535,84.844,85.738,69.312,75.000,67.000,81.000,70.000,68.000,66.000,66.000,69.000,65.000,81.000,67.000,79.641,57.938,35.000,35.000,34.996,44.262,44.645,41.703,38.628,0.271,56.160,5222.917,4840.531,5235.000,4848.000,0.000,,,,2,1789722136.922,100,1
510.539,84.762,85.656,69.125,70.000,67.000,71.000,70.000,75.000,74.000,70.000,67.000,66.000,82.203,67.000,82.203,57.875,35.000,35.000,34.996,44.258,44.641,41.695,41.855,0.260,59.194,5222.841,4857.251,5235.000,4848.000,0.000,,,,2,1789722137.926,100,1
511.543,84.664,85.559,69.188,70.000,67.000,82.000,71.000,68.000,67.000,66.000,67.000,65.000,82.000,67.000,81.625,57.875,35.000,35.000,34.996,44.258,44.641,41.695,41.618,0.250,58.755,5261.004,4841.768,5238.000,4850.000,0.000,,,,2,1789722138.930,100,1
512.548,84.406,85.301,69.250,70.000,73.000,74.000,69.000,68.000,65.000,67.000,64.000,65.000,76.484,67.000,76.484,57.875,35.000,35.000,34.996,44.254,44.641,41.688,35.093,0.287,52.581,5261.158,4824.056,5240.000,4852.000,0.000,,,,2,1789722139.938,100,1
513.551,84.258,85.152,69.062,69.000,66.000,70.000,69.000,79.000,75.000,70.000,65.000,65.000,79.594,66.000,79.594,57.938,35.000,35.000,34.996,44.250,44.637,41.684,38.736,0.284,56.353,5222.538,4857.709,5240.000,4852.000,0.000,,,,2,1789722140.939,100,1
514.552,84.074,84.969,69.125,79.000,66.000,70.000,69.000,66.000,64.000,64.000,63.000,64.000,79.000,66.000,78.406,58.000,35.000,35.000,34.996,44.246,44.637,41.684,33.593,0.268,50.653,5260.620,4841.833,5242.000,4854.000,0.000,,,,2,1789722141.938,100,1
515.556,83.898,84.793,69.000,78.000,68.000,78.000,71.000,73.000,68.000,67.000,67.000,65.000,78.500,67.000,78.500,57.750,35.000,35.000,34.996,44.242,44.637,41.676,36.491,0.268,54.970,5261.004,4842.419,5244.000,4856.000,0.000,,,,2,1789722142.942,100,1
516.560,83.746,84.641,68.875,78.000,66.000,71.000,70.000,67.000,66.000,66.000,70.000,65.000,78.969,66.000,78.969,57.812,35.000,35.000,34.996,44.238,44.633,41.672,37.452,0.300,54.056,5223.296,4858.168,5244.000,4856.000,0.000,,,,2,1789722143.947,100,1
517.562,83.566,84.461,68.812,67.000,73.000,69.000,70.000,66.000,65.000,65.000,65.000,64.000,78.031,67.000,78.031,57.812,35.000,35.000,34.996,44.238,44.629,41.664,38.231,0.278,56.006,5261.081,4841.443,5244.000,4856.000,0.000,,,,2,1789722144.949,100,1
518.566,83.426,84.320,68.938,70.000,67.000,69.000,70.000,66.000,84.000,64.000,66.000,64.000,84.000,66.000,79.016,57.750,35.000,35.000,34.996,44.234,44.629,41.660,35.260,0.280,52.216,5261.081,4873.690,5246.000,4858.000,0.000,,,,2,1789722145.953,100,1
519.569,83.449,84.289,68.812,71.000,68.000,71.000,88.000,68.000,69.000,67.000,67.000,65.000,88.000,68.000,83.812,57.688,35.000,35.000,34.996,44.230,44.625,41.656,42.177,0.288,60.640,5223.523,4856.203,5246.000,4858.000,0.000,,,,2,1789722146.956,100,1
520.569,83.668,84.578,68.875,79.000,70.000,73.000,75.000,70.000,71.000,69.000,69.000,64.000,85.203,68.000,85.203,57.625,35.000,35.000,34.996,44.227,44.625,41.648,38.209,0.265,55.749,5261.081,4856.333,5247.000,4859.000,0.000,,,,2,1789722147.955,100,1
521.574,83.594,84.414,68.750,71.000,69.000,71.000,89.000,68.000,68.000,66.000,64.000,65.000,89.000,68.000,81.328,57.625,35.000,35.000,34.996,44.223,44.621,41.645,34.657,0.275,52.457,5260.159,4856.661,5248.000,4860.000,0.000,,,,2,1789722148.964,100,1
522.578,83.859,84.676,68.562,70.000,67.000,68.000,70.000,68.000,68.000,95.000,66.000,68.000,95.000,68.000,84.656,57.625,35.000,35.000,34.996,44.219,44.617,41.637,39.100,0.276,56.374,5223.220,4873.493,5248.000,4860.000,0.000,,,,2,1789722149.965,100,1
523.580,83.703,84.438,68.625,70.000,69.000,82.000,70.000,69.000,65.000,65.000,64.000,64.000,82.000,67.000,78.875,57.562,35.000,35.000,34.996,44.215,44.613,41.633,37.985,0.278,55.226,5223.372,4839.881,5248.000,4860.000,0.000,,,,2,1789722150.966,100,1
524.581,83.602,84.266,68.688,76.000,77.000,70.000,70.000,66.000,68.000,70.000,64.000,65.000,80.469,68.000,80.469,57.562,35.000,35.000,34.996,44.215,44.609,41.625,41.091,0.270,59.146,5260.543,4857.382,5248.000,4860.000,0.000,,,,2,1789722151.968,100,1
525.584,85.438,86.586,68.812,84.000,74.000,76.000,80.000,72.000,77.000,68.000,70.000,66.000,90.953,71.000,90.953,57.625,35.000,35.000,34.996,44.207,44.605,41.617,51.226,0.282,69.404,5258.853,4856.661,5248.000,4860.000,0.000,,,,2,1789722152.970,100,1
526.588,85.430,86.461,69.000,86.000,70.000,81.000,73.000,69.000,67.000,67.000,65.000,65.000,86.000,70.000,85.203,57.500,35.000,35.000,34.996,44.207,44.605,41.613,40.633,0.265,57.713,5262.081,4857.841,5250.000,4862.000,0.000,,,,2,1789722153.978,100,1
527.593,85.297,86.328,68.938,76.000,69.000,72.000,74.000,68.000,67.000,65.000,64.000,65.000,81.203,68.000,81.203,57.562,35.000,35.000,34.996,44.203,44.602,41.605,38.100,0.263,54.437,5261.158,4889.976,5250.000,4862.000,0.000,,,,2,1789722154.980,100,1
528.595,85.195,86.227,68.812,78.000,68.000,74.000,72.000,69.000,67.000,76.000,67.000,65.000,82.078,68.000,82.078,57.625,35.000,35.000,34.996,44.199,44.598,41.598,38.815,0.280,56.758,5261.004,4888.847,5250.000,4862.000,0.000,,,,2,1789722155.981,100,1
529.597,85.156,86.188,68.750,73.000,84.000,69.000,73.000,66.000,68.000,66.000,65.000,65.000,84.000,73.000,83.953,57.625,35.000,35.000,34.996,44.195,44.594,41.594,39.820,0.271,57.845,5262.081,4888.847,5250.000,4862.000,0.000,,,,2,1789722156.983,100,1
530.601,85.000,86.031,68.812,71.000,68.000,72.000,79.000,73.000,68.000,67.000,65.000,66.000,80.156,67.000,80.156,57.688,35.000,35.000,34.996,44.191,44.590,41.590,39.000,0.268,56.842,5261.158,4856.333,5250.000,4862.000,0.000,,,,2,1789722157.988,100,1
531.604,84.793,85.824,68.688,72.000,78.000,69.000,71.000,66.000,66.000,65.000,65.000,65.000,78.344,69.000,78.344,57.688,35.000,35.000,34.996,44.188,44.590,41.582,37.936,0.285,54.395,5260.927,4840.596,5253.000,4864.000,0.000,,,,2,1789722158.994,100,1
532.610,84.531,85.562,68.750,68.000,74.000,71.000,69.000,68.000,65.000,66.000,64.000,65.000,76.469,66.000,76.469,57.625,35.000,35.000,34.996,44.184,44.582,41.574,36.011,0.300,53.097,5261.696,4888.315,5250.000,4862.000,0.000,,,,2,1789722159.997,100,1
533.611,84.285,85.316,68.625,75.000,67.000,73.000,78.000,68.000,67.000,65.000,68.000,64.000,78.000,66.000,76.562,57.500,35.000,35.000,34.996,44.180,44.582,41.570,35.777,0.303,54.545,5260.697,4873.294,5253.000,4864.000,0.000,,,,2,1789722160.998,100,1
534.615,84.168,85.199,68.875,73.000,68.000,72.000,69.000,74.000,66.000,68.000,70.000,64.000,80.562,67.000,80.562,57.500,35.000,35.000,34.996,44.176,44.578,41.562,45.817,0.310,62.973,5259.928,4857.447,5253.000,4864.000,0.000,,,,2,1789722162.002,100,1
535.619,84.188,85.219,68.812,73.000,69.000,86.000,75.000,73.000,80.000,71.000,68.000,66.000,86.000,68.000,84.797,57.500,35.000,35.000,34.996,44.172,44.574,41.555,43.500,0.307,61.346,5223.145,4857.644,5253.000,4864.000,0.000,,,,2,1789722163.010,100,1
536.623,84.422,85.586,68.875,92.000,77.000,82.000,77.000,75.000,77.000,73.000,71.000,66.000,92.000,71.000,86.781,57.625,35.000,35.000,34.996,44.168,44.570,41.547,47.611,0.291,66.419,5223.599,4888.647,5253.000,4864.000,0.000,,,,2,1789722164.012,100,1
537.628,84.762,85.914,69.250,77.000,72.000,76.000,76.000,91.000,91.000,69.000,71.000,66.000,91.000,70.000,85.781,57.625,35.000,35.000,34.996,44.164,44.566,41.539,51.536,0.311,69.689,5260.927,4824.056,5253.000,4864.000,0.000,,,,2,1789722165.015,100,1
538.632,86.480,88.031,69.562,79.000,71.000,100.000,78.000,72.000,72.000,68.000,88.000,66.000,100.000,70.000,91.641,57.812,35.000,35.000,34.996,44.160,44.559,41.535,53.938,0.280,70.475,5260.697,4890.241,5250.000,4862.000,0.000,,,,2,1789722166.019,100,1
539.637,86.391,87.789,69.750,76.000,73.000,77.000,73.000,80.000,72.000,71.000,70.000,68.000,83.703,68.000,83.703,57.938,35.000,35.000,34.996,44.156,44.555,41.527,52.474,0.269,70.406,5222.311,4885.861,5250.000,4862.000,0.000,,,,2,1789722167.023,100,1
540.642,86.355,87.613,69.812,91.000,70.000,79.000,76.000,71.000,69.000,69.000,87.000,66.000,91.000,70.000,85.266,58.125,35.000,35.000,34.996,44.152,44.551,41.523,45.615,0.307,62.550,5221.554,4825.284,5250.000,4862.000,0.000,,,,2,1789722168.029,100,1
541.645,86.453,87.613,69.812,89.000,77.000,81.000,75.000,73.000,70.000,68.000,72.000,67.000,89.000,71.000,86.750,58.250,35.000,35.000,34.996,44.148,44.547,41.516,53.112,0.267,70.436,5260.620,4857.775,5250.000,4862.000,0.000,,,,2,1789722169.035,100,1
542.647,88.594,90.281,70.062,86.000,85.000,80.000,76.000,84.000,72.000,73.000,69.000,68.000,95.016,74.000,95.016,58.375,35.000,35.000,34.996,44.145,44.543,41.508,54.023,0.222,70.364,5260.851,4888.647,5250.000,4862.000,0.000,,,,2,1789722170.037,100,1
543.651,90.043,91.996,70.250,96.000,71.000,79.000,78.000,73.000,71.000,70.000,85.000,67.000,96.000,71.000,94.391,58.375,35.000,35.000,34.996,44.141,44.543,41.504,51.740,0.222,68.906,5261.235,4855.744,5252.000,4863.000,0.000,,,,2,1789722171.038,100,1
544.651,90.000,91.758,70.250,87.000,76.000,82.000,76.000,92.000,74.000,74.000,73.000,67.000,92.000,71.000,88.766,58.562,35.000,35.000,34.996,44.141,44.539,41.496,46.545,0.219,63.961,5261.004,4856.203,5252.000,4863.000,0.000,,,,2,1789722172.040,100,1
545.655,90.953,92.820,70.500,73.000,80.000,77.000,93.000,72.000,75.000,71.000,97.000,69.000,97.000,72.000,93.812,58.625,35.000,35.000,34.996,44.137,44.539,41.492,54.279,0.228,71.257,5223.675,4889.577,5254.000,4865.000,0.000,,,,2,1789722173.044,100,1
546.660,91.566,93.434,70.625,75.000,72.000,76.000,91.000,88.000,73.000,74.000,75.000,70.000,93.406,72.000,93.406,58.812,35.000,35.000,34.996,44.133,44.535,41.484,54.908,0.221,71.877,5260.159,4888.315,5303.000,4911.000,0.000,,,,2,1789722174.049,100,1
547.662,91.539,93.219,70.875,75.000,73.000,75.000,84.000,72.000,74.000,74.000,70.000,68.000,90.812,71.000,90.812,58.875,35.000,35.000,34.996,44.129,44.535,41.480,53.786,0.225,71.595,5281.690,4955.538,5353.000,4957.000,0.000,,,,2,1789722175.051,100,1
548.665,91.516,93.027,70.750,78.000,70.000,78.000,92.000,89.000,72.000,74.000,69.000,69.000,92.000,71.000,90.734,58.938,35.000,35.000,34.996,44.125,44.535,41.477,47.471,0.239,64.346,5280.760,4919.646,5315.000,4922.000,0.000,,,,2,1789722176.053,100,1
549.670,92.102,93.637,71.000,74.000,72.000,76.000,96.000,97.000,73.000,74.000,76.000,69.000,97.000,72.000,93.859,59.125,35.000,35.000,34.996,44.121,44.535,41.473,53.508,0.226,70.197,5299.651,4904.231,5365.000,4968.000,0.000,,,,2,1789722177.058,100,1
550.673,92.648,94.195,71.125,77.000,72.000,78.000,85.000,87.000,82.000,78.000,72.000,71.000,94.297,72.000,94.297,59.312,35.000,35.000,34.996,44.117,44.535,41.469,54.227,0.208,71.689,5339.345,4988.015,5415.000,5014.000,0.000,,,,2,1789722178.059,100,1
551.678,92.504,94.051,71.125,82.000,69.000,88.000,71.000,76.000,69.000,71.000,67.000,68.000,88.109,68.000,88.109,59.188,35.000,35.000,34.996,44.113,44.535,41.465,49.959,0.216,68.288,5398.434,4987.877,5476.000,5071.000,0.000,,,,2,1789722179.066,100,1
552.679,92.504,94.051,71.250,93.000,78.000,90.000,78.000,73.000,75.000,70.000,70.000,68.000,93.000,74.000,92.578,59.438,35.000,35.000,34.996,44.113,44.535,41.461,52.715,0.223,69.156,5459.508,5039.476,5538.000,5128.000,0.000,,,,2,1789722180.067,100,1
553.679,92.508,94.055,71.375,76.000,91.000,78.000,93.000,75.000,72.000,71.000,72.000,69.000,93.000,77.000,92.703,59.438,35.000,35.000,34.996,44.109,44.535,41.457,53.147,0.221,70.309,5544.262,5093.883,5599.000,5185.000,0.000,,,,2,1789722181.068,100,1
554.684,92.645,94.258,71.500,75.000,77.000,75.000,78.000,96.000,90.000,71.000,70.000,69.000,96.000,75.000,94.844,59.500,35.000,35.000,34.996,44.105,44.535,41.453,53.151,0.205,70.474,5586.246,5145.797,5616.000,5200.000,0.000,,,,2,1789722182.074,100,1
555.684,92.531,94.145,71.625,87.000,72.000,83.000,78.000,72.000,75.000,69.000,69.000,68.000,89.047,73.000,89.047,59.625,35.000,35.000,34.996,44.105,44.539,41.449,50.195,0.201,67.507,5586.766,5164.771,5616.000,5200.000,0.000,,,,2,1789722183.072,100,1
556.686,92.555,94.027,71.688,91.000,77.000,100.000,76.000,77.000,72.000,75.000,70.000,71.000,100.000,74.000,92.766,59.625,35.000,35.000,34.996,44.102,44.539,41.445,52.112,0.225,69.211,5585.552,5164.400,5616.000,5200.000,0.000,,,,2,1789722184.073,100,1
557.689,92.570,93.926,71.812,75.000,70.000,77.000,77.000,79.000,86.000,81.000,72.000,70.000,92.875,71.000,92.875,59.750,35.000,35.000,34.996,44.098,44.543,41.445,54.258,0.223,71.683,5586.853,5200.809,5610.000,5195.000,0.000,,,,2,1789722185.076,100,1
558.693,92.730,94.191,71.812,77.000,83.000,78.000,83.000,96.000,72.000,73.000,70.000,69.000,96.000,74.000,95.156,59.750,35.000,35.000,34.996,44.094,44.543,41.441,53.207,0.231,70.913,5607.215,5201.335,5616.000,5200.000,0.000,,,,2,1789722186.080,100,1
559.696,92.484,93.945,72.125,75.000,78.000,81.000,73.000,86.000,72.000,72.000,68.000,68.000,86.000,71.000,84.859,59.875,35.000,35.000,34.996,44.094,44.547,41.438,49.066,0.276,66.887,5629.750,5200.434,5616.000,5200.000,0.000,,,,2,1789722187.082,100,1
560.701,92.410,93.871,72.062,79.000,73.000,82.000,82.000,82.000,79.000,80.000,73.000,70.000,90.203,73.000,90.203,59.938,35.000,35.000,34.996,44.094,44.551,41.438,51.229,0.285,68.333,5606.865,5164.474,5603.000,5188.000,0.000,,,,2,1789722188.088,100,1
561.705,92.102,93.562,72.125,75.000,71.000,86.000,79.000,79.000,73.000,74.000,72.000,74.000,86.000,71.000,82.516,59.875,35.000,35.000,34.996,44.090,44.555,41.438,54.794,0.276,72.288,5585.985,5200.659,5541.000,5131.000,0.000,,,,2,1789722189.094,100,1
562.710,91.980,93.441,72.312,75.000,72.000,76.000,91.000,98.000,73.000,75.000,70.000,68.000,98.000,72.000,88.188,59.938,35.000,35.000,34.996,44.090,44.555,41.434,51.268,0.329,68.689,5501.559,5108.774,5479.000,5074.000,0.000,,,,2,1789722190.098,100,1
563.714,91.699,93.160,72.625,78.000,75.000,81.000,78.000,80.000,78.000,80.000,78.000,70.000,83.062,70.000,83.062,59.875,35.000,35.000,34.996,44.086,44.559,41.430,54.211,0.283,70.883,5479.285,5074.210,5418.000,5017.000,0.000,,,,2,1789722191.102,100,1
564.718,91.492,92.953,72.688,81.000,75.000,84.000,78.000,83.000,75.000,83.000,78.000,71.000,84.969,72.000,84.969,59.812,35.000,35.000,34.996,44.086,44.562,41.434,56.299,0.353,73.743,5398.273,5021.130,5356.000,4960.000,0.000,,,,2,1789722192.105,100,1
565.719,91.336,92.797,72.750,78.000,73.000,81.000,83.000,77.000,72.000,88.000,71.000,74.000,88.000,72.000,86.547,60.125,35.000,35.000,34.996,44.086,44.566,41.430,56.246,0.313,73.580,5376.906,4989.190,5307.000,4914.000,0.000,,,,2,1789722193.105,100,1
566.721,91.098,92.559,72.938,76.000,72.000,92.000,76.000,76.000,72.000,71.000,80.000,68.000,92.000,71.000,83.672,60.188,35.000,35.000,34.996,44.086,44.574,41.430,47.934,0.344,65.577,5377.067,4972.101,5302.000,4910.000,0.000,,,,2,1789722194.108,100,1
567.726,90.855,92.316,72.875,76.000,73.000,79.000,76.000,73.000,72.000,71.000,85.000,70.000,85.000,71.000,83.422,60.125,35.000,35.000,34.996,44.082,44.582,41.430,49.676,0.297,66.587,5337.999,4971.483,5308.000,4915.000,0.000,,,,2,1789722195.117,100,1
568.730,90.703,92.164,72.812,81.000,77.000,85.000,76.000,75.000,72.000,72.000,69.000,70.000,85.984,72.000,85.984,60.250,35.000,35.000,34.996,44.082,44.586,41.430,49.499,0.301,66.924,5337.287,4939.559,5311.000,4918.000,0.000,,,,2,1789722196.117,100,1
569.734,90.562,92.023,72.812,76.000,73.000,88.000,76.000,74.000,71.000,80.000,70.000,70.000,88.000,72.000,86.125,60.125,35.000,35.000,34.996,44.082,44.598,41.434,48.188,0.299,65.445,5316.871,4905.167,5317.000,4924.000,0.000,,,,2,1789722197.120,100,1
570.738,90.395,91.855,72.938,93.000,72.000,92.000,78.000,73.000,73.000,70.000,70.000,70.000,93.000,72.000,85.203,60.188,35.000,35.000,34.996,44.082,44.605,41.434,48.736,0.314,65.991,5356.187,4938.542,5323.000,4929.000,0.000,,,,2,1789722198.124,100,1
571.743,90.227,91.688,72.938,83.000,73.000,79.000,76.000,74.000,75.000,71.000,75.000,69.000,85.078,71.000,85.078,60.250,35.000,35.000,34.996,44.082,44.613,41.434,50.104,0.283,67.410,5335.942,4938.746,5328.000,4934.000,0.000,,,,2,1789722199.132,100,1
572.745,90.238,91.699,72.938,86.000,85.000,80.000,82.000,89.000,81.000,73.000,72.000,70.000,90.609,75.000,90.609,60.250,35.000,35.000,34.996,44.082,44.621,41.438,51.529,0.278,68.710,5336.654,4938.339,5334.000,4939.000,0.000,,,,2,1789722200.132,100,1
573.750,90.078,91.539,73.062,74.000,81.000,80.000,76.000,84.000,73.000,71.000,72.000,70.000,85.078,73.000,85.078,60.188,35.000,35.000,34.996,44.082,44.633,41.438,49.219,0.276,66.473,5336.021,4956.152,5340.000,4945.000,0.000,,,,2,1789722201.138,100,1
574.751,89.887,91.348,73.188,79.000,77.000,77.000,75.000,75.000,73.000,73.000,83.000,71.000,83.984,72.000,83.984,60.312,35.000,35.000,34.996,44.082,44.641,41.441,53.954,0.308,71.244,5336.417,4971.277,5346.000,4950.000,0.000,,,,2,1789722202.138,100,1
575.755,89.828,91.289,73.188,85.000,70.000,76.000,73.000,74.000,70.000,81.000,69.000,69.000,87.938,71.000,87.938,60.250,35.000,35.000,34.996,44.082,44.648,41.441,49.077,0.289,66.242,5337.683,4938.000,5351.000,4955.000,0.000,,,,2,1789722203.145,100,1
576.760,89.781,91.242,73.250,76.000,73.000,90.000,79.000,79.000,74.000,72.000,85.000,70.000,90.000,73.000,88.359,60.250,35.000,35.000,34.996,44.082,44.656,41.441,51.714,0.270,69.126,5337.366,4954.311,5356.000,4960.000,0.000,,,,2,1789722204.147,100,1
577.762,89.602,91.062,73.375,82.000,71.000,77.000,74.000,76.000,73.000,80.000,76.000,70.000,84.016,71.000,84.016,60.312,35.000,35.000,34.996,44.082,44.668,41.445,53.024,0.335,69.994,5336.100,4971.277,5363.000,4966.000,0.000,,,,2,1789722205.151,100,1
578.765,89.555,91.016,73.312,77.000,72.000,79.000,78.000,84.000,86.000,74.000,72.000,70.000,88.172,71.000,88.172,60.375,35.000,35.000,34.996,44.086,44.676,41.449,49.796,0.300,67.320,5416.303,4971.071,5368.000,4971.000,0.000,,,,2,1789722206.152,100,1
579.767,89.438,90.898,73.438,77.000,76.000,83.000,77.000,80.000,77.000,74.000,78.000,70.000,85.688,72.000,85.688,60.375,35.000,35.000,34.996,44.086,44.688,41.449,51.730,0.289,69.018,5375.542,5005.840,5376.000,4978.000,0.000,,,,2,1789722207.154,100,1
580.770,89.332,90.793,73.562,77.000,73.000,88.000,78.000,86.000,73.000,77.000,70.000,74.000,88.000,72.000,86.125,60.500,35.000,35.000,34.996,44.086,44.695,41.453,56.868,0.307,74.326,5375.542,4954.515,5381.000,4983.000,0.000,,,,2,1789722208.157,100,1
581.774,89.340,90.801,73.688,80.000,80.000,81.000,80.000,88.000,75.000,82.000,75.000,71.000,89.547,74.000,89.547,60.500,35.000,35.000,34.996,44.086,44.703,41.457,55.699,0.320,74.262,5375.461,4955.128,5387.000,4988.000,0.000,,,,2,1789722209.161,100,1
582.777,89.246,90.707,74.062,79.000,74.000,81.000,78.000,74.000,91.000,72.000,89.000,71.000,91.000,73.000,86.328,60.625,35.000,35.000,34.996,44.086,44.715,41.461,52.051,0.283,69.678,5375.942,4986.771,5394.000,4995.000,0.000,,,,2,1789722210.164,100,1
583.778,89.105,90.566,74.062,77.000,73.000,77.000,75.000,86.000,72.000,80.000,69.000,70.000,86.000,71.000,84.766,60.562,35.000,35.000,34.996,44.090,44.727,41.461,50.191,0.282,67.290,5396.250,4988.775,5402.000,5002.000,0.000,,,,2,1789722211.167,100,1
584.783,89.148,90.609,74.000,81.000,73.000,78.000,79.000,86.000,87.000,73.000,88.000,69.000,90.500,73.000,90.500,60.688,35.000,35.000,34.996,44.090,44.734,41.465,52.028,0.274,69.486,5397.140,4987.601,5407.000,5007.000,0.000,,,,2,1789722212.171,100,1
585.786,89.152,90.613,74.062,83.000,73.000,79.000,88.000,76.000,90.000,76.000,71.000,70.000,90.000,73.000,89.312,60.688,35.000,35.000,34.996,44.094,44.746,41.465,51.819,0.263,69.115,5396.493,4989.812,5415.000,5014.000,0.000,,,,2,1789722213.174,100,1
586.790,89.059,90.520,74.125,81.000,74.000,78.000,76.000,81.000,85.000,75.000,71.000,71.000,86.188,72.000,86.188,60.750,35.000,35.000,34.996,44.094,44.758,41.473,51.284,0.291,68.617,5436.178,4988.568,5421.000,5020.000,0.000,,,,2,1789722214.180,100,1
587.794,90.070,91.691,74.250,80.000,79.000,98.000,79.000,77.000,74.000,73.000,73.000,69.000,98.000,74.000,93.109,60.688,35.000,35.000,34.996,44.094,44.766,41.473,55.557,0.295,73.059,5436.096,5020.851,5428.000,5026.000,0.000,,,,2,1789722215.182,100,1
588.798,90.027,91.484,74.312,93.000,74.000,85.000,80.000,74.000,92.000,71.000,76.000,70.000,93.000,74.000,88.766,60.750,35.000,35.000,34.996,44.098,44.777,41.480,50.565,0.286,69.457,5395.845,5022.532,5435.000,5033.000,0.000,,,,2,1789722216.185,100,1
589.801,90.012,91.324,74.250,76.000,72.000,78.000,78.000,93.000,87.000,73.000,71.000,70.000,93.000,73.000,89.578,60.750,35.000,35.000,34.996,44.102,44.789,41.480,53.179,0.282,71.052,5436.588,5022.461,5443.000,5040.000,0.000,,,,2,1789722217.189,100,1
590.803,90.363,91.688,74.188,89.000,82.000,90.000,82.000,83.000,76.000,72.000,71.000,69.000,91.781,76.000,91.781,60.875,35.000,35.000,34.996,44.105,44.801,41.488,52.377,0.256,70.021,5436.424,5057.529,5450.000,5047.000,0.000,,,,2,1789722218.190,100,1
591.806,90.320,91.512,74.375,76.000,73.000,87.000,76.000,74.000,73.000,79.000,72.000,71.000,89.047,72.000,89.047,60.938,35.000,35.000,34.996,44.109,44.809,41.492,52.139,0.263,68.495,5435.686,5056.038,5456.000,5052.000,0.000,,,,2,1789722219.195,100,1
592.809,90.262,91.453,74.438,80.000,73.000,79.000,85.000,87.000,73.000,74.000,73.000,71.000,88.406,72.000,88.406,60.938,35.000,35.000,34.996,44.109,44.820,41.492,49.520,0.262,67.629,5435.275,5039.829,5463.000,5059.000,0.000,,,,2,1789722220.199,100,1
593.814,90.258,91.328,74.250,95.000,73.000,80.000,78.000,81.000,75.000,75.000,88.000,69.000,95.000,73.000,90.141,61.000,35.000,35.000,34.996,44.113,44.832,41.500,51.000,0.292,67.995,5455.951,5074.497,5471.000,5066.000,0.000,,,,2,1789722221.202,100,1
594.818,90.191,91.262,74.375,82.000,83.000,79.000,79.000,77.000,86.000,72.000,75.000,72.000,88.141,76.000,88.141,61.000,35.000,35.000,34.996,44.117,44.840,41.504,55.728,0.307,72.985,5477.368,5073.638,5477.000,5072.000,0.000,,,,2,1789722222.207,100,1
595.823,90.180,91.250,74.500,81.000,75.000,83.000,78.000,85.000,74.000,73.000,91.000,71.000,91.000,74.000,89.812,61.000,35.000,35.000,34.996,44.117,44.855,41.512,52.228,0.276,69.968,5518.087,5041.311,5486.000,5080.000,0.000,,,,2,1789722223.212,100,1
596.827,90.195,91.266,74.438,79.000,74.000,89.000,80.000,79.000,75.000,90.000,86.000,70.000,90.719,74.000,90.719,60.938,35.000,35.000,34.996,44.121,44.863,41.512,49.998,0.285,67.183,5518.256,5039.758,5492.000,5086.000,0.000,,,,2,1789722224.214,100,1
597.831,90.148,91.219,74.562,79.000,73.000,81.000,85.000,77.000,85.000,75.000,72.000,73.000,88.688,72.000,88.688,61.062,35.000,35.000,34.996,44.125,44.875,41.516,54.946,0.272,72.682,5518.679,5074.711,5500.000,5093.000,0.000,,,,2,1789722225.220,100,1
598.836,90.031,91.102,74.688,78.000,80.000,79.000,86.000,78.000,75.000,73.000,72.000,71.000,86.359,74.000,86.359,61.188,35.000,35.000,34.996,44.129,44.887,41.523,53.478,0.302,69.789,5519.271,5093.091,5508.000,5100.000,0.000,,,,2,1789722226.225,100,1
599.840,90.160,91.230,74.750,82.000,80.000,92.000,82.000,88.000,76.000,75.000,76.000,70.000,94.203,75.000,94.203,61.125,35.000,35.000,34.996,44.129,44.895,41.527,52.130,0.265,69.402,5517.580,5092.658,5514.000,5106.000,0.000,,,,2,1789722227.229,100,1
600.844,90.156,91.227,74.812,82.000,81.000,87.000,80.000,79.000,79.000,82.000,72.000,72.000,90.016,74.000,90.016,61.062,35.000,35.000,34.996,44.133,44.906,41.531,48.464,0.275,66.449,5518.171,5111.023,5522.000,5113.000,0.000,,,,2,1789722228.230,100,1
601.845,90.109,91.180,74.688,79.000,84.000,81.000,86.000,77.000,75.000,75.000,71.000,71.000,88.672,73.000,88.672,61.125,35.000,35.000,34.996,44.137,44.918,41.539,52.000,0.280,68.992,5517.664,5145.650,5530.000,5121.000,0.000,,,,2,1789722229.234,100,1
602.847,90.008,91.078,74.562,85.000,83.000,86.000,80.000,83.000,82.000,78.000,78.000,70.000,86.906,76.000,86.906,61.125,35.000,35.000,34.996,44.137,44.930,41.543,49.962,0.289,67.429,5518.595,5145.209,5538.000,5128.000,0.000,,,,2,1789722230.233,100,1
603.851,89.895,90.965,74.688,82.000,80.000,82.000,79.000,79.000,73.000,77.000,71.000,71.000,86.375,74.000,86.375,61.125,35.000,35.000,34.996,44.141,44.941,41.547,50.499,0.260,67.240,5518.341,5145.797,5546.000,5136.000,0.000,68.000,5.000,2.000,2,1789722231.238,100,1
604.852,89.703,90.773,74.500,78.000,76.000,87.000,82.000,80.000,76.000,75.000,73.000,73.000,87.000,73.000,83.750,61.250,68.000,45.723,34.996,44.145,44.953,41.555,44.932,8.878,75.211,5538.973,5110.225,5554.000,5143.000,0.000,67.000,4.000,0.000,2,1789722232.239,100,1
605.857,89.586,90.656,74.562,83.000,76.000,84.000,77.000,96.000,74.000,88.000,70.000,70.000,96.000,74.000,85.953,61.500,66.000,52.871,34.996,44.145,44.961,41.559,54.002,2.413,69.078,5539.825,5145.356,5560.000,5149.000,0.000,66.000,4.000,0.000,2,1789722233.244,100,1
606.861,89.461,90.531,74.438,82.000,77.000,81.000,77.000,76.000,72.000,71.000,76.000,70.000,85.594,72.000,85.594,61.500,66.000,58.023,34.996,44.148,44.977,41.570,54.298,7.218,74.067,5538.461,5145.871,5570.000,5158.000,0.000,67.000,4.000,0.000,2,1789722234.248,100,1
607.865,89.289,90.359,74.625,79.000,76.000,78.000,78.000,86.000,74.000,74.000,81.000,73.000,86.000,72.000,83.875,61.562,67.000,62.023,34.996,44.152,44.988,41.578,48.366,7.097,79.928,5540.422,5128.424,5579.000,5166.000,0.000,69.000,11.000,14.000,2,1789722235.251,100,1
608.868,89.230,90.301,74.688,78.000,72.000,81.000,76.000,77.000,76.000,83.000,75.000,69.000,87.438,72.000,87.438,61.625,69.000,65.500,34.996,44.156,45.004,41.590,48.773,11.159,73.113,5582.607,5163.437,5589.000,5175.000,0.000,69.000,10.000,37.000,2,1789722236.253,100,1
609.870,89.059,90.129,74.625,77.000,74.000,78.000,77.000,89.000,72.000,74.000,73.000,72.000,89.000,72.000,83.203,62.062,70.000,68.258,34.996,44.164,45.016,41.602,46.264,9.120,76.828,5583.386,5164.104,5597.000,5183.000,0.000,67.000,4.000,0.000,2,1789722237.256,100,1
610.873,88.875,89.945,74.625,82.000,84.000,77.000,76.000,75.000,89.000,76.000,78.000,69.000,83.203,74.000,83.609,62.312,67.000,69.188,34.996,44.168,45.031,41.613,44.372,14.611,75.726,5582.694,5201.185,5607.000,5192.000,0.000,68.000,4.000,0.000,2,1789722238.261,100,1
611.877,88.711,89.781,74.438,75.000,73.000,78.000,75.000,73.000,70.000,77.000,81.000,71.000,89.000,72.000,83.094,62.500,68.000,70.090,34.996,44.176,45.047,41.629,44.193,11.603,77.590,5581.828,5200.959,5616.000,5200.000,0.000,69.000,9.000,21.000,2,1789722239.261,100,1
612.881,88.535,89.605,74.250,76.000,81.000,77.000,77.000,85.000,72.000,72.000,73.000,72.000,83.094,74.000,83.250,62.562,69.000,70.969,34.996,44.184,45.066,41.645,47.406,11.702,73.847,5560.962,5199.757,5616.000,5200.000,0.000,69.000,5.000,2.000,2,1789722240.265,100,1
613.884,88.371,89.441,74.312,79.000,73.000,80.000,78.000,82.000,74.000,72.000,70.000,70.000,85.000,73.000,84.656,62.750,68.000,71.184,34.996,44.188,45.082,41.660,46.936,9.877,76.188,5604.072,5201.335,5616.000,5200.000,0.000,69.000,19.000,71.000,2,1789722241.268,100,1
614.888,88.254,89.324,74.125,78.000,72.000,90.000,78.000,77.000,74.000,74.000,82.000,73.000,90.000,73.000,86.281,62.875,67.000,71.129,34.996,44.203,45.113,41.695,49.035,11.333,74.975,5604.945,5201.561,5616.000,5200.000,0.000,68.000,4.000,0.000,2,1789722242.275,100,1
615.893,88.059,89.129,74.375,77.000,74.000,78.000,76.000,77.000,73.000,83.000,71.000,74.000,83.828,73.000,83.828,63.000,69.000,71.375,34.996,44.211,45.129,41.715,55.872,13.601,79.395,5603.897,5201.786,5616.000,5200.000,0.000,69.000,11.000,49.000,2,1789722243.280,100,1
616.895,87.930,89.000,74.562,76.000,75.000,78.000,77.000,87.000,76.000,73.000,72.000,71.000,87.000,72.000,83.953,63.062,69.000,71.480,34.996,44.219,45.148,41.738,47.279,11.637,87.502,5602.415,5200.208,5616.000,5200.000,0.000,70.000,13.000,52.000,2,1789722244.282,100,1
617.896,87.789,88.859,74.562,75.000,72.000,76.000,75.000,73.000,72.000,71.000,83.000,69.000,83.422,72.000,83.422,63.062,70.000,71.812,34.996,44.227,45.168,41.758,45.897,11.719,77.011,5604.072,5200.208,5616.000,5200.000,0.000,70.000,6.000,5.000,2,1789722245.282,100,1
618.900,87.688,88.758,74.312,77.000,73.000,80.000,78.000,79.000,74.000,76.000,80.000,73.000,84.531,73.000,84.531,63.188,71.000,72.316,34.996,44.238,45.188,41.781,44.106,11.194,76.110,5647.413,5203.741,5616.000,5200.000,0.000,70.000,8.000,7.000,2,1789722246.288,100,1
619.903,87.613,88.684,74.500,81.000,80.000,84.000,80.000,78.000,78.000,74.000,77.000,70.000,85.391,74.000,85.391,63.250,67.000,71.922,34.996,44.250,45.203,41.805,52.317,9.458,72.310,5603.985,5203.214,5616.000,5200.000,0.000,69.000,25.000,83.000,2,1789722247.289,100,1
620.908,87.523,88.594,74.562,79.000,76.000,79.000,81.000,76.000,80.000,73.000,74.000,73.000,84.766,73.000,84.766,63.438,69.000,71.633,34.996,44.258,45.227,41.828,49.690,14.659,81.790,5646.881,5202.012,5616.000,5200.000,0.000,69.000,4.000,0.000,2,1789722248.295,100,1
621.912,87.402,88.473,74.688,78.000,74.000,80.000,76.000,72.000,72.000,71.000,81.000,70.000,83.625,72.000,83.625,63.438,69.000,71.375,34.996,44.266,45.242,41.848,47.950,11.285,80.674,5647.147,5198.932,5616.000,5200.000,0.000,70.000,13.000,62.000,2,1789722249.299,100,1
622.915,87.297,88.367,74.375,94.000,73.000,85.000,78.000,84.000,76.000,76.000,71.000,70.000,94.000,74.000,84.016,63.500,70.000,71.465,34.996,44.277,45.266,41.875,44.124,11.483,79.076,5602.590,5200.434,5616.000,5200.000,0.000,69.000,5.000,2.000,2,1789722250.304,100,1
623.919,87.215,88.285,74.438,84.000,73.000,79.000,77.000,75.000,75.000,74.000,72.000,72.000,84.688,73.000,84.688,63.688,70.000,71.492,34.996,44.289,45.281,41.898,46.514,8.532,73.608,5647.679,5237.811,5616.000,5200.000,0.000,70.000,20.000,82.000,2,1789722251.306,100,1
624.922,87.109,88.074,74.500,85.000,74.000,79.000,78.000,92.000,73.000,81.000,71.000,74.000,92.000,74.000,83.828,63.750,68.000,71.238,34.996,44.301,45.301,41.926,48.329,13.506,72.948,5602.852,5201.335,5616.000,5200.000,0.000,68.000,4.000,0.000,2,1789722252.309,100,1
625.927,87.074,88.039,74.375,85.000,81.000,84.000,77.000,76.000,73.000,73.000,72.000,70.000,85.922,75.000,85.922,63.812,69.000,71.039,34.996,44.312,45.320,41.949,44.889,13.014,80.651,5647.147,5201.937,5616.000,5200.000,0.000,70.000,10.000,23.000,2,1789722253.314,100,1
626.930,87.000,87.965,74.375,78.000,74.000,79.000,78.000,85.000,74.000,75.000,79.000,71.000,85.000,73.000,84.688,63.750,70.000,70.969,34.996,44.324,45.340,41.977,46.051,11.908,75.802,5603.113,5201.786,5616.000,5200.000,0.000,70.000,11.000,42.000,2,1789722254.317,100,1
627.934,86.902,87.867,74.375,74.000,73.000,79.000,79.000,73.000,72.000,71.000,69.000,71.000,83.953,72.000,83.953,63.875,71.000,71.066,34.996,44.336,45.359,42.000,46.851,10.474,76.230,5602.938,5200.584,5616.000,5200.000,0.000,71.000,15.000,61.000,2,1789722255.320,100,1
628.937,86.867,87.734,74.312,76.000,83.000,78.000,76.000,76.000,93.000,78.000,76.000,70.000,93.000,73.000,85.719,63.938,68.000,71.016,34.996,44.348,45.379,42.027,41.971,10.623,75.267,5602.852,5200.659,5616.000,5200.000,0.000,68.000,4.000,0.000,2,1789722256.325,100,1
629.940,86.832,87.699,74.250,80.000,73.000,80.000,78.000,73.000,86.000,70.000,70.000,70.000,86.000,74.000,85.766,63.375,67.000,70.941,34.996,44.359,45.398,42.055,40.813,2.474,71.609,5602.154,5202.538,5616.000,5200.000,0.000,68.000,4.000,0.000,2,1789722257.329,100,1
630.943,86.742,87.609,74.188,75.000,71.000,76.000,75.000,71.000,88.000,70.000,70.000,70.000,88.000,71.000,83.922,63.125,67.000,70.867,34.996,44.371,45.418,42.082,42.885,2.471,61.823,5647.679,5201.786,5616.000,5200.000,0.000,68.000,4.000,0.000,2,1789722258.331,100,1
631.948,86.941,88.102,73.875,78.000,73.000,82.000,78.000,84.000,72.000,70.000,71.000,69.000,90.734,73.000,90.734,63.000,67.000,70.793,34.996,44.383,45.438,42.109,40.638,2.469,63.365,5602.852,5200.584,5616.000,5200.000,0.000,68.000,4.000,0.000,2,1789722259.335,100,1
632.950,86.816,87.977,73.875,73.000,69.000,74.000,73.000,71.000,80.000,70.000,74.000,69.000,83.031,70.000,83.031,62.812,67.000,70.723,34.996,44.395,45.457,42.137,39.319,2.485,60.407,5603.288,5203.214,5616.000,5200.000,0.000,67.000,4.000,0.000,2,1789722260.337,100,1
633.952,86.711,87.871,73.688,78.000,71.000,76.000,75.000,73.000,75.000,72.000,82.000,70.000,83.391,71.000,83.391,62.625,35.000,69.656,34.996,44.406,45.473,42.160,40.910,3.160,60.430,5646.705,5200.884,5616.000,5200.000,0.000,,,,2,1789722261.339,100,1
634.956,86.660,87.820,73.500,94.000,72.000,75.000,75.000,70.000,73.000,69.000,69.000,68.000,94.000,72.000,85.094,62.438,35.000,68.621,34.996,44.414,45.488,42.184,37.774,0.285,61.790,5602.677,5201.034,5616.000,5200.000,0.000,,,,2,1789722262.343,100,1
635.961,86.484,87.645,73.438,74.000,72.000,76.000,76.000,77.000,81.000,71.000,69.000,69.000,81.078,72.000,81.078,62.312,35.000,67.621,34.996,44.426,45.504,42.203,39.622,0.292,56.240,5647.236,5203.892,5616.000,5200.000,0.000,,,,2,1789722263.348,100,1
636.965,86.301,87.461,73.438,80.000,70.000,72.000,72.000,69.000,68.000,69.000,67.000,68.000,80.531,70.000,80.531,62.250,35.000,66.648,34.996,44.438,45.516,42.223,38.088,0.284,57.361,5669.738,5200.133,5616.000,5200.000,0.000,,,,2,1789722264.351,100,1
637.967,86.266,87.426,73.188,81.000,72.000,75.000,80.000,72.000,70.000,77.000,69.000,69.000,85.234,71.000,85.234,61.938,35.000,65.707,34.996,44.445,45.531,42.246,42.210,0.302,56.202,5603.113,5201.185,5616.000,5200.000,0.000,,,,2,1789722265.356,100,1
638.968,86.121,87.281,73.188,74.000,70.000,77.000,73.000,85.000,70.000,70.000,68.000,70.000,85.000,70.000,81.625,61.812,35.000,64.797,34.996,44.457,45.547,42.262,39.254,0.284,60.745,5603.288,5200.809,5616.000,5200.000,0.000,,,,2,1789722266.355,100,1
639.972,85.984,87.145,73.062,72.000,85.000,72.000,73.000,69.000,69.000,68.000,69.000,68.000,85.000,73.000,81.719,61.688,35.000,63.914,34.996,44.465,45.555,42.277,40.757,0.298,57.086,5603.200,5201.485,5616.000,5200.000,0.000,,,,2,1789722267.362,100,1
640.977,85.977,87.137,73.062,73.000,70.000,75.000,85.000,75.000,70.000,75.000,68.000,69.000,85.766,70.000,85.766,61.562,35.000,63.059,34.996,44.473,45.566,42.293,40.149,0.263,58.653,5647.590,5200.884,5616.000,5200.000,0.000,,,,2,1789722268.362,100,1
641.979,85.945,87.105,72.875,74.000,82.000,78.000,75.000,70.000,69.000,69.000,67.000,69.000,84.953,72.000,84.953,61.375,35.000,62.230,34.996,44.480,45.574,42.305,39.521,0.268,57.900,5603.375,5200.434,5616.000,5200.000,0.000,,,,2,1789722269.364,100,1
642.984,85.789,86.949,72.750,72.000,71.000,72.000,80.000,69.000,69.000,68.000,67.000,68.000,81.016,70.000,81.016,61.312,35.000,61.430,34.996,44.488,45.586,42.320,40.905,0.265,57.364,5602.590,5199.983,5616.000,5200.000,0.000,,,,2,1789722270.371,100,1
643.988,85.766,86.926,72.688,74.000,70.000,76.000,74.000,71.000,70.000,81.000,68.000,69.000,85.000,70.000,85.000,61.188,35.000,60.652,34.996,44.496,45.594,42.332,40.730,0.277,58.706,5602.241,5199.983,5616.000,5200.000,0.000,,,,2,1789722271.374,100,1
644.989,85.574,86.734,72.812,71.000,69.000,85.000,71.000,69.000,67.000,68.000,67.000,68.000,85.000,69.000,79.625,61.062,35.000,59.898,34.996,44.504,45.598,42.340,40.120,0.293,58.121,5645.819,5200.058,5616.000,5200.000,0.000,,,,2,1789722272.375,100,1
645.993,85.367,86.527,72.500,73.000,69.000,74.000,71.000,80.000,69.000,71.000,67.000,69.000,80.000,69.000,78.953,61.000,35.000,59.168,34.996,44.508,45.605,42.348,42.308,0.300,60.375,5645.996,5201.034,5616.000,5200.000,0.000,,,,2,1789722273.377,100,1
646.995,85.266,86.426,72.625,70.000,83.000,72.000,72.000,70.000,68.000,69.000,66.000,67.000,83.000,72.000,82.156,60.812,35.000,58.461,34.996,44.512,45.613,42.355,38.807,0.275,56.748,5602.415,5201.636,5616.000,5200.000,0.000,,,,2,1789722274.382,100,1
648.000,85.156,86.316,72.375,81.000,70.000,74.000,73.000,73.000,68.000,72.000,67.000,69.000,81.703,70.000,81.703,60.812,35.000,57.777,34.996,44.520,45.617,42.363,39.479,0.274,57.632,5646.705,5200.358,5616.000,5200.000,0.000,,,,2,1789722275.390,100,1
649.003,84.957,86.117,72.375,70.000,68.000,72.000,71.000,70.000,68.000,69.000,80.000,68.000,80.000,68.000,78.812,60.688,35.000,57.113,34.996,44.523,45.621,42.371,40.395,0.277,57.818,5647.059,5200.734,5616.000,5200.000,0.000,,,,2,1789722276.390,100,1
650.007,85.012,86.121,72.250,73.000,69.000,75.000,73.000,97.000,70.000,71.000,68.000,67.000,97.000,70.000,85.672,60.688,35.000,56.473,34.996,44.527,45.625,42.371,38.979,0.280,56.752,5602.154,5200.208,5616.000,5200.000,0.000,,,,2,1789722277.394,100,1
651.009,84.828,85.938,72.125,71.000,69.000,72.000,71.000,71.000,75.000,70.000,66.000,68.000,79.234,68.000,79.234,60.438,35.000,55.852,34.996,44.531,45.625,42.375,39.921,0.275,57.832,5601.543,5201.109,5616.000,5200.000,0.000,,,,2,1789722278.395,100,1
652.014,84.715,85.824,72.188,72.000,69.000,76.000,76.000,81.000,70.000,68.000,69.000,68.000,81.156,70.000,81.156,60.375,35.000,55.246,34.996,44.535,45.629,42.379,38.447,0.275,56.115,5602.677,5200.959,5616.000,5200.000,0.000,,,,2,1789722279.404,100,1
653.017,84.656,85.656,72.062,73.000,71.000,75.000,93.000,70.000,71.000,67.000,67.000,66.000,93.000,71.000,82.828,60.250,35.000,54.664,34.996,44.535,45.629,42.383,38.157,0.282,55.621,5603.026,5201.937,5616.000,5200.000,0.000,,,,2,1789722280.402,100,1
654.021,84.496,85.496,71.875,73.000,68.000,72.000,73.000,76.000,68.000,67.000,72.000,67.000,79.578,68.000,79.578,60.125,35.000,54.098,34.996,44.539,45.633,42.383,38.261,0.279,55.797,5602.328,5164.845,5616.000,5200.000,0.000,,,,2,1789722281.406,100,1
655.026,84.316,85.316,71.938,72.000,71.000,72.000,71.000,68.000,71.000,67.000,66.000,66.000,78.766,68.000,78.766,60.062,35.000,53.547,34.996,44.543,45.633,42.387,39.473,0.281,57.329,5602.328,5200.358,5616.000,5200.000,0.000,,,,2,1789722282.410,100,1
656.028,84.168,85.168,71.812,77.000,73.000,75.000,77.000,76.000,69.000,78.000,71.000,68.000,79.531,70.000,79.531,59.938,35.000,53.016,34.996,44.543,45.633,42.383,39.803,0.288,57.495,5602.938,5200.208,5616.000,5200.000,0.000,,,,2,1789722283.413,100,1
657.032,83.984,84.984,71.625,73.000,69.000,74.000,71.000,83.000,69.000,69.000,66.000,68.000,83.000,68.000,78.344,59.812,35.000,52.504,34.996,44.543,45.629,42.383,40.571,0.294,58.516,5602.241,5200.584,5616.000,5200.000,0.000,,,,2,1789722284.419,100,1
658.036,83.824,84.824,71.562,76.000,72.000,80.000,74.000,73.000,70.000,70.000,74.000,70.000,80.000,69.000,78.859,59.812,35.000,52.004,34.996,44.547,45.629,42.379,40.524,0.291,59.024,5647.945,5200.734,5616.000,5200.000,0.000,,,,2,1789722285.422,100,1
659.039,83.703,84.703,71.688,75.000,69.000,73.000,73.000,84.000,68.000,69.000,80.000,67.000,84.000,69.000,79.844,59.688,35.000,51.523,34.996,44.547,45.629,42.379,46.363,0.332,62.677,5603.026,5197.956,5616.000,5200.000,0.000,,,,2,1789722286.427,100,1
660.043,83.535,84.535,71.688,69.000,68.000,81.000,71.000,79.000,67.000,68.000,66.000,68.000,81.000,67.000,78.422,59.625,35.000,51.055,34.996,44.547,45.625,42.375,41.834,0.298,59.403,5603.200,5201.335,5616.000,5200.000,0.000,,,,2,1789722287.430,100,1
661.046,83.367,84.367,71.688,76.000,76.000,70.000,70.000,73.000,67.000,67.000,65.000,66.000,78.062,69.000,78.062,59.562,35.000,50.602,34.996,44.547,45.625,42.375,37.162,0.287,54.900,5602.764,5201.485,5616.000,5200.000,0.000,,,,2,1789722288.433,100,1
662.050,83.367,84.367,71.500,91.000,69.000,73.000,72.000,88.000,68.000,69.000,66.000,66.000,91.000,70.000,83.406,59.438,35.000,50.160,34.996,44.547,45.621,42.367,38.217,0.287,56.136,5603.636,5164.178,5616.000,5200.000,0.000,,,,2,1789722289.437,100,1
663.051,83.234,84.234,71.500,71.000,69.000,81.000,71.000,80.000,68.000,69.000,66.000,67.000,81.000,67.000,79.203,59.375,35.000,49.738,34.996,44.551,45.617,42.363,39.522,0.279,56.988,5602.328,5200.133,5616.000,5200.000,0.000,,,,2,1789722290.438,100,1
664.056,83.043,84.043,71.312,72.000,73.000,76.000,70.000,71.000,68.000,68.000,67.000,66.000,77.047,68.000,77.047,59.438,35.000,49.324,34.996,44.551,45.617,42.359,36.716,0.288,54.324,5603.549,5200.884,5616.000,5200.000,0.000,,,,2,1789722291.442,100,1
665.061,82.969,83.969,71.250,84.000,68.000,69.000,70.000,68.000,69.000,66.000,91.000,66.000,91.000,68.000,80.688,59.312,35.000,48.926,34.996,44.547,45.613,42.352,36.679,0.290,55.179,5647.945,5202.388,5616.000,5200.000,0.000,,,,2,1789722292.448,100,1
666.064,82.797,83.797,71.062,77.000,74.000,79.000,75.000,80.000,73.000,76.000,74.000,66.000,80.000,68.000,77.547,59.188,35.000,48.461,34.996,44.547,45.605,42.348,40.615,0.300,58.696,5604.160,5201.636,5616.000,5200.000,0.000,,,,2,1789722293.450,100,1
667.064,82.633,83.633,71.062,73.000,76.000,75.000,73.000,71.000,69.000,70.000,69.000,70.000,77.547,69.000,77.547,58.938,35.000,48.086,34.996,44.547,45.598,42.340,40.970,0.300,58.562,5603.636,5181.869,5616.000,5200.000,0.000,,,,2,1789722294.450,100,1
668.067,82.547,83.547,70.875,71.000,76.000,77.000,72.000,70.000,68.000,66.000,66.000,65.000,79.797,68.000,79.797,59.125,35.000,47.723,34.996,44.547,45.598,42.332,38.063,0.294,55.002,5646.173,5200.283,5616.000,5200.000,0.000,,,,2,1789722295.453,100,1
669.067,82.469,83.469,71.000,78.000,68.000,73.000,69.000,72.000,67.000,68.000,65.000,67.000,80.031,67.000,80.031,59.125,35.000,47.371,34.996,44.547,45.590,42.324,38.378,0.276,56.152,5648.299,5200.734,5616.000,5200.000,0.000,,,,2,1789722296.454,100,1
670.068,82.383,83.383,70.812,71.000,69.000,86.000,71.000,69.000,68.000,67.000,66.000,66.000,86.000,68.000,79.781,58.938,35.000,47.031,34.996,44.543,45.586,42.316,39.794,0.284,58.074,5647.590,5200.659,5616.000,5200.000,0.000,,,,2,1789722297.453,100,1
671.073,82.383,83.383,70.812,75.000,69.000,74.000,73.000,69.000,69.000,76.000,66.000,66.000,82.312,69.000,82.312,58.875,35.000,46.703,34.996,44.543,45.578,42.309,39.015,0.265,55.906,5603.549,5201.786,5616.000,5200.000,0.000,,,,2,1789722298.463,100,1
672.076,82.242,83.242,70.688,69.000,67.000,69.000,79.000,68.000,67.000,66.000,67.000,67.000,79.000,67.000,77.922,58.812,35.000,46.383,34.996,44.539,45.570,42.301,40.359,0.280,58.179,5602.852,5200.058,5616.000,5200.000,0.000,,,,2,1789722299.462,100,1
673.078,82.121,83.121,70.438,69.000,67.000,69.000,80.000,67.000,67.000,67.000,65.000,66.000,80.000,67.000,78.422,58.812,35.000,46.074,34.996,44.539,45.562,42.289,39.075,0.280,56.817,5604.160,5238.345,5616.000,5200.000,0.000,,,,2,1789722300.464,100,1
674.083,82.152,83.152,70.562,86.000,68.000,71.000,73.000,68.000,74.000,66.000,67.000,65.000,86.000,69.000,83.047,58.688,35.000,45.773,34.996,44.535,45.555,42.281,38.271,0.266,55.918,5646.173,5165.141,5616.000,5200.000,0.000,,,,2,1789722301.471,100,1
675.083,82.191,83.191,70.562,75.000,68.000,85.000,72.000,71.000,68.000,67.000,65.000,66.000,85.000,68.000,83.172,58.625,35.000,45.480,34.996,44.531,45.547,42.270,40.509,0.269,58.621,5604.334,5201.937,5616.000,5200.000,0.000,,,,2,1789722302.472,100,1
676.083,82.141,83.141,70.438,69.000,68.000,72.000,80.000,68.000,68.000,67.000,65.000,65.000,80.641,67.000,80.641,58.688,35.000,45.125,34.996,44.531,45.535,42.258,40.702,0.272,57.940,5604.334,5199.457,5616.000,5200.000,0.000,,,,2,1789722303.472,100,1
677.084,82.160,83.160,70.375,79.000,68.000,72.000,86.000,68.000,69.000,67.000,66.000,65.000,86.000,68.000,82.641,58.625,35.000,44.855,34.996,44.527,45.527,42.250,39.224,0.274,57.104,5647.059,5200.884,5616.000,5200.000,0.000,,,,2,1789722304.470,100,1
678.084,82.090,83.090,70.562,73.000,68.000,78.000,75.000,69.000,68.000,66.000,68.000,66.000,80.016,67.000,80.016,58.688,35.000,44.590,34.996,44.523,45.520,42.242,40.945,0.281,58.528,5603.288,5200.809,5616.000,5200.000,0.000,,,,2,1789722305.472,100,1
679.088,82.000,82.996,70.500,72.000,68.000,69.000,71.000,68.000,73.000,70.000,66.000,68.000,79.219,67.000,79.219,58.438,35.000,44.336,34.996,44.523,45.512,42.230,38.880,0.284,56.539,5646.705,5237.735,5616.000,5200.000,0.000,,,,2,1789722306.475,100,1
680.093,81.930,82.926,70.375,80.000,68.000,72.000,71.000,70.000,68.000,80.000,66.000,67.000,80.000,68.000,79.719,58.500,35.000,44.086,34.996,44.520,45.504,42.219,38.652,0.280,56.484,5602.241,5200.734,5616.000,5200.000,0.000,,,,2,1789722307.479,100,1
681.096,81.801,82.797,70.125,75.000,68.000,80.000,71.000,70.000,68.000,67.000,79.000,66.000,80.000,67.000,77.828,58.438,35.000,43.848,34.996,44.516,45.492,42.207,38.191,0.278,55.606,5604.945,5200.584,5616.000,5200.000,0.000,,,,2,1789722308.482,100,1
682.100,81.645,82.641,70.125,69.000,67.000,72.000,80.000,68.000,68.000,66.000,65.000,66.000,80.000,67.000,76.719,58.438,35.000,43.613,34.996,44.512,45.480,42.199,38.863,0.275,57.277,5602.154,5200.809,5616.000,5200.000,0.000,,,,2,1789722309.487,100,1
683.102,81.594,82.590,70.062,73.000,69.000,76.000,75.000,68.000,68.000,80.000,68.000,66.000,80.109,68.000,80.109,58.438,35.000,43.387,34.996,44.508,45.473,42.184,37.799,0.288,56.133,5602.764,5200.959,5616.000,5200.000,0.000,,,,2,1789722310.490,100,1
684.106,81.480,82.477,70.062,72.000,70.000,74.000,71.000,77.000,67.000,67.000,65.000,65.000,77.875,68.000,77.875,58.188,35.000,43.168,34.996,44.504,45.461,42.176,37.557,0.281,55.262,5603.897,5203.515,5616.000,5200.000,0.000,,,,2,1789722311.493,100,1
685.110,81.340,82.336,70.000,72.000,70.000,74.000,74.000,73.000,74.000,73.000,68.000,68.000,77.031,68.000,77.031,58.250,35.000,42.957,34.996,44.500,45.449,42.164,39.034,0.283,56.124,5603.897,5201.335,5616.000,5200.000,0.000,,,,2,1789722312.496,100,1
686.115,81.434,82.430,69.750,76.000,69.000,91.000,75.000,73.000,68.000,66.000,65.000,64.000,91.000,69.000,83.500,58.062,35.000,42.684,34.996,44.496,45.441,42.152,38.982,0.285,57.702,5603.636,5200.434,5616.000,5200.000,0.000,,,,2,1789722313.506,100,1
687.118,81.375,82.371,69.812,71.000,67.000,72.000,70.000,69.000,75.000,66.000,73.000,65.000,79.625,67.000,79.625,58.125,35.000,42.484,34.996,44.492,45.434,42.141,38.304,0.281,55.806,5649.274,5202.312,5616.000,5200.000,0.000,,,,2,1789722314.506,100,1
688.119,81.328,82.324,69.750,73.000,74.000,74.000,71.000,69.000,68.000,67.000,76.000,66.000,79.859,68.000,79.859,58.062,35.000,42.293,34.996,44.488,45.422,42.129,38.134,0.285,55.679,5604.421,5164.771,5616.000,5200.000,0.000,,,,2,1789722315.505,100,1
689.123,81.258,82.254,69.625,77.000,73.000,70.000,69.000,66.000,65.000,65.000,63.000,64.000,79.109,67.000,79.109,58.000,35.000,42.105,34.996,44.484,45.410,42.117,37.614,0.276,55.886,5648.919,5201.410,5616.000,5200.000,0.000,,,,2,1789722316.509,100,1
690.126,81.156,82.051,69.625,70.000,68.000,75.000,70.000,90.000,67.000,67.000,65.000,66.000,90.000,68.000,77.984,58.000,35.000,41.926,34.996,44.480,45.398,42.105,37.328,0.274,54.780,5648.299,5200.734,5616.000,5200.000,0.000,,,,2,1789722317.512,100,1
691.129,81.004,81.809,69.688,67.000,67.000,68.000,69.000,66.000,65.000,83.000,65.000,66.000,83.000,67.000,76.234,57.938,35.000,41.750,34.996,44.477,45.387,42.090,38.291,0.270,56.206,5605.120,5202.237,5616.000,5200.000,0.000,,,,2,1789722318.516,100,1
692.133,81.000,81.727,69.562,71.000,67.000,76.000,71.000,70.000,87.000,66.000,67.000,64.000,87.000,68.000,80.891,58.062,35.000,41.582,34.996,44.473,45.375,42.078,38.609,0.274,56.305,5604.857,5200.509,5616.000,5200.000,0.000,,,,2,1789722319.521,100,1
693.134,80.902,81.629,69.375,71.000,69.000,69.000,70.000,66.000,68.000,65.000,64.000,64.000,77.922,67.000,77.922,58.000,35.000,41.418,34.996,44.465,45.363,42.066,38.358,0.274,56.188,5604.421,5162.475,5616.000,5200.000,0.000,,,,2,1789722320.521,100,1
694.139,80.801,81.527,69.438,73.000,66.000,72.000,70.000,75.000,65.000,67.000,64.000,65.000,77.609,66.000,77.609,57.938,35.000,41.258,34.996,44.461,45.352,42.055,39.772,0.285,57.555,5604.857,5200.358,5616.000,5200.000,0.000,,,,2,1789722321.526,100,1
695.142,80.664,81.391,69.250,74.000,67.000,80.000,70.000,67.000,66.000,67.000,64.000,68.000,80.000,66.000,76.500,57.938,35.000,41.105,34.996,44.457,45.340,42.043,39.351,0.296,56.871,5604.160,5201.636,5616.000,5200.000,0.000,,,,2,1789722322.529,100,1
696.147,80.520,81.246,69.438,68.000,66.000,72.000,73.000,68.000,66.000,66.000,64.000,72.000,75.969,66.000,75.969,57.750,35.000,40.891,34.996,44.453,45.332,42.031,42.980,0.289,60.009,5605.120,5201.109,5616.000,5200.000,0.000,,,,2,1789722323.535,100,1
697.152,80.371,81.098,69.500,68.000,67.000,69.000,74.000,66.000,65.000,65.000,68.000,66.000,75.844,66.000,75.844,57.812,35.000,40.746,34.996,44.445,45.320,42.020,41.198,0.308,59.668,5649.186,5199.983,5616.000,5200.000,0.000,,,,2,1789722324.538,100,1
698.156,80.438,81.164,69.375,71.000,68.000,73.000,72.000,67.000,91.000,65.000,67.000,65.000,91.000,68.000,82.438,57.750,35.000,40.605,34.996,44.441,45.312,42.008,36.508,0.272,53.994,5604.771,5199.457,5616.000,5200.000,0.000,,,,2,1789722325.542,100,1
699.159,80.355,81.082,69.375,68.000,66.000,73.000,76.000,66.000,65.000,65.000,63.000,65.000,77.875,66.000,77.875,57.688,35.000,40.469,34.996,44.438,45.301,41.992,36.125,0.266,54.499,5604.247,5202.162,5616.000,5200.000,0.000,,,,2,1789722326.546,100,1
700.163,80.238,80.965,69.188,67.000,74.000,68.000,69.000,65.000,65.000,65.000,64.000,65.000,76.609,67.000,76.609,57.562,35.000,40.336,34.996,44.430,45.289,41.980,36.521,0.269,54.167,5604.247,5163.733,5616.000,5200.000,0.000,,,,2,1789722327.549,100,1
701.168,80.238,80.965,69.188,74.000,67.000,78.000,70.000,73.000,66.000,65.000,64.000,64.000,80.203,67.000,80.203,57.625,35.000,40.211,34.996,44.426,45.277,41.973,37.180,0.275,55.086,5606.080,5200.734,5616.000,5200.000,0.000,,,,2,1789722328.554,100,1
702.172,80.109,80.836,69.125,75.000,66.000,70.000,69.000,81.000,65.000,71.000,66.000,68.000,81.000,66.000,76.156,57.500,35.000,40.086,34.996,44.418,45.266,41.957,40.060,0.295,57.374,5605.817,5202.087,5616.000,5200.000,0.000,,,,2,1789722329.559,100,1
703.176,79.973,80.699,69.125,67.000,65.000,68.000,74.000,68.000,65.000,65.000,66.000,65.000,75.734,66.000,75.734,57.500,35.000,39.969,34.996,44.414,45.258,41.945,42.784,0.304,60.952,5605.469,5200.809,5616.000,5200.000,0.000,,,,2,1789722330.564,100,1
704.178,80.102,80.828,69.188,70.000,67.000,78.000,71.000,68.000,82.000,65.000,64.000,64.000,84.109,67.000,84.109,57.562,35.000,39.852,34.996,44.406,45.242,41.930,37.843,0.252,55.705,5648.476,5202.538,5616.000,5200.000,0.000,,,,2,1789722331.565,100,1
705.183,80.070,80.797,69.188,69.000,77.000,70.000,70.000,65.000,66.000,65.000,66.000,64.000,79.078,69.000,79.078,57.438,35.000,39.738,34.996,44.402,45.234,41.918,38.612,0.263,55.901,5604.508,5202.613,5616.000,5200.000,0.000,,,,2,1789722332.571,100,1
706.188,80.109,80.836,69.062,70.000,68.000,72.000,74.000,68.000,69.000,82.000,66.000,66.000,82.000,68.000,81.344,57.562,35.000,39.570,34.996,44.398,45.223,41.906,39.528,0.256,56.983,5604.072,5200.959,5616.000,5200.000,0.000,,,,2,1789722333.577,100,1
707.191,80.367,81.457,69.062,86.000,69.000,72.000,73.000,67.000,67.000,65.000,64.000,64.000,86.000,68.000,84.750,57.500,35.000,39.465,34.996,44.391,45.211,41.895,38.540,0.260,56.346,5605.120,5201.260,5616.000,5200.000,0.000,,,,2,1789722334.577,100,1
708.196,80.418,81.508,68.938,71.000,71.000,69.000,69.000,66.000,65.000,65.000,68.000,64.000,81.547,67.000,81.547,57.375,35.000,39.363,34.996,44.387,45.199,41.879,39.660,0.260,57.723,5605.032,5200.734,5616.000,5200.000,0.000,,,,2,1789722335.584,100,1
709.200,80.418,81.508,68.938,70.000,73.000,71.000,70.000,68.000,66.000,66.000,64.000,66.000,80.453,67.000,80.453,57.500,35.000,39.262,34.996,44.379,45.188,41.867,41.090,0.259,58.714,5648.919,5200.809,5616.000,5200.000,0.000,,,,2,1789722336.587,100,1
710.200,80.980,82.301,68.875,68.000,66.000,69.000,69.000,69.000,88.000,65.000,66.000,63.000,88.000,67.000,84.359,57.438,35.000,39.168,34.996,44.375,45.176,41.855,37.082,0.252,54.856,5605.207,5200.959,5616.000,5200.000,0.000,,,,2,1789722337.589,100,1
711.204,80.957,82.277,68.812,67.000,66.000,69.000,70.000,67.000,66.000,66.000,78.000,65.000,80.297,66.000,80.297,57.562,35.000,39.074,34.996,44.367,45.160,41.840,37.942,0.261,55.582,5605.381,5182.167,5616.000,5200.000,0.000,,,,2,1789722338.594,100,1
712.209,80.895,82.215,68.938,70.000,68.000,76.000,71.000,69.000,66.000,79.000,64.000,67.000,79.000,67.000,78.969,57.312,35.000,38.984,34.996,44.363,45.148,41.828,38.259,0.261,55.818,5605.992,5203.440,5616.000,5200.000,0.000,,,,2,1789722339.597,100,1
713.213,80.926,82.246,68.750,71.000,67.000,77.000,71.000,68.000,67.000,82.000,66.000,65.000,82.000,67.000,81.938,57.375,35.000,38.898,34.996,44.355,45.133,41.812,37.622,0.275,55.365,5606.254,5201.335,5616.000,5200.000,0.000,,,,2,1789722340.600,100,1
714.218,80.840,82.160,68.875,71.000,66.000,71.000,69.000,65.000,76.000,64.000,63.000,64.000,78.172,67.000,78.172,57.188,35.000,38.812,34.996,44.348,45.121,41.801,35.646,0.261,53.573,5606.516,5202.087,5616.000,5200.000,0.000,,,,2,1789722341.608,100,1
715.222,80.816,82.137,68.625,69.000,66.000,73.000,70.000,68.000,78.000,65.000,65.000,64.000,80.000,66.000,80.000,57.312,35.000,38.734,34.996,44.340,45.105,41.785,38.264,0.257,55.949,5649.008,5201.561,5616.000,5200.000,0.000,,,,2,1789722342.612,100,1
716.226,80.922,82.242,68.500,71.000,78.000,78.000,71.000,71.000,67.000,67.000,65.000,64.000,84.219,69.000,84.219,57.250,35.000,38.590,34.996,44.336,45.094,41.773,38.072,0.258,55.920,5606.604,5202.838,5616.000,5200.000,0.000,,,,2,1789722343.613,100,1
717.231,80.934,82.254,68.500,70.000,70.000,77.000,70.000,67.000,65.000,65.000,64.000,64.000,81.359,68.000,81.359,57.188,35.000,38.516,34.996,44.328,45.078,41.758,39.659,0.257,57.342,5605.294,5200.434,5616.000,5200.000,0.000,,,,2,1789722344.621,100,1
718.233,80.934,82.129,68.438,75.000,68.000,87.000,71.000,69.000,66.000,65.000,64.000,65.000,87.000,68.000,81.000,57.250,35.000,38.441,34.996,44.324,45.066,41.750,39.514,0.258,57.407,5606.778,5204.268,5616.000,5200.000,0.000,,,,2,1789722345.620,100,1
719.234,81.020,82.121,68.562,70.000,68.000,70.000,88.000,67.000,67.000,65.000,64.000,64.000,88.000,68.000,81.281,57.250,35.000,38.367,34.996,44.316,45.055,41.738,38.798,0.272,56.360,5650.427,5201.410,5616.000,5200.000,0.000,,,,2,1789722346.622,100,1
720.239,81.363,82.457,68.500,70.000,86.000,71.000,73.000,68.000,67.000,67.000,64.000,65.000,86.000,71.000,82.391,57.188,35.000,38.297,34.996,44.309,45.039,41.723,40.487,0.263,58.221,5606.429,5200.884,5616.000,5200.000,0.000,,,,2,1789722347.626,100,1
721.242,81.340,82.324,68.500,69.000,75.000,69.000,70.000,76.000,66.000,67.000,65.000,65.000,80.703,69.000,80.703,57.125,35.000,38.230,34.996,44.301,45.027,41.711,40.328,0.245,57.987,5649.895,5202.312,5616.000,5200.000,0.000,,,,2,1789722348.628,100,1
722.244,81.609,82.898,68.375,71.000,67.000,70.000,70.000,65.000,86.000,64.000,65.000,63.000,86.000,68.000,85.656,57.000,35.000,38.164,34.996,44.297,45.016,41.699,40.632,0.267,58.214,5606.516,5202.162,5616.000,5200.000,0.000,,,,2,1789722349.633,100,1
723.247,81.812,83.297,68.438,72.000,68.000,82.000,71.000,77.000,68.000,69.000,66.000,65.000,85.062,68.000,85.062,57.188,35.000,38.102,34.996,44.289,45.000,41.688,41.665,0.262,59.376,5607.040,5201.561,5616.000,5200.000,0.000,,,,2,1789722350.633,100,1
724.251,81.762,83.246,68.375,71.000,81.000,73.000,71.000,66.000,66.000,66.000,64.000,65.000,81.000,70.000,80.234,57.188,35.000,38.043,34.996,44.281,44.988,41.672,38.419,0.260,56.095,5606.254,5203.666,5616.000,5200.000,0.000,,,,2,1789722351.639,100,1
725.255,81.809,83.227,68.312,70.000,69.000,69.000,88.000,66.000,67.000,65.000,64.000,63.000,88.000,69.000,82.625,57.188,35.000,37.980,34.996,44.277,44.977,41.660,38.754,0.266,56.285,5605.992,5202.463,5616.000,5200.000,0.000,,,,2,1789722352.643,100,1
726.258,81.719,83.137,68.500,68.000,67.000,70.000,80.000,66.000,68.000,64.000,65.000,65.000,80.000,67.000,79.031,57.062,35.000,37.871,34.996,44.270,44.961,41.648,37.601,0.273,55.666,5606.691,5201.109,5616.000,5200.000,0.000,,,,2,1789722353.646,100,1
727.263,81.648,83.066,68.312,74.000,67.000,72.000,70.000,81.000,66.000,66.000,64.000,65.000,81.000,67.000,79.391,57.062,35.000,37.812,34.996,44.262,44.949,41.637,38.837,0.275,56.372,5606.953,5167.068,5616.000,5200.000,0.000,,,,2,1789722354.649,100,1
728.266,81.801,83.219,68.438,86.000,67.000,72.000,70.000,68.000,66.000,74.000,65.000,66.000,86.562,67.000,86.562,57.000,35.000,37.762,34.996,44.254,44.938,41.625,38.799,0.279,56.312,5606.516,5203.064,5616.000,5200.000,0.000,,,,2,1789722355.654,100,1
729.266,81.836,83.254,68.250,81.000,68.000,71.000,70.000,66.000,65.000,65.000,63.000,64.000,82.906,67.000,82.906,56.938,35.000,37.707,34.996,44.246,44.922,41.609,40.042,0.264,57.875,5606.865,5165.363,5616.000,5200.000,0.000,,,,2,1789722356.656,100,1
730.269,81.809,83.086,68.250,72.000,66.000,93.000,70.000,68.000,67.000,64.000,64.000,64.000,93.000,67.000,80.984,57.062,35.000,37.656,34.996,44.242,44.910,41.602,38.652,0.249,56.394,5651.491,5202.162,5616.000,5200.000,0.000,,,,2,1789722357.657,100,1
731.273,82.207,83.719,68.188,74.000,68.000,75.000,72.000,78.000,67.000,77.000,65.000,66.000,85.812,69.000,85.812,57.062,35.000,37.609,34.996,44.234,44.898,41.586,39.721,0.249,57.087,5606.516,5201.636,5616.000,5200.000,0.000,,,,2,1789722358.660,100,1
732.275,82.168,83.527,68.250,68.000,67.000,70.000,70.000,85.000,66.000,67.000,64.000,65.000,85.000,67.000,80.969,57.000,35.000,37.559,34.996,44.227,44.883,41.574,41.187,0.271,58.857,5650.693,5202.388,5616.000,5200.000,0.000,,,,2,1789722359.663,100,1
733.278,82.180,83.539,68.125,67.000,70.000,78.000,70.000,68.000,66.000,65.000,63.000,64.000,82.547,67.000,82.547,57.062,35.000,37.516,34.996,44.219,44.871,41.562,40.638,0.259,58.175,5605.469,5202.237,5616.000,5200.000,0.000,,,,2,1789722360.665,100,1
734.283,82.266,83.625,68.125,70.000,67.000,72.000,82.000,69.000,68.000,66.000,70.000,64.000,85.016,67.000,85.016,57.188,35.000,37.469,34.996,44.215,44.859,41.551,40.544,0.260,58.077,5606.604,5200.809,5616.000,5200.000,0.000,,,,2,1789722361.669,100,1
735.284,82.227,83.586,68.188,69.000,66.000,79.000,69.000,67.000,65.000,67.000,63.000,66.000,81.016,65.000,81.016,57.000,35.000,37.426,34.996,44.207,44.844,41.539,38.977,0.269,56.065,5607.477,5202.087,5616.000,5200.000,0.000,,,,2,1789722362.670,100,1
736.289,82.102,83.461,68.188,70.000,67.000,69.000,88.000,65.000,67.000,64.000,63.000,64.000,88.000,67.000,78.219,56.875,35.000,37.328,34.996,44.199,44.832,41.527,37.458,0.267,55.881,5607.302,5200.809,5616.000,5200.000,0.000,,,,2,1789722363.676,100,1
737.293,82.488,83.984,68.188,92.000,67.000,72.000,71.000,66.000,66.000,65.000,64.000,64.000,92.000,68.000,85.203,57.000,35.000,37.289,34.996,44.191,44.820,41.516,40.222,0.260,57.183,5651.491,5202.237,5616.000,5200.000,0.000,,,,2,1789722364.680,100,1
738.296,82.410,83.906,68.125,72.000,67.000,70.000,76.000,73.000,78.000,72.000,78.000,65.000,80.078,67.000,80.078,57.000,35.000,37.250,34.996,44.184,44.805,41.508,45.749,0.280,63.490,5650.693,5201.410,5616.000,5200.000,0.000,,,,2,1789722365.684,100,1
739.300,82.258,83.754,68.312,76.000,65.000,69.000,69.000,69.000,64.000,66.000,70.000,64.000,77.531,66.000,77.531,57.000,35.000,37.211,34.996,44.180,44.793,41.496,38.291,0.260,55.443,5606.778,5201.937,5616.000,5200.000,0.000,,,,2,1789722366.686,100,1
740.301,82.203,83.699,68.188,89.000,67.000,88.000,70.000,66.000,65.000,65.000,64.000,64.000,89.000,68.000,80.484,57.000,35.000,37.176,34.996,44.172,44.781,41.484,37.430,0.262,55.905,5607.651,5202.162,5616.000,5200.000,0.000,,,,2,1789722367.691,100,1
741.305,82.211,83.707,68.188,75.000,73.000,77.000,75.000,75.000,69.000,69.000,68.000,64.000,82.438,68.000,82.438,57.000,35.000,37.141,34.996,44.164,44.770,41.473,39.546,0.257,56.855,5607.477,5203.064,5616.000,5200.000,0.000,,,,2,1789722368.692,100,1
742.308,82.055,83.551,68.250,72.000,70.000,74.000,73.000,70.000,70.000,70.000,67.000,64.000,77.281,67.000,77.281,57.062,35.000,37.105,34.996,44.156,44.758,41.461,38.158,0.273,55.380,5608.000,5202.087,5616.000,5200.000,0.000,,,,2,1789722369.696,100,1
743.313,82.000,83.496,68.062,80.000,72.000,78.000,71.000,68.000,66.000,65.000,64.000,64.000,80.234,68.000,80.234,57.000,35.000,37.070,34.996,44.148,44.746,41.453,36.286,0.265,54.462,5607.913,5202.388,5616.000,5200.000,0.000,,,,2,1789722370.700,100,1
744.317,81.789,83.285,67.938,78.000,72.000,69.000,70.000,64.000,64.000,63.000,63.000,64.000,78.000,66.000,75.312,56.875,35.000,37.039,34.996,44.145,44.738,41.441,35.570,0.277,53.024,5651.669,5202.087,5616.000,5200.000,0.000,,,,2,1789722371.704,100,1
745.321,81.625,83.121,67.875,71.000,70.000,74.000,70.000,72.000,65.000,65.000,63.000,64.000,76.484,66.000,76.484,56.875,35.000,37.008,34.996,44.133,44.727,41.434,36.770,0.270,54.333,5651.403,5167.736,5616.000,5200.000,0.000,,,,2,1789722372.708,100,1
746.325,81.590,83.086,68.000,70.000,79.000,69.000,89.000,66.000,68.000,65.000,63.000,63.000,89.000,68.000,80.516,56.625,35.000,36.922,34.996,44.129,44.715,41.422,37.722,0.269,56.007,5607.040,5203.214,5616.000,5200.000,0.000,,,,2,1789722373.715,100,1
747.330,81.531,83.027,67.938,70.000,67.000,74.000,71.000,66.000,85.000,64.000,65.000,64.000,85.000,67.000,79.719,56.750,35.000,36.891,34.996,44.121,44.703,41.410,38.193,0.273,56.160,5607.127,5202.087,5616.000,5200.000,0.000,,,,2,1789722374.717,100,1
748.333,81.348,82.844,67.750,69.000,68.000,77.000,69.000,68.000,65.000,71.000,68.000,69.000,77.000,66.000,75.594,56.750,35.000,36.863,34.996,44.113,44.691,41.398,41.308,0.294,59.142,5606.691,5201.109,5616.000,5200.000,0.000,,,,2,1789722375.721,100,1
749.335,81.367,82.863,67.750,68.000,66.000,68.000,79.000,66.000,67.000,74.000,63.000,63.000,81.984,66.000,81.984,56.688,35.000,36.836,34.996,44.109,44.680,41.391,36.590,0.274,53.476,5650.870,5202.838,5616.000,5200.000,0.000,,,,2,1789722376.722,100,1
750.339,81.430,82.926,67.812,72.000,66.000,72.000,78.000,67.000,73.000,65.000,64.000,64.000,83.391,67.000,83.391,56.688,35.000,36.809,34.996,44.102,44.668,41.379,39.969,0.255,58.220,5606.429,5200.884,5616.000,5200.000,0.000,,,,2,1789722377.727,100,1
751.340,81.410,82.906,67.812,80.000,66.000,71.000,70.000,66.000,66.000,65.000,63.000,64.000,80.781,66.000,80.781,56.688,35.000,36.785,34.996,44.094,44.656,41.371,39.593,0.256,57.227,5651.403,5202.087,5616.000,5200.000,0.000,,,,2,1789722378.728,100,1
752.344,81.445,82.941,67.875,72.000,65.000,86.000,70.000,65.000,68.000,63.000,65.000,63.000,86.000,66.000,82.547,56.688,35.000,36.758,34.996,44.086,44.648,41.359,39.006,0.271,56.993,5605.905,5203.139,5616.000,5200.000,0.000,,,,2,1789722379.731,100,1
753.348,81.465,82.961,67.812,69.000,67.000,79.000,69.000,66.000,65.000,64.000,63.000,63.000,82.078,66.000,82.078,56.625,35.000,36.734,34.996,44.082,44.637,41.348,39.522,0.253,56.722,5607.913,5202.162,5616.000,5200.000,0.000,,,,2,1789722380.736,100,1
754.349,81.508,83.004,67.750,70.000,65.000,70.000,69.000,66.000,65.000,78.000,62.000,65.000,82.812,66.000,82.812,56.688,35.000,36.711,34.996,44.074,44.625,41.340,39.282,0.259,56.703,5606.691,5202.463,5616.000,5200.000,0.000,,,,2,1789722381.736,100,1
755.351,81.676,83.172,67.750,76.000,68.000,72.000,71.000,67.000,66.000,81.000,64.000,63.000,85.750,68.000,85.750,56.500,35.000,36.688,34.996,44.066,44.613,41.328,37.615,0.262,55.748,5607.302,5203.290,5616.000,5200.000,0.000,,,,2,1789722382.737,100,1
756.353,81.645,83.141,67.812,68.000,67.000,70.000,69.000,68.000,64.000,65.000,74.000,64.000,80.734,66.000,80.734,56.625,35.000,36.617,34.996,44.059,44.605,41.320,38.343,0.271,55.405,5606.865,5201.937,5616.000,5200.000,0.000,,,,2,1789722383.739,100,1
757.356,81.488,82.984,67.562,67.000,65.000,70.000,74.000,65.000,71.000,72.000,62.000,64.000,76.594,65.000,76.594,56.562,35.000,36.598,34.996,44.055,44.594,41.309,37.385,0.269,55.463,5607.826,5203.666,5616.000,5200.000,0.000,,,,2,1789722384.744,100,1
758.360,81.461,82.957,67.688,74.000,77.000,78.000,78.000,77.000,73.000,71.000,70.000,63.000,80.703,70.000,80.703,56.625,35.000,36.574,34.996,44.047,44.582,41.297,39.242,0.275,56.778,5607.651,5203.892,5616.000,5200.000,0.000,,,,2,1789722385.747,100,1
759.361,81.359,82.855,67.875,76.000,65.000,70.000,70.000,65.000,65.000,65.000,63.000,64.000,78.156,65.000,78.156,56.438,35.000,36.555,34.996,44.039,44.570,41.289,39.205,0.273,57.648,5608.350,5201.260,5616.000,5200.000,0.000,,,,2,1789722386.747,100,1
760.366,81.309,82.805,67.688,88.000,67.000,70.000,70.000,66.000,67.000,64.000,64.000,64.000,88.000,67.000,79.766,56.438,35.000,36.535,34.996,44.031,44.559,41.281,37.890,0.267,55.022,5607.564,5202.312,5616.000,5200.000,0.000,,,,2,1789722387.754,100,1
761.369,81.395,82.891,67.625,76.000,67.000,72.000,71.000,84.000,66.000,65.000,63.000,63.000,84.000,67.000,83.969,56.562,35.000,36.516,34.996,44.023,44.551,41.270,38.963,0.251,56.545,5607.651,5203.590,5616.000,5200.000,0.000,,,,2,1789722388.756,100,1
762.374,81.270,82.766,67.625,73.000,66.000,71.000,70.000,70.000,65.000,65.000,63.000,64.000,77.453,66.000,77.453,56.500,35.000,36.500,34.996,44.016,44.539,41.262,42.114,0.256,59.997,5607.738,5165.808,5616.000,5200.000,0.000,,,,2,1789722389.761,100,1
763.375,81.133,82.629,67.688,69.000,67.000,70.000,78.000,71.000,74.000,65.000,65.000,64.000,78.000,67.000,76.859,56.500,35.000,36.480,34.996,44.008,44.527,41.250,37.284,0.269,54.686,5608.612,5201.335,5616.000,5200.000,0.000,,,,2,1789722390.763,100,1
764.378,81.164,82.574,67.688,68.000,66.000,68.000,70.000,65.000,66.000,64.000,91.000,64.000,91.000,67.000,81.812,56.562,35.000,36.465,34.996,44.004,44.520,41.242,39.971,0.255,57.998,5608.875,5164.474,5616.000,5200.000,0.000,,,,2,1789722391.765,100,1
765.378,80.996,82.406,67.500,77.000,65.000,68.000,69.000,64.000,64.000,63.000,62.000,63.000,77.000,66.000,75.875,56.562,35.000,36.445,34.996,43.996,44.508,41.234,36.800,0.259,54.525,5608.700,5201.711,5616.000,5200.000,0.000,,,,2,1789722392.765,100,1
766.383,80.922,82.332,67.562,74.000,67.000,84.000,71.000,67.000,67.000,65.000,63.000,64.000,84.000,67.000,78.625,56.438,35.000,36.383,34.996,43.988,44.500,41.227,39.504,0.263,56.697,5652.645,5202.763,5616.000,5200.000,0.000,,,,2,1789722393.770,100,1
767.387,80.934,82.344,67.500,68.000,83.000,69.000,71.000,64.000,65.000,63.000,63.000,63.000,83.000,70.000,81.328,56.375,35.000,36.367,34.996,43.980,44.488,41.215,37.419,0.246,55.784,5607.738,5203.666,5616.000,5200.000,0.000,,,,2,1789722394.773,100,1
768.388,80.961,82.371,67.500,82.000,66.000,78.000,72.000,68.000,66.000,65.000,65.000,65.000,82.000,67.000,81.797,56.562,35.000,36.352,34.996,43.973,44.477,41.203,39.035,0.272,56.044,5651.758,5201.335,5616.000,5200.000,0.000,,,,2,1789722395.774,100,1
769.391,80.762,82.172,67.375,67.000,71.000,67.000,67.000,63.000,62.000,68.000,63.000,65.000,74.578,66.000,74.578,56.500,35.000,36.340,34.996,43.965,44.469,41.195,40.348,0.280,58.724,5651.314,5203.515,5616.000,5200.000,0.000,,,,2,1789722396.781,100,1
770.392,80.883,82.293,67.500,76.000,80.000,71.000,71.000,64.000,66.000,64.000,63.000,63.000,84.594,69.000,84.594,56.500,35.000,36.324,34.996,43.961,44.461,41.188,40.724,0.279,58.376,5608.263,5203.365,5616.000,5200.000,0.000,,,,2,1789722397.778,100,1
771.395,80.844,82.254,67.438,70.000,65.000,72.000,69.000,79.000,66.000,66.000,63.000,64.000,79.609,64.000,79.609,56.438,35.000,36.309,34.996,43.953,44.453,41.180,38.149,0.279,55.845,5609.312,5202.237,5616.000,5200.000,0.000,,,,2,1789722398.782,100,1
772.399,80.684,82.094,67.500,66.000,66.000,72.000,67.000,66.000,63.000,66.000,62.000,64.000,75.703,64.000,75.703,56.375,35.000,36.297,34.996,43.945,44.441,41.168,35.840,0.282,53.049,5607.913,5201.260,5616.000,5200.000,0.000,,,,2,1789722399.786,100,1
773.400,80.695,82.105,67.375,69.000,72.000,83.000,70.000,68.000,65.000,65.000,63.000,63.000,83.000,69.000,81.094,56.312,35.000,36.285,34.996,43.938,44.434,41.160,37.058,0.265,54.902,5608.612,5201.711,5616.000,5200.000,0.000,,,,2,1789722400.787,100,1
774.401,80.609,82.020,67.438,69.000,65.000,87.000,70.000,71.000,67.000,66.000,66.000,64.000,87.000,66.000,77.969,56.375,35.000,36.273,34.996,43.930,44.422,41.148,36.825,0.272,54.631,5608.088,5201.034,5616.000,5200.000,0.000,,,,2,1789722401.787,100,1
775.404,80.477,81.887,67.438,69.000,65.000,68.000,69.000,65.000,64.000,73.000,63.000,65.000,76.344,65.000,76.344,56.188,35.000,36.258,34.996,43.922,44.414,41.141,37.269,0.266,55.129,5631.423,5201.711,5616.000,5200.000,0.000,,,,2,1789722402.795,100,1
776.406,80.461,81.871,67.375,70.000,66.000,70.000,86.000,65.000,65.000,63.000,63.000,63.000,86.000,67.000,80.031,56.250,35.000,36.203,34.996,43.918,44.402,41.133,37.476,0.273,55.135,5608.438,5202.237,5616.000,5200.000,0.000,,,,2,1789722403.792,100,1
777.406,80.375,81.645,67.125,68.000,66.000,86.000,70.000,64.000,66.000,64.000,63.000,64.000,86.000,66.000,77.656,56.188,35.000,36.191,34.996,43.910,44.395,41.125,38.450,0.267,56.217,5608.875,5201.485,5616.000,5200.000,0.000,,,,2,1789722404.792,100,1
778.408,80.242,81.512,67.250,68.000,65.000,71.000,74.000,66.000,64.000,63.000,64.000,63.000,76.109,64.000,76.109,56.188,35.000,36.184,34.996,43.902,44.387,41.117,38.207,0.275,55.815,5651.758,5201.861,5616.000,5200.000,0.000,,,,2,1789722405.794,100,1
779.410,80.434,81.867,67.125,69.000,65.000,68.000,69.000,65.000,65.000,64.000,89.000,63.000,89.000,66.000,83.344,56.250,35.000,36.172,34.996,43.895,44.379,41.109,38.288,0.272,55.970,5565.690,5201.561,5616.000,5200.000,0.000,,,,2,1789722406.796,100,1
780.414,80.297,81.730,67.188,68.000,68.000,69.000,70.000,67.000,64.000,64.000,80.000,64.000,80.000,67.000,76.125,56.250,35.000,36.160,34.996,43.887,44.367,41.098,37.389,0.268,54.678,5608.612,5201.937,5616.000,5200.000,0.000,,,,2,1789722407.801,100,1
781.418,80.105,81.539,67.125,67.000,67.000,68.000,70.000,65.000,63.000,68.000,63.000,64.000,74.141,65.000,74.141,56.062,35.000,36.152,34.996,43.879,44.359,41.090,35.434,0.289,53.249,5609.137,5201.786,5616.000,5200.000,0.000,,,,2,1789722408.805,100,1
782.421,80.184,81.617,66.938,69.000,67.000,71.000,77.000,66.000,68.000,64.000,63.000,62.000,82.578,66.000,82.578,56.250,35.000,36.141,34.996,43.871,44.348,41.082,36.909,0.273,54.866,5608.612,5200.358,5616.000,5200.000,0.000,,,,2,1789722409.808,100,1
783.425,80.008,81.441,67.125,67.000,65.000,68.000,75.000,64.000,64.000,63.000,62.000,63.000,75.000,65.000,74.656,56.188,35.000,36.133,34.996,43.867,44.340,41.074,38.395,0.288,56.068,5608.612,5163.808,5616.000,5200.000,0.000,,,,2,1789722410.811,100,1
784.429,79.859,81.293,67.125,67.000,64.000,75.000,69.000,65.000,63.000,64.000,62.000,64.000,75.172,64.000,75.172,56.125,35.000,36.121,34.996,43.859,44.328,41.066,38.783,0.299,56.502,5653.000,5201.711,5616.000,5200.000,0.000,,,,2,1789722411.817,100,1
785.433,79.855,81.289,67.125,68.000,67.000,70.000,70.000,88.000,65.000,66.000,64.000,62.000,88.000,67.000,79.734,56.062,35.000,36.113,34.996,43.852,44.320,41.059,36.056,0.283,53.768,5609.224,5202.613,5616.000,5200.000,0.000,,,,2,1789722412.819,100,1
786.434,79.664,81.098,67.188,68.000,66.000,67.000,67.000,75.000,62.000,63.000,63.000,63.000,75.000,64.000,73.797,56.000,35.000,36.062,34.996,43.848,44.312,41.051,36.421,0.268,54.093,5608.612,5203.365,5616.000,5200.000,0.000,,,,2,1789722413.822,100,1
787.436,79.629,81.062,67.000,71.000,66.000,75.000,76.000,68.000,67.000,64.000,65.000,64.000,78.500,66.000,78.500,56.125,35.000,36.055,34.996,43.840,44.301,41.039,39.470,0.257,56.821,5610.710,5200.734,5616.000,5200.000,0.000,,,,2,1789722414.824,100,1
788.441,79.703,81.137,67.125,82.000,78.000,70.000,72.000,65.000,66.000,63.000,63.000,62.000,82.016,67.000,82.016,56.000,35.000,36.047,34.996,43.832,44.289,41.031,39.673,0.280,57.463,5653.533,5203.290,5616.000,5200.000,0.000,,,,2,1789722415.828,100,1
789.442,79.535,80.969,67.062,67.000,65.000,69.000,69.000,68.000,73.000,64.000,62.000,64.000,74.312,65.000,74.312,56.062,35.000,36.039,34.996,43.824,44.281,41.023,39.221,0.293,56.804,5608.525,5201.937,5616.000,5200.000,0.000,,,,2,1789722416.828,100,1
790.445,79.383,80.816,66.938,75.000,66.000,69.000,69.000,66.000,65.000,64.000,62.000,63.000,75.000,65.000,74.688,56.062,35.000,36.031,34.996,43.816,44.273,41.016,37.081,0.285,54.816,5609.224,5201.485,5616.000,5200.000,0.000,,,,2,1789722417.833,100,1
791.449,79.422,80.855,66.938,67.000,78.000,69.000,70.000,67.000,65.000,65.000,63.000,63.000,80.594,68.000,80.594,56.000,35.000,36.023,34.996,43.809,44.262,41.004,39.601,0.290,57.212,5608.263,5201.109,5616.000,5200.000,0.000,,,,2,1789722418.836,100,1
792.451,79.355,80.789,66.938,67.000,65.000,82.000,69.000,66.000,64.000,63.000,62.000,64.000,82.000,65.000,77.375,56.000,35.000,36.016,34.996,43.805,44.254,40.996,37.285,0.266,54.930,5608.525,5201.711,5616.000,5200.000,0.000,,,,2,1789722419.838,100,1
793.453,79.211,80.645,67.000,69.000,66.000,69.000,67.000,73.000,63.000,70.000,63.000,64.000,74.625,65.000,74.625,56.062,35.000,36.008,34.996,43.797,44.246,40.988,38.922,0.283,56.732,5609.312,5201.260,5616.000,5200.000,0.000,,,,2,1789722420.842,100,1
794.455,79.297,80.730,66.938,74.000,79.000,71.000,71.000,67.000,67.000,65.000,64.000,63.000,82.031,69.000,82.031,56.000,35.000,36.004,34.996,43.789,44.238,40.980,38.054,0.281,55.721,5610.535,5200.434,5616.000,5200.000,0.000,,,,2,1789722421.842,100,1
795.458,79.262,80.695,66.812,70.000,73.000,75.000,70.000,68.000,66.000,64.000,63.000,64.000,78.109,67.000,78.109,55.812,35.000,35.996,34.996,43.781,44.227,40.973,39.773,0.278,57.238,5609.836,5199.983,5616.000,5200.000,0.000,,,,2,1789722422.845,100,1
796.462,79.098,80.531,66.938,66.000,66.000,68.000,68.000,74.000,65.000,64.000,64.000,63.000,74.094,64.000,74.094,55.938,35.000,35.953,34.996,43.773,44.219,40.965,37.133,0.284,54.870,5609.137,5201.335,5616.000,5200.000,0.000,,,,2,1789722423.851,100,1
797.467,79.426,80.980,66.938,91.000,68.000,87.000,75.000,66.000,68.000,64.000,63.000,63.000,91.000,68.000,82.078,55.875,35.000,35.945,34.996,43.766,44.211,40.957,40.336,0.273,58.976,5653.000,5202.312,5616.000,5200.000,0.000,,,,2,1789722424.853,100,1
798.472,79.293,80.691,66.938,67.000,68.000,69.000,79.000,65.000,65.000,63.000,63.000,63.000,79.000,65.000,75.297,55.938,35.000,35.938,34.996,43.762,44.203,40.945,38.487,0.286,55.883,5608.438,5201.711,5616.000,5200.000,0.000,,,,2,1789722425.858,100,1
799.476,79.172,80.570,66.938,70.000,65.000,68.000,67.000,75.000,66.000,64.000,66.000,63.000,75.391,64.000,75.391,55.875,35.000,35.934,34.996,43.754,44.195,40.938,37.290,0.283,54.999,5608.525,5202.237,5616.000,5200.000,0.000,,,,2,1789722426.862,100,1
800.478,80.648,82.352,66.875,72.000,66.000,91.000,70.000,66.000,65.000,64.000,63.000,63.000,91.000,66.000,85.078,56.000,35.000,35.930,34.996,43.746,44.184,40.930,37.089,0.269,55.364,5608.525,5203.741,5616.000,5200.000,0.000,,,,2,1789722427.864,100,1
801.482,80.477,82.180,66.938,67.000,74.000,68.000,69.000,64.000,65.000,63.000,62.000,63.000,75.219,66.000,75.219,55.938,35.000,35.922,34.996,43.738,44.176,40.922,38.830,0.275,56.225,5609.661,5201.485,5616.000,5200.000,0.000,,,,2,1789722428.869,100,1
802.487,80.320,82.023,66.875,75.000,65.000,70.000,67.000,68.000,63.000,67.000,62.000,64.000,75.438,64.000,75.438,55.875,35.000,35.918,34.996,43.734,44.168,40.914,36.770,0.290,54.644,5609.137,5202.914,5616.000,5200.000,0.000,,,,2,1789722429.874,100,1
803.487,80.238,81.941,66.750,69.000,67.000,70.000,69.000,69.000,65.000,73.000,63.000,62.000,77.781,66.000,77.781,55.750,35.000,35.914,34.996,43.727,44.156,40.906,36.733,0.293,54.008,5606.953,5202.838,5616.000,5200.000,0.000,,,,2,1789722430.874,100,1
804.488,80.059,81.762,66.625,70.000,65.000,70.000,69.000,64.000,63.000,69.000,63.000,63.000,74.406,64.000,74.406,55.875,35.000,35.906,34.996,43.723,44.148,40.898,35.262,0.290,53.264,5608.175,5202.388,5616.000,5200.000,0.000,,,,2,1789722431.877,100,1
805.491,79.922,81.625,66.812,67.000,66.000,70.000,67.000,68.000,64.000,75.000,63.000,64.000,75.688,64.000,75.688,55.688,35.000,35.902,34.996,43.711,44.141,40.891,36.735,0.287,54.465,5608.175,5202.688,5616.000,5200.000,0.000,,,,2,1789722432.877,100,1
806.495,79.855,81.559,66.688,72.000,67.000,77.000,70.000,70.000,73.000,65.000,63.000,62.000,77.859,66.000,77.859,55.875,35.000,35.859,34.996,43.707,44.129,40.883,38.403,0.305,55.617,5608.700,5185.228,5616.000,5200.000,0.000,,,,2,1789722433.881,100,1
807.499,79.750,81.453,66.688,68.000,65.000,69.000,69.000,78.000,65.000,65.000,63.000,64.000,78.000,65.000,76.391,55.688,35.000,35.855,34.996,43.699,44.121,40.875,38.719,0.285,56.652,5606.429,5201.410,5616.000,5200.000,0.000,,,,2,1789722434.885,100,1
808.502,79.547,81.250,66.625,65.000,64.000,68.000,67.000,75.000,64.000,65.000,65.000,68.000,75.000,63.000,73.344,55.750,35.000,35.852,34.996,43.695,44.113,40.867,44.223,0.282,62.075,5608.000,5183.063,5616.000,5200.000,0.000,,,,2,1789722435.888,100,1
809.504,79.426,81.129,66.750,78.000,73.000,71.000,69.000,68.000,66.000,66.000,66.000,65.000,78.000,67.000,75.625,55.750,35.000,35.848,34.996,43.688,44.105,40.859,40.324,0.316,58.443,5606.953,5203.290,5616.000,5200.000,0.000,,,,2,1789722436.891,100,1
810.509,79.367,81.070,66.875,68.000,66.000,74.000,70.000,71.000,73.000,76.000,64.000,66.000,77.578,65.000,77.578,55.812,35.000,35.844,34.996,43.680,44.098,40.848,46.819,0.308,65.256,5607.127,5200.809,5616.000,5200.000,0.000,,,,2,1789722437.896,100,1
811.513,79.324,81.027,66.938,69.000,78.000,77.000,71.000,68.000,67.000,64.000,77.000,64.000,78.000,69.000,77.969,55.812,35.000,35.840,34.996,43.672,44.086,40.840,44.203,0.277,61.377,5608.525,5202.613,5616.000,5200.000,0.000,,,,2,1789722438.899,100,1
812.516,79.352,80.891,67.125,68.000,71.000,73.000,70.000,66.000,89.000,65.000,73.000,63.000,89.000,67.000,79.438,55.938,35.000,35.836,34.996,43.668,44.082,40.832,39.258,0.294,56.852,5608.175,5202.087,5616.000,5200.000,0.000,,,,2,1789722439.904,100,1
813.519,79.285,80.672,67.188,69.000,67.000,69.000,69.000,69.000,64.000,64.000,71.000,65.000,77.281,66.000,77.281,56.062,35.000,35.832,34.996,43.660,44.074,40.828,39.198,0.269,56.240,5607.477,5204.719,5616.000,5200.000,0.000,,,,2,1789722440.906,100,1
814.524,79.219,80.605,67.062,65.000,73.000,68.000,68.000,66.000,63.000,65.000,63.000,63.000,77.219,65.000,77.219,55.938,35.000,35.828,34.996,43.656,44.066,40.820,37.257,0.260,54.608,5607.564,5202.989,5616.000,5200.000,0.000,,,,2,1789722441.911,100,1
815.527,80.816,82.543,66.875,66.000,64.000,67.000,67.000,68.000,64.000,95.000,64.000,67.000,95.000,65.000,85.609,56.125,35.000,35.824,34.996,43.648,44.062,40.812,38.323,0.255,56.361,5651.580,5201.561,5616.000,5200.000,0.000,,,,2,1789722442.915,100,1
816.532,80.715,82.270,67.062,75.000,74.000,79.000,74.000,76.000,72.000,73.000,71.000,64.000,79.000,68.000,77.656,55.938,35.000,35.785,34.996,43.641,44.055,40.805,39.015,0.257,57.612,5673.044,5203.365,5616.000,5200.000,0.000,,,,2,1789722443.922,100,1
817.535,80.648,82.047,66.938,66.000,65.000,68.000,75.000,65.000,66.000,64.000,65.000,64.000,78.609,65.000,78.609,55.875,35.000,35.781,34.996,43.637,44.047,40.797,39.311,0.259,56.123,5607.477,5203.892,5616.000,5200.000,0.000,,,,2,1789722444.923,100,1
818.538,80.785,82.250,66.875,69.000,69.000,71.000,70.000,66.000,65.000,81.000,63.000,63.000,82.844,67.000,82.844,55.938,35.000,35.781,34.996,43.629,44.039,40.789,38.490,0.258,56.681,5606.691,5184.854,5616.000,5200.000,0.000,,,,2,1789722445.925,100,1
819.541,80.715,82.035,66.812,90.000,67.000,71.000,70.000,65.000,65.000,64.000,62.000,63.000,90.000,67.000,78.609,55.938,35.000,35.777,34.996,43.621,44.031,40.781,37.165,0.258,55.382,5649.540,5203.816,5616.000,5200.000,0.000,,,,2,1789722446.930,100,1
820.544,80.664,81.852,66.875,73.000,67.000,67.000,67.000,64.000,65.000,64.000,63.000,64.000,79.078,65.000,79.078,56.000,35.000,35.773,34.996,43.617,44.023,40.777,39.665,0.256,57.771,5652.468,5167.662,5616.000,5200.000,0.000,,,,2,1789722447.931,100,1
821.549,80.750,81.973,66.688,68.000,72.000,80.000,70.000,66.000,65.000,65.000,63.000,62.000,82.312,68.000,82.312,55.875,35.000,35.770,34.996,43.613,44.016,40.770,38.224,0.257,54.913,5608.000,5203.290,5616.000,5200.000,0.000,,,,2,1789722448.936,100,1
822.551,80.598,81.820,66.875,69.000,65.000,70.000,69.000,66.000,64.000,77.000,62.000,64.000,77.000,65.000,75.922,55.875,35.000,35.770,34.996,43.605,44.008,40.762,38.298,0.258,56.016,5607.738,5204.117,5616.000,5200.000,0.000,,,,2,1789722449.938,100,1
823.554,80.414,81.637,66.875,67.000,65.000,68.000,84.000,64.000,65.000,63.000,62.000,62.000,84.000,65.000,74.797,55.938,35.000,35.766,34.996,43.598,44.000,40.758,35.822,0.257,54.053,5607.651,5168.107,5616.000,5200.000,0.000,,,,2,1789722450.942,100,1
824.554,80.395,81.496,66.750,70.000,66.000,68.000,69.000,67.000,65.000,90.000,65.000,65.000,90.000,66.000,79.672,56.000,35.000,35.762,34.996,43.594,43.996,40.750,39.016,0.270,56.671,5652.290,5203.590,5616.000,5200.000,0.000,,,,2,1789722451.943,100,1
825.558,80.465,81.570,66.750,69.000,79.000,69.000,73.000,66.000,66.000,64.000,63.000,64.000,81.609,68.000,81.609,55.938,35.000,35.762,34.996,43.586,43.984,40.742,41.087,0.267,57.996,5608.263,5240.785,5616.000,5200.000,0.000,,,,2,1789722452.944,100,1
826.561,80.426,81.531,66.750,69.000,65.000,74.000,69.000,68.000,66.000,76.000,64.000,64.000,79.266,65.000,79.266,55.938,35.000,35.723,34.996,43.582,43.977,40.734,41.262,0.275,59.556,5653.000,5203.440,5616.000,5200.000,0.000,,,,2,1789722453.950,100,1
827.565,80.539,81.645,66.875,71.000,68.000,77.000,71.000,67.000,80.000,65.000,64.000,62.000,83.984,67.000,83.984,55.938,35.000,35.719,34.996,43.574,43.969,40.730,38.282,0.250,55.289,5608.438,5204.493,5616.000,5200.000,0.000,,,,2,1789722454.951,100,1
828.569,80.430,81.535,66.875,67.000,65.000,68.000,76.000,65.000,64.000,64.000,61.000,63.000,77.109,64.000,77.109,55.812,35.000,35.719,34.996,43.566,43.961,40.723,37.997,0.261,56.576,5608.263,5203.967,5616.000,5200.000,0.000,,,,2,1789722455.956,100,1
829.570,80.250,81.355,66.750,67.000,65.000,69.000,75.000,68.000,65.000,64.000,63.000,63.000,75.000,64.000,74.641,55.938,35.000,35.715,34.996,43.562,43.953,40.715,36.283,0.265,54.266,5609.224,5166.624,5616.000,5200.000,0.000,,,,2,1789722456.958,100,1
830.573,80.215,81.320,66.625,67.000,65.000,74.000,69.000,80.000,66.000,68.000,66.000,63.000,80.000,65.000,79.125,55.812,35.000,35.715,34.996,43.555,43.949,40.711,38.507,0.268,55.929,5608.612,5205.321,5616.000,5200.000,0.000,,,,2,1789722457.960,100,1
831.576,80.117,81.223,66.688,67.000,65.000,68.000,79.000,66.000,65.000,64.000,62.000,63.000,79.000,64.000,77.109,55.750,35.000,35.711,34.996,43.551,43.941,40.707,35.268,0.260,53.240,5608.700,5201.636,5616.000,5200.000,0.000,,,,2,1789722458.963,100,1
832.577,80.113,81.219,66.625,69.000,67.000,71.000,73.000,78.000,73.000,65.000,63.000,63.000,80.016,66.000,80.016,55.812,35.000,35.711,34.996,43.543,43.934,40.699,38.663,0.259,56.028,5608.175,5202.312,5616.000,5200.000,0.000,,,,2,1789722459.964,100,1
833.580,80.121,81.227,66.625,67.000,65.000,86.000,69.000,66.000,65.000,69.000,65.000,64.000,86.000,65.000,80.406,55.812,35.000,35.707,34.996,43.539,43.926,40.691,40.459,0.303,58.281,5652.024,5203.064,5616.000,5200.000,0.000,,,,2,1789722460.967,100,1
834.580,79.941,81.047,66.625,67.000,66.000,77.000,69.000,64.000,64.000,64.000,63.000,63.000,77.000,65.000,74.297,55.812,35.000,35.707,34.996,43.531,43.918,40.688,38.234,0.278,56.146,5608.175,5203.892,5616.000,5200.000,0.000,,,,2,1789722461.966,100,1
835.581,79.809,80.914,66.625,81.000,64.000,69.000,69.000,64.000,64.000,63.000,62.000,63.000,81.000,65.000,75.734,55.750,35.000,35.703,34.996,43.527,43.910,40.680,37.228,0.264,55.298,5652.024,5202.538,5616.000,5200.000,0.000,,,,2,1789722462.968,100,1
836.585,79.781,80.887,66.688,78.000,67.000,85.000,70.000,67.000,66.000,64.000,63.000,63.000,85.000,66.000,78.938,55.750,35.000,35.672,34.996,43.523,43.902,40.676,40.066,0.295,57.747,5608.700,5184.183,5616.000,5200.000,0.000,,,,2,1789722463.972,100,1
837.588,79.676,80.781,66.625,68.000,65.000,68.000,68.000,73.000,64.000,66.000,63.000,63.000,76.391,64.000,76.391,55.750,35.000,35.668,34.996,43.516,43.895,40.668,39.310,0.270,57.240,5608.438,5202.613,5616.000,5200.000,0.000,,,,2,1789722464.975,100,1
838.590,79.516,80.621,66.625,72.000,69.000,77.000,70.000,75.000,65.000,66.000,68.000,63.000,77.000,65.000,74.500,55.812,35.000,35.668,34.996,43.512,43.887,40.664,35.874,0.269,53.501,5607.826,5202.838,5616.000,5200.000,0.000,,,,2,1789722465.978,100,1
839.591,79.480,80.586,66.562,76.000,67.000,69.000,76.000,65.000,66.000,64.000,63.000,62.000,78.438,66.000,78.438,55.750,35.000,35.668,34.996,43.504,43.883,40.656,40.718,0.273,58.414,5607.564,5202.989,5616.000,5200.000,0.000,,,,2,1789722466.977,100,1
840.596,79.434,80.539,66.625,69.000,74.000,69.000,76.000,65.000,65.000,65.000,64.000,63.000,78.016,69.000,78.016,55.750,35.000,35.664,34.996,43.500,43.871,40.648,38.806,0.267,56.324,5608.350,5204.493,5616.000,5200.000,0.000,,,,2,1789722467.983,100,1
841.598,79.383,80.488,66.688,65.000,64.000,68.000,67.000,71.000,72.000,66.000,63.000,63.000,77.719,64.000,77.719,55.688,35.000,35.664,34.996,43.492,43.863,40.645,39.092,0.263,56.347,5607.651,5202.838,5616.000,5200.000,0.000,,,,2,1789722468.988,100,1
842.602,79.441,80.547,66.562,69.000,66.000,83.000,74.000,65.000,67.000,63.000,63.000,62.000,83.000,66.000,81.250,55.688,35.000,35.664,34.996,43.488,43.855,40.637,36.814,0.256,54.938,5608.612,5201.260,5616.000,5200.000,0.000,,,,2,1789722469.989,100,1
843.604,79.465,80.570,66.562,71.000,67.000,78.000,77.000,67.000,66.000,68.000,63.000,63.000,80.203,67.000,80.203,55.688,35.000,35.660,34.996,43.480,43.852,40.633,39.192,0.264,56.518,5652.379,5203.590,5616.000,5200.000,0.000,,,,2,1789722470.991,100,1
844.609,79.430,80.426,66.562,88.000,67.000,69.000,70.000,64.000,65.000,64.000,62.000,63.000,88.000,67.000,78.328,55.688,35.000,35.660,34.996,43.477,43.844,40.629,40.807,0.271,58.453,5608.350,5166.475,5616.000,5200.000,0.000,,,,2,1789722471.997,100,1
845.612,81.266,82.527,66.625,68.000,65.000,71.000,84.000,66.000,67.000,63.000,65.000,62.000,84.938,66.000,84.938,55.688,35.000,35.656,34.996,43.469,43.836,40.621,38.053,0.254,55.873,5608.875,5201.937,5616.000,5200.000,0.000,,,,2,1789722472.999,100,1
846.614,81.172,82.434,66.625,66.000,77.000,68.000,67.000,68.000,64.000,63.000,63.000,63.000,78.281,67.000,78.281,55.750,35.000,35.625,34.996,43.465,43.828,40.617,38.314,0.259,56.479,5608.000,5202.613,5616.000,5200.000,0.000,,,,2,1789722474.001,100,1
847.617,81.105,82.367,66.438,76.000,66.000,75.000,70.000,79.000,66.000,67.000,64.000,64.000,79.094,66.000,79.094,55.688,35.000,35.625,34.996,43.457,43.824,40.609,40.406,0.264,57.544,5608.088,5165.363,5616.000,5200.000,0.000,,,,2,1789722475.005,100,1
848.620,81.066,82.328,66.562,76.000,67.000,71.000,71.000,67.000,80.000,65.000,64.000,62.000,80.000,67.000,79.906,55.688,35.000,35.625,34.996,43.453,43.816,40.605,41.042,0.284,58.526,5608.875,5202.388,5616.000,5200.000,0.000,,,,2,1789722476.007,100,1
849.623,80.953,82.215,66.625,68.000,66.000,76.000,73.000,67.000,69.000,65.000,69.000,63.000,77.422,66.000,77.422,55.812,35.000,35.621,34.996,43.449,43.809,40.598,39.565,0.286,57.605,5608.962,5201.636,5616.000,5200.000,0.000,,,,2,1789722477.011,100,1
850.625,80.793,82.055,66.625,66.000,65.000,68.000,67.000,65.000,80.000,63.000,65.000,64.000,80.000,65.000,75.828,55.875,35.000,35.621,34.996,43.441,43.805,40.594,39.463,0.282,57.510,5608.438,5202.838,5616.000,5200.000,0.000,,,,2,1789722478.014,100,1
851.628,80.855,82.117,66.562,68.000,73.000,72.000,69.000,77.000,66.000,69.000,65.000,63.000,82.781,66.000,82.781,55.875,35.000,35.621,34.996,43.438,43.797,40.590,39.391,0.267,57.082,5609.749,5202.087,5616.000,5200.000,0.000,,,,2,1789722479.014,100,1
852.630,80.723,81.984,66.625,75.000,65.000,68.000,69.000,64.000,67.000,64.000,63.000,63.000,76.531,65.000,76.531,55.750,35.000,35.617,34.996,43.430,43.789,40.586,38.592,0.272,55.955,5653.266,5201.711,5616.000,5200.000,0.000,,,,2,1789722480.017,100,1
853.633,80.594,81.855,66.688,77.000,64.000,69.000,68.000,65.000,63.000,63.000,63.000,63.000,77.000,65.000,76.672,55.750,35.000,35.617,34.996,43.426,43.785,40.582,38.700,0.280,56.514,5608.438,5202.162,5616.000,5200.000,0.000,,,,2,1789722481.020,100,1
854.635,80.512,81.773,66.750,88.000,65.000,68.000,69.000,63.000,64.000,63.000,62.000,62.000,88.000,66.000,77.984,55.750,35.000,35.617,34.996,43.422,43.781,40.578,37.661,0.274,55.569,5608.000,5202.838,5616.000,5200.000,0.000,,,,2,1789722482.021,100,1
855.637,80.430,81.691,66.750,71.000,67.000,71.000,70.000,67.000,65.000,70.000,64.000,64.000,77.906,65.000,77.906,55.688,35.000,35.617,34.996,43.414,43.777,40.574,42.960,0.287,60.873,5609.224,5203.666,5616.000,5200.000,0.000,,,,2,1789722483.023,100,1
856.638,80.406,81.668,66.688,69.000,66.000,68.000,76.000,65.000,65.000,65.000,63.000,63.000,79.625,65.000,79.625,55.750,35.000,35.582,34.996,43.410,43.770,40.570,41.423,0.276,59.566,5608.787,5203.139,5616.000,5200.000,0.000,,,,2,1789722484.023,100,1
857.643,80.660,81.875,66.750,75.000,71.000,91.000,71.000,67.000,67.000,64.000,65.000,63.000,91.000,69.000,81.422,55.750,35.000,35.582,34.996,43.402,43.766,40.562,37.530,0.265,55.809,5653.799,5203.892,5616.000,5200.000,0.000,,,,2,1789722485.030,100,1
858.643,80.500,81.594,66.812,82.000,66.000,72.000,69.000,65.000,65.000,64.000,63.000,63.000,82.000,66.000,75.594,55.875,35.000,35.582,34.996,43.398,43.758,40.559,38.951,0.276,56.629,5609.923,5201.937,5616.000,5200.000,0.000,,,,2,1789722486.030,100,1
859.644,80.375,81.469,66.688,69.000,69.000,69.000,70.000,80.000,65.000,64.000,63.000,63.000,80.000,67.000,76.469,55.750,35.000,35.582,34.996,43.395,43.754,40.555,37.475,0.263,55.251,5608.350,5200.434,5616.000,5200.000,0.000,,,,2,1789722487.031,100,1
860.645,80.320,81.305,66.500,70.000,65.000,70.000,70.000,88.000,70.000,72.000,69.000,63.000,88.000,65.000,78.719,55.750,35.000,35.578,34.996,43.391,43.750,40.551,39.294,0.259,57.365,5607.826,5201.034,5616.000,5200.000,0.000,,,,2,1789722488.033,100,1
861.646,80.223,81.207,66.750,67.000,65.000,70.000,67.000,78.000,64.000,65.000,62.000,63.000,78.000,65.000,77.141,55.812,35.000,35.578,34.996,43.383,43.742,40.543,37.732,0.269,55.374,5610.623,5202.763,5616.000,5200.000,0.000,,,,2,1789722489.033,100,1
862.650,80.043,81.027,66.688,71.000,64.000,71.000,66.000,65.000,65.000,63.000,64.000,62.000,74.500,65.000,74.500,55.812,35.000,35.578,34.996,43.379,43.738,40.543,38.278,0.287,56.177,5609.399,5201.260,5616.000,5200.000,0.000,,,,2,1789722490.037,100,1
863.653,80.016,81.000,66.688,83.000,65.000,71.000,69.000,73.000,65.000,68.000,66.000,63.000,83.000,66.000,79.188,55.688,35.000,35.578,34.996,43.375,43.730,40.535,37.557,0.286,55.538,5608.962,5202.012,5616.000,5200.000,0.000,,,,2,1789722491.039,100,1
864.657,79.930,80.914,66.625,66.000,73.000,70.000,76.000,71.000,65.000,68.000,63.000,65.000,77.203,66.000,77.203,55.500,35.000,35.578,34.996,43.371,43.727,40.531,40.638,0.291,58.551,5608.787,5203.365,5616.000,5200.000,0.000,,,,2,1789722492.042,100,1
865.661,79.824,80.809,66.562,78.000,66.000,71.000,71.000,72.000,66.000,65.000,64.000,63.000,78.000,65.000,76.594,55.688,35.000,35.578,34.996,43.367,43.719,40.527,41.085,0.282,59.021,5608.525,5203.440,5616.000,5200.000,0.000,,,,2,1789722493.047,100,1
866.665,79.809,80.793,66.750,69.000,66.000,72.000,76.000,73.000,66.000,76.000,63.000,62.000,79.250,65.000,79.250,55.562,35.000,35.547,34.996,43.359,43.715,40.523,41.061,0.307,58.691,5609.749,5203.139,5614.000,5199.000,0.000,,,,2,1789722494.052,100,1
867.669,79.945,80.930,67.000,84.000,67.000,81.000,70.000,89.000,68.000,69.000,66.000,64.000,89.000,66.000,83.109,55.688,35.000,35.547,34.996,43.355,43.711,40.520,51.878,0.279,69.535,5610.360,5201.034,5612.000,5197.000,0.000,,,,2,1789722495.056,100,1
868.673,79.918,80.902,67.125,72.000,71.000,73.000,71.000,72.000,69.000,70.000,64.000,64.000,79.109,67.000,79.109,55.875,35.000,35.547,34.996,43.352,43.707,40.516,46.864,0.271,64.122,5608.000,5202.162,5609.000,5194.000,0.000,,,,2,1789722496.063,100,1
869.677,81.648,83.051,67.250,86.000,83.000,72.000,74.000,68.000,70.000,69.000,91.000,64.000,91.000,71.000,86.844,56.000,35.000,35.547,34.996,43.348,43.703,40.512,52.322,0.273,70.345,5609.573,5203.892,5607.000,5192.000,0.000,,,,2,1789722497.066,100,1
870.680,81.957,83.375,67.562,70.000,68.000,73.000,70.000,81.000,77.000,69.000,67.000,66.000,83.516,67.000,83.516,56.000,35.000,35.547,34.996,43.344,43.695,40.508,54.310,0.277,71.529,5609.399,5165.734,5603.000,5188.000,0.000,,,,2,1789722498.069,100,1
871.683,82.742,84.258,67.812,74.000,69.000,75.000,86.000,85.000,68.000,69.000,65.000,66.000,86.000,69.000,85.109,56.188,35.000,35.547,34.996,43.336,43.695,40.508,49.981,0.278,67.625,5609.137,5203.741,5601.000,5187.000,0.000,,,,2,1789722499.070,100,1
872.686,83.352,84.895,67.750,81.000,79.000,94.000,75.000,86.000,73.000,70.000,71.000,64.000,94.000,70.000,85.172,56.312,35.000,35.543,34.996,43.332,43.691,40.500,51.223,0.267,68.732,5566.379,5201.861,5599.000,5185.000,0.000,,,,2,1789722500.073,100,1
873.689,83.344,84.734,68.125,76.000,70.000,85.000,76.000,71.000,68.000,68.000,71.000,66.000,85.000,68.000,83.203,56.500,35.000,35.543,34.996,43.328,43.688,40.500,52.999,0.290,70.361,5631.423,5202.838,5596.000,5182.000,0.000,,,,2,1789722501.076,100,1
874.690,83.703,85.062,68.312,82.000,79.000,82.000,83.000,89.000,87.000,78.000,86.000,68.000,89.000,70.000,84.781,56.562,35.000,35.543,34.996,43.324,43.684,40.496,61.351,0.323,80.238,5608.612,5202.087,5594.000,5180.000,0.000,,,,2,1789722502.077,100,1
875.694,84.590,86.078,68.688,78.000,76.000,97.000,76.000,73.000,71.000,69.000,67.000,65.000,97.000,70.000,87.250,56.625,35.000,35.543,34.996,43.320,43.684,40.492,53.150,0.304,68.869,5564.917,5203.816,5593.000,5179.000,0.000,,,,2,1789722503.083,100,1
876.695,84.688,86.059,68.750,80.000,82.000,76.000,74.000,72.000,70.000,71.000,67.000,67.000,84.984,71.000,84.984,56.875,35.000,35.520,34.996,43.316,43.680,40.492,51.034,0.286,68.674,5566.035,5202.763,5590.000,5176.000,0.000,,,,2,1789722504.082,100,1
877.700,84.676,85.910,68.938,72.000,69.000,94.000,73.000,70.000,73.000,68.000,87.000,66.000,94.000,69.000,84.328,56.938,35.000,35.520,34.996,43.312,43.680,40.488,51.517,0.288,69.254,5587.632,5203.290,5589.000,5175.000,0.000,,,,2,1789722505.087,100,1
878.703,85.172,86.430,69.062,78.000,80.000,78.000,73.000,73.000,69.000,70.000,83.000,65.000,86.672,70.000,86.672,57.125,35.000,35.520,34.996,43.309,43.680,40.484,51.110,0.293,68.518,5630.719,5165.957,5587.000,5174.000,0.000,,,,2,1789722506.092,100,1
879.706,85.102,86.234,69.250,70.000,69.000,93.000,71.000,71.000,84.000,69.000,66.000,66.000,93.000,69.000,82.953,57.188,35.000,35.520,34.996,43.305,43.676,40.480,48.275,0.287,66.111,5629.838,5166.179,5585.000,5172.000,0.000,,,,2,1789722507.094,100,1
880.710,85.234,86.297,69.250,73.000,72.000,74.000,73.000,72.000,70.000,89.000,81.000,69.000,89.000,69.000,85.641,57.250,35.000,35.516,34.996,43.301,43.680,40.480,52.740,0.281,69.804,5586.766,5165.957,5586.000,5173.000,0.000,,,,2,1789722508.098,100,1
881.710,85.344,86.477,69.438,72.000,84.000,72.000,73.000,71.000,82.000,71.000,68.000,65.000,87.141,72.000,87.141,57.375,35.000,35.516,34.996,43.297,43.680,40.480,51.057,0.253,68.026,5585.639,5202.162,5585.000,5172.000,0.000,,,,2,1789722509.097,100,1
882.713,85.391,86.523,69.625,74.000,72.000,77.000,77.000,88.000,69.000,87.000,73.000,69.000,88.000,71.000,86.594,57.562,35.000,35.516,34.996,43.297,43.680,40.480,54.036,0.291,72.217,5586.332,5203.365,5584.000,5171.000,0.000,,,,2,1789722510.099,100,1
883.717,85.297,86.430,69.625,74.000,72.000,80.000,73.000,71.000,77.000,81.000,69.000,68.000,82.469,69.000,82.469,57.625,35.000,35.516,34.996,43.293,43.680,40.477,49.082,0.283,66.339,5586.766,5167.958,5583.000,5170.000,0.000,,,,2,1789722511.105,100,1
884.719,85.559,86.691,69.688,94.000,75.000,89.000,78.000,77.000,85.000,74.000,75.000,66.000,94.000,72.000,91.844,57.750,35.000,35.516,34.996,43.289,43.680,40.477,51.132,0.264,68.409,5587.373,5165.215,5582.000,5169.000,0.000,,,,2,1789722512.106,100,1
885.722,85.543,86.676,69.875,73.000,80.000,74.000,75.000,83.000,69.000,73.000,78.000,68.000,85.141,70.000,85.141,57.625,35.000,35.516,34.996,43.289,43.684,40.477,54.095,0.311,71.854,5587.632,5165.734,5583.000,5170.000,0.000,,,,2,1789722513.109,100,1
886.727,85.551,86.684,70.125,73.000,71.000,75.000,82.000,92.000,70.000,72.000,70.000,68.000,92.000,70.000,85.812,57.812,35.000,35.488,34.996,43.285,43.684,40.480,51.985,0.295,69.398,5587.286,5165.215,5582.000,5169.000,0.000,,,,2,1789722514.114,100,1
887.731,85.629,86.762,70.250,75.000,71.000,79.000,89.000,71.000,72.000,86.000,71.000,67.000,89.000,71.000,87.844,57.812,35.000,35.488,34.996,43.285,43.688,40.477,54.090,0.284,71.190,5587.719,5165.512,5582.000,5169.000,0.000,,,,2,1789722515.117,100,1
888.735,85.684,86.789,70.375,72.000,69.000,90.000,73.000,77.000,72.000,93.000,70.000,69.000,93.000,69.000,86.516,57.938,35.000,35.488,34.996,43.281,43.688,40.477,52.149,0.275,70.493,5587.893,5164.771,5582.000,5169.000,0.000,,,,2,1789722516.121,100,1
889.736,86.395,87.602,70.375,99.000,89.000,79.000,78.000,75.000,71.000,70.000,68.000,68.000,99.000,74.000,88.531,58.062,35.000,35.488,34.996,43.277,43.691,40.480,53.370,0.277,70.632,5587.459,5165.660,5582.000,5169.000,0.000,,,,2,1789722517.122,100,1
890.739,86.703,87.977,70.438,76.000,73.000,76.000,77.000,73.000,89.000,71.000,79.000,67.000,89.000,71.000,88.578,58.062,35.000,35.484,34.996,43.277,43.695,40.480,48.311,0.254,65.965,5586.592,5166.401,5583.000,5170.000,0.000,,,,2,1789722518.126,100,1
891.742,86.668,87.941,70.562,80.000,80.000,78.000,73.000,72.000,71.000,71.000,69.000,68.000,85.594,71.000,85.594,58.125,35.000,35.484,34.996,43.277,43.699,40.480,52.539,0.269,69.328,5587.199,5202.463,5584.000,5171.000,0.000,,,,2,1789722519.129,100,1
892.746,86.715,87.988,70.562,88.000,73.000,77.000,80.000,75.000,82.000,71.000,71.000,67.000,88.234,71.000,88.234,58.250,35.000,35.484,34.996,43.273,43.707,40.484,53.360,0.265,70.848,5587.979,5164.178,5586.000,5173.000,0.000,,,,2,1789722520.133,100,1
893.749,86.828,88.102,70.688,78.000,72.000,80.000,88.000,76.000,73.000,91.000,75.000,69.000,91.000,72.000,90.328,58.375,35.000,35.484,34.996,43.273,43.711,40.484,51.978,0.269,69.452,5587.286,5164.993,5587.000,5174.000,0.000,,,,2,1789722521.139,100,1
894.749,86.801,88.074,70.812,79.000,78.000,85.000,79.000,83.000,77.000,71.000,69.000,68.000,85.984,72.000,85.984,58.375,35.000,35.484,34.996,43.273,43.715,40.488,53.036,0.306,70.674,5586.853,5202.463,5589.000,5175.000,0.000,,,,2,1789722522.139,100,1
895.752,86.750,88.023,70.875,79.000,72.000,87.000,78.000,75.000,83.000,81.000,73.000,69.000,87.000,71.000,85.172,58.500,35.000,35.484,34.996,43.273,43.723,40.492,53.471,0.296,70.414,5586.939,5130.397,5591.000,5177.000,0.000,,,,2,1789722523.139,100,1
896.757,86.770,88.043,71.125,75.000,79.000,89.000,78.000,73.000,79.000,78.000,69.000,67.000,89.000,73.000,87.328,58.500,35.000,35.461,34.996,43.273,43.727,40.492,52.445,0.294,70.986,5586.939,5166.327,5592.000,5178.000,0.000,,,,2,1789722524.143,100,1
897.758,86.789,88.062,71.188,86.000,77.000,87.000,77.000,76.000,72.000,71.000,70.000,68.000,87.438,72.000,87.438,58.625,35.000,35.461,34.996,43.273,43.730,40.496,53.798,0.268,71.205,5587.199,5166.698,5593.000,5179.000,0.000,,,,2,1789722525.145,100,1
898.760,86.742,88.016,71.312,78.000,71.000,76.000,78.000,84.000,72.000,72.000,69.000,68.000,85.312,70.000,85.312,58.500,35.000,35.461,34.996,43.273,43.738,40.500,52.553,0.295,69.799,5586.419,5202.914,5595.000,5181.000,0.000,,,,2,1789722526.148,100,1
899.765,86.926,88.199,71.438,86.000,73.000,84.000,80.000,76.000,74.000,83.000,69.000,67.000,92.562,72.000,92.562,58.750,35.000,35.461,34.996,43.270,43.746,40.504,52.049,0.271,69.779,5586.072,5168.033,5598.000,5184.000,0.000,,,,2,1789722527.154,100,1
900.769,86.984,88.258,71.375,92.000,73.000,81.000,89.000,78.000,73.000,71.000,71.000,68.000,92.000,72.000,88.734,58.875,35.000,35.461,34.996,43.270,43.754,40.508,53.706,0.291,70.452,5586.332,5167.439,5600.000,5186.000,0.000,,,,2,1789722528.155,100,1
901.774,86.914,88.188,71.562,74.000,72.000,84.000,73.000,71.000,72.000,69.000,85.000,67.000,85.000,70.000,84.766,58.750,35.000,35.461,34.996,43.273,43.762,40.516,51.306,0.265,69.585,5630.630,5167.291,5604.000,5189.000,0.000,,,,2,1789722529.161,100,1
902.778,86.992,88.266,71.625,94.000,78.000,81.000,85.000,77.000,72.000,72.000,69.000,68.000,94.000,73.000,89.094,58.938,35.000,35.461,34.996,43.273,43.770,40.520,51.473,0.273,68.542,5630.190,5130.179,5607.000,5192.000,0.000,,,,2,1789722530.164,100,1
903.780,86.977,88.250,71.688,74.000,81.000,76.000,75.000,87.000,74.000,80.000,70.000,69.000,87.000,72.000,86.531,58.812,35.000,35.461,34.996,43.273,43.773,40.520,52.447,0.263,70.305,5608.612,5203.365,5608.000,5193.000,0.000,,,,2,1789722531.167,100,1
904.785,86.965,88.238,71.625,85.000,73.000,82.000,76.000,80.000,74.000,83.000,74.000,68.000,86.578,71.000,86.578,59.125,35.000,35.461,34.996,43.273,43.781,40.527,53.272,0.282,69.842,5608.088,5203.515,5610.000,5195.000,0.000,,,,2,1789722532.172,100,1
905.788,87.023,89.168,71.938,91.000,81.000,76.000,77.000,77.000,73.000,79.000,92.000,70.000,92.000,71.000,88.906,59.000,35.000,35.461,34.996,43.277,43.793,40.535,54.378,0.284,71.854,5607.651,5202.312,5614.000,5199.000,0.000,,,,2,1789722533.175,100,1
906.790,86.973,89.117,72.125,73.000,78.000,82.000,76.000,77.000,82.000,78.000,73.000,69.000,85.422,70.000,85.422,59.250,35.000,35.434,34.996,43.277,43.801,40.539,54.931,0.291,72.753,5607.738,5184.556,5616.000,5200.000,0.000,,,,2,1789722534.176,100,1
907.794,86.871,89.016,72.188,81.000,76.000,83.000,78.000,80.000,79.000,85.000,78.000,70.000,85.000,72.000,83.703,59.125,35.000,35.434,34.996,43.277,43.809,40.543,50.416,0.282,67.359,5564.056,5203.214,5616.000,5200.000,0.000,,,,2,1789722535.181,100,1
908.794,86.934,89.078,72.188,75.000,71.000,82.000,78.000,94.000,72.000,73.000,85.000,68.000,94.000,71.000,88.828,59.188,35.000,35.434,34.996,43.277,43.816,40.551,53.069,0.287,71.932,5564.658,5201.861,5616.000,5200.000,0.000,,,,2,1789722536.182,100,1
909.795,86.910,89.055,72.250,76.000,79.000,79.000,78.000,86.000,86.000,77.000,76.000,70.000,86.203,72.000,86.203,59.188,35.000,35.434,34.996,43.281,43.828,40.555,53.723,0.275,69.548,5606.778,5166.549,5616.000,5200.000,0.000,,,,2,1789722537.185,100,1
910.799,86.945,89.090,72.312,75.000,71.000,76.000,75.000,86.000,87.000,73.000,70.000,69.000,88.047,71.000,88.047,59.312,35.000,35.434,34.996,43.281,43.836,40.562,52.624,0.284,71.064,5605.905,5202.388,5616.000,5200.000,0.000,,,,2,1789722538.186,100,1
911.802,88.309,90.648,72.375,81.000,78.000,94.000,91.000,100.000,74.000,76.000,73.000,69.000,100.000,73.000,92.406,59.312,35.000,35.434,34.996,43.285,43.848,40.570,55.031,0.264,71.961,5607.651,5202.463,5616.000,5200.000,0.000,,,,2,1789722539.189,100,1
912.806,88.246,90.586,72.562,81.000,70.000,76.000,82.000,72.000,73.000,71.000,70.000,68.000,86.391,70.000,86.391,59.375,35.000,35.434,34.996,43.285,43.855,40.578,52.913,0.280,71.244,5649.895,5203.139,5616.000,5200.000,0.000,,,,2,1789722540.194,100,1
913.810,88.215,90.555,72.562,75.000,71.000,77.000,75.000,91.000,72.000,88.000,70.000,70.000,91.000,71.000,87.203,59.500,35.000,35.434,34.996,43.289,43.863,40.582,48.081,0.263,65.317,5607.564,5202.312,5616.000,5200.000,0.000,,,,2,1789722541.197,100,1
914.810,88.387,90.840,72.500,78.000,73.000,84.000,80.000,80.000,85.000,77.000,79.000,68.000,91.891,71.000,91.891,59.438,35.000,35.434,34.996,43.289,43.875,40.590,53.223,0.272,70.234,5652.113,5203.365,5616.000,5200.000,0.000,,,,2,1789722542.197,100,1
915.814,88.305,90.758,72.562,79.000,74.000,79.000,74.000,81.000,82.000,72.000,70.000,68.000,85.844,70.000,85.844,59.438,35.000,35.434,34.996,43.293,43.887,40.602,49.904,0.294,68.035,5607.302,5202.162,5616.000,5200.000,0.000,,,,2,1789722543.201,100,1
916.819,88.219,90.672,72.625,78.000,81.000,78.000,75.000,77.000,73.000,73.000,83.000,69.000,85.484,72.000,85.484,59.562,35.000,35.414,34.996,43.293,43.898,40.609,50.908,0.304,68.318,5606.865,5201.937,5616.000,5200.000,0.000,,,,2,1789722544.208,100,1
917.823,88.359,90.812,72.625,79.000,75.000,92.000,78.000,86.000,84.000,77.000,71.000,69.000,92.781,73.000,92.781,59.500,35.000,35.414,34.996,43.297,43.910,40.617,50.279,0.254,67.606,5606.429,5164.771,5616.000,5200.000,0.000,,,,2,1789722545.211,100,1
918.827,88.301,90.754,72.688,86.000,72.000,89.000,83.000,76.000,75.000,73.000,77.000,69.000,89.000,72.000,86.516,59.625,35.000,35.414,34.996,43.301,43.922,40.625,52.071,0.287,69.598,5607.651,5202.312,5616.000,5200.000,0.000,,,,2,1789722546.213,100,1
919.827,88.207,90.660,72.625,75.000,71.000,77.000,81.000,74.000,74.000,84.000,81.000,70.000,85.234,71.000,85.234,59.562,35.000,35.414,34.996,43.305,43.934,40.633,51.044,0.281,68.769,5606.865,5201.711,5616.000,5200.000,0.000,,,,2,1789722547.214,100,1
920.827,88.352,90.805,72.625,80.000,90.000,97.000,86.000,75.000,76.000,71.000,72.000,68.000,97.000,76.000,91.469,59.500,35.000,35.414,34.996,43.309,43.945,40.641,51.774,0.252,69.167,5606.778,5201.561,5616.000,5200.000,0.000,,,,2,1789722548.213,100,1
921.828,88.449,90.770,72.750,78.000,75.000,81.000,86.000,94.000,74.000,75.000,71.000,69.000,94.000,72.000,89.562,59.500,35.000,35.414,34.996,43.309,43.953,40.648,53.580,0.272,71.135,5606.691,5201.937,5616.000,5200.000,0.000,,,,2,1789722549.216,100,1
922.832,88.512,90.832,72.750,80.000,73.000,83.000,78.000,77.000,82.000,88.000,70.000,70.000,89.828,72.000,89.828,59.500,35.000,35.414,34.996,43.312,43.965,40.656,52.468,0.288,70.093,5650.161,5184.257,5616.000,5200.000,0.000,,,,2,1789722550.223,100,1
923.835,89.656,92.090,72.875,88.000,75.000,97.000,89.000,80.000,75.000,73.000,74.000,69.000,97.000,73.000,93.094,59.562,35.000,35.414,34.996,43.316,43.977,40.664,52.253,0.276,69.859,5650.959,5203.290,5616.000,5200.000,0.000,,,,2,1789722551.224,100,1
924.840,89.500,91.934,72.812,80.000,83.000,80.000,79.000,78.000,78.000,79.000,75.000,69.000,84.688,74.000,84.688,59.688,35.000,35.414,34.996,43.320,43.988,40.676,48.315,0.283,65.809,5607.477,5202.237,5616.000,5200.000,0.000,,,,2,1789722552.227,100,1
925.843,89.406,91.840,72.812,83.000,77.000,87.000,85.000,81.000,75.000,75.000,71.000,69.000,87.000,72.000,86.484,59.750,35.000,35.414,34.996,43.324,44.000,40.684,51.685,0.281,69.200,5606.604,5201.937,5616.000,5200.000,0.000,,,,2,1789722553.234,100,1
926.848,89.391,91.824,72.875,79.000,76.000,86.000,78.000,81.000,81.000,80.000,79.000,69.000,88.906,73.000,88.906,59.625,35.000,35.391,34.996,43.328,44.012,40.691,55.267,0.305,69.558,5607.127,5202.914,5616.000,5200.000,0.000,,,,2,1789722554.234,100,1
927.852,89.324,91.758,73.000,80.000,71.000,76.000,75.000,76.000,76.000,85.000,79.000,70.000,87.312,71.000,87.312,59.625,35.000,35.391,34.996,43.332,44.023,40.703,53.289,0.311,73.625,5607.127,5165.586,5616.000,5200.000,0.000,,,,2,1789722555.239,100,1
928.855,89.238,91.672,73.125,78.000,72.000,79.000,81.000,77.000,78.000,82.000,71.000,70.000,86.625,71.000,86.625,59.812,35.000,35.391,34.996,43.336,44.035,40.711,50.382,0.272,71.781,5606.167,5202.237,5616.000,5200.000,0.000,,,,2,1789722556.242,100,1
929.860,89.324,91.758,73.188,80.000,76.000,80.000,85.000,82.000,80.000,74.000,83.000,68.000,91.875,74.000,90.125,59.625,35.000,35.391,34.996,43.340,44.047,40.719,53.483,0.261,67.836,5606.691,5202.763,5616.000,5200.000,0.000,,,,2,1789722557.250,100,1
930.864,89.348,91.781,73.188,84.000,71.000,82.000,76.000,76.000,78.000,71.000,71.000,69.000,92.000,71.000,89.016,59.875,35.000,35.391,34.996,43.344,44.059,40.727,54.020,0.250,70.902,5606.341,5203.064,5616.000,5200.000,0.000,,,,2,1789722558.252,100,1
931.869,89.336,91.770,73.250,76.000,74.000,99.000,78.000,94.000,79.000,76.000,72.000,69.000,89.016,72.000,91.484,60.000,35.000,35.391,34.996,43.348,44.070,40.738,53.289,0.297,71.250,5606.167,5201.561,5616.000,5200.000,0.000,,,,2,1789722559.255,100,1
932.873,89.691,92.059,73.312,76.000,72.000,79.000,78.000,92.000,75.000,84.000,70.000,69.000,99.000,72.000,89.000,60.000,35.000,35.391,34.996,43.352,44.082,40.746,52.975,0.258,71.105,5605.992,5201.561,5616.000,5200.000,0.000,,,,2,1789722560.259,100,1
933.874,89.668,91.801,73.250,90.000,77.000,85.000,77.000,74.000,84.000,71.000,73.000,70.000,92.000,73.000,88.328,60.000,35.000,35.391,34.996,43.355,44.105,40.766,52.516,0.294,70.692,5650.870,5202.087,5616.000,5200.000,0.000,,,,2,1789722561.261,100,1
934.877,89.625,91.758,73.375,72.000,70.000,75.000,82.000,73.000,73.000,85.000,69.000,68.000,85.828,70.000,85.828,59.938,35.000,35.391,34.996,43.367,44.117,40.777,51.348,0.283,70.330,5606.254,5201.937,5616.000,5200.000,0.000,,,,2,1789722562.265,100,1
935.881,89.461,91.594,73.312,80.000,72.000,76.000,79.000,91.000,73.000,87.000,70.000,70.000,91.000,72.000,88.031,60.188,35.000,35.375,34.996,43.371,44.129,40.785,52.327,0.275,68.346,5605.905,5166.549,5616.000,5200.000,0.000,,,,2,1789722563.269,100,1
936.885,89.430,91.562,73.375,75.000,77.000,78.000,76.000,83.000,74.000,72.000,72.000,69.000,88.453,72.000,88.453,60.188,35.000,35.375,34.996,43.375,44.141,40.793,53.528,0.268,70.188,5649.718,5201.711,5616.000,5200.000,0.000,,,,2,1789722564.272,100,1
937.888,89.492,91.625,73.438,87.000,70.000,91.000,76.000,73.000,71.000,75.000,71.000,69.000,91.469,70.000,91.469,60.188,35.000,35.371,34.996,43.383,44.152,40.801,51.624,0.276,70.770,5606.254,5201.861,5616.000,5200.000,0.000,,,,2,1789722565.276,100,1
938.893,89.348,91.480,73.375,75.000,78.000,74.000,82.000,75.000,73.000,71.000,70.000,69.000,84.859,70.000,84.859,60.062,35.000,35.371,34.996,43.387,44.164,40.812,48.603,0.283,69.382,5605.469,5202.538,5616.000,5200.000,0.000,,,,2,1789722566.280,100,1
939.893,89.277,91.410,73.500,77.000,73.000,98.000,77.000,75.000,95.000,73.000,71.000,70.000,98.000,73.000,87.047,60.125,35.000,35.371,34.996,43.391,44.176,40.820,53.033,0.290,66.015,5605.556,5200.734,5616.000,5200.000,0.000,,,,2,1789722567.282,100,1
940.898,89.559,91.703,73.500,75.000,73.000,79.000,80.000,74.000,81.000,96.000,70.000,71.000,96.000,71.000,91.812,60.188,35.000,35.371,34.996,43.395,44.191,40.832,53.770,0.271,71.275,5606.254,5202.838,5616.000,5200.000,0.000,,,,2,1789722568.286,100,1
941.902,89.516,91.660,73.625,86.000,73.000,78.000,77.000,77.000,83.000,76.000,72.000,70.000,88.203,72.000,88.203,60.250,35.000,35.371,34.996,43.398,44.203,40.840,53.956,0.281,70.928,5650.250,5202.763,5616.000,5200.000,0.000,,,,2,1789722569.289,100,1
942.903,89.496,91.426,73.625,76.000,73.000,79.000,77.000,94.000,90.000,71.000,75.000,70.000,94.000,73.000,88.922,60.188,35.000,35.371,34.996,43.406,44.215,40.852,52.989,0.286,71.379,5649.452,5202.613,5616.000,5200.000,0.000,,,,2,1789722570.291,100,1
943.903,90.715,92.816,73.688,100.000,73.000,78.000,78.000,73.000,92.000,70.000,75.000,68.000,100.000,73.000,94.375,60.125,35.000,35.371,34.996,43.410,44.223,40.859,51.605,0.258,71.006,5604.771,5203.214,5616.000,5200.000,0.000,,,,2,1789722571.290,100,1
944.906,90.742,92.672,73.688,82.000,87.000,89.000,78.000,74.000,71.000,79.000,69.000,71.000,91.109,75.000,91.109,60.188,35.000,35.371,34.996,43.414,44.234,40.867,54.979,0.253,68.789,5605.469,5202.838,5616.000,5200.000,0.000,,,,2,1789722572.293,100,1
945.908,90.746,92.488,73.688,81.000,72.000,93.000,79.000,76.000,74.000,90.000,70.000,70.000,93.000,73.000,90.812,60.250,35.000,35.352,34.996,43.422,44.250,40.879,55.520,0.279,72.625,5605.992,5202.463,5616.000,5200.000,0.000,,,,2,1789722573.297,100,1
946.913,90.707,92.449,73.750,86.000,89.000,78.000,78.000,91.000,71.000,72.000,69.000,68.000,91.000,77.000,89.500,60.312,35.000,35.352,34.996,43.426,44.262,40.887,47.396,0.249,72.934,5606.691,5203.967,5616.000,5200.000,0.000,,,,2,1789722574.304,100,1
947.918,90.809,92.551,73.812,78.000,90.000,81.000,78.000,76.000,72.000,95.000,70.000,72.000,95.000,75.000,93.078,60.250,35.000,35.352,34.996,43.430,44.270,40.895,54.564,0.250,64.527,5605.992,5202.463,5616.000,5200.000,0.000,,,,2,1789722575.307,100,1
948.920,90.758,92.500,73.938,86.000,77.000,79.000,83.000,80.000,76.000,78.000,71.000,71.000,89.188,74.000,89.188,60.375,35.000,35.352,34.996,43.434,44.281,40.906,53.121,0.262,72.145,5605.730,5203.741,5616.000,5200.000,0.000,,,,2,1789722576.309,100,1
949.924,90.793,92.434,73.875,76.000,87.000,98.000,91.000,76.000,74.000,75.000,79.000,70.000,98.000,75.000,91.531,60.375,35.000,35.352,34.996,43.441,44.293,40.914,53.451,0.287,70.623,5604.945,5165.215,5616.000,5200.000,0.000,,,,2,1789722577.312,100,1
950.927,90.703,92.344,74.000,75.000,85.000,76.000,76.000,74.000,74.000,88.000,70.000,70.000,88.000,74.000,87.953,60.562,35.000,35.352,34.996,43.445,44.305,40.922,51.663,0.272,71.283,5605.730,5201.636,5616.000,5200.000,0.000,,,,2,1789722578.315,100,1
951.928,90.867,92.582,73.938,78.000,75.000,79.000,87.000,100.000,73.000,74.000,70.000,70.000,100.000,75.000,93.219,60.500,35.000,35.352,34.996,43.449,44.316,40.934,54.204,0.260,68.752,5605.207,5201.861,5616.000,5200.000,0.000,,,,2,1789722579.318,100,1
952.933,91.898,93.750,74.062,94.000,72.000,85.000,78.000,100.000,74.000,76.000,71.000,70.000,100.000,73.000,95.000,60.438,35.000,35.352,34.996,43.453,44.328,40.941,55.206,0.250,71.941,5605.905,5202.012,5616.000,5200.000,0.000,,,,2,1789722580.321,100,1
953.933,91.859,93.527,74.062,95.000,78.000,88.000,80.000,76.000,74.000,88.000,71.000,71.000,95.000,74.000,90.688,60.500,35.000,35.352,34.996,43.457,44.336,40.949,51.316,0.259,72.180,5605.469,5165.067,5616.000,5200.000,0.000,,,,2,1789722581.322,100,1
954.935,91.746,93.414,74.250,84.000,78.000,86.000,80.000,79.000,79.000,81.000,75.000,71.000,88.219,74.000,88.219,60.500,35.000,35.352,34.996,43.465,44.348,40.961,57.004,0.316,69.500,5604.596,5200.959,5616.000,5200.000,0.000,,,,2,1789722582.322,100,1
955.938,91.738,93.406,74.125,77.000,73.000,86.000,78.000,84.000,77.000,87.000,74.000,69.000,91.500,72.000,91.500,60.625,35.000,35.332,34.996,43.473,44.359,40.969,52.021,0.292,75.198,5648.565,5200.734,5616.000,5200.000,0.000,,,,2,1789722583.325,100,1
956.943,91.691,93.359,74.250,93.000,73.000,79.000,78.000,74.000,91.000,71.000,71.000,69.000,93.000,73.000,90.281,60.688,35.000,35.332,34.996,43.477,44.371,40.980,53.702,0.265,70.016,5605.730,5201.335,5616.000,5200.000,0.000,,,,2,1789722584.330,100,1
957.943,91.500,93.168,74.375,78.000,75.000,95.000,76.000,92.000,72.000,71.000,69.000,69.000,95.000,73.000,85.562,60.688,35.000,35.332,34.996,43.480,44.383,40.984,49.848,0.281,71.480,5648.034,5202.162,5616.000,5200.000,0.000,,,,2,1789722585.330,100,1
958.945,91.637,93.305,74.188,97.000,73.000,79.000,79.000,77.000,80.000,72.000,95.000,69.000,97.000,74.000,95.234,60.688,35.000,35.332,34.996,43.492,44.402,40.996,56.444,0.278,67.260,5604.508,5202.312,5616.000,5200.000,0.000,,,,2,1789722586.336,100,1
959.949,91.531,93.199,74.375,74.000,71.000,77.000,75.000,91.000,72.000,73.000,84.000,70.000,91.000,72.000,88.297,60.688,35.000,35.332,34.996,43.496,44.414,41.008,54.753,0.283,75.073,5603.985,5202.237,5616.000,5200.000,0.000,,,,2,1789722587.338,100,1
960.952,91.520,93.020,74.312,90.000,73.000,79.000,78.000,81.000,99.000,76.000,73.000,70.000,99.000,74.000,91.125,60.750,35.000,35.332,34.996,43.504,44.426,41.016,51.568,0.272,72.600,5627.286,5201.561,5616.000,5200.000,0.000,,,,2,1789722588.339,100,1
961.955,91.637,93.137,74.312,76.000,77.000,76.000,94.000,73.000,80.000,89.000,71.000,70.000,94.594,74.000,94.594,60.688,35.000,35.332,34.996,43.512,44.438,41.027,51.497,0.257,69.834,5605.817,5202.763,5616.000,5200.000,0.000,,,,2,1789722589.343,100,1
962.960,91.680,93.180,74.312,84.000,82.000,81.000,79.000,96.000,75.000,75.000,78.000,70.000,96.000,74.000,92.734,60.688,35.000,35.332,34.996,43.520,44.449,41.035,55.545,0.258,69.881,5604.247,5202.012,5616.000,5200.000,0.000,,,,2,1789722590.349,100,1
963.961,91.613,93.113,74.500,78.000,76.000,82.000,78.000,77.000,76.000,73.000,84.000,70.000,89.609,72.000,89.609,60.812,35.000,35.332,34.996,43.523,44.457,41.043,52.752,0.281,72.192,5604.160,5164.771,5616.000,5200.000,0.000,,,,2,1789722591.347,100,1
964.965,91.676,93.176,74.375,77.000,73.000,80.000,95.000,74.000,75.000,71.000,96.000,69.000,96.000,74.000,93.578,60.812,35.000,35.332,34.996,43.531,44.469,41.055,52.992,0.276,70.929,5605.032,5202.162,5616.000,5200.000,0.000,,,,2,1789722592.353,100,1
965.968,91.641,93.141,74.375,90.000,80.000,88.000,80.000,78.000,81.000,75.000,72.000,70.000,90.594,75.000,90.594,60.750,35.000,35.316,34.996,43.535,44.480,41.062,53.244,0.264,70.408,5649.008,5202.162,5616.000,5200.000,0.000,,,,2,1789722593.356,100,1
966.970,91.512,93.012,74.438,77.000,72.000,77.000,76.000,86.000,84.000,71.000,72.000,69.000,87.484,71.000,87.484,60.875,35.000,35.316,34.996,43.543,44.492,41.070,51.620,0.286,70.493,5603.113,5201.410,5616.000,5200.000,0.000,,,,2,1789722594.355,100,1
967.971,91.492,92.992,74.500,81.000,88.000,82.000,78.000,81.000,76.000,72.000,77.000,69.000,90.969,76.000,90.969,60.750,35.000,35.316,34.996,43.547,44.504,41.082,53.253,0.281,69.564,5604.160,5200.133,5616.000,5200.000,0.000,,,,2,1789722595.356,100,1
968.971,91.254,92.754,74.562,76.000,72.000,76.000,82.000,75.000,71.000,73.000,78.000,70.000,83.875,72.000,83.875,60.875,35.000,35.316,34.996,43.555,44.516,41.090,49.359,0.292,70.336,5604.596,5199.607,5616.000,5200.000,0.000,,,,2,1789722596.360,100,1
969.974,91.141,92.641,74.375,84.000,71.000,80.000,84.000,81.000,72.000,72.000,70.000,69.000,87.531,72.000,87.531,60.812,35.000,35.316,34.996,43.562,44.527,41.098,51.359,0.319,67.611,5647.590,5201.786,5616.000,5200.000,0.000,,,,2,1789722597.359,100,1
970.977,91.168,92.668,74.500,94.000,74.000,98.000,79.000,82.000,75.000,74.000,71.000,68.000,98.000,74.000,92.016,60.875,35.000,35.316,34.996,43.566,44.535,41.109,50.988,0.282,68.385,5603.897,5200.133,5616.000,5200.000,0.000,,,,2,1789722598.364,100,1
971.978,91.098,92.598,74.375,77.000,81.000,84.000,81.000,77.000,72.000,76.000,71.000,70.000,88.938,74.000,88.938,60.812,35.000,35.316,34.996,43.574,44.551,41.117,51.530,0.277,68.656,5603.461,5201.335,5616.000,5200.000,0.000,,,,2,1789722599.365,100,1
972.982,90.977,92.477,74.500,81.000,74.000,78.000,78.000,76.000,89.000,82.000,73.000,70.000,89.000,73.000,87.188,60.750,35.000,35.316,34.996,43.578,44.559,41.125,49.747,0.278,67.232,5648.034,5202.989,5616.000,5200.000,0.000,,,,2,1789722600.372,100,1
973.986,91.023,92.523,74.438,79.000,72.000,86.000,76.000,88.000,73.000,86.000,77.000,69.000,92.516,72.000,92.516,60.875,35.000,35.316,34.996,43.582,44.570,41.137,52.619,0.291,70.267,5603.549,5201.561,5616.000,5200.000,0.000,,,,2,1789722601.372,100,1
974.989,90.961,92.461,74.375,80.000,73.000,79.000,78.000,74.000,76.000,84.000,84.000,70.000,89.031,72.000,89.031,60.750,35.000,35.316,34.996,43.594,44.590,41.145,52.728,0.284,69.977,5648.831,5202.989,5616.000,5200.000,0.000,,,,2,1789722602.375,100,1
975.993,90.887,92.387,74.562,78.000,73.000,79.000,84.000,77.000,73.000,89.000,71.000,72.000,89.000,73.000,88.609,60.875,35.000,35.301,34.996,43.602,44.605,41.156,51.889,0.279,69.956,5603.897,5203.892,5616.000,5200.000,0.000,,,,2,1789722603.379,100,1
976.998,91.098,92.848,74.438,77.000,72.000,100.000,79.000,75.000,94.000,70.000,71.000,69.000,100.000,72.000,95.109,60.750,35.000,35.301,34.996,43.609,44.617,41.164,52.641,0.272,70.167,5604.771,5202.838,5616.000,5200.000,0.000,,,,2,1789722604.385,100,1
978.003,91.070,92.820,74.375,76.000,79.000,82.000,78.000,85.000,78.000,79.000,72.000,70.000,90.281,74.000,90.281,60.938,35.000,35.301,34.996,43.613,44.625,41.172,53.096,0.256,70.180,5603.897,5203.440,5616.000,5200.000,0.000,,,,2,1789722605.390,100,1
979.007,91.023,92.773,74.562,81.000,81.000,83.000,79.000,79.000,81.000,80.000,75.000,70.000,89.578,75.000,89.578,60.812,35.000,35.301,34.996,43.621,44.637,41.184,54.106,0.266,71.708,5605.381,5203.440,5616.000,5200.000,0.000,,,,2,1789722606.393,100,1
980.012,90.895,92.645,74.562,79.000,77.000,89.000,76.000,83.000,71.000,81.000,69.000,68.000,89.000,72.000,86.875,60.812,35.000,35.301,34.996,43.625,44.648,41.191,49.466,0.274,67.425,5603.811,5202.838,5616.000,5200.000,0.000,,,,2,1789722607.399,100,1
981.015,90.863,92.613,74.500,78.000,75.000,90.000,86.000,75.000,75.000,73.000,74.000,70.000,90.000,73.000,89.891,60.875,35.000,35.301,34.996,43.629,44.656,41.199,53.332,0.296,70.424,5646.085,5201.861,5616.000,5200.000,0.000,,,,2,1789722608.404,100,1
982.019,90.773,92.523,74.688,76.000,80.000,88.000,76.000,74.000,74.000,78.000,72.000,71.000,88.000,74.000,88.000,60.750,35.000,35.301,34.996,43.637,44.668,41.207,57.989,0.286,75.529,5602.938,5202.312,5616.000,5200.000,0.000,,,,2,1789722609.404,100,1
983.023,90.723,92.473,74.562,75.000,72.000,91.000,86.000,74.000,73.000,74.000,70.000,69.000,91.000,72.000,89.188,60.875,35.000,35.301,34.996,43.641,44.680,41.215,49.468,0.298,67.579,5647.325,5203.139,5616.000,5200.000,0.000,,,,2,1789722610.409,100,1
984.027,90.617,92.367,74.375,84.000,72.000,77.000,76.000,80.000,71.000,86.000,72.000,72.000,87.344,71.000,87.344,60.875,35.000,35.301,34.996,43.648,44.691,41.223,49.565,0.292,67.246,5582.174,5201.636,5616.000,5200.000,0.000,,,,2,1789722611.416,100,1
985.032,90.621,92.371,74.438,78.000,73.000,79.000,77.000,75.000,91.000,92.000,72.000,71.000,92.000,73.000,90.750,60.875,35.000,35.301,34.996,43.656,44.703,41.230,51.511,0.281,69.048,5580.963,5165.141,5616.000,5200.000,0.000,,,,2,1789722612.422,100,1
986.036,90.648,92.398,74.312,82.000,87.000,92.000,78.000,73.000,72.000,76.000,70.000,70.000,92.000,76.000,91.406,60.812,35.000,35.285,34.996,43.664,44.715,41.238,51.766,0.271,69.384,5624.209,5201.410,5616.000,5200.000,0.000,,,,2,1789722613.422,100,1
987.039,90.469,92.219,74.375,79.000,72.000,83.000,76.000,79.000,72.000,79.000,71.000,72.000,84.984,71.000,84.984,60.812,35.000,35.285,34.996,43.668,44.719,41.242,53.921,0.314,72.528,5601.630,5203.515,5616.000,5200.000,0.000,,,,2,1789722614.424,100,1
988.043,90.301,92.051,74.250,77.000,70.000,76.000,75.000,72.000,82.000,75.000,69.000,71.000,85.031,70.000,85.031,60.812,35.000,35.285,34.996,43.672,44.727,41.250,49.541,0.310,67.128,5645.996,5203.590,5616.000,5200.000,0.000,,,,2,1789722615.430,100,1
989.047,90.242,91.992,74.125,94.000,72.000,81.000,78.000,74.000,73.000,72.000,83.000,68.000,94.000,73.000,88.422,60.812,35.000,35.285,34.996,43.680,44.734,41.254,48.891,0.288,66.945,5603.200,5203.590,5616.000,5200.000,0.000,,,,2,1789722616.437,100,1
990.051,90.164,91.914,74.125,76.000,73.000,78.000,85.000,74.000,84.000,72.000,71.000,70.000,87.750,72.000,87.750,60.812,35.000,35.285,34.996,43.684,44.738,41.254,51.753,0.287,68.927,5601.370,5203.741,5616.000,5200.000,0.000,,,,2,1789722617.445,100,1
991.053,90.102,91.852,74.062,85.000,78.000,96.000,76.000,79.000,72.000,73.000,70.000,70.000,96.000,73.000,88.172,60.688,35.000,35.285,34.996,43.691,44.746,41.262,52.487,0.313,69.930,5601.630,5202.388,5616.000,5200.000,0.000,,,,2,1789722618.439,100,1
992.054,90.254,91.875,74.000,79.000,80.000,80.000,96.000,74.000,74.000,98.000,75.000,68.000,98.000,74.000,90.719,60.625,35.000,35.285,34.996,43.695,44.754,41.266,49.095,0.274,65.938,5601.370,5203.515,5616.000,5200.000,0.000,,,,2,1789722619.443,100,1
993.057,90.207,91.668,74.000,90.000,74.000,78.000,76.000,73.000,74.000,71.000,88.000,70.000,90.000,73.000,88.844,60.562,35.000,35.285,34.996,43.699,44.762,41.270,53.461,0.278,70.353,5601.630,5203.892,5616.000,5200.000,0.000,,,,2,1789722620.449,100,1
994.059,90.211,91.672,74.062,73.000,78.000,77.000,73.000,88.000,77.000,73.000,69.000,70.000,90.406,72.000,90.406,60.625,35.000,35.285,34.996,43.703,44.766,41.273,52.459,0.283,69.360,5600.498,5204.117,5616.000,5200.000,0.000,,,,2,1789722621.446,100,1
995.062,90.648,92.094,73.938,82.000,72.000,100.000,79.000,80.000,73.000,86.000,70.000,68.000,100.000,73.000,91.969,60.625,35.000,35.285,34.996,43.707,44.773,41.281,51.318,0.292,68.279,5645.553,5204.042,5616.000,5200.000,0.000,,,,2,1789722622.452,100,1
996.065,90.531,91.832,74.000,76.000,71.000,77.000,75.000,71.000,76.000,80.000,91.000,71.000,91.000,72.000,86.969,60.500,35.000,35.270,34.996,43.715,44.777,41.281,50.992,0.290,68.295,5601.718,5204.117,5616.000,5200.000,0.000,,,,2,1789722623.451,100,1
997.068,90.367,91.668,73.875,78.000,80.000,79.000,76.000,85.000,74.000,72.000,72.000,69.000,85.328,71.000,85.328,60.375,35.000,35.270,34.996,43.719,44.781,41.285,53.687,0.313,71.952,5645.288,5130.324,5616.000,5200.000,0.000,,,,2,1789722624.455,100,1
998.072,90.289,91.590,73.812,83.000,75.000,92.000,78.000,73.000,81.000,74.000,76.000,68.000,92.000,72.000,87.844,60.312,35.000,35.270,34.996,43.723,44.785,41.289,49.926,0.309,67.506,5602.328,5203.666,5616.000,5200.000,0.000,,,,2,1789722625.460,100,1
999.076,90.168,91.469,74.000,85.000,73.000,78.000,76.000,74.000,83.000,72.000,69.000,69.000,86.406,72.000,86.406,60.312,35.000,35.270,34.996,43.730,44.789,41.289,51.885,0.290,68.990,5602.502,5204.343,5616.000,5200.000,0.000,,,,2,1789722626.465,100,1
1000.076,90.031,91.332,73.938,74.000,69.000,80.000,85.000,85.000,70.000,71.000,71.000,70.000,85.750,70.000,85.750,60.375,35.000,35.270,34.996,43.734,44.793,41.293,51.993,0.295,69.185,5624.033,5203.290,5616.000,5200.000,0.000,,,,2,1789722627.463,100,1
1001.079,90.035,91.336,73.812,75.000,83.000,97.000,78.000,76.000,72.000,77.000,70.000,69.000,97.000,73.000,90.125,60.312,35.000,35.270,34.996,43.738,44.797,41.293,51.199,0.289,68.158,5601.892,5204.268,5616.000,5200.000,0.000,,,,2,1789722628.468,100,1
1002.083,89.797,91.098,73.750,73.000,70.000,76.000,76.000,71.000,82.000,71.000,69.000,70.000,82.469,69.000,82.469,60.125,35.000,35.270,34.996,43.746,44.801,41.297,49.237,0.288,66.549,5602.502,5205.170,5616.000,5200.000,0.000,,,,2,1789722629.471,100,1
1003.088,89.539,90.840,73.625,77.000,71.000,76.000,82.000,73.000,69.000,73.000,73.000,70.000,82.000,69.000,81.500,60.125,35.000,35.270,34.996,43.750,44.801,41.297,51.506,0.325,68.703,5559.244,5167.884,5616.000,5200.000,0.000,,,,2,1789722630.478,100,1
1004.091,89.469,90.770,73.562,76.000,72.000,88.000,74.000,81.000,70.000,87.000,77.000,69.000,88.000,71.000,87.344,60.125,35.000,35.270,34.996,43.754,44.805,41.301,48.256,0.304,65.550,5603.375,5205.622,5616.000,5200.000,0.000,,,,2,1789722631.480,100,1
1005.093,89.297,90.598,73.375,74.000,70.000,76.000,80.000,78.000,78.000,71.000,74.000,68.000,83.969,70.000,83.969,60.000,35.000,35.270,34.996,43.758,44.805,41.305,49.421,0.300,66.525,5601.892,5205.020,5616.000,5200.000,0.000,,,,2,1789722632.479,100,1
1006.095,89.055,90.355,73.375,73.000,78.000,75.000,73.000,78.000,81.000,72.000,70.000,71.000,81.469,71.000,81.469,59.812,35.000,35.258,34.996,43.762,44.809,41.301,49.344,0.322,66.862,5603.113,5204.644,5616.000,5200.000,0.000,,,,2,1789722633.483,100,1
1007.096,88.938,90.238,73.500,75.000,70.000,77.000,88.000,72.000,89.000,74.000,70.000,68.000,89.000,71.000,85.328,59.812,35.000,35.258,34.996,43.766,44.809,41.305,55.492,0.330,72.878,5602.502,5205.848,5616.000,5200.000,0.000,,,,2,1789722634.484,100,1
1008.099,88.895,90.195,73.500,85.000,76.000,80.000,87.000,75.000,76.000,71.000,69.000,68.000,87.578,72.000,87.578,59.750,35.000,35.258,34.996,43.770,44.809,41.305,51.210,0.277,68.743,5602.852,5204.945,5616.000,5200.000,0.000,,,,2,1789722635.489,100,1
1009.104,88.922,90.223,73.500,76.000,84.000,79.000,78.000,91.000,75.000,72.000,70.000,68.000,91.000,73.000,89.781,59.688,35.000,35.258,34.996,43.773,44.812,41.301,52.901,0.269,69.880,5646.262,5241.624,5616.000,5200.000,0.000,,,,2,1789722636.491,100,1
1010.106,88.883,90.184,73.250,89.000,73.000,76.000,77.000,73.000,72.000,91.000,76.000,68.000,91.000,72.000,87.641,59.625,35.000,35.258,34.996,43.777,44.812,41.301,49.168,0.265,66.642,5603.811,5205.697,5616.000,5200.000,0.000,,,,2,1789722637.493,100,1
1011.109,88.949,90.250,73.312,76.000,79.000,77.000,77.000,73.000,84.000,72.000,71.000,68.000,90.609,72.000,90.609,59.562,35.000,35.258,34.996,43.781,44.809,41.301,52.842,0.267,69.559,5602.938,5204.042,5616.000,5200.000,0.000,,,,2,1789722638.498,100,1
1012.111,89.395,90.699,73.312,76.000,73.000,97.000,77.000,77.000,73.000,72.000,88.000,69.000,97.000,73.000,90.734,59.375,35.000,35.258,34.996,43.785,44.809,41.301,52.760,0.260,70.255,5626.230,5205.923,5616.000,5200.000,0.000,,,,2,1789722639.502,100,1
1013.115,89.316,90.492,73.312,73.000,69.000,80.000,84.000,72.000,71.000,71.000,67.000,67.000,86.984,70.000,86.984,59.562,35.000,35.258,34.996,43.785,44.805,41.301,50.625,0.264,65.883,5647.059,5204.192,5616.000,5200.000,0.000,,,,2,1789722640.502,100,1
1014.119,89.285,90.461,73.188,78.000,85.000,80.000,78.000,75.000,72.000,71.000,85.000,68.000,88.297,74.000,88.297,59.438,35.000,35.258,34.996,43.789,44.805,41.297,51.204,0.265,68.956,5603.897,5204.493,5616.000,5200.000,0.000,,,,2,1789722641.508,100,1
1015.123,89.121,90.297,73.125,72.000,79.000,86.000,76.000,71.000,69.000,70.000,67.000,69.000,86.000,71.000,83.969,59.375,35.000,35.258,34.996,43.789,44.801,41.297,51.516,0.292,68.107,5603.897,5205.622,5616.000,5200.000,0.000,,,,2,1789722642.509,100,1
1016.127,89.098,90.156,72.938,88.000,91.000,76.000,76.000,73.000,69.000,97.000,69.000,69.000,97.000,74.000,88.484,59.375,35.000,35.246,34.996,43.793,44.801,41.293,49.041,0.285,66.335,5603.461,5205.321,5616.000,5200.000,0.000,,,,2,1789722643.518,100,1
1017.131,88.883,89.941,72.812,76.000,71.000,73.000,82.000,72.000,72.000,68.000,74.000,67.000,82.203,69.000,82.203,59.125,35.000,35.246,34.996,43.793,44.797,41.293,49.296,0.272,66.043,5647.413,5206.074,5616.000,5200.000,0.000,,,,2,1789722644.517,100,1
1018.131,88.660,89.719,72.750,71.000,68.000,75.000,80.000,85.000,70.000,71.000,68.000,67.000,85.000,69.000,81.703,59.250,35.000,35.246,34.996,43.797,44.793,41.289,50.026,0.312,66.645,5648.211,5204.568,5616.000,5200.000,0.000,,,,2,1789722645.518,100,1
1019.135,88.570,89.629,72.812,81.000,72.000,77.000,78.000,72.000,70.000,90.000,76.000,68.000,90.000,71.000,85.797,59.188,35.000,35.246,34.996,43.797,44.789,41.285,50.388,0.298,67.634,5605.207,5206.827,5616.000,5200.000,0.000,,,,2,1789722646.523,100,1
1020.135,88.410,89.469,72.688,73.000,68.000,76.000,71.000,86.000,70.000,81.000,68.000,69.000,86.000,69.000,83.484,59.125,35.000,35.246,34.996,43.797,44.785,41.285,50.232,0.277,67.868,5603.461,5168.998,5616.000,5200.000,0.000,,,,2,1789722647.523,100,1
1021.137,88.223,89.281,72.625,73.000,69.000,73.000,72.000,86.000,85.000,70.000,69.000,69.000,86.000,69.000,82.375,59.062,35.000,35.246,34.996,43.797,44.777,41.277,51.119,0.277,68.093,5648.565,5206.525,5616.000,5200.000,0.000,,,,2,1789722648.524,100,1
1022.138,88.301,89.359,72.562,76.000,80.000,81.000,91.000,71.000,72.000,69.000,89.000,66.000,91.000,72.000,90.750,58.875,35.000,35.246,34.996,43.801,44.773,41.273,50.425,0.261,67.515,5646.881,5205.999,5616.000,5200.000,0.000,,,,2,1789722649.526,100,1
1023.143,88.250,89.309,72.438,79.000,70.000,77.000,75.000,71.000,89.000,68.000,85.000,69.000,89.000,71.000,86.625,58.750,35.000,35.246,34.996,43.801,44.770,41.270,53.140,0.254,70.584,5646.262,5206.299,5616.000,5200.000,0.000,,,,2,1789722650.529,100,1
1024.146,88.086,89.145,72.562,74.000,69.000,86.000,74.000,74.000,70.000,71.000,78.000,68.000,86.000,69.000,83.016,58.812,35.000,35.246,34.996,43.797,44.758,41.266,52.660,0.285,68.337,5604.421,5207.354,5616.000,5200.000,0.000,,,,2,1789722651.533,100,1
1025.151,88.000,89.059,72.312,91.000,71.000,76.000,75.000,87.000,71.000,69.000,70.000,65.000,91.000,70.000,85.391,58.875,35.000,35.246,34.996,43.793,44.746,41.258,45.981,0.270,63.211,5604.857,5205.547,5616.000,5200.000,0.000,,,,2,1789722652.542,100,1
1026.155,87.852,88.910,72.312,75.000,69.000,73.000,72.000,84.000,69.000,73.000,77.000,68.000,84.000,68.000,83.188,58.812,35.000,35.234,34.996,43.793,44.738,41.254,50.525,0.271,67.965,5604.508,5205.848,5616.000,5200.000,0.000,,,,2,1789722653.542,100,1
1027.159,87.609,88.668,72.188,74.000,72.000,76.000,73.000,74.000,76.000,71.000,79.000,70.000,80.141,69.000,80.141,58.688,35.000,35.234,34.996,43.793,44.730,41.250,52.995,0.334,70.286,5648.742,5207.957,5616.000,5200.000,0.000,,,,2,1789722654.546,100,1
1028.162,87.457,88.516,72.250,73.000,78.000,88.000,73.000,74.000,69.000,70.000,68.000,66.000,88.000,69.000,82.688,58.625,35.000,35.234,34.996,43.793,44.723,41.242,50.431,0.317,66.620,5648.299,5171.819,5616.000,5200.000,0.000,,,,2,1789722655.548,100,1
1029.167,87.293,88.352,72.250,82.000,69.000,76.000,71.000,75.000,69.000,79.000,69.000,70.000,82.172,69.000,82.172,58.500,35.000,35.234,34.996,43.789,44.711,41.238,50.353,0.314,68.452,5604.072,5206.902,5616.000,5200.000,0.000,,,,2,1789722656.556,100,1
1030.171,87.121,88.180,72.188,77.000,77.000,78.000,75.000,79.000,74.000,80.000,70.000,67.000,81.906,70.000,81.906,58.562,35.000,35.234,34.996,43.785,44.699,41.230,51.947,0.339,70.399,5648.211,5205.923,5616.000,5200.000,0.000,,,,2,1789722657.558,100,1
1031.173,87.133,88.191,72.250,75.000,70.000,75.000,73.000,98.000,70.000,97.000,69.000,68.000,98.000,70.000,87.438,58.500,35.000,35.234,34.996,43.781,44.688,41.223,51.422,0.277,68.759,5603.897,5205.622,5616.000,5200.000,0.000,,,,2,1789722658.559,100,1
1032.176,87.238,88.266,72.375,93.000,71.000,83.000,76.000,73.000,84.000,69.000,68.000,67.000,93.000,71.000,87.984,58.500,35.000,35.234,34.996,43.777,44.672,41.219,51.270,0.252,67.512,5648.831,5187.021,5616.000,5200.000,0.000,,,,2,1789722659.565,100,1
1033.178,87.211,88.133,72.250,78.000,85.000,95.000,77.000,73.000,73.000,69.000,68.000,67.000,95.000,73.000,86.484,58.438,35.000,35.234,34.996,43.773,44.660,41.211,52.641,0.273,70.386,5604.421,5206.074,5616.000,5200.000,0.000,,,,2,1789722660.566,100,1
1034.182,88.039,89.121,72.250,87.000,76.000,82.000,87.000,76.000,71.000,80.000,91.000,68.000,91.000,71.000,90.531,58.500,35.000,35.234,34.996,43.770,44.645,41.203,53.449,0.258,70.044,5604.072,5206.149,5616.000,5200.000,0.000,,,,2,1789722661.569,100,1
1035.186,88.000,88.973,72.188,79.000,71.000,79.000,78.000,76.000,71.000,70.000,80.000,66.000,86.891,69.000,86.891,58.375,35.000,35.234,34.996,43.766,44.633,41.199,51.579,0.272,70.183,5605.120,5206.074,5616.000,5200.000,0.000,,,,2,1789722662.573,100,1
1036.191,87.902,88.777,72.000,79.000,71.000,97.000,75.000,98.000,74.000,70.000,68.000,66.000,98.000,70.000,84.797,58.312,35.000,35.223,34.996,43.762,44.617,41.191,48.755,0.273,65.694,5603.026,5170.779,5616.000,5200.000,0.000,,,,2,1789722663.579,100,1
1037.194,88.988,90.102,71.938,94.000,74.000,80.000,76.000,93.000,72.000,72.000,68.000,66.000,94.000,71.000,92.250,58.250,35.000,35.223,34.996,43.758,44.605,41.184,54.596,0.257,71.982,5604.508,5168.701,5616.000,5200.000,0.000,,,,2,1789722664.581,100,1
1038.198,88.895,89.898,72.125,81.000,77.000,85.000,80.000,85.000,76.000,77.000,79.000,67.000,86.094,70.000,86.094,58.375,35.000,35.223,34.996,43.754,44.590,41.180,57.103,0.289,73.550,5604.508,5207.203,5616.000,5200.000,0.000,,,,2,1789722665.585,100,1
1039.201,88.770,89.773,72.250,80.000,73.000,77.000,73.000,82.000,75.000,70.000,73.000,66.000,84.844,70.000,84.844,58.375,35.000,35.223,34.996,43.754,44.578,41.172,56.155,0.289,74.483,5604.508,5168.033,5616.000,5200.000,0.000,,,,2,1789722666.592,100,1
1040.204,88.758,89.762,72.312,82.000,77.000,83.000,76.000,80.000,78.000,71.000,72.000,66.000,88.438,71.000,88.438,58.312,35.000,35.223,34.996,43.746,44.559,41.160,50.220,0.284,67.608,5605.556,5244.374,5616.000,5200.000,0.000,,,,2,1789722667.590,100,1
1041.208,88.637,89.641,72.250,80.000,72.000,77.000,74.000,74.000,75.000,72.000,76.000,66.000,84.891,70.000,84.891,58.500,35.000,35.223,34.996,43.742,44.543,41.152,52.745,0.287,70.401,5606.167,5204.719,5616.000,5200.000,0.000,,,,2,1789722668.599,100,1
1042.209,88.504,89.508,72.125,77.000,78.000,78.000,78.000,75.000,71.000,72.000,72.000,67.000,84.312,70.000,84.312,58.312,35.000,35.223,34.996,43.738,44.527,41.148,52.147,0.304,69.320,5605.817,5206.525,5616.000,5200.000,0.000,,,,2,1789722669.600,100,1
1043.211,88.516,89.520,72.125,86.000,74.000,80.000,76.000,92.000,72.000,74.000,75.000,66.000,92.000,71.000,88.875,58.250,35.000,35.223,34.996,43.734,44.512,41.141,52.509,0.287,69.231,5605.120,5206.827,5616.000,5200.000,0.000,,,,2,1789722670.601,100,1
1044.215,88.449,89.453,72.062,80.000,71.000,89.000,75.000,73.000,72.000,83.000,71.000,67.000,89.000,70.000,86.469,58.312,35.000,35.223,34.996,43.730,44.496,41.129,51.624,0.283,68.451,5605.817,5169.517,5616.000,5200.000,0.000,,,,2,1789722671.603,100,1
1045.219,88.379,89.383,72.000,76.000,72.000,80.000,80.000,88.000,79.000,73.000,69.000,67.000,88.000,70.000,86.172,58.250,35.000,35.223,34.996,43.727,44.480,41.125,53.411,0.298,70.888,5605.643,5206.299,5616.000,5200.000,0.000,,,,2,1789722672.606,100,1
1046.220,88.320,89.324,71.875,83.000,71.000,80.000,83.000,72.000,70.000,71.000,86.000,66.000,86.516,70.000,86.516,58.375,35.000,35.211,34.996,43.719,44.465,41.117,48.748,0.281,66.119,5605.381,5206.299,5616.000,5200.000,0.000,,,,2,1789722673.609,100,1
1047.221,88.426,89.508,71.812,75.000,82.000,80.000,75.000,79.000,71.000,97.000,69.000,70.000,97.000,72.000,90.219,58.250,35.000,35.211,34.996,43.715,44.449,41.105,54.268,0.262,70.820,5649.097,5170.854,5616.000,5200.000,0.000,,,,2,1789722674.608,100,1
1048.226,88.344,89.426,71.812,74.000,68.000,87.000,72.000,71.000,84.000,71.000,69.000,67.000,87.000,69.000,85.906,58.312,35.000,35.211,34.996,43.711,44.434,41.098,50.728,0.286,68.595,5603.985,5207.354,5616.000,5200.000,0.000,,,,2,1789722675.614,100,1
1049.229,88.297,89.270,71.812,74.000,69.000,94.000,73.000,71.000,76.000,68.000,92.000,65.000,94.000,70.000,86.781,58.188,35.000,35.211,34.996,43.703,44.418,41.090,50.928,0.266,67.906,5648.742,5170.854,5616.000,5200.000,0.000,,,,2,1789722676.615,100,1
1050.234,88.250,89.125,71.688,75.000,71.000,78.000,90.000,92.000,72.000,72.000,69.000,67.000,92.000,71.000,86.812,58.188,35.000,35.211,34.996,43.699,44.402,41.082,50.489,0.273,67.467,5606.080,5208.258,5616.000,5200.000,0.000,,,,2,1789722677.620,100,1
1051.234,88.172,89.047,71.688,84.000,75.000,76.000,73.000,73.000,72.000,75.000,76.000,68.000,85.719,70.000,85.719,58.125,35.000,35.211,34.996,43.695,44.387,41.074,53.149,0.303,72.043,5649.186,5206.751,5616.000,5200.000,0.000,,,,2,1789722678.624,100,1
1052.238,88.234,89.109,71.625,77.000,70.000,81.000,89.000,69.000,87.000,67.000,67.000,65.000,90.266,70.000,90.266,58.125,35.000,35.211,34.996,43.691,44.371,41.066,50.973,0.259,68.107,5604.945,5206.601,5616.000,5200.000,0.000,,,,2,1789722679.626,100,1
1053.242,88.258,89.133,71.688,76.000,83.000,77.000,74.000,77.000,70.000,90.000,68.000,68.000,90.000,73.000,88.875,58.062,35.000,35.211,34.996,43.684,44.355,41.059,54.217,0.250,70.783,5605.469,5205.697,5616.000,5200.000,0.000,,,,2,1789722680.630,100,1
1054.244,88.180,89.055,71.688,75.000,77.000,74.000,73.000,86.000,68.000,69.000,66.000,66.000,86.000,70.000,85.797,58.125,35.000,35.211,34.996,43.680,44.336,41.047,51.725,0.276,69.455,5605.730,5206.149,5616.000,5200.000,0.000,,,,2,1789722681.634,100,1
1055.248,88.125,89.000,71.500,72.000,71.000,75.000,75.000,86.000,70.000,67.000,67.000,65.000,86.391,71.000,86.391,58.000,35.000,35.211,34.996,43.676,44.324,41.039,50.529,0.246,67.351,5605.469,5205.848,5616.000,5200.000,0.000,,,,2,1789722682.638,100,1
1056.251,87.949,88.824,71.500,73.000,72.000,81.000,78.000,82.000,72.000,76.000,69.000,66.000,82.500,69.000,82.500,58.188,64.000,44.613,34.996,43.672,44.309,41.031,43.679,9.014,70.562,5605.730,5169.443,5616.000,5200.000,0.000,63.000,3.000,0.000,2,1789722683.639,100,1
1057.254,87.688,88.562,71.312,76.000,74.000,72.000,76.000,71.000,69.000,67.000,68.000,65.000,79.656,68.000,79.656,58.312,63.000,51.121,34.996,43.664,44.293,41.027,48.966,2.500,69.024,5649.984,5207.279,5616.000,5200.000,0.000,67.000,20.000,55.000,2,1789722684.641,100,1
1058.259,87.551,88.426,71.125,71.000,69.000,72.000,90.000,90.000,70.000,95.000,67.000,67.000,95.000,69.000,83.281,58.625,63.000,55.809,34.996,43.660,44.281,41.020,44.645,14.827,76.952,5605.381,5204.418,5616.000,5200.000,0.000,63.000,3.000,0.000,2,1789722685.650,100,1
1059.259,87.258,88.133,71.125,69.000,67.000,79.000,70.000,81.000,71.000,68.000,66.000,66.000,81.000,67.000,78.156,58.500,65.000,59.805,34.996,43.656,44.266,41.016,48.275,3.072,68.100,5606.254,5170.482,5616.000,5200.000,0.000,66.000,11.000,12.000,2,1789722686.650,100,1
1060.259,87.016,87.891,70.938,73.000,67.000,71.000,83.000,69.000,69.000,80.000,69.000,66.000,83.000,68.000,79.516,58.938,63.000,61.980,34.996,43.652,44.254,41.016,43.552,13.229,74.740,5606.604,5206.074,5616.000,5200.000,0.000,63.000,3.000,0.000,2,1789722687.648,100,1
1061.261,86.758,87.633,70.750,72.000,70.000,77.000,71.000,68.000,66.000,66.000,65.000,64.000,78.750,68.000,78.750,58.562,66.000,64.449,34.996,43.648,44.238,41.012,44.253,4.001,65.341,5605.905,5208.409,5616.000,5200.000,0.000,66.000,16.000,62.000,2,1789722688.648,100,1
1062.265,86.586,87.461,70.562,72.000,67.000,74.000,73.000,70.000,68.000,80.000,68.000,67.000,81.266,67.000,81.266,58.750,63.000,65.180,34.996,43.645,44.227,41.012,44.924,12.182,74.807,5606.254,5172.042,5616.000,5200.000,0.000,63.000,3.000,0.000,2,1789722689.654,100,1
1063.268,86.297,87.172,70.688,78.000,66.000,74.000,69.000,67.000,65.000,65.000,64.000,64.000,78.000,67.000,77.391,58.562,65.000,66.270,34.996,43.641,44.215,41.012,44.643,4.465,66.156,5605.730,5207.806,5616.000,5200.000,0.000,65.000,7.000,5.000,2,1789722690.657,100,1
1064.268,86.215,87.090,70.438,71.000,68.000,92.000,71.000,72.000,67.000,90.000,65.000,66.000,92.000,69.000,83.641,58.812,63.000,66.328,34.996,43.637,44.203,41.012,42.106,12.190,71.970,5606.167,5171.745,5616.000,5200.000,0.000,63.000,3.000,0.000,2,1789722691.660,100,1
1065.268,86.008,86.883,70.500,72.000,68.000,79.000,70.000,70.000,67.000,66.000,67.000,64.000,79.547,67.000,79.547,58.500,64.000,66.602,34.996,43.637,44.191,41.016,49.614,4.040,70.808,5606.516,5170.928,5616.000,5200.000,0.000,65.000,9.000,8.000,2,1789722692.655,100,1
1066.269,85.863,86.738,70.375,79.000,68.000,77.000,73.000,91.000,70.000,70.000,79.000,66.000,91.000,69.000,81.375,58.938,63.000,66.398,34.996,43.633,44.176,41.016,42.680,13.066,73.695,5607.477,5207.806,5616.000,5200.000,0.000,63.000,3.000,0.000,2,1789722693.656,100,1
1067.272,85.773,86.648,70.312,69.000,66.000,72.000,69.000,80.000,67.000,68.000,66.000,64.000,83.047,67.000,83.047,58.500,65.000,66.828,34.996,43.633,44.168,41.020,51.374,2.666,71.463,5605.556,5207.429,5616.000,5200.000,0.000,66.000,17.000,43.000,2,1789722694.658,100,1
1068.272,85.605,86.480,70.188,72.000,67.000,75.000,76.000,82.000,68.000,70.000,65.000,66.000,82.000,67.000,80.422,58.875,63.000,66.453,34.996,43.629,44.156,41.023,40.483,13.108,70.995,5607.040,5208.032,5616.000,5200.000,0.000,63.000,3.000,0.000,2,1789722695.661,100,1
1069.277,85.441,86.316,70.062,77.000,69.000,77.000,72.000,73.000,71.000,70.000,69.000,65.000,80.297,67.000,80.297,58.625,62.000,66.082,34.996,43.629,44.145,41.027,49.429,2.390,68.920,5605.992,5206.676,5616.000,5200.000,0.000,65.000,5.000,9.000,2,1789722696.664,100,1
1070.278,85.332,86.207,70.125,89.000,67.000,72.000,84.000,66.000,68.000,66.000,66.000,64.000,89.000,67.000,81.938,58.875,63.000,65.777,34.996,43.629,44.133,41.031,41.546,14.803,74.033,5650.161,5187.395,5616.000,5200.000,0.000,63.000,3.000,0.000,2,1789722697.669,100,1
1071.281,85.219,86.094,70.000,74.000,67.000,77.000,70.000,68.000,67.000,67.000,78.000,65.000,81.734,67.000,81.734,58.750,63.000,65.504,34.996,43.629,44.121,41.035,50.161,2.397,69.642,5651.403,5206.525,5616.000,5200.000,0.000,66.000,14.000,68.000,2,1789722698.668,100,1
1072.284,85.008,85.883,70.000,69.000,66.000,76.000,76.000,71.000,67.000,68.000,64.000,64.000,78.500,67.000,78.500,58.875,65.000,65.891,34.996,43.629,44.113,41.043,41.286,12.905,72.186,5606.516,5206.074,5616.000,5200.000,0.000,63.000,3.000,0.000,2,1789722699.673,100,1
1073.286,84.934,85.809,69.750,82.000,74.000,74.000,76.000,74.000,69.000,74.000,71.000,66.000,82.578,69.000,82.578,58.750,62.000,65.605,34.996,43.625,44.102,41.047,48.193,2.663,68.206,5606.516,5171.596,5616.000,5200.000,0.000,64.000,4.000,0.000,2,1789722700.673,100,1
1074.286,84.742,85.617,69.812,81.000,74.000,71.000,70.000,67.000,67.000,69.000,67.000,66.000,81.000,68.000,78.828,59.062,63.000,65.379,34.996,43.629,44.090,41.055,44.029,14.736,76.356,5608.000,5206.224,5616.000,5200.000,0.000,63.000,3.000,0.000,2,1789722701.675,100,1
1075.291,84.668,85.543,69.750,74.000,68.000,77.000,71.000,69.000,67.000,72.000,68.000,66.000,82.312,67.000,82.312,58.750,62.000,65.141,34.996,43.625,44.082,41.062,50.715,2.411,69.760,5607.040,5206.224,5616.000,5200.000,0.000,66.000,26.000,87.000,2,1789722702.677,100,1
1076.294,84.496,85.371,69.750,74.000,74.000,75.000,77.000,76.000,69.000,68.000,66.000,64.000,79.188,69.000,79.188,58.750,65.000,65.219,34.996,43.625,44.070,41.066,38.744,12.184,68.850,5606.865,5206.525,5616.000,5200.000,0.000,63.000,3.000,0.000,2,1789722703.682,100,1
1077.298,84.395,85.270,69.688,71.000,67.000,78.000,70.000,69.000,68.000,78.000,67.000,66.000,81.297,67.000,81.297,58.625,62.000,65.168,34.996,43.625,44.062,41.074,47.500,3.168,67.432,5605.730,5209.238,5616.000,5200.000,0.000,66.000,22.000,90.000,2,1789722704.685,100,1
1078.300,84.188,85.062,69.562,70.000,70.000,72.000,71.000,71.000,72.000,69.000,67.000,65.000,77.766,68.000,77.766,58.875,65.000,65.219,34.996,43.625,44.051,41.082,43.621,12.205,73.945,5651.580,5206.601,5616.000,5200.000,0.000,63.000,3.000,0.000,2,1789722705.687,100,1
1079.304,84.219,85.094,69.438,81.000,74.000,89.000,78.000,81.000,85.000,70.000,70.000,65.000,89.000,71.000,85.234,58.750,62.000,65.168,34.996,43.621,44.043,41.090,46.893,4.687,69.432,5563.970,5207.881,5616.000,5200.000,0.000,63.000,12.000,52.000,2,1789722706.691,100,1
1080.309,84.031,84.906,69.562,73.000,69.000,71.000,70.000,67.000,78.000,67.000,66.000,65.000,78.141,68.000,78.141,58.625,65.000,65.227,34.996,43.625,44.035,41.094,41.489,10.618,69.723,5607.215,5171.151,5616.000,5200.000,0.000,63.000,3.000,0.000,2,1789722707.697,100,1
1081.310,84.051,84.926,69.500,80.000,69.000,73.000,75.000,71.000,84.000,79.000,67.000,67.000,84.641,69.000,84.641,58.812,62.000,65.176,33.996,43.625,44.027,41.098,47.514,5.398,69.645,5607.826,5209.464,5616.000,5200.000,0.000,66.000,26.000,53.000,2,1789722708.697,100,1
1082.314,83.941,84.730,69.312,91.000,70.000,72.000,73.000,69.000,67.000,66.000,82.000,64.000,91.000,70.000,80.594,58.438,64.000,65.191,33.996,43.621,44.020,41.102,38.603,11.048,68.150,5607.302,5172.711,5616.000,5200.000,0.000,63.000,3.000,0.000,2,1789722709.701,100,1
1083.318,83.984,84.746,69.250,77.000,70.000,78.000,75.000,82.000,70.000,80.000,67.000,66.000,84.500,69.000,84.500,58.812,62.000,65.145,33.996,43.625,44.008,41.102,47.925,5.090,69.833,5607.127,5170.037,5616.000,5200.000,0.000,62.000,3.000,0.000,2,1789722710.705,100,1
1084.321,83.699,84.461,69.125,76.000,66.000,70.000,73.000,69.000,68.000,69.000,68.000,64.000,76.000,66.000,74.859,58.375,65.000,65.191,33.996,43.621,44.000,41.102,36.681,9.319,63.697,5607.390,5209.540,5616.000,5200.000,0.000,65.000,11.000,41.000,2,1789722711.708,100,1
1085.322,83.707,84.469,68.938,88.000,79.000,79.000,76.000,88.000,74.000,73.000,74.000,65.000,88.000,70.000,83.969,58.875,62.000,65.141,33.996,43.621,43.992,41.105,42.544,7.673,68.517,5606.778,5172.191,5616.000,5200.000,0.000,62.000,3.000,0.000,2,1789722712.709,100,1
1086.325,83.555,84.316,69.062,77.000,73.000,73.000,79.000,71.000,70.000,68.000,67.000,65.000,79.000,68.000,78.859,58.438,64.000,65.160,33.996,43.625,43.980,41.105,43.378,9.675,70.225,5607.738,5208.937,5616.000,5200.000,0.000,64.000,10.000,29.000,2,1789722713.712,100,1
1087.325,83.559,84.254,68.875,86.000,67.000,74.000,71.000,90.000,68.000,71.000,67.000,67.000,90.000,68.000,83.656,58.812,62.000,65.113,33.996,43.625,43.973,41.105,43.638,7.615,68.845,5608.000,5207.128,5616.000,5200.000,0.000,62.000,3.000,0.000,2,1789722714.713,100,1
1088.326,83.340,84.035,68.750,67.000,68.000,77.000,77.000,64.000,66.000,65.000,63.000,63.000,77.000,67.000,76.609,58.500,65.000,65.148,33.996,43.625,43.965,41.109,41.826,5.058,63.713,5606.953,5207.354,5616.000,5200.000,0.000,64.000,7.000,14.000,2,1789722715.713,100,1
1089.327,83.211,83.906,68.562,83.000,68.000,75.000,70.000,69.000,68.000,80.000,65.000,66.000,83.000,67.000,79.234,58.750,62.000,65.102,33.996,43.625,43.957,41.113,41.504,11.703,70.433,5607.040,5209.992,5616.000,5200.000,0.000,62.000,3.000,0.000,2,1789722716.717,100,1
1090.329,83.062,83.758,68.688,69.000,71.000,71.000,71.000,68.000,65.000,66.000,64.000,64.000,78.500,66.000,78.500,58.500,62.000,65.055,33.996,43.621,43.945,41.113,46.621,2.412,66.678,5606.953,5207.505,5616.000,5200.000,0.000,65.000,13.000,16.000,2,1789722717.716,100,1
1091.332,83.020,83.715,68.625,75.000,72.000,74.000,73.000,71.000,71.000,67.000,73.000,63.000,81.688,69.000,81.688,58.688,63.000,65.043,33.996,43.625,43.938,41.113,42.062,13.636,71.825,5608.525,5208.484,5616.000,5200.000,0.000,62.000,3.000,0.000,2,1789722718.719,100,1
1092.335,82.828,83.523,68.562,68.000,66.000,71.000,69.000,65.000,74.000,65.000,63.000,64.000,76.906,66.000,76.906,58.438,62.000,65.000,33.996,43.621,43.930,41.117,38.453,2.516,58.812,5608.612,5208.786,5616.000,5200.000,0.000,62.000,3.000,0.000,2,1789722719.722,100,1
1093.337,82.629,83.324,68.438,69.000,66.000,70.000,70.000,76.000,65.000,65.000,63.000,64.000,76.438,66.000,76.438,58.062,62.000,64.957,33.996,43.621,43.918,41.121,36.112,2.411,55.784,5608.350,5170.779,5616.000,5200.000,0.000,62.000,3.000,0.000,2,1789722720.725,100,1
1094.342,82.590,83.285,68.125,70.000,67.000,69.000,77.000,66.000,65.000,65.000,68.000,63.000,81.297,67.000,81.297,57.875,61.000,64.887,33.996,43.621,43.910,41.121,36.906,2.410,58.229,5608.263,5188.516,5616.000,5200.000,0.000,61.000,3.000,0.000,2,1789722721.731,100,1
1095.345,82.555,83.250,68.125,76.000,77.000,83.000,71.000,68.000,71.000,67.000,67.000,64.000,83.000,68.000,81.500,57.688,61.000,64.816,33.996,43.621,43.898,41.121,40.844,2.380,60.571,5607.390,5243.457,5616.000,5200.000,0.000,62.000,3.000,0.000,2,1789722722.736,100,1
1096.348,82.391,83.086,67.938,88.000,66.000,69.000,70.000,64.000,66.000,65.000,63.000,64.000,88.000,67.000,77.281,57.562,61.000,64.746,33.996,43.621,43.891,41.121,39.596,2.389,61.515,5607.302,5207.354,5616.000,5200.000,0.000,,,,2,1789722723.736,100,1
1097.352,82.383,83.008,67.875,83.000,67.000,72.000,70.000,91.000,66.000,68.000,64.000,63.000,91.000,67.000,82.188,57.562,35.000,63.871,33.996,43.613,43.871,41.121,37.256,1.338,56.356,5608.438,5207.957,5616.000,5200.000,0.000,,,,2,1789722724.738,100,1
1098.356,82.262,82.824,67.750,84.000,65.000,69.000,70.000,64.000,65.000,65.000,62.000,63.000,84.000,66.000,78.438,57.250,35.000,63.020,33.996,43.609,43.859,41.121,36.788,0.277,54.267,5609.224,5209.841,5616.000,5200.000,0.000,,,,2,1789722725.744,100,1
1099.359,82.098,82.605,67.625,68.000,64.000,88.000,69.000,65.000,65.000,63.000,62.000,62.000,88.000,65.000,77.047,57.062,35.000,62.195,33.996,43.605,43.840,41.113,38.405,0.269,55.584,5653.000,5209.238,5616.000,5200.000,0.000,,,,2,1789722726.746,100,1
1100.359,82.105,82.566,67.438,70.000,66.000,91.000,69.000,67.000,65.000,63.000,62.000,62.000,91.000,66.000,82.141,56.812,35.000,61.398,33.996,43.602,43.824,41.109,37.991,0.264,55.912,5609.137,5189.863,5616.000,5200.000,0.000,,,,2,1789722727.745,100,1
1101.363,81.879,82.340,67.438,70.000,65.000,70.000,69.000,64.000,68.000,62.000,62.000,62.000,74.906,65.000,74.906,56.750,35.000,60.625,33.996,43.598,43.812,41.105,36.302,0.268,53.384,5608.088,5208.560,5616.000,5200.000,0.000,,,,2,1789722728.751,100,1
1102.367,81.691,82.152,67.188,66.000,62.000,67.000,65.000,63.000,71.000,64.000,64.000,62.000,75.891,63.000,75.891,56.500,35.000,59.875,33.996,43.594,43.801,41.098,36.468,0.274,54.007,5608.263,5208.333,5616.000,5200.000,0.000,,,,2,1789722729.754,100,1
1103.368,81.527,81.988,67.188,66.000,64.000,65.000,67.000,63.000,83.000,63.000,62.000,61.000,83.000,64.000,76.500,56.375,35.000,59.148,33.996,43.590,43.785,41.086,34.882,0.273,52.742,5608.962,5208.333,5616.000,5200.000,0.000,,,,2,1789722730.754,100,1
1104.368,81.316,81.777,67.000,67.000,63.000,68.000,65.000,63.000,63.000,78.000,61.000,63.000,78.000,64.000,74.656,56.250,35.000,58.445,33.996,43.582,43.766,41.078,37.004,0.283,54.300,5607.826,5208.710,5616.000,5200.000,0.000,,,,2,1789722731.755,100,1
1105.373,81.125,81.586,66.938,66.000,64.000,70.000,66.000,79.000,63.000,65.000,61.000,62.000,79.000,64.000,75.219,56.188,35.000,57.766,33.996,43.578,43.750,41.070,38.617,0.280,56.602,5608.700,5208.032,5616.000,5200.000,0.000,,,,2,1789722732.762,100,1
1106.378,80.996,81.457,66.812,66.000,67.000,70.000,67.000,83.000,64.000,64.000,61.000,61.000,83.000,65.000,77.062,55.938,35.000,57.105,33.996,43.566,43.730,41.059,36.386,0.276,54.352,5652.645,5206.149,5616.000,5200.000,0.000,,,,2,1789722733.766,100,1
1107.381,80.816,81.277,66.688,66.000,65.000,66.000,81.000,63.000,64.000,63.000,61.000,62.000,81.000,65.000,75.156,55.938,35.000,56.465,33.996,43.559,43.707,41.047,37.335,0.281,54.111,5609.399,5244.908,5616.000,5200.000,0.000,,,,2,1789722734.770,100,1
1108.385,80.617,81.078,66.625,77.000,64.000,68.000,67.000,66.000,63.000,62.000,61.000,61.000,77.000,64.000,74.500,55.812,35.000,55.844,33.996,43.551,43.684,41.031,35.809,0.282,53.527,5608.787,5208.635,5616.000,5200.000,0.000,,,,2,1789722735.773,100,1
1109.385,80.617,81.078,66.438,68.000,67.000,70.000,70.000,83.000,65.000,63.000,67.000,61.000,83.000,66.000,80.594,55.688,35.000,55.246,33.996,43.539,43.660,41.020,39.016,0.278,55.677,5565.776,5206.299,5616.000,5200.000,0.000,,,,2,1789722736.771,100,1
1110.386,80.523,80.984,66.500,71.000,65.000,78.000,69.000,67.000,71.000,76.000,63.000,64.000,78.000,64.000,77.609,55.500,35.000,54.664,33.996,43.527,43.637,41.004,45.722,0.267,62.888,5608.263,5206.450,5616.000,5200.000,0.000,,,,2,1789722737.771,100,1
1111.388,80.395,80.855,66.438,71.000,65.000,78.000,69.000,72.000,66.000,80.000,64.000,64.000,80.000,64.000,76.375,55.500,35.000,54.102,33.996,43.520,43.613,40.984,42.917,0.257,60.050,5609.486,5169.740,5616.000,5200.000,0.000,,,,2,1789722738.775,100,1
1112.393,80.309,80.770,66.562,65.000,64.000,66.000,66.000,63.000,84.000,64.000,66.000,62.000,84.000,64.000,77.641,55.375,35.000,53.555,33.996,43.508,43.590,40.973,43.049,0.302,60.943,5610.186,5207.731,5616.000,5200.000,0.000,,,,2,1789722739.782,100,1
1113.398,80.176,80.637,66.375,65.000,63.000,69.000,67.000,64.000,75.000,63.000,64.000,62.000,76.125,64.000,76.125,55.438,35.000,53.027,33.996,43.496,43.562,40.953,39.384,0.276,56.368,5608.088,5208.258,5616.000,5200.000,0.000,,,,2,1789722740.785,100,1
1114.399,80.027,80.488,66.250,65.000,71.000,69.000,66.000,63.000,63.000,63.000,61.000,62.000,75.359,64.000,75.359,55.375,35.000,52.516,33.996,43.484,43.539,40.934,39.664,0.276,56.829,5652.822,5208.861,5616.000,5200.000,0.000,,,,2,1789722741.786,100,1
1115.403,80.344,80.980,66.312,69.000,64.000,95.000,70.000,68.000,65.000,63.000,62.000,61.000,95.000,65.000,82.578,55.312,35.000,52.020,33.996,43.473,43.512,40.914,37.141,0.278,54.054,5608.700,5171.299,5616.000,5200.000,0.000,,,,2,1789722742.789,100,1
1116.403,80.320,80.895,66.188,68.000,65.000,73.000,82.000,87.000,67.000,66.000,62.000,62.000,87.000,65.000,79.625,55.188,35.000,51.539,33.996,43.461,43.488,40.895,44.691,0.276,60.999,5607.826,5170.854,5616.000,5200.000,0.000,,,,2,1789722743.792,100,1
1117.405,80.375,80.965,66.500,71.000,67.000,79.000,78.000,70.000,68.000,68.000,69.000,64.000,81.125,66.000,81.125,55.125,35.000,51.074,33.996,43.449,43.461,40.875,55.999,0.298,72.909,5609.137,5169.443,5616.000,5200.000,0.000,,,,2,1789722744.792,100,1
1118.409,81.285,82.090,66.562,70.000,66.000,91.000,70.000,87.000,69.000,65.000,65.000,62.000,91.000,66.000,84.016,55.125,35.000,50.625,33.996,43.438,43.434,40.855,46.596,0.278,63.905,5609.486,5207.429,5616.000,5200.000,0.000,,,,2,1789722745.796,100,1
1119.412,81.367,82.117,66.875,81.000,66.000,77.000,85.000,66.000,66.000,64.000,64.000,63.000,85.000,66.000,81.625,55.250,35.000,50.188,33.996,43.422,43.410,40.836,48.886,0.277,65.820,5608.787,5209.012,5616.000,5200.000,0.000,,,,2,1789722746.801,100,1
1120.416,81.332,82.008,66.750,68.000,66.000,68.000,83.000,65.000,82.000,64.000,63.000,63.000,83.000,65.000,80.281,55.250,35.000,49.762,33.996,43.410,43.383,40.812,48.803,0.271,65.870,5608.612,5191.060,5616.000,5200.000,0.000,,,,2,1789722747.803,100,1
1121.421,81.695,82.707,66.812,73.000,66.000,77.000,70.000,74.000,83.000,79.000,67.000,63.000,85.734,65.000,85.734,55.312,35.000,49.355,33.996,43.395,43.359,40.793,49.539,0.245,66.197,5609.661,5208.409,5608.000,5193.000,0.000,,,,2,1789722748.809,100,1
1122.436,81.648,82.660,66.875,74.000,66.000,69.000,80.000,66.000,71.000,65.000,63.000,63.000,80.297,66.000,80.297,55.312,35.000,48.957,33.996,43.383,43.332,40.773,49.058,0.265,65.855,5609.137,5208.786,5594.000,5180.000,0.000,,,,2,1789722749.856,76,1
1123.439,81.320,82.332,66.625,69.000,66.000,72.000,72.000,71.000,79.000,63.000,63.000,63.000,79.000,66.000,71.062,55.500,61.000,53.238,33.996,43.371,43.305,40.750,28.468,8.683,55.569,5608.787,5188.965,5580.000,5167.000,0.000,65.000,25.000,71.000,2,1789722750.828,100,1
1124.444,81.270,82.281,66.562,69.000,65.000,74.000,69.000,83.000,67.000,69.000,71.000,63.000,83.000,65.000,79.766,55.875,63.000,56.977,33.996,43.359,43.281,40.730,43.243,13.417,74.382,5608.700,5188.965,5567.000,5155.000,0.000,63.000,21.000,52.000,2,1789722751.831,100,1
1125.448,81.113,82.125,66.438,70.000,67.000,71.000,68.000,68.000,64.000,76.000,62.000,63.000,76.281,65.000,76.281,56.250,61.000,59.000,33.996,43.348,43.258,40.715,38.698,15.276,71.649,5587.893,5136.400,5555.000,5144.000,0.000,63.000,18.000,39.000,2,1789722752.835,100,1
1126.452,80.922,81.934,66.250,67.000,67.000,70.000,72.000,70.000,65.000,65.000,62.000,62.000,74.969,66.000,74.969,56.625,63.000,61.066,33.996,43.336,43.238,40.699,38.908,16.125,72.297,5590.236,5154.049,5543.000,5133.000,0.000,63.000,11.000,40.000,2,1789722753.841,100,1
1127.455,80.863,81.875,66.250,85.000,69.000,70.000,71.000,66.000,67.000,65.000,63.000,62.000,85.000,67.000,79.062,56.812,64.000,62.832,33.996,43.324,43.215,40.684,39.919,17.418,75.182,5545.457,5155.082,5531.000,5122.000,0.000,61.000,3.000,0.000,2,1789722754.843,100,1
1128.459,80.734,81.746,66.312,70.000,65.000,69.000,77.000,66.000,66.000,64.000,62.000,63.000,77.000,64.000,76.688,56.750,60.000,62.754,33.996,43.312,43.195,40.672,39.712,6.415,64.923,5545.457,5117.198,5519.000,5111.000,0.000,60.000,3.000,0.000,2,1789722755.846,100,1
1129.460,80.523,81.535,66.062,68.000,65.000,73.000,74.000,66.000,67.000,64.000,62.000,62.000,74.062,65.000,74.062,56.250,60.000,62.633,33.996,43.305,43.176,40.664,36.083,2.378,56.226,5546.483,5115.816,5509.000,5101.000,0.000,61.000,3.000,0.000,2,1789722756.848,100,1
1130.463,80.930,82.367,66.062,70.000,65.000,97.000,70.000,68.000,66.000,63.000,62.000,62.000,97.000,65.000,86.219,56.000,60.000,62.484,33.996,43.297,43.156,40.652,38.591,2.386,58.174,5526.049,5118.435,5498.000,5091.000,0.000,60.000,3.000,0.000,2,1789722757.850,100,1
1131.467,80.754,82.191,66.000,70.000,64.000,75.000,69.000,65.000,64.000,64.000,61.000,62.000,75.328,64.000,75.328,55.875,59.000,62.176,33.996,43.285,43.137,40.641,36.754,2.377,56.335,5525.710,5083.094,5486.000,5080.000,0.000,60.000,3.000,0.000,2,1789722758.858,100,1
1132.471,80.543,81.980,65.812,75.000,65.000,68.000,69.000,63.000,63.000,62.000,61.000,62.000,75.000,64.000,74.000,55.688,59.000,61.898,33.996,43.277,43.117,40.633,35.599,2.381,55.188,5525.710,5119.090,5475.000,5070.000,0.000,59.000,3.000,0.000,2,1789722759.858,100,1
1133.476,80.492,81.930,65.562,67.000,64.000,87.000,70.000,64.000,66.000,62.000,63.000,61.000,87.000,65.000,78.984,55.625,59.000,61.648,33.996,43.266,43.102,40.625,35.609,2.370,55.197,5442.259,5048.734,5465.000,5061.000,0.000,,,,2,1789722760.863,100,1
1134.476,80.266,81.703,65.625,66.000,62.000,72.000,68.000,62.000,62.000,61.000,60.000,61.000,73.266,63.000,73.266,55.438,35.000,60.883,33.996,43.258,43.082,40.613,36.266,1.340,54.583,5462.077,5046.328,5455.000,5051.000,0.000,,,,2,1789722761.862,100,1
1135.480,80.094,81.531,65.438,67.000,66.000,70.000,67.000,71.000,64.000,79.000,70.000,63.000,79.000,64.000,74.750,55.438,35.000,60.141,33.996,43.246,43.062,40.602,36.260,0.297,53.884,5443.411,5047.885,5443.000,5040.000,0.000,,,,2,1789722762.868,100,1
1136.484,80.031,81.469,65.500,66.000,64.000,67.000,83.000,63.000,64.000,62.000,60.000,61.000,83.000,64.000,78.094,55.188,35.000,59.418,33.996,43.238,43.047,40.590,35.428,0.291,52.626,5442.588,5048.451,5433.000,5031.000,0.000,,,,2,1789722763.870,100,1
1137.489,79.789,81.227,65.312,64.000,62.000,66.000,67.000,70.000,64.000,61.000,60.000,61.000,72.234,63.000,72.234,55.062,35.000,58.723,33.996,43.227,43.023,40.574,35.359,0.277,52.583,5443.823,5013.160,5420.000,5019.000,0.000,,,,2,1789722764.875,100,1
1138.493,79.562,81.000,65.188,71.000,62.000,68.000,65.000,62.000,61.000,62.000,61.000,61.000,72.516,62.000,72.516,54.938,35.000,58.047,33.996,43.215,43.004,40.566,34.328,0.291,51.571,5403.053,5013.299,5408.000,5008.000,0.000,,,,2,1789722765.879,100,1
1139.497,79.566,81.004,65.000,72.000,63.000,78.000,67.000,69.000,64.000,67.000,61.000,62.000,79.672,63.000,79.672,54.875,35.000,57.391,33.996,43.207,42.984,40.547,35.824,0.282,52.880,5402.080,4997.224,5396.000,4997.000,0.000,,,,2,1789722766.885,100,1
1140.501,79.531,80.969,65.125,77.000,66.000,72.000,69.000,65.000,73.000,63.000,63.000,62.000,78.453,66.000,78.453,54.750,35.000,56.758,33.996,43.195,42.961,40.535,38.825,0.469,56.594,5401.837,4996.600,5383.000,4985.000,0.000,,,,2,1789722767.888,100,1
1141.501,79.512,80.949,65.188,68.000,67.000,77.000,69.000,67.000,70.000,64.000,63.000,62.000,78.969,64.000,78.969,54.938,61.000,56.953,33.996,43.184,42.941,40.520,45.244,12.110,75.174,5401.999,4994.866,5371.000,4974.000,0.000,62.000,21.000,31.000,2,1789722768.887,100,1
1142.505,79.500,80.938,65.125,70.000,66.000,72.000,72.000,81.000,66.000,69.000,64.000,62.000,81.000,66.000,79.172,55.625,61.000,58.738,33.996,43.172,42.922,40.508,40.956,15.502,73.930,5381.568,4995.074,5361.000,4964.000,0.000,63.000,21.000,84.000,2,1789722769.892,100,1
1143.508,79.367,80.805,65.125,69.000,66.000,76.000,71.000,69.000,65.000,68.000,64.000,63.000,76.000,65.000,75.188,55.875,61.000,60.000,33.996,43.164,42.902,40.496,40.104,15.346,72.372,5381.166,5013.648,5349.000,4953.000,0.000,62.000,9.000,28.000,2,1789722770.895,100,1
1144.509,79.270,80.707,65.125,69.000,65.000,79.000,69.000,67.000,68.000,68.000,67.000,63.000,79.000,65.000,76.219,56.188,63.000,61.527,33.996,43.152,42.887,40.488,40.809,15.990,75.198,5381.488,4962.984,5338.000,4943.000,0.000,63.000,17.000,24.000,2,1789722771.900,100,1
1145.511,79.227,80.664,65.188,70.000,66.000,82.000,69.000,65.000,65.000,63.000,62.000,61.000,82.000,65.000,77.891,56.500,63.000,62.594,33.996,43.145,42.867,40.480,39.751,17.397,74.177,5342.277,4977.738,5326.000,4932.000,0.000,62.000,12.000,47.000,2,1789722772.898,100,1
1146.514,79.098,80.535,65.188,70.000,65.000,71.000,69.000,70.000,68.000,66.000,64.000,63.000,75.141,65.000,75.141,56.500,62.000,63.000,33.996,43.137,42.852,40.473,41.927,13.884,72.807,5342.832,4945.327,5316.000,4923.000,0.000,63.000,21.000,68.000,2,1789722773.901,100,1
1147.518,79.004,80.441,65.250,75.000,70.000,72.000,70.000,73.000,67.000,69.000,65.000,63.000,76.078,67.000,76.078,56.562,61.000,62.926,33.996,43.129,42.836,40.469,41.997,12.264,72.000,5342.990,4929.616,5306.000,4913.000,0.000,62.000,9.000,16.000,2,1789722774.906,100,1
1148.519,78.941,80.379,65.125,70.000,68.000,74.000,70.000,73.000,70.000,75.000,64.000,63.000,77.016,66.000,77.016,56.562,63.000,63.477,33.996,43.121,42.820,40.465,39.412,14.883,71.535,5323.396,4930.156,5296.000,4904.000,0.000,61.000,3.000,0.000,2,1789722775.907,100,1
1149.524,78.902,80.340,65.250,70.000,73.000,71.000,70.000,78.000,68.000,65.000,65.000,63.000,78.000,66.000,77.641,56.688,61.000,63.242,33.996,43.113,42.809,40.461,42.015,12.577,71.007,5324.341,4928.469,5287.000,4896.000,0.000,64.000,15.000,13.000,2,1789722776.911,100,1
1150.527,78.777,80.215,65.250,70.000,65.000,70.000,73.000,69.000,72.000,68.000,62.000,63.000,74.922,65.000,74.922,57.000,63.000,63.625,33.996,43.105,42.793,40.457,40.355,14.488,72.896,5323.711,4928.401,5276.000,4886.000,0.000,62.000,16.000,71.000,2,1789722777.913,100,1
1151.530,78.844,80.281,65.438,85.000,68.000,79.000,75.000,70.000,69.000,69.000,73.000,63.000,85.000,68.000,80.641,57.062,61.000,63.402,33.996,43.098,42.781,40.457,43.694,13.105,73.581,5285.723,4897.026,5268.000,4878.000,0.000,63.000,9.000,17.000,2,1789722778.918,100,1
1152.534,78.746,80.184,65.250,73.000,70.000,71.000,77.000,70.000,66.000,69.000,63.000,64.000,77.000,66.000,75.734,57.312,63.000,63.672,33.996,43.090,42.766,40.453,39.525,15.441,73.294,5285.723,4895.894,5258.000,4869.000,0.000,63.000,10.000,35.000,2,1789722779.922,100,1
1153.538,78.707,80.145,65.438,76.000,65.000,69.000,69.000,69.000,75.000,66.000,63.000,64.000,77.578,65.000,77.578,57.438,65.000,64.488,33.996,43.086,42.754,40.457,41.980,13.570,73.246,5304.883,4864.010,5249.000,4861.000,0.000,65.000,22.000,77.000,2,1789722780.924,100,1
1154.542,79.051,80.898,65.625,79.000,67.000,76.000,79.000,71.000,69.000,66.000,72.000,63.000,84.578,67.000,84.578,57.625,64.000,64.730,33.996,43.082,42.746,40.457,41.595,16.456,75.510,5267.239,4864.273,5242.000,4854.000,0.000,65.000,21.000,85.000,2,1789722781.929,100,1
1155.547,79.043,80.707,65.438,71.000,66.000,84.000,76.000,72.000,68.000,69.000,65.000,66.000,84.000,66.000,78.812,57.750,62.000,64.523,33.996,43.074,42.734,40.461,40.817,15.170,72.047,5267.085,4863.419,5233.000,4846.000,0.000,65.000,19.000,79.000,2,1789722782.934,100,1
1156.547,79.027,80.523,65.438,71.000,66.000,71.000,77.000,82.000,67.000,68.000,64.000,64.000,82.000,66.000,78.594,57.750,63.000,64.371,33.996,43.070,42.723,40.465,41.469,16.088,73.581,5230.125,4881.290,5225.000,4838.000,0.000,65.000,19.000,32.000,2,1789722783.934,100,1
1157.551,79.328,80.887,65.625,82.000,68.000,71.000,70.000,71.000,71.000,66.000,71.000,64.000,82.000,68.000,81.438,58.062,64.000,64.559,33.996,43.066,42.715,40.465,40.302,16.492,74.532,5228.530,4848.224,5217.000,4831.000,0.000,62.000,4.000,0.000,2,1789722784.939,100,1
1158.555,79.234,80.793,65.562,71.000,68.000,76.000,70.000,69.000,66.000,68.000,70.000,64.000,76.328,67.000,76.328,58.062,65.000,64.996,33.996,43.059,42.707,40.473,41.547,14.687,75.197,5227.999,4848.028,5211.000,4825.000,0.000,67.000,22.000,48.000,2,1789722785.943,100,1
1159.558,79.172,80.730,65.750,68.000,66.000,72.000,70.000,67.000,75.000,64.000,63.000,64.000,77.328,66.000,77.328,58.062,65.000,65.289,33.996,43.055,42.699,40.480,46.561,13.629,78.337,5228.986,4847.375,5203.000,4818.000,0.000,70.000,36.000,66.000,2,1789722786.947,100,1
1160.563,79.312,80.871,65.688,71.000,66.000,84.000,70.000,70.000,67.000,66.000,65.000,63.000,84.000,67.000,83.031,58.375,64.000,65.160,33.996,43.051,42.695,40.484,42.026,15.155,76.618,5227.771,4786.279,5198.000,4813.000,0.000,65.000,17.000,27.000,2,1789722787.951,100,1
1161.568,79.285,80.844,65.875,78.000,67.000,72.000,69.000,69.000,66.000,78.000,67.000,65.000,78.453,67.000,78.453,58.375,63.000,65.012,33.996,43.051,42.688,40.492,41.645,16.548,75.503,5191.359,4786.025,5190.000,4806.000,0.000,62.000,3.000,0.000,2,1789722788.955,100,1
1162.570,79.234,80.793,65.875,68.000,68.000,69.000,81.000,67.000,67.000,68.000,65.000,65.000,81.000,67.000,77.656,58.188,62.000,64.949,33.996,43.047,42.680,40.500,46.586,2.801,66.577,5191.734,4817.149,5184.000,4800.000,0.000,61.000,3.000,0.000,2,1789722789.959,100,1
1163.575,79.258,80.816,66.000,70.000,66.000,69.000,70.000,66.000,80.000,66.000,64.000,64.000,80.000,66.000,79.984,57.625,61.000,64.859,33.996,43.047,42.676,40.508,38.616,2.412,58.453,5152.794,4800.256,5178.000,4795.000,0.000,61.000,3.000,0.000,2,1789722790.962,100,1
1164.579,79.219,80.777,65.875,69.000,69.000,73.000,74.000,77.000,69.000,68.000,65.000,65.000,78.031,66.000,78.031,57.562,61.000,64.770,33.996,43.047,42.668,40.512,41.618,2.407,60.500,5172.637,4801.665,5171.000,4788.000,0.000,62.000,3.000,0.000,2,1789722791.966,100,1
1165.584,79.184,80.742,66.000,70.000,66.000,77.000,70.000,69.000,66.000,65.000,63.000,63.000,78.094,66.000,78.094,57.250,61.000,64.688,33.996,43.043,42.660,40.516,43.209,2.410,64.724,5210.067,4802.369,5163.000,4781.000,0.000,61.000,3.000,0.000,2,1789722792.971,100,1
1166.588,79.301,80.859,66.125,85.000,69.000,72.000,71.000,67.000,68.000,64.000,63.000,63.000,85.000,67.000,82.531,57.250,61.000,64.602,33.996,43.043,42.660,40.523,36.746,2.407,58.266,5172.860,4768.591,5160.000,4778.000,0.000,,,,2,1789722793.975,100,1
1167.593,79.242,81.230,65.938,72.000,66.000,72.000,69.000,81.000,66.000,67.000,64.000,64.000,81.000,66.000,77.484,57.000,35.000,63.711,33.996,43.039,42.652,40.531,37.711,1.634,56.443,5171.374,4801.665,5152.000,4771.000,0.000,,,,2,1789722794.979,100,1
1168.597,79.164,81.152,65.812,74.000,75.000,71.000,69.000,64.000,66.000,71.000,63.000,65.000,76.688,67.000,76.688,56.938,35.000,62.844,33.996,43.039,42.645,40.531,36.652,0.283,53.468,5136.473,4770.992,5145.000,4764.000,0.000,,,,2,1789722795.986,100,1
1169.602,79.676,81.770,65.875,90.000,67.000,72.000,70.000,66.000,66.000,65.000,63.000,62.000,90.000,67.000,82.750,56.688,35.000,62.008,33.996,43.035,42.641,40.535,39.709,0.284,57.267,5099.295,4770.613,5139.000,4759.000,0.000,,,,2,1789722796.988,100,1
1170.602,79.648,81.535,65.812,70.000,67.000,70.000,73.000,64.000,80.000,63.000,64.000,64.000,80.000,67.000,78.906,56.562,35.000,61.195,33.996,43.035,42.633,40.539,38.467,0.275,55.591,5135.447,4770.613,5132.000,4752.000,0.000,,,,2,1789722797.989,100,1
1171.607,79.555,81.441,65.688,67.000,74.000,70.000,69.000,63.000,64.000,65.000,61.000,63.000,76.609,67.000,76.609,56.625,35.000,60.410,33.996,43.031,42.629,40.539,40.239,0.263,58.205,5136.986,4755.112,5126.000,4747.000,0.000,,,,2,1789722798.995,100,1
1172.608,79.629,81.516,65.812,74.000,67.000,70.000,71.000,82.000,66.000,63.000,68.000,62.000,82.000,67.000,81.938,56.375,35.000,59.648,33.996,43.027,42.617,40.539,38.621,0.262,55.816,5136.473,4754.860,5118.000,4739.000,0.000,,,,2,1789722799.995,100,1
1173.612,79.605,81.492,65.812,70.000,69.000,68.000,68.000,71.000,65.000,64.000,62.000,63.000,78.812,65.000,78.812,56.250,35.000,58.910,33.996,43.023,42.613,40.535,40.170,0.258,57.315,5099.583,4725.277,5111.000,4733.000,0.000,,,,2,1789722800.997,100,1
1174.616,79.469,81.355,65.875,71.000,65.000,67.000,68.000,65.000,68.000,63.000,62.000,63.000,75.297,64.000,75.297,56.188,35.000,58.195,33.996,43.020,42.605,40.531,38.914,0.261,56.443,5154.492,4724.286,5105.000,4727.000,0.000,,,,2,1789722802.002,100,1
1175.620,79.496,81.383,65.812,68.000,66.000,68.000,69.000,65.000,64.000,89.000,63.000,64.000,89.000,66.000,80.172,56.125,35.000,57.500,33.996,43.012,42.594,40.527,36.771,0.271,53.366,5117.562,4708.898,5095.000,4718.000,0.000,,,,2,1789722803.006,100,1
1176.624,79.371,81.258,65.812,71.000,66.000,75.000,70.000,66.000,67.000,63.000,62.000,62.000,75.562,65.000,75.562,56.062,35.000,56.832,33.996,43.008,42.586,40.523,36.005,0.273,52.996,5116.834,4708.837,5087.000,4711.000,0.000,,,,2,1789722804.011,100,1
1177.626,79.258,81.145,65.625,68.000,64.000,69.000,67.000,75.000,66.000,65.000,61.000,62.000,75.719,64.000,75.719,55.875,35.000,56.180,33.996,43.000,42.578,40.516,34.928,0.278,51.999,5082.018,4724.720,5080.000,4704.000,0.000,,,,2,1789722805.014,100,1
1178.630,79.301,81.188,65.562,67.000,69.000,68.000,69.000,81.000,65.000,65.000,61.000,61.000,81.000,66.000,80.625,55.812,35.000,55.551,33.996,42.996,42.570,40.512,36.531,0.282,53.441,5117.635,4694.713,5073.000,4698.000,0.000,,,,2,1789722806.017,100,1
1179.635,79.184,81.070,65.438,72.000,66.000,69.000,70.000,63.000,77.000,61.000,62.000,62.000,77.000,65.000,75.609,55.625,35.000,54.941,33.996,42.988,42.559,40.504,35.310,0.272,52.028,5081.014,4710.316,5064.000,4689.000,0.000,,,,2,1789722807.021,100,1
1180.638,79.109,80.996,65.375,79.000,68.000,69.000,70.000,73.000,63.000,63.000,61.000,62.000,79.000,67.000,76.734,55.500,35.000,54.352,33.996,42.980,42.547,40.496,37.817,0.258,54.746,5099.800,4693.734,5055.000,4681.000,0.000,,,,2,1789722808.024,100,1
1181.639,79.133,80.867,65.438,68.000,65.000,89.000,69.000,64.000,64.000,62.000,62.000,61.000,89.000,64.000,79.500,55.375,35.000,53.777,33.996,42.973,42.535,40.484,36.476,0.269,53.276,5063.647,4695.142,5045.000,4672.000,0.000,,,,2,1789722809.028,100,1
1182.640,79.086,80.820,65.438,79.000,66.000,76.000,69.000,63.000,64.000,62.000,63.000,62.000,79.000,66.000,77.641,55.188,35.000,53.223,33.996,42.965,42.527,40.477,37.504,0.266,53.972,5064.573,4663.152,5038.000,4665.000,0.000,,,,2,1789722810.027,100,1
1183.642,78.961,80.695,65.438,72.000,67.000,68.000,71.000,64.000,63.000,63.000,61.000,62.000,75.094,65.000,75.094,55.250,35.000,52.688,33.996,42.957,42.512,40.465,38.333,0.276,55.550,5029.619,4694.897,5027.000,4655.000,0.000,,,,2,1789722811.031,100,1
1184.647,79.055,80.789,65.250,84.000,64.000,70.000,67.000,70.000,64.000,66.000,62.000,61.000,84.000,64.000,81.984,55.062,35.000,52.164,33.996,42.949,42.504,40.457,36.897,0.262,53.660,5028.986,4691.899,5019.000,4648.000,0.000,,,,2,1789722812.035,100,1
1185.651,78.992,80.727,65.312,67.000,63.000,67.000,66.000,67.000,67.000,72.000,62.000,64.000,77.094,63.000,77.094,54.938,35.000,51.660,33.996,42.941,42.488,40.445,38.485,0.265,54.709,5012.043,4633.443,5009.000,4638.000,0.000,,,,2,1789722813.037,100,1
1186.656,78.922,80.656,65.188,69.000,65.000,67.000,71.000,64.000,63.000,62.000,70.000,62.000,76.766,65.000,76.766,55.000,35.000,51.172,33.996,42.934,42.477,40.430,37.416,0.262,54.135,5011.206,4619.589,4999.000,4629.000,0.000,,,,2,1789722814.042,100,1
1187.660,78.973,80.707,65.125,84.000,65.000,69.000,71.000,65.000,65.000,62.000,61.000,61.000,84.000,65.000,80.531,54.938,35.000,50.699,33.996,42.922,42.465,40.418,37.149,0.257,53.984,4977.463,4648.520,4990.000,4621.000,0.000,,,,2,1789722815.046,100,1
1188.664,78.902,80.637,65.250,75.000,66.000,79.000,69.000,65.000,65.000,65.000,62.000,63.000,79.000,65.000,76.734,54.875,35.000,50.242,33.996,42.914,42.449,40.402,38.356,0.269,54.606,4995.074,4619.234,4978.000,4610.000,0.000,,,,2,1789722816.051,100,1
1189.664,78.840,80.574,65.125,83.000,67.000,71.000,70.000,64.000,65.000,62.000,61.000,62.000,83.000,66.000,76.859,54.812,35.000,49.797,33.996,42.902,42.438,40.391,37.350,0.283,53.949,4959.907,4590.724,4970.000,4602.000,0.000,,,,2,1789722817.053,100,1
1190.668,78.926,80.660,65.125,66.000,64.000,70.000,67.000,63.000,74.000,61.000,62.000,60.000,81.422,64.000,81.422,54.750,35.000,49.367,33.996,42.895,42.426,40.375,38.027,0.263,54.947,4960.317,4634.576,4960.000,4593.000,0.000,,,,2,1789722818.054,100,1
1191.669,78.793,80.766,65.125,67.000,66.000,67.000,75.000,63.000,65.000,62.000,62.000,61.000,75.000,65.000,74.688,54.812,35.000,48.949,33.996,42.883,42.410,40.363,37.182,0.261,53.427,4959.907,4605.053,4949.000,4583.000,0.000,,,,2,1789722819.056,100,1
1192.673,78.723,80.695,64.938,77.000,67.000,68.000,70.000,64.000,68.000,61.000,63.000,62.000,77.000,66.000,76.531,54.625,35.000,48.547,33.996,42.875,42.398,40.348,39.873,0.274,56.410,4961.274,4605.053,4939.000,4574.000,0.000,,,,2,1789722820.059,100,1
1193.677,78.691,80.664,65.125,75.000,67.000,70.000,78.000,64.000,65.000,62.000,69.000,60.000,78.000,65.000,77.797,54.625,35.000,48.156,33.996,42.863,42.383,40.332,39.235,0.268,55.973,4944.036,4575.903,4929.000,4564.000,0.000,,,,2,1789722821.063,100,1
1194.680,78.535,80.508,64.875,71.000,71.000,78.000,70.000,65.000,65.000,64.000,62.000,62.000,78.000,66.000,73.656,54.625,35.000,47.777,33.996,42.852,42.367,40.316,38.409,0.290,55.440,4910.386,4577.299,4917.000,4553.000,0.000,,,,2,1789722822.067,100,1
1195.683,78.426,80.398,65.125,78.000,67.000,71.000,70.000,66.000,65.000,63.000,62.000,62.000,78.000,65.000,75.109,54.500,35.000,47.410,33.996,42.840,42.355,40.301,37.075,0.277,53.590,4910.787,4564.242,4908.000,4545.000,0.000,,,,2,1789722823.071,100,1
1196.688,78.391,80.363,65.062,69.000,66.000,70.000,69.000,86.000,84.000,64.000,64.000,61.000,86.000,65.000,77.234,54.438,35.000,47.055,33.996,42.828,42.340,40.285,38.967,0.286,55.374,4911.390,4561.292,4896.000,4534.000,0.000,,,,2,1789722824.075,100,1
1197.691,78.285,80.258,65.062,73.000,74.000,71.000,75.000,68.000,67.000,65.000,64.000,62.000,75.031,66.000,75.031,54.375,35.000,46.711,33.996,42.816,42.324,40.266,41.961,0.279,58.491,4911.726,4561.812,4885.000,4524.000,0.000,,,,2,1789722825.078,100,1
1198.694,78.266,80.238,65.375,69.000,71.000,69.000,69.000,68.000,64.000,71.000,62.000,63.000,77.656,66.000,77.656,54.562,35.000,46.320,33.996,42.809,42.312,40.250,54.384,0.295,70.944,4926.715,4533.263,4876.000,4515.000,0.000,,,,2,1789722826.082,100,1
1199.697,79.562,81.727,65.375,67.000,64.000,69.000,68.000,92.000,66.000,67.000,62.000,61.000,92.000,64.000,83.453,54.562,35.000,45.996,33.996,42.793,42.301,40.234,38.434,0.285,54.843,4895.096,4506.534,4866.000,4506.000,0.000,,,,2,1789722827.084,100,1
1200.700,79.477,81.641,65.312,69.000,71.000,67.000,75.000,63.000,63.000,61.000,61.000,62.000,76.828,67.000,76.828,54.500,35.000,45.684,33.996,42.781,42.285,40.219,39.470,0.264,55.986,4895.761,4506.140,4854.000,4495.000,0.000,,,,2,1789722828.087,100,1
1201.704,79.305,81.469,65.312,69.000,64.000,69.000,75.000,63.000,63.000,61.000,60.000,62.000,75.000,64.000,74.078,54.500,35.000,45.383,33.996,42.770,42.270,40.199,36.413,0.264,52.781,4862.434,4478.782,4843.000,4485.000,0.000,,,,2,1789722829.091,100,1
1202.708,79.461,81.691,65.125,68.000,65.000,69.000,70.000,64.000,64.000,87.000,62.000,63.000,87.000,65.000,82.312,54.375,35.000,45.086,33.996,42.758,42.254,40.184,38.151,0.261,54.641,4845.548,4492.924,4831.000,4474.000,0.000,,,,2,1789722830.096,100,1
1203.710,79.398,81.629,65.125,68.000,64.000,73.000,69.000,64.000,73.000,62.000,61.000,62.000,77.469,64.000,77.469,54.375,35.000,44.801,33.996,42.746,42.238,40.164,38.787,0.260,55.262,4845.679,4465.726,4821.000,4464.000,0.000,,,,2,1789722831.098,100,1
1204.714,79.250,81.480,64.938,67.000,65.000,78.000,67.000,76.000,65.000,64.000,63.000,62.000,78.000,63.000,74.672,54.500,35.000,44.527,33.996,42.738,42.227,40.148,37.638,0.274,54.116,4845.222,4439.621,4811.000,4455.000,0.000,,,,2,1789722832.101,100,1
1205.717,79.289,81.520,65.062,69.000,81.000,74.000,70.000,64.000,65.000,62.000,61.000,61.000,81.000,68.000,80.531,54.312,35.000,44.258,33.996,42.727,42.211,40.129,36.585,0.265,52.955,4813.800,4437.432,4799.000,4444.000,0.000,,,,2,1789722833.103,100,1
1206.717,79.109,81.340,65.000,67.000,65.000,71.000,65.000,65.000,65.000,61.000,61.000,61.000,73.562,63.000,73.562,54.375,35.000,44.000,33.996,42.711,42.199,40.113,36.276,0.283,52.449,4813.285,4465.560,4789.000,4435.000,0.000,,,,2,1789722834.103,100,1
1207.719,78.918,81.148,64.875,65.000,67.000,73.000,66.000,64.000,62.000,62.000,60.000,61.000,73.016,63.000,73.016,54.375,35.000,43.750,33.996,42.699,42.184,40.094,34.882,0.277,51.521,4781.829,4426.792,4777.000,4424.000,0.000,,,,2,1789722835.106,100,1
1208.720,78.887,81.117,64.875,65.000,64.000,65.000,65.000,62.000,77.000,61.000,63.000,60.000,77.844,63.000,77.844,54.250,35.000,43.461,33.996,42.688,42.172,40.078,35.690,0.264,52.292,4781.003,4427.391,4768.000,4415.000,0.000,,,,2,1789722836.106,100,1
1209.720,78.742,80.973,64.688,66.000,62.000,67.000,67.000,69.000,62.000,61.000,60.000,61.000,74.219,62.000,74.219,54.125,35.000,43.227,33.996,42.676,42.156,40.062,34.857,0.265,51.246,4766.507,4439.292,4756.000,4404.000,0.000,,,,2,1789722837.106,100,1
1210.720,78.629,80.859,64.688,73.000,65.000,79.000,67.000,63.000,62.000,61.000,60.000,61.000,79.000,64.000,75.219,54.062,35.000,42.996,33.996,42.664,42.141,40.047,36.608,0.268,53.351,4766.570,4415.606,4744.000,4393.000,0.000,,,,2,1789722838.108,100,1
1211.725,78.816,81.047,64.625,69.000,66.000,68.000,87.000,63.000,66.000,61.000,60.000,61.000,87.000,65.000,82.984,54.000,35.000,42.777,33.996,42.652,42.129,40.027,38.334,0.263,54.492,4765.309,4385.912,4734.000,4384.000,0.000,,,,2,1789722839.113,100,1
1212.728,78.730,80.738,64.562,70.000,65.000,70.000,68.000,82.000,63.000,63.000,61.000,62.000,82.000,64.000,76.188,54.000,35.000,42.562,33.996,42.641,42.113,40.012,37.473,0.259,54.347,4734.786,4388.050,4722.000,4373.000,0.000,,,,2,1789722840.119,100,1
1213.733,78.594,80.602,64.625,65.000,66.000,65.000,65.000,70.000,62.000,61.000,60.000,61.000,74.266,63.000,74.266,54.000,35.000,42.355,32.996,42.629,42.102,39.988,38.505,0.269,54.310,4751.346,4348.036,4713.000,4364.000,0.000,,,,2,1789722841.121,100,1
1214.738,79.582,81.586,64.688,89.000,66.000,72.000,69.000,64.000,63.000,61.000,61.000,61.000,89.000,65.000,81.562,54.000,35.000,42.152,32.996,42.617,42.086,39.965,36.957,0.259,53.560,4720.197,4359.779,4701.000,4353.000,0.000,,,,2,1789722842.125,100,1
1215.742,79.484,81.488,64.500,67.000,64.000,68.000,67.000,63.000,62.000,62.000,69.000,62.000,76.516,63.000,76.516,53.812,35.000,41.961,32.996,42.605,42.074,39.941,38.726,0.256,55.201,4720.383,4358.248,4691.000,4344.000,0.000,,,,2,1789722843.129,100,1
1216.747,79.473,81.477,64.500,76.000,64.000,68.000,67.000,72.000,63.000,61.000,61.000,61.000,79.172,63.000,79.172,53.938,35.000,41.770,32.996,42.594,42.059,39.918,39.287,0.277,55.912,4688.110,4335.939,4679.000,4333.000,0.000,,,,2,1789722844.135,100,1
1217.750,79.555,81.559,64.562,67.000,65.000,68.000,70.000,82.000,66.000,62.000,61.000,61.000,82.000,64.000,81.656,53.938,35.000,41.590,32.996,42.582,42.043,39.895,38.296,0.250,55.006,4659.651,4334.007,4667.000,4322.000,0.000,,,,2,1789722845.136,100,1
1218.755,79.527,81.531,64.625,68.000,66.000,79.000,67.000,65.000,63.000,63.000,60.000,61.000,79.000,64.000,78.781,53.875,35.000,41.363,32.996,42.570,42.031,39.871,39.371,0.270,55.358,4673.564,4346.146,4658.000,4313.000,0.000,,,,2,1789722846.142,100,1
1219.758,79.445,81.449,64.500,70.000,64.000,71.000,68.000,72.000,65.000,63.000,62.000,61.000,76.875,63.000,76.875,53.938,35.000,41.195,32.996,42.555,42.016,39.848,38.271,0.262,54.452,4674.657,4320.587,4646.000,4302.000,0.000,,,,2,1789722847.146,100,1
1220.760,79.492,81.496,64.625,68.000,66.000,73.000,79.000,62.000,65.000,61.000,60.000,60.000,80.875,65.000,80.875,53.875,35.000,41.027,32.996,42.547,42.004,39.828,38.560,0.259,55.044,4673.868,4321.625,4635.000,4292.000,0.000,,,,2,1789722848.147,100,1
1221.765,79.344,81.348,64.500,71.000,64.000,73.000,67.000,67.000,70.000,71.000,62.000,62.000,74.844,63.000,74.844,53.875,35.000,40.867,32.996,42.535,41.992,39.805,38.379,0.256,55.167,4628.142,4308.179,4625.000,4283.000,0.000,,,,2,1789722849.153,100,1
1222.769,79.336,81.340,64.688,72.000,70.000,70.000,70.000,65.000,73.000,62.000,62.000,62.000,79.047,66.000,79.047,54.000,35.000,40.711,32.996,42.520,41.980,39.785,39.868,0.270,143.603,4599.405,4294.867,4614.000,4273.000,0.000,,,,2,1789722850.157,100,0
1223.774,79.348,81.352,64.625,72.000,67.000,74.000,70.000,66.000,64.000,84.000,62.000,63.000,84.000,66.000,79.750,53.812,35.000,40.559,32.996,42.508,41.965,39.762,41.979,0.308,61.706,4644.921,4281.688,4602.000,4262.000,0.000,,,,2,1789722851.160,100,0
1224.774,79.176,81.199,64.688,68.000,63.000,78.000,66.000,64.000,62.000,64.000,60.000,62.000,78.000,63.000,73.750,54.000,35.000,40.414,32.996,42.500,41.949,39.738,36.772,0.285,46.176,4614.971,4258.339,4591.000,4251.000,0.000,,,,2,1789722852.162,100,0
1225.775,79.023,81.047,64.562,69.000,65.000,76.000,67.000,65.000,62.000,60.000,60.000,61.000,76.000,63.000,74.422,54.000,35.000,40.273,32.996,42.484,41.934,39.715,37.687,0.280,46.678,4584.877,4246.986,4579.000,4240.000,0.000,,,,2,1789722853.164,100,0
1226.780,79.145,81.168,64.625,73.000,65.000,78.000,75.000,72.000,66.000,66.000,63.000,61.000,82.859,64.000,82.859,53.938,35.000,40.137,32.996,42.477,41.918,39.691,38.387,0.285,47.993,4586.046,4245.483,4567.000,4229.000,0.000,,,,2,1789722854.168,100,0
1227.784,78.977,81.000,64.500,70.000,65.000,66.000,72.000,65.000,62.000,61.000,60.000,61.000,73.719,63.000,73.719,53.875,35.000,40.004,32.996,42.461,41.906,39.672,35.821,0.273,46.593,4600.580,4220.745,4556.000,4219.000,0.000,,,,2,1789722855.171,100,0
1228.787,78.855,80.879,64.562,68.000,64.000,80.000,67.000,66.000,62.000,61.000,59.000,61.000,80.000,63.000,75.094,53.875,35.000,39.832,32.996,42.453,41.891,39.648,36.575,0.297,45.636,4600.521,4221.487,4544.000,4208.000,0.000,,,,2,1789722856.174,100,0
1229.791,78.895,80.918,64.438,66.000,68.000,69.000,67.000,68.000,64.000,64.000,82.000,61.000,82.000,64.000,80.156,53.750,35.000,39.707,32.996,42.441,41.875,39.625,36.250,0.268,45.781,4571.487,4222.329,4532.000,4197.000,0.000,,,,2,1789722857.178,100,0
1230.791,78.848,80.871,64.438,66.000,66.000,69.000,68.000,66.000,74.000,61.000,64.000,61.000,77.438,64.000,77.438,53.812,35.000,39.586,32.996,42.430,41.859,39.605,39.234,0.267,48.688,4557.423,4209.443,4520.000,4186.000,0.000,,,,2,1789722858.179,100,0
1231.794,78.820,80.844,64.438,66.000,64.000,70.000,67.000,80.000,65.000,65.000,62.000,61.000,80.000,64.000,77.906,53.750,35.000,39.469,32.996,42.418,41.844,39.582,38.855,0.283,48.009,4529.555,4186.338,4507.000,4174.000,0.000,,,,2,1789722859.180,100,0
1232.797,81.270,83.824,64.500,85.000,75.000,72.000,71.000,65.000,79.000,64.000,66.000,61.000,88.625,68.000,88.625,53.812,35.000,39.355,32.996,42.410,41.832,39.562,48.871,0.260,57.120,4500.281,4186.436,4498.000,4165.000,0.000,,,,2,1789722860.186,100,0
1233.800,81.508,83.879,64.562,78.000,69.000,75.000,70.000,66.000,85.000,64.000,64.000,63.000,85.000,67.000,82.219,54.062,35.000,39.246,32.996,42.398,41.816,39.543,50.304,0.280,60.775,4501.801,4172.994,4485.000,4153.000,0.000,,,,2,1789722861.188,100,0
1234.801,81.266,83.637,64.938,76.000,64.000,68.000,67.000,64.000,62.000,62.000,60.000,62.000,76.000,64.000,73.828,54.000,35.000,39.137,32.996,42.387,41.797,39.516,40.255,0.275,51.047,4500.619,4160.792,4472.000,4141.000,0.000,,,,2,1789722862.188,100,0
1235.804,81.352,83.664,64.750,81.000,67.000,72.000,70.000,78.000,64.000,63.000,61.000,61.000,83.141,67.000,83.141,54.125,35.000,39.035,32.996,42.375,41.785,39.500,37.632,0.280,46.310,4486.820,4150.957,4461.000,4131.000,0.000,,,,2,1789722863.190,100,0
1236.804,81.172,83.484,64.812,67.000,67.000,69.000,69.000,64.000,62.000,66.000,60.000,62.000,75.719,64.000,75.719,54.000,35.000,38.934,32.996,42.363,41.766,39.477,35.860,0.281,45.786,4460.027,4126.500,4447.000,4118.000,0.000,,,,2,1789722864.190,100,0
1237.808,80.988,83.301,64.625,76.000,64.000,68.000,66.000,63.000,65.000,61.000,60.000,60.000,76.000,63.000,75.297,54.062,35.000,38.840,32.996,42.355,41.750,39.457,37.352,0.278,46.897,4460.027,4126.027,4435.000,4107.000,0.000,,,,2,1789722865.194,100,0
1238.811,80.938,83.250,64.500,69.000,84.000,67.000,70.000,63.000,64.000,62.000,61.000,61.000,84.000,70.000,79.359,54.062,35.000,38.703,32.996,42.344,41.734,39.434,37.812,0.277,46.440,4460.801,4114.380,4422.000,4095.000,0.000,,,,2,1789722866.199,100,0
1239.816,80.848,83.160,64.625,66.000,65.000,76.000,67.000,64.000,63.000,67.000,60.000,62.000,78.062,64.000,78.062,54.062,35.000,38.609,32.996,42.332,41.723,39.414,38.690,0.274,48.271,4420.107,4114.474,4411.000,4085.000,0.000,,,,2,1789722867.204,100,0
1240.819,80.836,82.918,64.562,76.000,66.000,87.000,70.000,67.000,76.000,66.000,68.000,63.000,87.000,66.000,80.406,54.000,35.000,38.523,32.996,42.320,41.707,39.391,41.928,0.265,49.779,4392.869,4057.984,4399.000,4074.000,0.000,,,,2,1789722868.207,100,0
1241.821,82.520,84.898,64.688,71.000,66.000,74.000,78.000,92.000,68.000,78.000,66.000,64.000,92.000,66.000,87.578,54.062,35.000,38.438,32.996,42.312,41.691,39.371,51.580,0.231,60.902,4393.352,4071.063,4386.000,4062.000,0.000,,,,2,1789722869.208,100,0
1242.825,82.410,84.551,64.812,72.000,65.000,83.000,71.000,65.000,64.000,62.000,61.000,63.000,83.000,65.000,79.125,54.125,35.000,38.355,32.996,42.301,41.676,39.352,40.821,0.267,51.316,4393.727,4070.050,4375.000,4051.000,0.000,,,,2,1789722870.212,100,0
1243.828,82.250,84.391,64.875,73.000,66.000,70.000,75.000,64.000,64.000,63.000,60.000,61.000,77.188,65.000,77.188,54.250,35.000,38.277,32.996,42.289,41.660,39.332,39.137,0.273,48.723,4380.788,4058.167,4362.000,4039.000,0.000,,,,2,1789722871.215,100,0
1244.830,82.523,84.531,64.812,77.000,65.000,89.000,70.000,66.000,65.000,62.000,61.000,61.000,89.000,65.000,83.344,54.125,35.000,38.199,32.996,42.281,41.648,39.316,38.873,0.273,48.220,4367.130,4036.191,4351.000,4029.000,0.000,,,,2,1789722872.217,100,0
1245.833,82.406,84.414,64.812,71.000,65.000,70.000,69.000,72.000,64.000,63.000,61.000,61.000,78.828,64.000,78.828,54.312,35.000,38.121,32.996,42.270,41.633,39.297,39.745,0.265,49.040,4407.875,4036.327,4339.000,4018.000,0.000,,,,2,1789722873.220,100,0
1246.837,82.297,84.305,64.750,71.000,66.000,72.000,69.000,83.000,65.000,65.000,62.000,62.000,83.000,65.000,78.969,54.188,35.000,38.051,32.996,42.262,41.621,39.277,38.442,0.264,47.153,4355.348,4013.199,4328.000,4008.000,0.000,,,,2,1789722874.224,100,0
1247.840,82.738,84.680,64.688,69.000,66.000,74.000,69.000,95.000,65.000,67.000,63.000,61.000,95.000,65.000,84.062,54.312,35.000,37.980,32.996,42.250,41.605,39.258,38.160,0.249,47.790,4341.586,4036.599,4315.000,3996.000,0.000,,,,2,1789722875.228,100,0
1248.843,82.570,84.512,64.812,76.000,67.000,75.000,72.000,68.000,66.000,72.000,61.000,62.000,77.375,66.000,77.375,54.188,35.000,37.871,32.996,42.238,41.594,39.242,38.456,0.264,47.725,4314.943,4002.713,4304.000,3986.000,0.000,,,,2,1789722876.231,100,0
1249.846,82.383,84.324,64.812,71.000,69.000,73.000,74.000,69.000,65.000,72.000,61.000,62.000,76.578,66.000,76.578,54.312,35.000,37.805,32.996,42.230,41.578,39.223,39.271,0.266,48.779,4315.046,4003.648,4291.000,3974.000,0.000,,,,2,1789722877.236,100,0
1250.850,82.355,84.297,64.750,73.000,68.000,78.000,69.000,63.000,65.000,69.000,68.000,62.000,81.500,66.000,81.500,54.312,35.000,37.742,32.996,42.223,41.566,39.207,38.064,0.258,47.491,4264.948,3972.370,4281.000,3964.000,0.000,,,,2,1789722878.236,100,0
1251.854,82.145,84.086,64.688,74.000,67.000,75.000,71.000,63.000,63.000,62.000,60.000,62.000,75.594,65.000,75.594,54.250,35.000,37.680,32.996,42.211,41.551,39.188,39.124,0.268,48.111,4290.362,3970.311,4268.000,3952.000,0.000,,,,2,1789722879.241,100,0
1252.858,82.047,83.988,64.875,72.000,79.000,73.000,69.000,66.000,65.000,74.000,62.000,64.000,79.125,69.000,79.125,54.188,35.000,37.621,32.996,42.203,41.539,39.172,38.738,0.276,48.123,4265.403,3949.880,4257.000,3942.000,0.000,,,,2,1789722880.244,100,0
1253.860,81.895,83.836,64.750,72.000,78.000,68.000,70.000,65.000,64.000,62.000,63.000,61.000,78.000,67.000,77.109,54.250,35.000,37.562,32.996,42.191,41.527,39.156,36.284,0.273,48.368,4253.409,3949.837,4246.000,3932.000,0.000,,,,2,1789722881.247,100,0
1254.863,81.707,83.648,64.812,83.000,66.000,71.000,69.000,63.000,64.000,62.000,61.000,61.000,83.000,65.000,76.078,54.312,35.000,37.504,32.996,42.184,41.512,39.141,37.494,0.279,45.598,4254.062,3929.102,4233.000,3920.000,0.000,,,,2,1789722882.254,100,0
1255.866,81.531,83.473,64.688,75.000,66.000,73.000,71.000,65.000,66.000,64.000,63.000,61.000,76.078,65.000,83.531,54.188,35.000,37.453,32.996,42.176,41.500,39.125,37.923,0.280,46.901,4228.876,3897.707,4222.000,3910.000,0.000,,,,2,1789722883.252,100,0
1256.868,81.594,83.535,64.750,75.000,67.000,88.000,71.000,66.000,64.000,62.000,61.000,60.000,88.000,66.000,77.531,54.062,35.000,37.398,32.996,42.164,41.488,39.109,39.397,0.271,47.607,4254.615,3918.965,4212.000,3900.000,0.000,,,,2,1789722884.253,100,0
1257.869,81.465,83.406,64.750,69.000,66.000,66.000,67.000,63.000,72.000,63.000,62.000,62.000,77.531,66.000,75.906,54.062,35.000,37.348,32.996,42.156,41.473,39.090,37.382,0.283,48.547,4229.721,3898.298,4199.000,3888.000,0.000,,,,2,1789722885.253,100,0
1258.870,81.293,83.234,64.562,68.000,67.000,69.000,83.000,65.000,66.000,64.000,62.000,61.000,75.906,66.000,79.297,54.250,35.000,37.258,32.996,42.148,41.461,39.074,36.508,0.270,46.965,4217.234,3876.553,4187.000,3877.000,0.000,,,,2,1789722886.253,100,0
1259.870,81.230,83.172,64.438,88.000,66.000,70.000,70.000,68.000,65.000,63.000,62.000,62.000,83.000,66.000,79.281,54.125,35.000,37.211,32.996,42.137,41.453,39.062,39.424,0.274,45.508,4193.360,3887.101,4177.000,3868.000,0.000,,,,2,1789722887.256,100,0
1260.871,81.168,82.914,64.562,66.000,62.000,65.000,65.000,63.000,62.000,76.000,62.000,62.000,88.000,62.000,73.219,54.062,35.000,37.164,32.996,42.129,41.441,39.047,36.575,0.274,48.705,4169.272,3866.935,4166.000,3858.000,0.000,,,,2,1789722888.257,100,0
1261.872,80.922,82.668,64.562,68.000,65.000,70.000,68.000,64.000,80.000,63.000,62.000,61.000,76.000,65.000,83.000,54.188,35.000,37.117,32.996,42.117,41.426,39.031,38.366,0.253,46.097,4182.010,3867.018,4153.000,3846.000,0.000,,,,2,1789722889.258,100,0
1262.876,80.984,82.730,64.625,66.000,64.000,77.000,74.000,63.000,63.000,61.000,61.000,61.000,83.000,64.000,77.141,54.125,35.000,37.074,32.996,42.109,41.414,39.016,39.675,0.262,47.539,4157.428,3855.422,4142.000,3836.000,0.000,,,,2,1789722890.262,100,0
1263.880,80.863,82.609,64.625,67.000,63.000,67.000,65.000,63.000,72.000,62.000,61.000,61.000,77.141,63.000,74.375,54.250,35.000,37.031,32.996,42.098,41.402,39.000,38.145,0.269,48.974,4134.225,3836.930,4131.000,3825.000,0.000,,,,2,1789722891.264,100,0
1264.883,80.664,82.410,64.562,67.000,82.000,69.000,69.000,64.000,63.000,63.000,61.000,61.000,82.000,68.000,78.609,54.188,35.000,36.953,32.996,42.082,41.379,38.977,35.987,0.274,47.485,4134.415,3826.409,4120.000,3815.000,0.000,,,,2,1789722892.268,100,0
1265.887,80.371,82.117,64.500,68.000,68.000,67.000,72.000,65.000,64.000,62.000,62.000,62.000,73.359,65.000,73.359,54.188,35.000,36.914,32.996,42.074,41.371,38.961,36.134,0.286,45.324,4122.625,3817.644,4109.000,3805.000,0.000,,,,2,1789722893.273,100,0
1266.891,80.219,81.965,64.625,68.000,64.000,87.000,68.000,66.000,64.000,63.000,62.000,62.000,87.000,64.000,75.500,54.062,35.000,36.875,32.996,42.062,41.359,38.949,36.267,0.281,45.701,4099.527,3806.382,4098.000,3795.000,0.000,,,,2,1789722894.280,100,0
1267.892,80.656,82.359,64.500,70.000,64.000,93.000,69.000,67.000,65.000,62.000,61.000,61.000,93.000,65.000,81.969,54.000,35.000,36.805,32.996,42.055,41.348,38.934,36.711,0.283,45.669,4076.964,3806.744,4087.000,3785.000,0.000,,,,2,1789722895.279,100,0
1268.896,80.527,82.059,64.375,81.000,65.000,71.000,69.000,64.000,71.000,62.000,61.000,62.000,81.000,65.000,76.625,54.000,35.000,36.770,32.996,42.047,41.336,38.922,37.416,0.279,45.985,4110.621,3806.302,4077.000,3775.000,0.000,,,,2,1789722896.285,100,0
1269.897,80.445,81.977,64.438,73.000,65.000,70.000,79.000,67.000,64.000,62.000,62.000,62.000,79.000,65.000,77.891,54.062,35.000,36.734,32.996,42.035,41.324,38.906,39.655,0.274,46.763,4087.704,3785.449,4065.000,3764.000,0.000,,,,2,1789722897.285,100,0
1270.900,80.562,82.168,64.438,70.000,64.000,68.000,67.000,84.000,64.000,66.000,62.000,61.000,84.000,64.000,82.812,54.062,35.000,36.703,32.996,42.027,41.316,38.895,38.784,0.254,49.224,4065.546,3766.754,4054.000,3754.000,0.000,,,,2,1789722898.288,100,0
1271.900,80.477,82.082,64.500,77.000,64.000,72.000,68.000,72.000,65.000,63.000,62.000,62.000,77.828,64.000,77.828,54.125,35.000,36.672,32.996,42.020,41.305,38.883,38.098,0.266,47.682,4066.005,3757.437,4043.000,3744.000,0.000,,,,2,1789722899.287,100,0
1272.904,80.336,81.941,64.562,70.000,64.000,77.000,69.000,71.000,64.000,63.000,62.000,62.000,77.000,65.000,76.031,54.062,35.000,36.641,32.996,42.008,41.293,38.871,38.399,0.270,47.587,4031.626,3738.163,4032.000,3734.000,0.000,,,,2,1789722900.291,100,0
1273.908,80.543,82.344,64.438,90.000,65.000,70.000,69.000,63.000,63.000,62.000,63.000,60.000,90.000,65.000,84.109,54.062,35.000,36.609,32.996,42.000,41.285,38.859,37.587,0.255,47.838,4031.671,3747.424,4020.000,3723.000,0.000,,,,2,1789722901.295,100,0
1274.909,80.465,82.266,64.375,69.000,71.000,80.000,70.000,70.000,64.000,63.000,61.000,62.000,80.000,67.000,78.062,54.062,35.000,36.582,32.996,41.992,41.273,38.848,38.385,0.267,46.517,4009.623,3719.354,4011.000,3714.000,0.000,,,,2,1789722902.298,100,0
1275.913,80.391,82.191,64.562,72.000,65.000,71.000,69.000,83.000,64.000,67.000,62.000,63.000,83.000,64.000,78.172,54.188,35.000,36.555,32.996,41.980,41.262,38.832,37.797,0.281,47.897,3999.200,3708.473,4000.000,3704.000,0.000,,,,2,1789722903.302,100,0
1276.917,80.383,82.184,64.500,69.000,65.000,67.000,69.000,68.000,65.000,81.000,63.000,63.000,81.000,65.000,80.047,54.125,35.000,36.527,32.996,41.973,41.254,38.820,38.029,0.265,46.956,4010.115,3690.567,3988.000,3693.000,0.000,,,,2,1789722904.304,100,0
1277.921,80.258,82.059,64.500,69.000,65.000,68.000,68.000,80.000,65.000,64.000,64.000,62.000,80.000,66.000,76.469,54.125,35.000,36.465,32.996,41.965,41.242,38.812,37.985,0.277,47.268,3999.022,3691.967,3978.000,3684.000,0.000,,,,2,1789722905.308,100,0
1278.925,80.203,82.004,64.438,80.000,73.000,69.000,70.000,63.000,64.000,62.000,61.000,62.000,80.000,66.000,78.531,54.188,35.000,36.438,32.996,41.953,41.230,38.797,38.476,0.268,47.850,3988.301,3672.870,3966.000,3673.000,0.000,,,,2,1789722906.311,100,0
1279.925,80.273,82.074,64.562,80.000,66.000,69.000,70.000,71.000,65.000,63.000,61.000,61.000,82.391,66.000,82.391,53.938,35.000,36.414,32.996,41.945,41.223,38.789,39.140,0.254,47.323,3977.681,3663.749,3954.000,3662.000,0.000,,,,2,1789722907.312,100,0
1280.929,80.168,81.969,64.562,71.000,71.000,71.000,69.000,68.000,65.000,65.000,61.000,61.000,76.906,67.000,76.906,54.188,35.000,36.391,32.996,41.938,41.215,38.777,37.805,0.272,47.956,3956.131,3664.495,3945.000,3653.000,0.000,,,,2,1789722908.316,100,0
1281.933,80.086,81.887,64.562,84.000,66.000,69.000,69.000,66.000,64.000,63.000,62.000,62.000,84.000,65.000,77.562,54.250,35.000,36.367,32.996,41.930,41.203,38.770,37.384,0.275,46.971,3956.087,3645.127,3935.000,3644.000,0.000,,,,2,1789722909.321,100,0
1282.937,80.043,81.844,64.562,66.000,66.000,65.000,72.000,65.000,62.000,72.000,62.000,63.000,78.656,63.000,78.656,54.125,35.000,36.344,32.996,41.922,41.195,38.758,37.237,0.280,46.926,3924.347,3627.167,3923.000,3633.000,0.000,,,,2,1789722910.326,100,0
1283.938,79.910,81.711,64.562,71.000,70.000,69.000,70.000,65.000,64.000,63.000,61.000,62.000,75.797,65.000,75.797,54.125,35.000,36.324,32.996,41.910,41.188,38.746,37.656,0.291,46.426,3924.476,3652.857,3913.000,3624.000,0.000,,,,2,1789722911.326,100,0
1284.942,79.762,81.562,64.375,71.000,66.000,73.000,70.000,64.000,75.000,62.000,61.000,62.000,75.250,65.000,75.250,54.125,35.000,36.301,32.996,41.902,41.176,38.738,36.611,0.282,46.440,3924.861,3618.963,3904.000,3615.000,0.000,,,,2,1789722912.328,100,0
1285.946,79.746,81.547,64.438,79.000,69.000,73.000,73.000,68.000,65.000,66.000,62.000,61.000,79.188,67.000,79.188,54.062,35.000,36.281,32.996,41.895,41.168,38.727,39.734,0.285,46.331,3892.649,3601.008,3892.000,3604.000,0.000,,,,2,1789722913.332,100,0
1286.949,79.590,81.391,64.688,69.000,70.000,77.000,67.000,64.000,63.000,62.000,60.000,61.000,77.000,65.000,74.703,54.125,35.000,36.262,32.996,41.887,41.160,38.715,39.347,0.280,49.868,3891.555,3610.289,3882.000,3595.000,0.000,,,,2,1789722914.336,100,0
1287.950,79.438,81.238,64.625,75.000,66.000,70.000,67.000,63.000,65.000,61.000,62.000,61.000,75.000,64.000,74.750,54.250,35.000,36.211,32.996,41.875,41.152,38.707,36.737,0.293,48.154,3871.384,3583.088,3871.000,3585.000,0.000,,,,2,1789722915.336,100,0
1288.953,79.496,81.297,64.500,72.000,78.000,75.000,70.000,65.000,65.000,62.000,61.000,61.000,81.328,67.000,81.328,54.188,35.000,36.191,32.996,41.867,41.145,38.699,38.524,0.283,45.863,3881.611,3591.560,3862.000,3576.000,0.000,,,,2,1789722916.341,100,0
1289.957,79.461,81.262,64.625,67.000,65.000,73.000,69.000,67.000,85.000,63.000,64.000,62.000,85.000,65.000,78.438,54.188,35.000,36.176,32.996,41.859,41.137,38.691,39.379,0.277,47.510,3840.819,3592.635,3852.000,3567.000,0.000,,,,2,1789722917.348,100,0
1290.959,79.391,81.191,64.562,71.000,67.000,82.000,69.000,69.000,65.000,64.000,62.000,62.000,82.000,64.000,77.094,54.250,35.000,36.156,32.996,41.852,41.129,38.680,38.810,0.274,49.017,3841.639,3572.457,3841.000,3557.000,0.000,,,,2,1789722918.346,100,0
1291.963,79.359,81.160,64.625,72.000,75.000,75.000,72.000,74.000,70.000,65.000,65.000,61.000,78.391,66.000,78.391,54.312,35.000,36.141,32.996,41.844,41.121,38.672,38.603,0.293,46.622,3840.205,3548.336,3831.000,3548.000,0.000,,,,2,1789722919.348,100,0
1292.966,79.293,81.094,64.625,72.000,77.000,68.000,69.000,68.000,64.000,62.000,61.000,61.000,77.344,67.000,77.344,54.188,35.000,36.125,32.996,41.836,41.109,38.660,38.670,0.284,47.133,3830.887,3548.861,3822.000,3539.000,0.000,,,,2,1789722920.351,100,0
1293.967,79.180,80.980,64.625,70.000,66.000,68.000,69.000,78.000,64.000,65.000,62.000,62.000,78.000,66.000,75.625,54.375,35.000,36.109,32.996,41.828,41.102,38.652,37.700,0.283,48.923,3831.255,3539.684,3810.000,3528.000,0.000,,,,2,1789722921.354,100,0
1294.971,80.660,82.727,64.625,67.000,64.000,68.000,66.000,66.000,63.000,92.000,63.000,65.000,92.000,64.000,85.109,54.312,35.000,36.094,32.996,41.816,41.098,38.645,37.938,0.263,47.144,3841.434,3506.345,3791.000,3511.000,0.000,,,,2,1789722922.358,100,0
1295.975,80.566,82.633,64.688,76.000,64.000,71.000,68.000,65.000,63.000,69.000,61.000,62.000,77.672,64.000,77.672,54.500,35.000,36.078,32.996,41.809,41.086,38.633,37.585,0.258,47.060,3801.238,3506.243,3780.000,3500.000,0.000,,,,2,1789722923.362,100,0
1296.980,80.484,82.551,64.625,71.000,67.000,67.000,70.000,62.000,82.000,62.000,62.000,62.000,82.000,66.000,77.984,54.375,35.000,36.062,32.996,41.801,41.078,38.625,38.827,0.272,47.643,3780.440,3513.326,3770.000,3491.000,0.000,,,,2,1789722924.367,100,0
1297.982,80.652,82.781,64.688,67.000,64.000,73.000,80.000,63.000,66.000,62.000,61.000,60.000,83.359,64.000,83.359,54.312,35.000,36.020,32.996,41.793,41.070,38.617,36.883,0.272,46.985,3780.957,3531.073,3759.000,3481.000,0.000,,,,2,1789722925.370,100,0
1298.990,80.586,82.715,64.625,69.000,67.000,78.000,70.000,66.000,71.000,63.000,62.000,63.000,78.594,66.000,78.594,54.375,35.000,36.004,32.996,41.785,41.066,38.609,39.484,0.263,47.911,3801.077,3496.809,3750.000,3473.000,0.000,,,,2,1789722926.376,100,0
1299.997,80.465,82.594,64.750,78.000,65.000,73.000,68.000,63.000,63.000,62.000,62.000,61.000,78.000,65.000,76.672,54.375,35.000,35.992,32.996,41.777,41.059,38.602,39.298,0.262,48.704,3782.387,3447.847,3741.000,3464.000,0.000,,,,2,1789722927.386,100,0
1301.002,80.609,82.801,64.625,87.000,66.000,70.000,70.000,69.000,65.000,63.000,64.000,61.000,87.000,66.000,83.359,54.438,35.000,35.980,32.996,41.770,41.051,38.598,38.577,0.265,47.634,3742.243,3489.894,3730.000,3454.000,0.000,,,,2,1789722928.386,100,0
1302.008,80.531,82.723,64.625,81.000,65.000,71.000,69.000,64.000,65.000,63.000,65.000,62.000,81.000,65.000,78.203,54.312,35.000,35.965,32.996,41.762,41.047,38.590,39.183,0.263,48.298,3722.777,3488.135,3721.000,3446.000,0.000,,,,2,1789722929.394,100,0
1303.016,80.387,82.578,64.688,71.000,67.000,67.000,68.000,63.000,64.000,61.000,69.000,62.000,75.922,65.000,75.922,54.375,35.000,35.953,32.996,41.754,41.039,38.582,38.685,0.268,47.722,3752.385,3448.011,3711.000,3437.000,0.000,,,,2,1789722930.404,100,0
1304.024,80.453,82.645,64.562,71.000,65.000,81.000,71.000,63.000,65.000,62.000,61.000,61.000,82.438,64.000,82.438,54.562,35.000,35.941,32.996,41.746,41.035,38.578,36.382,0.248,45.956,3713.676,3449.234,3703.000,3429.000,0.000,,,,2,1789722931.412,100,0
1305.033,80.375,82.566,64.688,68.000,64.000,69.000,69.000,77.000,66.000,66.000,68.000,63.000,77.969,64.000,77.969,54.625,35.000,35.934,32.996,41.738,41.027,38.570,42.929,0.289,50.830,3723.008,3448.309,3692.000,3419.000,0.000,,,,2,1789722932.445,100,1
1306.041,80.191,82.383,64.875,70.000,64.000,67.000,68.000,80.000,66.000,65.000,63.000,63.000,80.000,65.000,74.453,54.500,35.000,35.922,32.996,41.730,41.023,38.562,37.351,0.284,48.541,3694.657,3414.653,3683.000,3411.000,0.000,,,,2,1789722933.427,100,1
1307.050,80.195,82.387,64.875,83.000,64.000,69.000,68.000,63.000,64.000,63.000,68.000,62.000,83.000,64.000,80.344,54.562,35.000,35.910,32.996,41.723,41.016,38.559,38.328,0.165,10.211,3685.994,3424.201,3674.000,3402.000,0.000,,,,2,1789722934.470,100,1
1308.056,80.098,82.289,64.875,81.000,66.000,69.000,69.000,65.000,65.000,72.000,62.000,63.000,81.000,66.000,77.047,54.562,35.000,35.871,32.996,41.719,41.012,38.555,40.700,0.108,37.208,3667.220,3408.381,3665.000,3394.000,0.000,,,,2,1789722935.443,100,1
1309.064,79.977,82.168,64.938,72.000,65.000,67.000,72.000,63.000,66.000,62.000,62.000,63.000,76.312,66.000,76.312,54.625,35.000,35.859,32.996,41.711,41.008,38.547,39.100,0.096,50.567,3676.884,3384.636,3656.000,3386.000,0.000,,,,2,1789722936.453,100,1
1310.074,80.035,82.227,65.000,67.000,65.000,67.000,68.000,64.000,64.000,64.000,87.000,62.000,87.000,65.000,81.516,54.562,35.000,35.852,32.996,41.703,41.004,38.543,40.166,0.100,50.367,3658.239,3384.858,3647.000,3377.000,0.000,,,,2,1789722937.461,100,1
1311.076,79.922,82.102,64.875,68.000,66.000,69.000,69.000,66.000,76.000,64.000,62.000,62.000,76.484,66.000,76.484,54.625,35.000,35.840,32.996,41.695,41.000,38.535,36.422,0.096,50.311,3675.720,3392.130,3638.000,3369.000,0.000,,,,2,1789722938.465,100,1
1312.083,79.883,82.062,64.938,68.000,65.000,83.000,70.000,69.000,71.000,63.000,63.000,62.000,83.000,66.000,78.703,54.750,35.000,35.832,32.996,41.688,40.996,38.531,38.877,0.096,47.401,3621.366,3399.401,3629.000,3361.000,0.000,,,,2,1789722939.500,100,1
1313.090,79.922,82.102,65.000,68.000,65.000,68.000,81.000,63.000,65.000,63.000,65.000,62.000,81.141,65.000,81.141,54.688,35.000,35.824,32.996,41.680,40.996,38.531,39.024,0.099,51.217,3630.459,3369.115,3622.000,3354.000,0.000,,,,2,1789722940.491,100,1
1314.099,79.816,81.996,65.000,67.000,82.000,70.000,70.000,63.000,65.000,62.000,62.000,62.000,82.000,69.000,76.453,54.688,35.000,35.816,32.996,41.672,40.992,38.523,38.394,0.119,56.704,3629.471,3353.392,3613.000,3346.000,0.000,,,,2,1789722941.486,100,1
1315.100,79.766,81.727,65.188,70.000,66.000,89.000,69.000,66.000,65.000,63.000,61.000,63.000,89.000,65.000,78.188,54.625,35.000,35.805,32.996,41.668,40.988,38.520,38.448,0.091,44.193,3612.608,3354.266,3605.000,3338.000,0.000,,,,2,1789722942.485,100,1
1316.101,80.055,82.109,65.062,80.000,67.000,71.000,76.000,67.000,67.000,64.000,63.000,61.000,82.969,67.000,82.969,54.750,35.000,35.797,32.996,41.660,40.988,38.516,38.532,0.096,48.179,3612.789,3345.725,3597.000,3331.000,0.000,,,,2,1789722943.487,100,1
1317.108,79.891,81.945,65.250,74.000,64.000,74.000,68.000,64.000,63.000,62.000,61.000,62.000,74.875,64.000,74.875,54.688,35.000,35.789,32.996,41.652,40.988,38.516,37.114,0.101,48.499,3621.184,3338.589,3591.000,3325.000,0.000,,,,2,1789722944.495,100,1
1318.117,79.711,81.766,65.062,68.000,64.000,72.000,69.000,66.000,64.000,62.000,61.000,62.000,74.078,63.000,74.078,54.625,35.000,35.758,32.996,41.645,40.988,38.512,35.459,0.104,47.687,3603.712,3315.070,3583.000,3318.000,0.000,,,,2,1789722945.509,100,1
1319.125,79.707,81.762,65.125,68.000,80.000,68.000,70.000,64.000,64.000,63.000,67.000,62.000,80.000,68.000,79.578,54.750,35.000,35.750,32.996,41.633,40.984,38.508,38.295,0.108,46.997,3595.003,3302.146,3574.000,3310.000,0.000,,,,2,1789722946.513,100,1
1320.129,79.586,81.641,65.250,73.000,65.000,69.000,68.000,73.000,64.000,64.000,62.000,62.000,75.859,65.000,75.859,54.625,35.000,35.742,32.996,41.625,40.984,38.508,38.383,0.104,48.334,3585.979,3307.820,3567.000,3303.000,0.000,,,,2,1789722947.516,100,1
1321.133,79.531,81.586,65.062,70.000,65.000,89.000,70.000,65.000,66.000,63.000,63.000,63.000,89.000,66.000,77.844,54.750,35.000,35.734,32.996,41.617,40.984,38.508,38.741,0.095,49.901,3576.289,3323.118,3559.000,3296.000,0.000,,,,2,1789722948.519,100,1
1322.136,79.625,81.633,65.250,85.000,65.000,74.000,69.000,64.000,64.000,62.000,64.000,62.000,85.000,65.000,81.219,54.688,35.000,35.730,32.996,41.609,40.984,38.504,38.238,0.094,50.414,3550.541,3308.033,3552.000,3289.000,0.000,,,,2,1789722949.522,100,1
1323.138,79.609,81.418,65.188,85.000,67.000,72.000,70.000,66.000,66.000,65.000,63.000,63.000,85.000,67.000,79.188,54.688,35.000,35.723,32.996,41.605,40.984,38.504,39.602,0.097,48.717,3559.388,3278.151,3545.000,3283.000,0.000,,,,2,1789722950.525,100,1
1324.138,79.590,81.219,65.188,77.000,66.000,82.000,69.000,65.000,65.000,63.000,63.000,63.000,82.000,66.000,78.938,54.875,35.000,35.715,32.996,41.598,40.984,38.500,38.486,0.096,51.090,3524.056,3301.389,3538.000,3276.000,0.000,,,,2,1789722951.526,100,1
1325.142,79.887,81.797,65.125,75.000,66.000,73.000,79.000,66.000,65.000,64.000,62.000,62.000,84.344,66.000,84.344,54.812,35.000,35.711,32.996,41.590,40.984,38.500,41.261,0.099,50.270,3541.564,3286.441,3530.000,3269.000,0.000,,,,2,1789722952.539,100,1
1326.145,79.828,81.738,65.375,75.000,66.000,71.000,76.000,68.000,72.000,63.000,63.000,62.000,78.047,66.000,78.047,54.812,35.000,35.703,32.996,41.582,40.988,38.500,38.973,0.105,51.838,3524.470,3271.894,3525.000,3264.000,0.000,,,,2,1789722953.532,100,1
1327.149,79.750,81.660,65.312,73.000,66.000,68.000,78.000,64.000,70.000,63.000,62.000,63.000,78.000,66.000,77.391,54.938,35.000,35.699,32.996,41.574,40.984,38.496,38.924,0.100,50.469,3523.746,3271.567,3516.000,3256.000,0.000,,,,2,1789722954.535,100,1
1328.151,80.012,82.148,65.312,90.000,66.000,70.000,70.000,63.000,64.000,63.000,62.000,62.000,90.000,66.000,84.203,54.812,35.000,35.668,32.996,41.566,40.984,38.496,38.696,0.097,50.984,3523.677,3249.889,3508.000,3249.000,0.000,,,,2,1789722955.539,100,1
1329.156,80.039,81.980,65.375,76.000,66.000,87.000,69.000,66.000,65.000,63.000,64.000,63.000,87.000,66.000,80.188,54.875,35.000,35.660,32.996,41.559,40.988,38.496,39.373,0.099,49.203,3515.350,3249.713,3503.000,3244.000,0.000,,,,2,1789722956.543,100,1
1330.158,79.980,81.922,65.375,75.000,64.000,76.000,68.000,72.000,65.000,66.000,63.000,63.000,78.281,65.000,78.281,54.875,35.000,35.656,32.996,41.555,40.988,38.492,39.418,0.099,51.080,3515.281,3264.300,3495.000,3237.000,0.000,,,,2,1789722957.546,100,1
1331.162,79.980,81.922,65.375,71.000,67.000,70.000,70.000,66.000,84.000,63.000,64.000,62.000,84.000,67.000,79.875,55.000,35.000,35.652,32.996,41.547,40.992,38.492,38.968,0.099,51.285,3498.814,3248.951,3490.000,3232.000,0.000,,,,2,1789722958.548,100,1
1332.164,79.934,81.875,65.438,70.000,68.000,81.000,70.000,65.000,66.000,63.000,63.000,63.000,81.000,66.000,78.578,55.062,35.000,35.648,32.996,41.539,40.992,38.492,38.517,0.098,49.513,3498.882,3228.844,3483.000,3225.000,0.000,,,,2,1789722959.553,100,1
1333.166,79.926,81.867,65.312,70.000,68.000,87.000,70.000,72.000,66.000,65.000,63.000,63.000,87.000,66.000,79.609,55.125,35.000,35.641,32.996,41.531,40.996,38.492,39.330,0.099,50.158,3489.759,3214.257,3476.000,3219.000,0.000,,,,2,1789722960.552,100,1
1334.166,80.145,82.312,65.500,69.000,66.000,75.000,70.000,67.000,66.000,85.000,63.000,63.000,85.000,66.000,84.375,55.000,35.000,35.637,32.996,41.523,41.000,38.496,36.684,0.099,51.130,3472.926,3214.573,3471.000,3214.000,0.000,,,,2,1789722961.556,100,1
1335.170,80.141,82.094,65.375,71.000,65.000,86.000,69.000,65.000,67.000,64.000,65.000,63.000,86.000,66.000,80.125,55.000,35.000,35.633,32.996,41.516,41.000,38.496,40.057,0.098,47.148,3456.122,3213.970,3463.000,3207.000,0.000,,,,2,1789722962.557,100,1
1336.171,80.098,82.051,65.500,78.000,69.000,76.000,69.000,68.000,65.000,65.000,62.000,63.000,78.734,67.000,78.734,55.062,35.000,35.629,32.996,41.512,41.004,38.496,39.727,0.117,52.077,3455.292,3214.401,3458.000,3202.000,0.000,,,,2,1789722963.557,100,1
1337.173,80.160,82.113,65.688,69.000,66.000,70.000,77.000,73.000,66.000,63.000,62.000,62.000,82.031,66.000,82.031,55.062,35.000,35.625,32.996,41.504,41.008,38.496,39.142,0.101,51.313,3463.570,3200.171,3452.000,3197.000,0.000,,,,2,1789722964.560,100,1
1338.176,80.082,82.035,65.688,76.000,68.000,73.000,72.000,71.000,68.000,66.000,72.000,63.000,77.688,66.000,77.688,55.125,35.000,35.598,32.996,41.496,41.012,38.496,46.211,0.144,51.412,3448.210,3206.756,3446.000,3191.000,0.000,,,,2,1789722965.562,100,1
1339.180,80.008,81.961,65.812,88.000,67.000,76.000,70.000,67.000,65.000,63.000,63.000,63.000,88.000,67.000,77.750,55.250,35.000,35.594,32.996,41.492,41.012,38.500,38.406,0.111,56.845,3448.177,3186.264,3439.000,3185.000,0.000,,,,2,1789722966.567,100,1
1340.184,80.070,81.941,65.812,69.000,69.000,68.000,70.000,88.000,65.000,65.000,63.000,62.000,88.000,68.000,81.203,55.188,35.000,35.590,32.996,41.484,41.020,38.500,39.033,0.106,49.827,3447.582,3186.405,3435.000,3181.000,0.000,,,,2,1789722967.572,100,1
1341.186,80.004,81.875,65.812,75.000,77.000,69.000,70.000,64.000,67.000,63.000,63.000,63.000,78.062,69.000,78.062,55.188,35.000,35.586,32.996,41.480,41.023,38.500,38.092,0.106,49.846,3447.979,3192.876,3429.000,3175.000,0.000,,,,2,1789722968.573,100,1
1342.190,79.926,81.609,65.812,68.000,66.000,69.000,70.000,91.000,67.000,67.000,64.000,64.000,91.000,67.000,77.391,55.312,35.000,35.582,32.996,41.473,41.027,38.504,37.905,0.107,49.930,3432.069,3179.678,3423.000,3170.000,0.000,,,,2,1789722969.577,100,1
1343.191,79.988,81.672,65.875,68.000,65.000,69.000,83.000,67.000,66.000,68.000,63.000,64.000,83.000,66.000,81.500,55.188,35.000,35.582,32.996,41.469,41.031,38.504,37.320,0.104,49.783,3407.316,3179.538,3418.000,3165.000,0.000,,,,2,1789722970.577,100,1
1344.196,79.836,81.520,65.875,72.000,66.000,68.000,68.000,68.000,66.000,65.000,69.000,63.000,75.172,65.000,75.172,55.375,35.000,35.578,32.996,41.461,41.035,38.508,37.922,0.127,49.169,3414.685,3172.225,3412.000,3160.000,0.000,,,,2,1789722971.582,100,1
1345.200,79.734,81.418,65.938,73.000,66.000,72.000,70.000,88.000,66.000,66.000,63.000,64.000,88.000,67.000,76.609,55.250,35.000,35.574,32.996,41.457,41.043,38.512,37.749,0.117,49.278,3422.411,3173.064,3408.000,3156.000,0.000,,,,2,1789722972.586,100,1
1346.201,79.750,81.434,65.875,71.000,83.000,69.000,70.000,66.000,65.000,64.000,63.000,62.000,83.000,70.000,80.266,55.375,35.000,35.570,32.996,41.449,41.047,38.512,38.457,0.125,49.944,3423.453,3159.225,3402.000,3150.000,0.000,,,,2,1789722973.588,100,1
1347.204,79.543,81.227,65.875,66.000,67.000,67.000,68.000,72.000,64.000,72.000,63.000,63.000,73.031,65.000,73.031,55.250,35.000,35.566,32.996,41.445,41.051,38.516,37.262,0.125,48.973,3423.322,3152.226,3396.000,3145.000,0.000,,,,2,1789722974.592,100,1
1348.208,79.527,81.211,65.812,76.000,69.000,70.000,72.000,66.000,65.000,64.000,67.000,64.000,79.047,68.000,79.047,55.312,35.000,35.543,32.996,41.438,41.055,38.520,39.585,0.120,48.810,3390.693,3160.251,3391.000,3140.000,0.000,,,,2,1789722975.595,100,1
1349.212,79.656,81.340,65.875,80.000,66.000,88.000,70.000,67.000,65.000,63.000,62.000,63.000,88.000,66.000,83.656,55.438,35.000,35.539,32.996,41.434,41.062,38.520,38.653,0.117,51.532,3406.639,3165.809,3386.000,3136.000,0.000,,,,2,1789722976.598,100,1
1350.216,79.609,81.293,65.875,70.000,69.000,71.000,71.000,66.000,80.000,67.000,63.000,63.000,80.000,68.000,78.188,55.375,35.000,35.535,32.996,41.430,41.066,38.523,37.309,0.118,49.401,3398.567,3138.814,3381.000,3131.000,0.000,,,,2,1789722977.602,100,1
1351.216,79.551,81.234,65.875,80.000,67.000,69.000,70.000,72.000,65.000,65.000,62.000,63.000,80.000,67.000,77.781,55.438,35.000,35.535,32.996,41.422,41.074,38.523,38.991,0.118,49.286,3382.632,3138.814,3377.000,3127.000,0.000,,,,2,1789722978.603,100,1
1352.220,79.633,81.316,66.000,79.000,67.000,80.000,70.000,68.000,67.000,64.000,63.000,62.000,82.188,67.000,82.188,55.375,35.000,35.531,32.996,41.418,41.078,38.527,38.706,0.130,51.698,3398.695,3112.221,3371.000,3122.000,0.000,,,,2,1789722979.608,100,1
1353.224,79.648,81.332,65.875,69.000,66.000,76.000,82.000,66.000,66.000,64.000,62.000,64.000,82.000,67.000,80.078,55.438,35.000,35.527,32.996,41.414,41.086,38.531,39.578,0.131,49.351,3398.439,3138.349,3367.000,3118.000,0.000,,,,2,1789722980.611,100,1
1354.226,79.594,81.277,65.875,78.000,72.000,69.000,70.000,71.000,66.000,65.000,63.000,64.000,78.000,67.000,77.922,55.375,35.000,35.527,32.996,41.410,41.090,38.535,36.692,0.120,51.256,3374.705,3112.033,3362.000,3113.000,0.000,,,,2,1789722981.613,100,1
1355.230,79.652,81.336,66.000,82.000,67.000,70.000,72.000,65.000,64.000,63.000,62.000,62.000,82.000,67.000,81.469,55.562,35.000,35.523,32.996,41.406,41.102,38.539,36.580,0.124,49.117,3375.306,3132.505,3358.000,3110.000,0.000,,,,2,1789722982.617,100,1
1356.235,79.574,81.258,65.938,70.000,67.000,68.000,69.000,79.000,65.000,66.000,67.000,64.000,79.000,67.000,77.125,55.438,35.000,35.523,32.996,41.402,41.105,38.543,37.885,0.132,47.941,3359.463,3085.520,3353.000,3105.000,0.000,,,,2,1789722983.621,100,1
1357.240,79.465,81.148,65.938,70.000,70.000,70.000,72.000,66.000,70.000,65.000,66.000,63.000,76.109,66.000,76.109,55.312,35.000,35.520,32.996,41.395,41.109,38.547,36.752,0.130,49.869,3350.801,3093.581,3348.000,3100.000,0.000,,,,2,1789722984.628,100,1
1358.242,79.402,81.086,65.938,86.000,77.000,70.000,70.000,66.000,65.000,65.000,63.000,63.000,86.000,69.000,77.469,55.438,35.000,35.492,32.996,41.391,41.117,38.551,39.867,0.162,50.864,3335.495,3105.885,3343.000,3096.000,0.000,,,,2,1789722985.628,100,1
1359.246,79.379,81.062,66.000,70.000,70.000,77.000,69.000,67.000,65.000,64.000,62.000,64.000,78.578,67.000,78.578,55.438,35.000,35.492,32.996,41.387,41.125,38.555,40.020,0.161,50.403,3342.898,3126.357,3340.000,3093.000,0.000,,,,2,1789722986.633,100,1
1360.250,79.344,81.027,66.125,85.000,66.000,72.000,70.000,66.000,67.000,65.000,63.000,64.000,85.000,67.000,78.234,55.562,35.000,35.488,32.996,41.383,41.133,38.559,39.030,0.142,51.650,3327.726,3112.464,3336.000,3089.000,0.000,,,,2,1789722987.640,100,1
1361.250,79.430,81.113,66.000,70.000,79.000,69.000,71.000,65.000,70.000,63.000,64.000,62.000,82.109,68.000,82.109,55.500,35.000,35.488,32.996,41.379,41.141,38.562,39.334,0.147,51.392,3335.217,3099.174,3331.000,3085.000,0.000,,,,2,1789722988.637,100,1
1362.254,79.430,80.949,66.125,73.000,67.000,85.000,72.000,66.000,66.000,64.000,63.000,64.000,85.000,68.000,79.484,55.500,35.000,35.488,32.996,41.375,41.148,38.566,38.730,0.151,50.861,3327.756,3085.467,3328.000,3082.000,0.000,,,,2,1789722989.642,100,1
1363.259,79.359,80.727,66.125,86.000,69.000,72.000,70.000,65.000,65.000,64.000,62.000,63.000,86.000,68.000,77.250,55.625,35.000,35.484,32.996,41.371,41.152,38.570,38.440,0.151,50.925,3351.300,3097.707,3323.000,3077.000,0.000,,,,2,1789722990.648,100,1
1364.262,81.441,83.297,66.188,73.000,66.000,72.000,70.000,87.000,65.000,66.000,64.000,63.000,87.688,67.000,87.688,55.500,35.000,35.484,32.996,41.367,41.160,38.574,39.536,0.155,51.150,3343.115,3078.633,3318.000,3073.000,0.000,,,,2,1789722991.652,100,1
1365.267,81.348,83.203,66.062,71.000,77.000,73.000,71.000,66.000,66.000,67.000,63.000,64.000,78.484,69.000,78.484,55.688,35.000,35.480,32.996,41.363,41.168,38.582,38.001,0.156,50.805,3312.233,3098.960,3314.000,3069.000,0.000,,,,2,1789722992.655,100,1
1366.268,81.199,83.055,66.188,68.000,67.000,69.000,70.000,79.000,65.000,66.000,64.000,64.000,79.000,66.000,76.625,55.688,35.000,35.480,32.996,41.359,41.180,38.586,39.175,0.164,51.098,3320.298,3078.923,3312.000,3067.000,0.000,,,,2,1789722993.656,100,1
1367.270,81.250,83.105,66.188,72.000,65.000,84.000,69.000,68.000,66.000,67.000,64.000,63.000,84.000,65.000,82.766,55.688,35.000,35.477,32.996,41.355,41.184,38.590,38.240,0.157,50.803,3305.026,3060.236,3306.000,3062.000,0.000,,,,2,1789722994.656,100,1
1368.272,81.148,83.004,66.312,83.000,67.000,68.000,70.000,68.000,65.000,63.000,62.000,63.000,83.000,67.000,78.078,55.750,35.000,35.457,32.996,41.352,41.195,38.598,37.655,0.166,49.929,3304.693,3054.057,3304.000,3060.000,0.000,,,,2,1789722995.661,100,1
1369.273,80.977,82.832,66.250,68.000,69.000,67.000,67.000,67.000,64.000,64.000,61.000,62.000,75.656,65.000,75.656,55.688,35.000,35.457,32.996,41.352,41.203,38.602,37.992,0.167,50.185,3305.057,3047.258,3300.000,3056.000,0.000,,,,2,1789722996.659,100,1
1370.276,81.066,82.922,66.188,73.000,67.000,68.000,82.000,66.000,67.000,64.000,64.000,63.000,83.766,67.000,83.766,55.750,35.000,35.453,32.996,41.348,41.211,38.605,39.522,0.173,50.863,3296.281,3053.435,3297.000,3053.000,0.000,,,,2,1789722997.665,100,1
1371.279,80.984,82.840,66.250,69.000,79.000,72.000,73.000,68.000,67.000,64.000,63.000,64.000,79.000,68.000,78.500,55.812,35.000,35.453,32.996,41.344,41.219,38.613,38.336,0.175,50.764,3303.935,3053.979,3292.000,3049.000,0.000,,,,2,1789722998.665,100,1
1372.282,80.926,82.781,66.125,69.000,66.000,73.000,84.000,69.000,67.000,68.000,64.000,65.000,84.000,67.000,79.078,55.750,35.000,35.453,32.996,41.340,41.227,38.617,38.655,0.170,50.808,3311.837,3054.394,3289.000,3046.000,0.000,,,,2,1789722999.671,100,1
1373.285,80.965,82.820,66.188,85.000,69.000,77.000,70.000,68.000,66.000,64.000,63.000,63.000,85.000,67.000,82.250,55.625,35.000,35.449,32.996,41.340,41.234,38.621,39.006,0.187,51.362,3297.398,3041.491,3285.000,3042.000,0.000,,,,2,1789723000.672,100,1
1374.286,80.766,82.621,66.250,67.000,67.000,68.000,68.000,73.000,65.000,66.000,70.000,63.000,74.656,65.000,74.656,55.750,35.000,35.449,32.996,41.336,41.242,38.625,36.036,0.182,49.603,3304.784,3041.285,3282.000,3039.000,0.000,,,,2,1789723001.675,100,1
1375.290,80.617,82.473,66.250,78.000,66.000,72.000,70.000,66.000,65.000,64.000,62.000,63.000,78.000,66.000,75.969,55.750,35.000,35.449,32.996,41.332,41.254,38.633,37.439,0.184,49.610,3274.513,3034.569,3278.000,3036.000,0.000,,,,2,1789723002.676,100,1
1376.294,80.633,82.488,66.312,70.000,66.000,89.000,69.000,69.000,68.000,64.000,65.000,63.000,89.000,67.000,81.156,55.812,35.000,35.445,32.996,41.332,41.266,38.641,37.001,0.191,49.698,3282.336,3047.877,3276.000,3034.000,0.000,,,,2,1789723003.681,100,1
1377.295,80.480,82.336,66.312,68.000,71.000,68.000,74.000,64.000,66.000,63.000,62.000,63.000,75.812,66.000,75.812,55.875,35.000,35.445,32.996,41.328,41.273,38.645,36.888,0.186,48.550,3281.498,3035.029,3273.000,3031.000,0.000,,,,2,1789723004.682,100,1
1378.299,80.316,82.172,66.375,73.000,68.000,69.000,69.000,80.000,65.000,65.000,63.000,64.000,80.000,67.000,75.203,55.875,35.000,35.422,32.996,41.328,41.281,38.652,37.643,0.198,50.232,3266.788,3029.461,3269.000,3027.000,0.000,,,,2,1789723005.688,100,1
1379.303,80.402,82.188,66.375,91.000,67.000,71.000,70.000,67.000,65.000,64.000,63.000,63.000,91.000,67.000,81.562,55.812,35.000,35.418,32.996,41.324,41.293,38.656,37.749,0.194,50.416,3274.484,3023.203,3267.000,3025.000,0.000,,,,2,1789723006.690,100,1
1380.307,80.281,82.066,66.375,69.000,68.000,77.000,70.000,68.000,72.000,65.000,63.000,63.000,77.000,67.000,76.547,55.812,35.000,35.418,32.996,41.324,41.301,38.664,37.833,0.205,49.364,3273.769,3022.416,3263.000,3022.000,0.000,,,,2,1789723007.694,100,1
1381.310,80.141,81.926,66.438,69.000,67.000,74.000,69.000,66.000,70.000,64.000,63.000,64.000,75.859,66.000,75.859,55.812,35.000,35.418,32.996,41.320,41.309,38.672,37.037,0.197,49.557,3259.187,3021.985,3260.000,3019.000,0.000,,,,2,1789723008.698,100,1
1382.315,80.219,82.004,66.312,87.000,67.000,71.000,70.000,66.000,66.000,66.000,65.000,63.000,87.000,68.000,82.594,55.812,35.000,35.418,32.996,41.316,41.316,38.676,38.766,0.214,51.069,3274.067,3010.335,3256.000,3015.000,0.000,,,,2,1789723009.702,100,1
1383.316,80.129,81.914,66.500,70.000,67.000,69.000,70.000,66.000,65.000,70.000,66.000,64.000,77.297,67.000,77.297,55.812,35.000,35.414,32.996,41.316,41.328,38.680,37.510,0.210,48.860,3243.886,3016.238,3254.000,3013.000,0.000,,,,2,1789723010.702,100,1
1384.320,80.055,81.840,66.375,67.000,66.000,69.000,67.000,65.000,65.000,77.000,63.000,65.000,77.844,65.000,77.844,55.938,35.000,35.414,32.996,41.316,41.336,38.688,40.570,0.227,52.462,3244.559,3017.299,3250.000,3010.000,0.000,,,,2,1789723011.708,100,1
1385.321,80.098,81.883,66.500,76.000,68.000,71.000,70.000,69.000,83.000,64.000,67.000,63.000,83.000,67.000,81.422,55.812,35.000,35.414,32.996,41.312,41.344,38.695,36.352,0.230,52.049,3244.705,3003.003,3247.000,3007.000,0.000,,,,2,1789723012.707,100,1
1386.323,80.008,81.793,66.625,69.000,66.000,75.000,69.000,69.000,65.000,65.000,62.000,64.000,77.203,65.000,77.203,56.000,35.000,35.414,32.996,41.312,41.355,38.699,38.592,0.242,51.431,3258.479,3010.159,3245.000,3005.000,0.000,,,,2,1789723013.712,100,1
1387.327,79.852,81.637,66.500,74.000,72.000,72.000,70.000,66.000,65.000,65.000,63.000,63.000,75.031,67.000,75.031,55.812,35.000,35.414,32.996,41.312,41.367,38.707,35.269,0.208,49.391,3244.032,3028.697,3243.000,3003.000,0.000,,,,2,1789723014.714,100,1
1388.332,79.852,81.465,66.500,70.000,65.000,92.000,70.000,68.000,67.000,65.000,66.000,63.000,92.000,67.000,79.922,55.812,35.000,35.391,32.996,41.312,41.375,38.715,36.223,0.234,48.854,3251.768,3003.329,3240.000,3000.000,0.000,,,,2,1789723015.719,100,1
1389.336,79.703,81.316,66.625,76.000,65.000,69.000,69.000,73.000,67.000,65.000,63.000,64.000,76.000,67.000,75.125,55.875,35.000,35.391,32.996,41.316,41.387,38.719,36.572,0.227,48.067,3237.643,3016.035,3237.000,2998.000,0.000,,,,2,1789723016.723,100,1
1390.341,79.629,81.242,66.562,74.000,69.000,82.000,69.000,68.000,65.000,65.000,63.000,64.000,82.000,66.000,77.312,55.938,35.000,35.391,32.996,41.316,41.395,38.727,38.609,0.234,50.416,3222.428,2979.516,3234.000,2995.000,0.000,,,,2,1789723017.728,100,1
1391.346,80.500,82.215,66.500,69.000,65.000,95.000,70.000,67.000,67.000,66.000,67.000,63.000,95.000,66.000,83.125,55.938,35.000,35.391,32.996,41.312,41.406,38.730,38.653,0.227,51.211,3236.653,2997.727,3232.000,2993.000,0.000,,,,2,1789723018.732,100,1
1392.346,80.422,81.965,66.688,72.000,71.000,78.000,70.000,66.000,65.000,67.000,63.000,65.000,78.094,67.000,78.094,56.125,35.000,35.391,32.996,41.316,41.414,38.738,37.479,0.237,49.506,3236.973,2991.400,3229.000,2990.000,0.000,,,,2,1789723019.736,100,1
1393.348,80.336,81.879,66.625,72.000,68.000,70.000,70.000,69.000,73.000,66.000,64.000,63.000,77.609,66.000,77.609,56.000,35.000,35.387,32.996,41.316,41.426,38.746,42.106,0.259,54.166,3237.031,2973.511,3227.000,2988.000,0.000,,,,2,1789723020.734,100,1
1394.352,80.234,81.777,66.750,68.000,64.000,68.000,72.000,80.000,65.000,66.000,63.000,63.000,80.000,64.000,77.109,56.000,35.000,35.387,32.996,41.316,41.438,38.754,37.264,0.260,50.924,3236.479,2997.252,3224.000,2986.000,0.000,,,,2,1789723021.740,100,1
1395.357,80.145,81.688,67.000,70.000,71.000,71.000,69.000,69.000,70.000,72.000,64.000,65.000,77.391,66.000,77.391,56.000,35.000,35.387,32.996,41.316,41.445,38.758,44.871,0.292,56.686,3222.572,2984.901,3221.000,2983.000,0.000,,,,2,1789723022.742,100,1
1396.357,80.027,81.570,67.062,76.000,67.000,79.000,70.000,76.000,66.000,66.000,64.000,63.000,79.000,66.000,76.391,56.125,35.000,35.387,32.996,41.316,41.457,38.766,39.843,0.288,54.152,3221.880,2997.627,3219.000,2981.000,0.000,,,,2,1789723023.743,100,1
1397.360,80.273,81.816,67.188,77.000,72.000,84.000,78.000,82.000,80.000,74.000,74.000,65.000,87.422,70.000,87.422,56.125,35.000,35.387,32.996,41.320,41.469,38.773,45.210,0.269,58.220,3222.140,2985.496,3217.000,2979.000,0.000,,,,2,1789723024.751,100,1
1398.364,80.219,81.762,67.188,70.000,66.000,72.000,77.000,69.000,66.000,65.000,63.000,64.000,78.578,66.000,78.578,56.125,35.000,35.371,32.996,41.320,41.477,38.777,40.385,0.276,52.161,3221.938,3010.159,3214.000,2976.000,0.000,,,,2,1789723025.751,100,1
1399.368,80.168,81.711,67.125,81.000,67.000,75.000,73.000,75.000,70.000,67.000,66.000,65.000,81.000,68.000,78.594,56.375,35.000,35.367,32.996,41.320,41.488,38.781,38.501,0.274,51.349,3235.926,2984.654,3213.000,2975.000,0.000,,,,2,1789723026.755,100,1
1400.368,80.281,81.824,67.188,80.000,70.000,75.000,73.000,71.000,68.000,83.000,65.000,65.000,83.828,69.000,83.828,56.312,35.000,35.367,32.996,41.324,41.496,38.789,45.052,0.281,58.113,3214.975,2960.940,3209.000,2972.000,0.000,,,,2,1789723027.755,100,1
1401.373,80.148,81.691,67.375,69.000,66.000,78.000,69.000,66.000,65.000,65.000,78.000,64.000,78.000,66.000,76.062,56.375,35.000,35.367,32.996,41.324,41.508,38.797,37.601,0.290,52.980,3228.670,2967.139,3207.000,2970.000,0.000,,,,2,1789723028.765,100,1
1402.378,80.090,81.633,67.250,70.000,69.000,71.000,77.000,78.000,79.000,66.000,65.000,65.000,79.000,68.000,78.266,56.312,35.000,35.367,32.996,41.328,41.520,38.805,37.478,0.272,51.160,3213.769,2948.741,3206.000,2969.000,0.000,,,,2,1789723029.764,100,1
1403.382,80.125,81.668,67.312,77.000,75.000,72.000,82.000,67.000,68.000,65.000,66.000,64.000,82.000,69.000,81.188,56.500,35.000,35.367,32.996,41.328,41.531,38.809,40.213,0.286,52.955,3213.970,2978.604,3204.000,2967.000,0.000,,,,2,1789723030.768,100,1
1404.385,80.074,81.617,67.250,70.000,68.000,71.000,70.000,80.000,66.000,66.000,63.000,64.000,80.000,67.000,78.531,56.500,35.000,35.367,32.996,41.332,41.543,38.816,37.566,0.271,50.202,3200.284,2960.989,3202.000,2965.000,0.000,,,,2,1789723031.773,100,1
1405.390,79.941,81.484,67.375,69.000,70.000,70.000,70.000,77.000,71.000,66.000,64.000,65.000,77.000,68.000,75.812,56.562,35.000,35.367,32.996,41.336,41.555,38.828,36.954,0.280,50.191,3200.398,2948.620,3201.000,2964.000,0.000,,,,2,1789723032.778,100,1
1406.390,80.027,81.570,67.312,72.000,80.000,74.000,71.000,66.000,67.000,64.000,64.000,64.000,82.594,70.000,82.594,56.625,35.000,35.367,32.996,41.340,41.570,38.836,38.259,0.273,51.027,3199.858,2979.023,3201.000,2964.000,0.000,,,,2,1789723033.779,100,1
1407.390,79.949,81.492,67.312,72.000,67.000,77.000,70.000,71.000,67.000,66.000,63.000,64.000,77.547,67.000,77.547,56.562,35.000,35.363,32.996,41.340,41.582,38.844,38.708,0.276,51.084,3185.418,2967.188,3198.000,2962.000,0.000,,,,2,1789723034.777,100,1
1408.395,79.910,81.453,67.375,75.000,69.000,77.000,73.000,72.000,80.000,73.000,69.000,66.000,80.000,67.000,78.703,56.438,35.000,35.344,32.996,41.344,41.594,38.852,43.910,0.296,57.589,3200.114,2955.083,3197.000,2961.000,0.000,,,,2,1789723035.782,100,1
1409.395,79.961,81.504,67.438,79.000,77.000,72.000,71.000,67.000,66.000,66.000,64.000,63.000,81.547,71.000,81.547,56.688,35.000,35.344,32.996,41.348,41.605,38.855,36.877,0.282,49.427,3185.418,2954.719,3195.000,2959.000,0.000,,,,2,1789723036.781,100,1
1410.400,80.012,81.555,67.438,70.000,67.000,85.000,71.000,82.000,67.000,71.000,66.000,67.000,85.000,67.000,81.359,56.500,35.000,35.344,32.996,41.352,41.617,38.867,43.368,0.268,56.428,3214.286,2954.792,3194.000,2958.000,0.000,,,,2,1789723037.786,100,1
1411.400,80.020,82.684,67.500,80.000,68.000,72.000,73.000,72.000,71.000,66.000,65.000,65.000,80.281,67.000,80.281,56.625,35.000,35.344,32.996,41.352,41.633,38.875,45.200,0.266,57.630,3207.498,2977.938,3194.000,2958.000,0.000,,,,2,1789723038.787,100,1
1412.405,80.824,83.461,67.750,80.000,68.000,92.000,72.000,70.000,69.000,66.000,70.000,64.000,92.000,68.000,83.250,56.625,35.000,35.344,32.996,41.355,41.645,38.883,40.392,0.291,53.118,3206.584,2954.913,3192.000,2956.000,0.000,,,,2,1789723039.792,100,1
1413.407,80.754,83.129,67.688,76.000,67.000,70.000,77.000,66.000,68.000,66.000,64.000,64.000,78.672,67.000,78.672,56.812,35.000,35.344,32.996,41.355,41.656,38.891,37.476,0.282,50.208,3206.670,2954.816,3191.000,2955.000,0.000,,,,2,1789723040.794,100,1
1414.412,80.648,83.023,67.688,71.000,70.000,74.000,80.000,67.000,67.000,65.000,67.000,64.000,80.000,68.000,77.391,56.750,35.000,35.344,32.996,41.359,41.668,38.898,37.830,0.273,50.549,3192.565,2955.228,3190.000,2954.000,0.000,,,,2,1789723041.800,100,1
1415.417,80.617,82.992,67.688,71.000,76.000,72.000,70.000,70.000,67.000,67.000,71.000,64.000,79.609,70.000,79.609,56.812,35.000,35.344,32.996,41.363,41.684,38.906,36.611,0.268,49.609,3192.168,2954.428,3190.000,2954.000,0.000,,,,2,1789723042.803,100,1
1416.418,80.613,82.988,67.688,77.000,67.000,72.000,74.000,67.000,68.000,65.000,76.000,65.000,80.422,68.000,80.422,56.750,35.000,35.344,32.996,41.363,41.691,38.914,38.762,0.274,51.118,3177.489,2954.792,3187.000,2951.000,0.000,,,,2,1789723043.804,100,1
1417.418,80.484,82.859,67.500,70.000,66.000,70.000,69.000,69.000,65.000,74.000,64.000,66.000,76.547,66.000,76.547,56.812,35.000,35.344,32.996,41.367,41.707,38.922,36.701,0.290,49.593,3177.545,2954.476,3187.000,2951.000,0.000,,,,2,1789723044.805,100,1
1418.423,80.605,82.980,67.625,76.000,77.000,75.000,86.000,72.000,70.000,68.000,67.000,64.000,86.000,69.000,84.406,56.812,35.000,35.324,32.996,41.367,41.719,38.930,39.963,0.291,54.592,3178.752,2955.520,3186.000,2950.000,0.000,,,,2,1789723045.811,100,1
1419.425,82.719,85.492,67.938,85.000,69.000,78.000,73.000,73.000,69.000,93.000,69.000,70.000,93.000,70.000,89.062,56.812,35.000,35.324,32.996,41.371,41.730,38.938,53.952,0.268,64.371,3192.367,2949.176,3184.000,2949.000,0.000,,,,2,1789723046.814,100,1
1420.427,82.629,85.125,68.062,73.000,71.000,70.000,78.000,68.000,67.000,66.000,65.000,66.000,79.859,68.000,79.859,56.875,35.000,35.324,32.996,41.375,41.742,38.945,38.001,0.281,51.128,3171.415,2948.862,3183.000,2948.000,0.000,,,,2,1789723047.815,100,1
1421.432,83.039,85.367,68.000,88.000,68.000,72.000,71.000,75.000,67.000,68.000,66.000,65.000,88.000,68.000,83.859,57.000,35.000,35.324,32.996,41.379,41.754,38.953,40.010,0.273,52.676,3191.942,2960.648,3181.000,2946.000,0.000,,,,2,1789723048.819,100,1
1422.435,83.023,85.117,67.875,77.000,68.000,80.000,71.000,70.000,69.000,66.000,65.000,65.000,82.578,68.000,82.578,57.062,35.000,35.324,32.996,41.379,41.766,38.965,38.161,0.274,50.629,3206.385,2955.034,3180.000,2945.000,0.000,,,,2,1789723049.822,100,1
1423.438,82.859,84.953,67.938,74.000,66.000,71.000,69.000,72.000,65.000,67.000,63.000,64.000,77.750,66.000,77.750,57.000,35.000,35.324,32.996,41.383,41.777,38.973,38.172,0.285,52.207,3220.151,2966.845,3179.000,2944.000,0.000,,,,2,1789723050.824,100,1
1424.438,82.867,84.961,67.938,74.000,68.000,74.000,80.000,74.000,68.000,66.000,65.000,64.000,83.188,69.000,83.188,57.000,35.000,35.324,32.996,41.387,41.789,38.980,38.339,0.279,50.634,3171.191,2954.719,3178.000,2943.000,0.000,,,,2,1789723051.824,100,1
1425.441,82.750,84.844,67.938,82.000,73.000,70.000,72.000,67.000,68.000,65.000,64.000,65.000,82.000,68.000,79.062,57.000,35.000,35.324,32.996,41.391,41.805,38.988,36.865,0.261,50.029,3177.602,2937.864,3178.000,2943.000,0.000,,,,2,1789723052.831,100,1
1426.445,82.676,84.770,68.000,72.000,78.000,74.000,72.000,68.000,67.000,65.000,64.000,65.000,80.344,69.000,80.344,57.188,35.000,35.324,32.996,41.395,41.820,39.000,46.586,0.265,59.515,3177.321,2937.552,3179.000,2944.000,0.000,,,,2,1789723053.833,100,1
1427.448,82.680,84.773,67.938,68.000,67.000,73.000,70.000,67.000,87.000,66.000,67.000,65.000,87.000,67.000,82.797,57.125,35.000,35.324,32.996,41.395,41.832,39.008,38.799,0.275,51.741,3163.222,2937.217,3178.000,2943.000,0.000,,,,2,1789723054.834,100,1
1428.451,82.594,84.688,68.188,75.000,66.000,71.000,70.000,74.000,76.000,66.000,66.000,66.000,80.016,67.000,80.016,57.188,35.000,35.309,32.996,41.398,41.844,39.016,37.544,0.264,49.590,3191.631,2943.148,3177.000,2942.000,0.000,,,,2,1789723055.838,100,1
1429.456,82.441,84.535,68.000,71.000,67.000,71.000,70.000,84.000,67.000,67.000,64.000,65.000,84.000,67.000,77.750,57.250,35.000,35.309,32.996,41.402,41.855,39.023,37.973,0.267,51.607,3206.470,2937.457,3176.000,2941.000,0.000,,,,2,1789723056.843,100,1
1430.460,82.590,84.750,68.125,73.000,69.000,73.000,70.000,88.000,67.000,68.000,65.000,64.000,88.000,69.000,85.328,57.188,35.000,35.309,32.996,41.406,41.867,39.031,38.225,0.263,50.695,3178.583,2937.073,3175.000,2940.000,0.000,,,,2,1789723057.850,100,1
1431.460,82.480,84.641,68.000,70.000,68.000,69.000,78.000,69.000,67.000,73.000,67.000,66.000,79.141,67.000,79.141,57.125,35.000,35.309,32.996,41.406,41.879,39.039,40.708,0.257,52.855,3184.629,2948.572,3174.000,2939.000,0.000,,,,2,1789723058.846,100,1
1432.465,82.391,84.551,68.125,72.000,78.000,74.000,72.000,68.000,69.000,65.000,64.000,65.000,79.562,71.000,79.562,57.250,35.000,35.309,32.996,41.410,41.891,39.051,38.068,0.272,50.630,3178.190,2937.025,3173.000,2938.000,0.000,,,,2,1789723059.854,100,1
1433.466,82.430,84.590,68.000,84.000,67.000,76.000,73.000,68.000,67.000,66.000,65.000,64.000,84.000,67.000,83.641,57.188,35.000,35.305,32.996,41.414,41.902,39.059,38.078,0.272,50.911,3184.910,2938.008,3171.000,2937.000,0.000,,,,2,1789723060.853,100,1
1434.471,82.273,84.434,68.062,74.000,67.000,83.000,70.000,76.000,67.000,66.000,65.000,65.000,83.000,68.000,77.531,57.250,35.000,35.305,32.996,41.418,41.914,39.066,37.052,0.280,49.729,3170.884,2949.321,3171.000,2937.000,0.000,,,,2,1789723061.857,100,1
1435.474,82.125,84.285,68.125,71.000,67.000,76.000,70.000,68.000,75.000,65.000,73.000,65.000,77.500,67.000,77.500,57.188,35.000,35.305,32.996,41.422,41.930,39.078,37.038,0.278,50.510,3177.293,2936.546,3171.000,2937.000,0.000,,,,2,1789723062.864,100,1
1436.478,82.328,84.488,68.125,73.000,69.000,90.000,71.000,69.000,68.000,66.000,64.000,64.000,90.000,69.000,87.500,57.125,35.000,35.305,32.996,41.426,41.941,39.086,39.072,0.276,51.680,3170.103,2936.978,3170.000,2936.000,0.000,,,,2,1789723063.865,100,1
1437.482,82.191,84.352,68.125,81.000,71.000,79.000,72.000,73.000,72.000,67.000,66.000,64.000,81.000,68.000,78.000,57.188,35.000,35.305,32.996,41.430,41.953,39.094,38.940,0.300,51.563,3177.461,2954.186,3170.000,2936.000,0.000,,,,2,1789723064.869,100,1
1438.485,82.086,84.246,68.312,68.000,70.000,71.000,75.000,68.000,67.000,70.000,66.000,66.000,78.781,68.000,78.781,57.312,35.000,35.289,32.996,41.430,41.965,39.105,49.971,0.324,62.730,3190.641,2937.073,3169.000,2935.000,0.000,,,,2,1789723065.871,100,1
1439.487,81.957,84.117,68.500,81.000,72.000,69.000,70.000,65.000,66.000,65.000,64.000,63.000,81.000,69.000,78.031,57.250,35.000,35.289,32.996,41.434,41.980,39.113,35.600,0.292,49.042,3170.270,2936.978,3170.000,2936.000,0.000,,,,2,1789723066.875,100,1
1440.491,81.773,83.934,68.375,77.000,74.000,70.000,70.000,67.000,67.000,65.000,64.000,65.000,77.000,69.000,76.031,57.375,35.000,35.289,32.996,41.441,41.992,39.125,37.272,0.284,50.104,3163.889,2936.978,3169.000,2935.000,0.000,,,,2,1789723067.878,100,1
1441.495,81.652,83.812,68.312,71.000,66.000,70.000,70.000,68.000,66.000,66.000,77.000,65.000,77.953,66.000,77.953,57.375,35.000,35.289,32.996,41.441,41.996,39.133,38.203,0.283,51.340,3164.001,2937.457,3166.000,2932.000,0.000,,,,2,1789723068.883,100,1
1442.499,81.633,83.793,68.375,72.000,85.000,72.000,73.000,68.000,67.000,66.000,64.000,64.000,85.000,71.000,81.047,57.250,35.000,35.289,32.996,41.445,42.008,39.141,36.409,0.279,48.916,3156.621,2937.313,3165.000,2931.000,0.000,,,,2,1789723069.886,100,1
1443.504,81.488,83.648,68.250,77.000,68.000,70.000,70.000,66.000,65.000,64.000,65.000,65.000,77.016,67.000,77.016,57.188,35.000,35.289,32.996,41.449,42.020,39.148,37.828,0.287,51.234,3156.649,2919.187,3165.000,2931.000,0.000,,,,2,1789723070.891,100,1
1444.507,81.410,83.570,68.250,81.000,68.000,70.000,70.000,69.000,66.000,70.000,64.000,66.000,81.000,67.000,78.984,57.375,35.000,35.289,32.996,41.449,42.031,39.160,38.602,0.271,50.753,3156.095,2932.097,3164.000,2930.000,0.000,,,,2,1789723071.895,100,1
1445.511,81.461,83.621,68.250,69.000,67.000,78.000,69.000,68.000,68.000,67.000,80.000,65.000,82.969,67.000,82.969,57.375,35.000,35.289,32.996,41.457,42.043,39.164,37.382,0.264,50.529,3163.750,2919.826,3164.000,2930.000,0.000,,,,2,1789723072.897,100,1
1446.515,81.285,83.445,68.375,69.000,67.000,68.000,69.000,66.000,65.000,73.000,63.000,65.000,75.875,66.000,75.875,57.250,35.000,35.289,32.996,41.457,42.055,39.176,36.594,0.275,49.779,3177.433,2936.762,3163.000,2929.000,0.000,,,,2,1789723073.901,100,1
1447.518,81.102,83.262,68.375,73.000,66.000,70.000,69.000,66.000,66.000,65.000,74.000,64.000,75.406,66.000,75.406,57.250,35.000,35.289,32.996,41.461,42.066,39.184,34.783,0.276,47.554,3191.433,2931.381,3163.000,2929.000,0.000,,,,2,1789723074.906,100,1
1448.523,81.152,83.312,68.250,72.000,67.000,69.000,89.000,66.000,68.000,65.000,64.000,64.000,89.000,68.000,82.688,57.375,35.000,35.273,32.996,41.469,42.078,39.191,36.537,0.284,49.508,3162.944,2919.306,3162.000,2928.000,0.000,,,,2,1789723075.909,100,1
1449.524,81.023,83.184,68.125,69.000,78.000,69.000,70.000,66.000,65.000,65.000,64.000,64.000,78.000,70.000,77.016,57.125,35.000,35.273,32.996,41.473,42.090,39.199,35.680,0.277,48.412,3163.028,2919.732,3162.000,2928.000,0.000,,,,2,1789723076.911,100,1
1450.528,81.039,83.199,67.938,83.000,68.000,78.000,71.000,67.000,69.000,65.000,65.000,65.000,83.000,69.000,81.500,57.250,35.000,35.273,32.996,41.477,42.098,39.211,38.236,0.261,50.736,3136.107,2930.880,3160.000,2926.000,0.000,,,,2,1789723077.918,100,1
1451.532,81.152,83.320,68.000,71.000,85.000,70.000,73.000,68.000,67.000,65.000,64.000,64.000,85.000,72.000,83.422,57.250,35.000,35.273,32.996,41.480,42.113,39.219,38.979,0.262,51.855,3163.028,2931.429,3161.000,2927.000,0.000,,,,2,1789723078.919,100,1
1452.534,81.477,83.656,68.000,86.000,70.000,78.000,83.000,71.000,76.000,71.000,70.000,66.000,86.000,69.000,83.766,57.188,35.000,35.273,32.996,41.484,42.121,39.227,40.010,0.261,52.626,3142.760,2918.879,3160.000,2926.000,0.000,,,,2,1789723079.920,100,1
1453.535,81.410,83.375,68.188,69.000,66.000,71.000,69.000,81.000,65.000,67.000,64.000,65.000,81.000,66.000,79.453,57.188,35.000,35.273,32.996,41.488,42.133,39.234,43.712,0.268,56.759,3162.972,2920.253,3159.000,2925.000,0.000,,,,2,1789723080.922,100,1
1454.539,81.406,83.371,68.312,70.000,80.000,73.000,71.000,67.000,72.000,66.000,67.000,64.000,81.297,70.000,81.297,57.312,35.000,35.273,32.996,41.492,42.145,39.242,40.337,0.277,53.295,3163.000,2936.187,3159.000,2925.000,0.000,,,,2,1789723081.926,100,1
1455.543,81.324,83.289,68.375,71.000,72.000,77.000,71.000,68.000,67.000,68.000,66.000,66.000,78.766,69.000,78.766,57.312,35.000,35.273,32.996,41.496,42.152,39.250,41.062,0.268,53.745,3157.009,2918.927,3156.000,2923.000,0.000,,,,2,1789723082.929,100,1
1456.545,81.305,83.270,68.375,75.000,69.000,70.000,82.000,70.000,68.000,66.000,66.000,65.000,82.000,70.000,80.641,57.312,35.000,35.273,32.996,41.500,42.164,39.258,39.595,0.267,52.235,3169.935,2930.522,3156.000,2923.000,0.000,,,,2,1789723083.933,100,1
1457.549,82.445,84.555,68.438,92.000,67.000,94.000,73.000,70.000,72.000,66.000,67.000,64.000,94.000,68.000,85.875,57.438,35.000,35.273,32.996,41.504,42.176,39.266,39.037,0.255,51.770,3149.111,2920.371,3156.000,2923.000,0.000,,,,2,1789723084.935,100,1
1458.549,82.367,84.266,68.312,73.000,76.000,71.000,71.000,79.000,67.000,67.000,65.000,65.000,79.953,70.000,79.953,57.438,35.000,35.262,32.996,41.512,42.188,39.277,36.269,0.269,49.080,3155.570,2907.024,3156.000,2923.000,0.000,,,,2,1789723085.936,100,1
1459.552,82.324,84.223,68.375,73.000,69.000,73.000,71.000,69.000,73.000,68.000,81.000,67.000,81.047,69.000,81.047,57.438,35.000,35.262,32.996,41.516,42.195,39.281,41.226,0.261,53.935,3162.389,2943.148,3154.000,2921.000,0.000,,,,2,1789723086.938,100,1
1460.556,82.340,84.238,68.375,79.000,66.000,73.000,70.000,68.000,66.000,67.000,66.000,64.000,82.812,67.000,82.812,57.375,35.000,35.262,32.996,41.520,42.207,39.293,40.757,0.267,54.050,3163.111,2919.329,3154.000,2921.000,0.000,,,,2,1789723087.943,100,1
1461.560,82.191,84.090,68.500,77.000,75.000,70.000,74.000,71.000,68.000,74.000,68.000,66.000,77.625,70.000,77.625,57.500,35.000,35.262,32.996,41.523,42.215,39.297,36.397,0.255,49.648,3156.178,2931.214,3153.000,2920.000,0.000,,,,2,1789723088.947,100,1
1462.562,82.094,83.992,68.688,71.000,77.000,76.000,72.000,68.000,68.000,67.000,67.000,65.000,79.078,70.000,79.078,57.500,35.000,35.262,32.996,41.527,42.227,39.305,44.747,0.275,57.343,3135.698,2919.708,3153.000,2920.000,0.000,,,,2,1789723089.950,100,1
1463.565,82.113,84.012,68.562,88.000,69.000,72.000,72.000,73.000,68.000,68.000,66.000,65.000,88.000,69.000,82.641,57.625,35.000,35.262,32.996,41.531,42.238,39.316,37.904,0.275,50.645,3149.717,2919.969,3153.000,2920.000,0.000,,,,2,1789723090.952,100,1
1464.569,82.023,83.922,68.562,73.000,69.000,75.000,80.000,72.000,68.000,65.000,64.000,65.000,80.000,68.000,79.297,57.562,35.000,35.262,32.996,41.535,42.250,39.324,38.142,0.273,50.793,3162.611,2920.324,3153.000,2920.000,0.000,,,,2,1789723091.955,100,1
1465.574,81.891,83.789,68.438,75.000,68.000,71.000,70.000,69.000,67.000,73.000,65.000,65.000,77.797,68.000,77.797,57.625,35.000,35.258,32.996,41.539,42.258,39.332,37.273,0.281,49.894,3162.722,2913.847,3151.000,2918.000,0.000,,,,2,1789723092.961,100,1
1466.577,81.922,83.820,68.375,70.000,67.000,69.000,73.000,68.000,67.000,86.000,65.000,65.000,86.000,68.000,82.812,57.625,35.000,35.258,32.996,41.547,42.270,39.340,37.094,0.269,49.991,3142.595,2901.892,3151.000,2918.000,0.000,,,,2,1789723093.963,100,1
1467.579,81.895,83.793,68.375,84.000,71.000,80.000,78.000,72.000,70.000,71.000,76.000,67.000,84.000,69.000,81.062,57.438,35.000,35.258,32.996,41.551,42.277,39.348,39.668,0.270,53.047,3162.694,2919.045,3150.000,2917.000,0.000,,,,2,1789723094.965,100,1
1468.581,81.824,83.723,68.500,79.000,67.000,72.000,70.000,68.000,69.000,67.000,65.000,66.000,79.625,67.000,79.625,57.688,35.000,35.246,32.996,41.555,42.289,39.355,40.383,0.297,52.445,3135.588,2908.550,3150.000,2917.000,0.000,,,,2,1789723095.971,100,1
1469.585,81.895,83.746,68.625,73.000,69.000,88.000,72.000,69.000,72.000,67.000,68.000,65.000,88.000,69.000,83.312,57.500,35.000,35.246,32.996,41.555,42.293,39.363,40.660,0.293,54.341,3134.769,2907.987,3148.000,2915.000,0.000,,,,2,1789723096.972,100,1
1470.589,81.742,83.594,68.688,71.000,77.000,70.000,71.000,67.000,66.000,65.000,64.000,65.000,77.047,69.000,77.047,57.688,35.000,35.246,32.996,41.559,42.305,39.371,37.609,0.309,52.717,3148.477,2932.336,3148.000,2915.000,0.000,,,,2,1789723097.976,100,1
1471.590,81.660,83.512,68.688,73.000,70.000,75.000,71.000,68.000,73.000,71.000,66.000,66.000,79.188,69.000,79.188,57.688,35.000,35.246,32.996,41.566,42.312,39.379,39.974,0.283,53.280,3162.750,2913.352,3147.000,2914.000,0.000,,,,2,1789723098.976,100,1
1472.594,81.809,83.672,68.625,71.000,67.000,74.000,70.000,92.000,68.000,68.000,64.000,65.000,92.000,67.000,83.781,57.562,35.000,35.246,32.996,41.570,42.324,39.387,37.446,0.259,49.855,3148.477,2914.201,3147.000,2914.000,0.000,,,,2,1789723099.981,100,1
1473.598,81.773,83.637,68.625,74.000,70.000,72.000,81.000,68.000,67.000,65.000,64.000,66.000,81.000,68.000,80.703,57.688,35.000,35.246,32.996,41.578,42.336,39.395,37.979,0.261,50.561,3134.906,2907.799,3147.000,2914.000,0.000,,,,2,1789723100.985,100,1
1474.603,81.703,83.566,68.562,82.000,69.000,71.000,70.000,70.000,67.000,77.000,66.000,67.000,82.000,68.000,79.625,57.562,35.000,35.246,32.996,41.582,42.344,39.402,36.701,0.269,50.249,3134.633,2919.282,3146.000,2913.000,0.000,,,,2,1789723101.989,100,1
1475.606,81.828,83.555,68.625,91.000,73.000,75.000,73.000,72.000,73.000,68.000,66.000,65.000,91.000,70.000,82.328,57.750,35.000,35.246,32.996,41.586,42.355,39.410,41.112,0.269,53.533,3134.496,2924.475,3146.000,2913.000,0.000,,,,2,1789723102.993,100,1
1476.609,81.738,83.465,68.688,70.000,67.000,70.000,71.000,67.000,66.000,76.000,63.000,65.000,78.953,67.000,78.953,57.688,35.000,35.246,32.996,41.594,42.363,39.418,40.345,0.288,54.227,3162.639,2890.823,3144.000,2912.000,0.000,,,,2,1789723103.994,100,1
1477.612,81.551,83.277,68.688,69.000,70.000,70.000,69.000,66.000,66.000,71.000,64.000,65.000,75.797,66.000,75.797,57.688,35.000,35.246,32.996,41.602,42.375,39.426,35.195,0.278,48.642,3134.878,2913.824,3144.000,2912.000,0.000,,,,2,1789723105.002,100,1
1478.616,81.602,83.328,68.750,70.000,67.000,89.000,70.000,68.000,69.000,65.000,69.000,65.000,89.000,67.000,83.125,57.688,35.000,35.234,32.996,41.605,42.383,39.434,37.021,0.270,49.920,3155.404,2907.705,3143.000,2911.000,0.000,,,,2,1789723106.003,100,1
1479.621,81.512,83.238,68.625,76.000,67.000,73.000,72.000,67.000,68.000,65.000,65.000,65.000,78.750,67.000,78.750,57.750,35.000,35.234,32.996,41.613,42.395,39.441,36.956,0.276,49.701,3127.851,2889.872,3143.000,2911.000,0.000,,,,2,1789723107.007,100,1
1480.625,81.551,83.277,68.625,73.000,68.000,76.000,86.000,68.000,68.000,66.000,65.000,66.000,86.000,68.000,82.750,57.812,35.000,35.234,32.996,41.617,42.402,39.449,44.324,0.265,57.668,3155.708,2919.424,3142.000,2910.000,0.000,,,,2,1789723108.012,100,1
1481.628,81.734,83.664,68.750,70.000,66.000,87.000,70.000,72.000,67.000,70.000,66.000,66.000,87.000,67.000,85.484,57.688,35.000,35.234,32.996,41.625,42.414,39.457,40.482,0.252,52.206,3148.642,2931.023,3143.000,2911.000,0.000,,,,2,1789723109.017,100,1
1482.632,81.645,83.574,68.688,84.000,70.000,70.000,70.000,68.000,68.000,66.000,69.000,66.000,84.000,68.000,78.953,57.938,35.000,35.234,32.996,41.629,42.426,39.465,36.208,0.263,49.901,3121.883,2908.762,3143.000,2911.000,0.000,,,,2,1789723110.020,100,1
1483.634,81.570,83.305,68.625,71.000,70.000,75.000,89.000,68.000,69.000,66.000,65.000,66.000,89.000,69.000,79.281,57.812,35.000,35.234,32.996,41.637,42.438,39.473,39.804,0.260,52.411,3156.316,2919.874,3143.000,2911.000,0.000,,,,2,1789723111.022,100,1
1484.635,82.352,84.387,68.812,81.000,68.000,76.000,75.000,77.000,70.000,69.000,66.000,65.000,87.062,68.000,87.062,57.812,35.000,35.234,32.996,41.641,42.445,39.480,37.947,0.257,50.151,3148.862,2908.315,3142.000,2910.000,0.000,,,,2,1789723112.021,100,1
1485.639,82.301,84.336,68.625,82.000,71.000,76.000,71.000,67.000,68.000,65.000,65.000,66.000,82.000,69.000,80.797,57.750,35.000,35.234,32.996,41.645,42.457,39.488,39.468,0.262,52.485,3134.387,2931.262,3143.000,2911.000,0.000,,,,2,1789723113.026,100,1
1486.640,82.258,84.293,68.625,73.000,75.000,77.000,71.000,78.000,68.000,68.000,66.000,66.000,80.859,70.000,80.859,57.750,35.000,35.234,32.996,41.652,42.465,39.496,39.088,0.262,51.573,3155.487,2913.329,3142.000,2910.000,0.000,,,,2,1789723114.026,100,1
1487.640,82.391,84.383,68.750,71.000,68.000,92.000,73.000,68.000,69.000,65.000,65.000,65.000,92.000,68.000,84.000,57.812,35.000,35.234,32.996,41.656,42.477,39.504,40.367,0.260,52.147,3155.819,2897.268,3142.000,2910.000,0.000,,,,2,1789723115.027,100,1
1488.645,82.297,84.289,68.750,74.000,76.000,74.000,73.000,67.000,68.000,65.000,65.000,65.000,79.422,70.000,79.422,57.875,35.000,35.223,32.996,41.656,42.480,39.512,38.220,0.269,51.411,3154.906,2902.360,3140.000,2908.000,0.000,,,,2,1789723116.031,100,1
1489.645,82.188,84.180,68.688,71.000,67.000,72.000,70.000,79.000,67.000,66.000,66.000,66.000,79.000,67.000,78.766,58.000,35.000,35.223,32.996,41.660,42.484,39.520,40.498,0.292,53.031,3120.666,2913.564,3138.000,2906.000,0.000,,,,2,1789723117.031,100,1
1490.648,82.129,84.121,68.812,75.000,71.000,88.000,72.000,68.000,68.000,66.000,65.000,64.000,88.000,68.000,80.406,57.875,35.000,35.223,32.996,41.668,42.492,39.527,37.047,0.274,50.769,3155.017,2907.611,3138.000,2906.000,0.000,,,,2,1789723118.034,100,1
1491.648,81.977,83.969,68.812,71.000,71.000,71.000,71.000,70.000,67.000,67.000,72.000,65.000,77.203,68.000,77.203,57.812,35.000,35.223,32.996,41.672,42.504,39.531,37.818,0.297,50.661,3141.718,2907.540,3138.000,2906.000,0.000,,,,2,1789723119.034,100,1
1492.650,81.844,83.836,68.938,73.000,67.000,77.000,70.000,68.000,73.000,67.000,67.000,66.000,77.734,67.000,77.734,57.938,35.000,35.223,32.996,41.672,42.508,39.543,38.109,0.308,51.359,3127.416,2929.950,3136.000,2904.000,0.000,,,,2,1789723120.037,100,1
1493.651,81.785,83.777,68.875,74.000,67.000,74.000,72.000,70.000,69.000,73.000,66.000,66.000,79.922,66.000,79.922,57.812,35.000,35.223,32.996,41.680,42.516,39.547,45.631,0.295,59.269,3134.578,2908.175,3135.000,2903.000,0.000,,,,2,1789723121.037,100,1
1494.653,81.703,83.695,69.125,69.000,70.000,72.000,70.000,67.000,73.000,67.000,68.000,66.000,79.188,67.000,79.188,58.000,35.000,35.223,32.996,41.684,42.527,39.555,45.330,0.314,57.512,3155.238,2919.211,3136.000,2904.000,0.000,,,,2,1789723122.040,100,1
1495.657,81.570,83.562,69.188,69.000,67.000,72.000,69.000,80.000,65.000,67.000,64.000,65.000,80.000,66.000,77.469,58.062,35.000,35.223,32.996,41.691,42.535,39.562,34.885,0.299,49.124,3113.917,2919.258,3135.000,2903.000,0.000,,,,2,1789723123.044,100,1
1496.661,81.207,83.199,69.062,65.000,65.000,68.000,66.000,65.000,63.000,64.000,63.000,63.000,69.938,64.000,69.938,58.062,35.000,35.223,32.996,41.695,42.547,39.570,28.751,0.248,43.713,3121.369,2896.056,3136.000,2904.000,0.000,,,,2,1789723124.049,100,1
1497.665,80.676,82.668,68.750,62.000,62.000,63.000,62.000,62.000,60.000,62.000,60.000,63.000,64.203,61.000,64.203,58.000,35.000,35.223,32.996,41.699,42.559,39.578,12.567,0.146,26.049,3134.742,2895.846,3136.000,2904.000,0.000,,,,2,1789723125.052,100,1
1498.667,80.191,82.184,68.312,63.000,62.000,65.000,62.000,63.000,61.000,62.000,61.000,62.000,65.156,62.000,65.156,57.625,35.000,35.211,32.996,41.707,42.562,39.582,16.233,0.174,29.256,3128.068,2913.187,3134.000,2902.000,0.000,,,,2,1789723126.054,100,1
1499.671,79.879,81.871,68.062,74.000,68.000,72.000,70.000,69.000,69.000,66.000,67.000,62.000,74.000,65.000,70.281,57.438,35.000,35.211,32.996,41.707,42.566,39.590,19.451,0.201,32.084,3141.690,2919.306,3133.000,2901.000,0.000,,,,2,1789723127.059,100,1
1500.672,79.551,81.543,67.938,63.000,62.000,64.000,63.000,62.000,61.000,63.000,61.000,69.000,69.391,62.000,69.391,57.188,35.000,35.211,32.996,41.711,42.578,39.598,33.430,0.235,45.497,3114.214,2908.033,3133.000,2901.000,0.000,,,,2,1789723128.060,100,1
1501.675,79.410,81.402,67.875,76.000,71.000,80.000,77.000,78.000,75.000,76.000,75.000,70.000,80.000,69.000,74.984,57.062,35.000,35.211,32.996,41.715,42.582,39.605,39.396,0.238,47.883,3114.214,2913.753,3130.000,2899.000,0.000,,,,2,1789723129.061,100,1
1502.678,79.055,81.047,68.062,64.000,63.000,65.000,64.000,64.000,62.000,63.000,62.000,62.000,68.031,62.000,68.031,57.125,35.000,35.211,32.996,41.719,42.586,39.613,29.847,0.290,48.088,3134.796,2902.056,3129.000,2898.000,0.000,,,,2,1789723130.066,100,1
1503.681,78.566,80.559,67.812,61.000,61.000,63.000,61.000,61.000,60.000,61.000,60.000,62.000,63.484,60.000,63.484,57.062,35.000,35.211,32.996,41.719,42.590,39.621,15.302,0.169,28.361,3134.933,2895.427,3127.000,2896.000,0.000,,,,2,1789723131.069,100,1
1504.685,78.059,80.051,67.438,61.000,59.000,61.000,60.000,60.000,59.000,60.000,59.000,61.000,62.312,60.000,62.312,56.750,35.000,35.211,32.996,41.727,42.598,39.625,13.599,0.139,27.220,3120.855,2890.730,3126.000,2895.000,0.000,,,,2,1789723132.072,100,1
1505.687,77.559,79.551,67.000,61.000,59.000,61.000,60.000,60.000,58.000,60.000,59.000,60.000,61.969,59.000,61.969,56.562,35.000,35.211,32.996,41.730,42.609,39.633,10.180,0.125,23.617,3114.914,2907.845,3127.000,2896.000,0.000,,,,2,1789723133.074,100,1
1506.687,77.059,79.051,66.688,60.000,59.000,61.000,60.000,60.000,58.000,60.000,59.000,61.000,61.562,59.000,61.562,56.375,35.000,35.211,32.996,41.734,42.617,39.641,13.481,0.138,25.983,3134.414,2907.071,3127.000,2896.000,0.000,,,,2,1789723134.077,100,1
1507.688,76.559,78.551,66.312,59.000,58.000,61.000,59.000,59.000,57.000,59.000,58.000,60.000,61.062,59.000,61.062,56.000,35.000,35.211,32.996,41.738,42.625,39.645,13.976,0.145,27.220,3127.715,2885.078,3126.000,2895.000,0.000,,,,2,1789723135.077,100,1
1508.690,76.090,78.082,65.938,62.000,63.000,62.000,61.000,60.000,62.000,59.000,59.000,59.000,63.000,60.000,61.656,55.812,35.000,35.199,32.996,41.742,42.629,39.648,11.587,0.129,24.458,3127.525,2890.173,3124.000,2893.000,0.000,,,,2,1789723136.078,100,1
1509.695,75.645,77.637,65.750,59.000,58.000,60.000,59.000,58.000,56.000,59.000,58.000,59.000,61.828,58.000,61.828,55.500,35.000,35.199,32.996,41.746,42.637,39.652,15.379,0.153,28.746,3127.579,2890.313,3124.000,2893.000,0.000,,,,2,1789723137.082,100,1
1510.698,75.141,77.133,65.188,58.000,58.000,59.000,58.000,57.000,56.000,58.000,57.000,59.000,59.516,57.000,59.516,55.438,35.000,35.199,32.996,41.750,42.637,39.656,10.678,0.123,23.535,3134.742,2890.916,3121.000,2890.000,0.000,,,,2,1789723138.084,100,1
1511.698,74.766,76.758,64.938,59.000,58.000,61.000,60.000,59.000,57.000,59.000,57.000,58.000,63.141,58.000,63.141,55.062,35.000,35.199,32.996,41.754,42.641,39.660,14.336,0.143,27.517,3121.477,2895.450,3119.000,2888.000,0.000,,,,2,1789723139.084,100,1
1512.698,74.508,76.500,64.688,61.000,59.000,62.000,61.000,60.000,59.000,59.000,59.000,60.000,66.484,60.000,66.484,54.812,35.000,35.199,32.996,41.758,42.645,39.664,19.447,0.175,31.925,3114.699,2901.518,3117.000,2887.000,0.000,,,,2,1789723140.086,100,1
1513.703,74.066,76.059,64.438,58.000,58.000,59.000,58.000,57.000,56.000,58.000,57.000,59.000,60.359,58.000,60.359,54.750,35.000,35.199,32.996,41.762,42.645,39.668,12.325,0.137,26.101,3120.801,2879.401,3114.000,2884.000,0.000,,,,2,1789723141.090,100,1
1514.708,73.648,75.641,64.125,57.000,57.000,58.000,57.000,57.000,55.000,57.000,56.000,58.000,60.734,56.000,60.734,54.562,35.000,35.199,32.996,41.766,42.645,39.668,12.503,0.130,26.286,3094.511,2889.663,3111.000,2881.000,0.000,,,,2,1789723142.097,100,1
1515.711,73.180,75.172,63.750,57.000,56.000,58.000,57.000,56.000,55.000,57.000,56.000,59.000,59.000,56.000,58.672,54.188,35.000,35.199,32.996,41.766,42.645,39.668,10.852,0.120,23.599,3107.413,2879.171,3108.000,2878.000,0.000,,,,2,1789723143.097,100,1
1516.715,72.914,74.906,63.438,61.000,59.000,63.000,62.000,62.000,60.000,61.000,60.000,60.000,64.625,59.000,64.625,54.062,35.000,35.199,32.996,41.770,42.645,39.672,17.242,0.148,29.665,3107.520,2867.726,3105.000,2875.000,0.000,,,,2,1789723144.103,100,1
1517.715,72.441,74.434,63.312,56.000,56.000,57.000,56.000,55.000,54.000,56.000,55.000,56.000,57.844,55.000,57.844,53.750,35.000,35.199,32.996,41.773,42.641,39.668,8.352,0.113,22.428,3094.432,2867.589,3100.000,2871.000,0.000,,,,2,1789723145.102,100,1
1518.719,71.980,73.973,62.875,56.000,57.000,58.000,56.000,55.000,54.000,56.000,55.000,57.000,58.000,56.000,57.703,53.750,35.000,35.188,32.996,41.773,42.637,39.668,10.136,0.122,23.094,3093.794,2884.777,3096.000,2867.000,0.000,,,,2,1789723146.110,100,1
1519.721,71.551,73.543,62.562,56.000,56.000,58.000,56.000,55.000,54.000,56.000,55.000,58.000,58.203,56.000,58.203,53.438,35.000,35.188,32.996,41.773,42.625,39.668,12.909,0.128,25.851,3113.945,2861.776,3089.000,2861.000,0.000,,,,2,1789723147.111,100,1
1520.725,71.098,73.090,62.312,55.000,55.000,57.000,55.000,54.000,53.000,55.000,54.000,56.000,57.062,54.000,57.062,53.312,35.000,35.188,32.996,41.770,42.613,39.664,9.030,0.118,22.594,3087.611,2872.853,3082.000,2854.000,0.000,,,,2,1789723148.114,100,1
1521.729,70.703,72.695,62.000,56.000,56.000,58.000,57.000,55.000,54.000,56.000,55.000,57.000,58.406,55.000,58.406,53.125,35.000,35.188,32.996,41.770,42.605,39.660,12.908,0.139,25.533,3087.452,2867.475,3076.000,2849.000,0.000,,,,2,1789723149.117,100,1
1522.734,70.285,72.277,61.625,56.000,56.000,57.000,56.000,55.000,54.000,56.000,55.000,57.000,57.328,55.000,57.328,52.938,35.000,35.188,32.996,41.770,42.594,39.656,11.853,0.129,24.769,3074.400,2834.802,3070.000,2843.000,0.000,,,,2,1789723150.121,100,1
1523.737,69.891,71.883,61.562,56.000,55.000,57.000,55.000,54.000,53.000,55.000,54.000,55.000,57.719,55.000,57.719,52.750,35.000,35.188,32.996,41.766,42.578,39.652,13.142,0.148,26.263,3055.223,2857.732,3061.000,2835.000,0.000,,,,2,1789723151.127,100,1
1524.741,69.500,71.492,61.250,56.000,55.000,57.000,56.000,55.000,53.000,55.000,54.000,57.000,57.375,55.000,57.375,52.500,35.000,35.188,32.996,41.762,42.566,39.648,12.048,0.142,25.078,3081.057,2829.833,3054.000,2828.000,0.000,,,,2,1789723152.130,100,1
1525.745,69.113,71.105,60.938,55.000,55.000,57.000,55.000,54.000,53.000,55.000,54.000,57.000,57.062,55.000,57.062,52.438,35.000,35.188,32.996,41.762,42.559,39.645,12.797,0.138,25.501,3088.326,2840.774,3048.000,2823.000,0.000,,,,2,1789723153.133,100,1
1526.748,68.727,70.719,60.750,56.000,55.000,57.000,55.000,54.000,53.000,55.000,54.000,55.000,57.000,54.000,56.750,52.312,35.000,35.188,32.996,41.762,42.547,39.641,13.258,0.154,26.360,3075.346,2807.740,3041.000,2816.000,0.000,,,,2,1789723154.136,100,1
1527.752,68.352,70.344,60.625,55.000,55.000,56.000,55.000,54.000,53.000,55.000,54.000,57.000,57.000,55.000,56.781,52.062,35.000,35.188,32.996,41.758,42.531,39.633,11.847,0.133,24.845,3048.935,2835.449,3033.000,2809.000,0.000,,,,2,1789723155.143,100,1
1528.756,67.980,69.973,60.250,57.000,55.000,57.000,56.000,54.000,53.000,55.000,53.000,55.000,57.000,55.000,56.453,52.000,35.000,35.180,32.996,41.750,42.516,39.629,11.598,0.127,24.549,3030.227,2829.922,3025.000,2801.000,0.000,,,,2,1789723156.147,100,1
1529.761,67.621,69.613,60.188,56.000,55.000,57.000,55.000,53.000,53.000,54.000,53.000,55.000,57.000,54.000,56.438,51.812,35.000,35.180,32.996,41.746,42.496,39.617,10.475,0.133,24.134,3017.653,2802.298,3015.000,2792.000,0.000,,,,2,1789723157.149,100,1
1530.764,67.242,69.234,59.750,56.000,55.000,56.000,55.000,53.000,52.000,54.000,54.000,55.000,56.000,54.000,55.562,51.625,35.000,35.180,32.996,41.742,42.477,39.609,10.438,0.126,23.389,3017.881,2786.292,3005.000,2783.000,0.000,,,,2,1789723158.157,100,1
1531.769,66.887,68.879,59.562,57.000,56.000,57.000,55.000,54.000,53.000,54.000,53.000,55.000,57.000,55.000,55.875,51.562,35.000,35.180,32.996,41.738,42.461,39.602,11.579,0.127,24.596,2980.206,2770.979,2997.000,2775.000,0.000,,,,2,1789723159.156,100,1
1532.770,66.527,68.520,59.500,56.000,55.000,56.000,54.000,53.000,52.000,54.000,53.000,54.000,56.000,54.000,55.297,51.500,35.000,35.180,32.996,41.734,42.449,39.590,10.097,0.128,23.541,2998.651,2765.614,2989.000,2768.000,0.000,,,,2,1789723160.158,100,1
1533.773,66.254,68.246,59.188,57.000,56.000,58.000,56.000,54.000,53.000,55.000,54.000,56.000,58.000,55.000,57.891,51.188,35.000,35.180,32.996,41.734,42.434,39.582,15.057,0.153,28.293,2986.313,2744.907,2980.000,2760.000,0.000,,,,2,1789723161.163,100,1
1534.778,65.914,67.906,59.062,57.000,57.000,60.000,59.000,57.000,53.000,56.000,53.000,55.000,60.000,55.000,55.344,51.250,35.000,35.180,32.996,41.730,42.422,39.570,10.676,0.130,24.358,2980.182,2781.190,2973.000,2753.000,0.000,,,,2,1789723162.165,100,1
1535.782,65.625,67.617,58.875,55.000,55.000,55.000,54.000,53.000,52.000,53.000,52.000,53.000,56.625,54.000,56.625,50.938,35.000,35.180,32.996,41.727,42.406,39.559,13.204,0.147,25.921,2980.651,2766.252,2965.000,2746.000,0.000,,,,2,1789723163.169,100,1
1536.783,65.746,67.637,58.812,56.000,56.000,58.000,57.000,55.000,54.000,55.000,55.000,56.000,66.734,55.000,66.734,51.000,35.000,35.180,32.996,41.723,42.391,39.551,27.976,0.220,40.609,2980.873,2739.622,2957.000,2738.000,0.000,,,,2,1789723164.170,100,1
1537.786,65.621,67.324,58.812,62.000,62.000,61.000,61.000,57.000,58.000,56.000,55.000,56.000,62.000,58.000,61.844,50.875,35.000,35.180,32.996,41.719,42.375,39.539,17.032,0.157,30.614,2955.713,2735.022,2948.000,2730.000,0.000,,,,2,1789723165.175,100,1
1538.790,65.309,67.012,58.750,53.000,53.000,55.000,53.000,53.000,52.000,53.000,52.000,54.000,55.547,53.000,55.547,50.938,35.000,35.172,32.996,41.715,42.355,39.527,12.980,0.134,25.483,2944.111,2730.748,2937.000,2720.000,0.000,,,,2,1789723166.176,100,1
1539.794,65.039,66.570,58.562,59.000,57.000,59.000,66.000,55.000,58.000,55.000,56.000,56.000,66.000,56.000,56.766,50.875,35.000,35.172,32.996,41.707,42.340,39.516,11.382,0.118,24.942,2914.414,2729.485,2928.000,2712.000,0.000,,,,2,1789723167.182,100,1
1540.798,64.738,66.270,58.438,54.000,53.000,55.000,54.000,53.000,53.000,54.000,52.000,54.000,55.422,53.000,55.422,50.688,35.000,35.172,32.996,41.703,42.324,39.500,12.555,0.144,24.762,2914.673,2709.150,2920.000,2704.000,0.000,,,,2,1789723168.185,100,1
1541.800,64.457,65.988,58.250,53.000,53.000,55.000,53.000,53.000,51.000,53.000,52.000,53.000,55.656,52.000,55.656,50.688,35.000,35.172,32.996,41.699,42.305,39.488,10.253,0.128,23.257,2944.833,2709.313,2910.000,2695.000,0.000,,,,2,1789723169.187,100,1
1542.803,64.164,65.695,58.062,54.000,53.000,55.000,53.000,53.000,52.000,53.000,52.000,54.000,55.062,53.000,55.062,50.500,35.000,35.172,32.996,41.695,42.289,39.473,11.554,0.129,25.075,2920.845,2694.550,2901.000,2687.000,0.000,,,,2,1789723170.192,100,1
1543.806,64.148,65.680,58.250,55.000,55.000,57.000,56.000,55.000,54.000,55.000,54.000,55.000,63.672,54.000,63.672,50.375,35.000,35.172,32.996,41.688,42.270,39.461,34.984,0.275,47.142,2909.091,2690.221,2892.000,2678.000,0.000,,,,2,1789723171.194,100,1
1544.808,63.879,65.410,58.062,53.000,54.000,55.000,53.000,53.000,52.000,53.000,53.000,53.000,55.594,53.000,55.594,50.438,35.000,35.172,32.996,41.684,42.250,39.449,11.184,0.133,24.482,2891.682,2679.868,2881.000,2668.000,0.000,,,,2,1789723172.197,100,1
1545.813,63.777,65.309,58.000,60.000,58.000,61.000,60.000,60.000,57.000,59.000,56.000,59.000,61.000,57.000,60.562,50.500,35.000,35.172,32.996,41.676,42.234,39.434,22.192,0.184,36.814,2874.573,2675.049,2872.000,2660.000,0.000,,,,2,1789723173.201,100,1
1546.816,63.770,65.148,58.125,60.000,59.000,62.000,60.000,60.000,59.000,61.000,63.000,59.000,63.578,57.000,63.578,50.500,35.000,35.172,32.996,41.672,42.211,39.418,35.896,0.251,49.303,2885.980,2650.996,2862.000,2650.000,0.000,,,,2,1789723174.203,100,1
1547.818,63.945,65.277,58.438,60.000,59.000,62.000,60.000,59.000,58.000,58.000,57.000,58.000,64.844,58.000,64.844,50.625,35.000,35.172,32.996,41.664,42.195,39.402,36.344,0.268,48.671,2857.392,2645.600,2852.000,2641.000,0.000,,,,2,1789723175.204,100,1
1548.822,63.840,65.035,58.625,56.000,57.000,58.000,57.000,56.000,55.000,56.000,55.000,59.000,60.656,55.000,60.656,50.750,35.000,35.164,32.996,41.660,42.180,39.387,25.905,0.233,38.481,2851.824,2641.252,2843.000,2633.000,0.000,,,,2,1789723176.211,100,1
1549.822,63.645,64.840,58.625,57.000,55.000,57.000,56.000,55.000,53.000,55.000,54.000,56.000,57.531,55.000,57.531,50.875,35.000,35.164,32.996,41.652,42.164,39.371,17.495,0.183,30.333,2834.780,2635.953,2835.000,2625.000,0.000,,,,2,1789723177.209,100,1
1550.823,63.477,64.672,58.500,57.000,56.000,59.000,58.000,56.000,55.000,56.000,54.000,55.000,59.000,55.000,58.328,50.750,35.000,35.164,32.996,41.645,42.152,39.355,15.164,0.167,29.380,2839.744,2621.652,2827.000,2618.000,0.000,,,,2,1789723178.212,100,1
1551.828,63.379,64.574,58.500,57.000,56.000,58.000,58.000,56.000,55.000,56.000,54.000,58.000,60.266,55.000,60.266,50.750,35.000,35.164,32.996,41.637,42.137,39.344,25.433,0.219,37.807,2834.713,2611.932,2818.000,2610.000,0.000,,,,2,1789723179.215,100,1
1552.831,63.215,64.410,58.562,57.000,56.000,58.000,57.000,55.000,54.000,55.000,54.000,57.000,58.156,55.000,58.156,50.875,35.000,35.164,32.996,41.633,42.121,39.328,20.539,0.190,32.867,2835.382,2612.672,2809.000,2601.000,0.000,,,,2,1789723180.218,100,1
1553.833,63.016,64.211,58.438,63.000,61.000,61.000,58.000,57.000,57.000,55.000,54.000,55.000,63.000,57.000,56.844,50.688,35.000,35.164,32.996,41.625,42.105,39.312,14.196,0.155,28.484,2791.542,2603.639,2800.000,2593.000,0.000,,,,2,1789723181.220,100,1
1554.834,62.824,64.020,58.375,57.000,55.000,58.000,56.000,55.000,53.000,55.000,54.000,56.000,58.000,55.000,56.875,50.688,35.000,35.164,32.996,41.617,42.094,39.297,17.354,0.160,28.232,2813.050,2580.978,2792.000,2586.000,0.000,,,,2,1789723182.221,100,1
1555.837,62.625,63.820,58.250,56.000,55.000,56.000,56.000,54.000,53.000,54.000,53.000,56.000,56.531,55.000,56.531,50.688,35.000,35.164,32.996,41.609,42.078,39.281,13.632,0.147,26.675,2770.147,2585.018,2783.000,2577.000,0.000,,,,2,1789723183.226,100,1
1556.839,62.383,63.578,58.312,56.000,55.000,57.000,55.000,54.000,53.000,56.000,55.000,55.000,57.000,54.000,54.891,50.625,35.000,35.164,32.996,41.605,42.062,39.266,11.066,0.140,24.152,2770.424,2580.849,2774.000,2569.000,0.000,,,,2,1789723184.227,100,1
1557.843,62.203,63.398,58.000,57.000,57.000,59.000,58.000,55.000,55.000,55.000,54.000,56.000,59.000,55.000,56.609,50.562,35.000,35.164,32.996,41.594,42.047,39.254,15.914,0.168,29.819,2786.723,2589.574,2765.000,2561.000,0.000,,,,2,1789723185.231,100,1
1558.844,62.043,63.238,58.000,58.000,59.000,61.000,59.000,55.000,54.000,55.000,59.000,56.000,61.000,56.000,57.062,50.500,35.000,35.152,32.996,41.586,42.031,39.234,17.235,0.169,30.727,2770.510,2549.719,2756.000,2552.000,0.000,,,,2,1789723186.235,100,1
1559.848,62.031,63.227,57.938,60.000,57.000,58.000,58.000,55.000,58.000,55.000,56.000,55.000,61.703,56.000,61.703,50.375,35.000,35.152,32.996,41.582,42.016,39.219,24.303,0.230,35.723,2796.898,2553.771,2747.000,2544.000,0.000,,,,2,1789723187.235,100,1
1560.850,61.965,63.160,58.062,59.000,58.000,61.000,60.000,58.000,56.000,57.000,55.000,59.000,61.000,57.000,59.906,50.375,35.000,35.152,32.996,41.570,42.000,39.203,20.943,0.209,34.451,2744.530,2536.319,2737.000,2535.000,0.000,,,,2,1789723188.237,100,1
1561.850,61.859,63.055,57.938,58.000,57.000,61.000,59.000,57.000,56.000,58.000,55.000,57.000,61.000,56.000,58.500,50.312,35.000,35.152,32.996,41.559,41.980,39.188,15.844,0.161,33.240,2739.038,2527.540,2728.000,2526.000,0.000,,,,2,1789723189.237,100,1
1562.854,61.680,62.875,57.812,54.000,54.000,55.000,55.000,55.000,52.000,54.000,53.000,55.000,56.094,53.000,56.094,50.312,35.000,35.152,32.996,41.555,41.965,39.172,30.704,0.234,27.711,2728.327,2522.722,2718.000,2517.000,0.000,,,,2,1789723190.241,100,1
1563.855,61.742,63.078,58.000,58.000,57.000,59.000,58.000,56.000,55.000,58.000,56.000,60.000,63.641,56.000,63.641,50.250,35.000,35.152,32.996,41.543,41.949,39.156,18.616,0.194,45.129,2728.554,2536.069,2709.000,2509.000,0.000,,,,2,1789723191.244,100,1
1564.856,61.598,62.934,58.062,55.000,54.000,55.000,54.000,53.000,53.000,54.000,53.000,56.000,57.234,53.000,57.234,50.438,35.000,35.152,32.996,41.535,41.938,39.145,10.663,0.131,33.216,2718.787,2514.212,2701.000,2501.000,0.000,,,,2,1789723192.246,100,1
1565.861,61.398,62.734,58.000,53.000,53.000,54.000,53.000,53.000,51.000,54.000,52.000,54.000,55.109,53.000,55.547,50.562,35.000,35.152,32.996,41.531,41.922,39.129,11.667,0.127,24.312,2708.539,2492.868,2692.000,2493.000,0.000,,,,2,1789723193.249,100,1
1566.864,61.215,62.551,57.688,54.000,53.000,54.000,53.000,53.000,52.000,54.000,52.000,55.000,55.547,53.000,56.172,50.312,35.000,35.152,32.996,41.520,41.910,39.113,13.807,0.135,23.659,2708.274,2508.956,2683.000,2485.000,0.000,,,,2,1789723194.252,100,1
1567.868,61.055,62.391,57.562,53.000,53.000,54.000,53.000,53.000,52.000,53.000,52.000,54.000,56.172,52.000,54.688,50.250,35.000,35.152,32.996,41.512,41.887,39.098,10.772,0.125,25.783,2668.980,2471.865,2673.000,2475.000,0.000,,,,2,1789723195.257,100,1
1568.872,60.855,62.191,57.438,53.000,53.000,54.000,53.000,53.000,51.000,53.000,52.000,55.000,54.688,52.000,55.047,50.125,35.000,35.148,32.996,41.504,41.875,39.070,11.139,0.122,24.698,2673.559,2471.255,2664.000,2467.000,0.000,,,,2,1789723196.262,100,1
1569.875,60.676,62.012,57.250,53.000,53.000,53.000,53.000,52.000,51.000,53.000,52.000,55.000,55.000,52.000,54.969,50.000,35.000,35.148,32.996,41.488,41.848,39.055,12.210,0.129,23.464,2659.280,2462.481,2655.000,2459.000,0.000,,,,2,1789723197.263,100,1
1570.878,60.496,61.832,57.062,53.000,51.000,53.000,52.000,52.000,50.000,52.000,51.000,53.000,53.406,51.000,53.406,50.000,35.000,35.148,32.996,41.480,41.832,39.039,8.630,0.108,24.873,2683.623,2459.352,2647.000,2451.000,0.000,,,,2,1789723198.267,100,1
1571.883,60.102,61.438,56.750,52.000,52.000,53.000,53.000,52.000,51.000,52.000,52.000,54.000,54.656,52.000,54.656,49.688,35.000,35.148,32.996,41.473,41.816,39.027,11.064,0.115,22.408,2639.509,2439.074,2637.000,2442.000,0.000,,,,2,1789723199.270,100,1
1572.887,59.938,61.273,56.812,52.000,53.000,54.000,52.000,52.000,51.000,52.000,52.000,55.000,55.000,52.000,54.859,49.688,35.000,35.148,32.996,41.461,41.801,39.012,12.393,0.129,22.694,2639.586,2435.724,2628.000,2434.000,0.000,,,,2,1789723200.278,100,1
1573.892,59.727,61.062,56.688,52.000,52.000,52.000,52.000,51.000,50.000,51.000,51.000,53.000,53.172,51.000,53.172,49.750,35.000,35.148,32.996,41.457,41.785,38.996,9.330,0.114,24.842,2620.373,2427.070,2619.000,2425.000,0.000,,,,2,1789723201.282,100,1
1574.897,59.559,60.895,56.250,52.000,52.000,53.000,53.000,52.000,51.000,52.000,51.000,54.000,54.359,51.000,54.359,49.562,35.000,35.148,32.996,41.445,41.770,38.984,11.142,0.122,22.897,2625.150,2415.297,2610.000,2417.000,0.000,,,,2,1789723202.285,100,1
1575.898,59.398,60.734,56.250,52.000,53.000,54.000,53.000,52.000,50.000,52.000,52.000,54.000,54.438,52.000,54.438,49.375,35.000,35.148,32.996,41.438,41.754,38.969,13.067,0.144,23.150,2625.687,2415.167,2600.000,2408.000,0.000,,,,2,1789723203.286,100,1
1576.903,59.219,60.555,56.062,51.000,51.000,53.000,52.000,52.000,50.000,52.000,51.000,52.000,53.703,51.000,53.703,49.375,35.000,35.148,32.996,41.430,41.738,38.953,11.812,0.133,25.828,2592.408,2414.698,2590.000,2399.000,0.000,,,,2,1789723204.295,100,1
1577.905,59.062,60.398,55.938,52.000,53.000,54.000,52.000,51.000,51.000,52.000,52.000,54.000,54.266,51.000,54.266,49.250,35.000,35.141,32.996,41.422,41.723,38.938,11.424,0.125,25.225,2592.315,2427.430,2582.000,2391.000,0.000,,,,2,1789723205.296,100,1
1578.905,58.926,60.262,55.938,52.000,53.000,53.000,52.000,52.000,51.000,52.000,51.000,54.000,54.672,51.000,54.672,49.312,35.000,35.141,32.996,41.414,41.707,38.926,14.525,0.148,23.497,2578.852,2375.077,2572.000,2382.000,0.000,,,,2,1789723206.295,100,1
1579.910,58.918,60.254,56.000,52.000,53.000,54.000,52.000,52.000,51.000,53.000,52.000,53.000,58.594,51.000,58.594,49.188,35.000,35.141,32.996,41.402,41.691,38.910,18.883,0.171,27.505,2556.128,2356.345,2562.000,2373.000,0.000,,,,2,1789723207.298,100,1
1580.914,58.777,60.113,55.938,52.000,53.000,53.000,52.000,52.000,50.000,52.000,51.000,54.000,54.469,52.000,54.469,49.250,35.000,35.141,32.996,41.395,41.672,38.895,12.419,0.136,32.945,2560.146,2363.756,2553.000,2364.000,0.000,,,,2,1789723208.301,100,1
1581.915,58.645,59.980,55.875,52.000,52.000,53.000,52.000,52.000,52.000,53.000,51.000,54.000,54.484,51.000,54.484,49.188,35.000,35.141,32.996,41.387,41.656,38.879,13.301,0.134,26.284,2565.546,2353.664,2542.000,2354.000,0.000,,,,2,1789723209.302,100,1
1582.916,58.484,59.820,55.688,52.000,52.000,53.000,52.000,51.000,50.000,52.000,51.000,52.000,53.531,51.000,53.531,49.188,35.000,35.141,32.996,41.379,41.641,38.863,10.743,0.127,26.081,2537.910,2344.956,2533.000,2346.000,0.000,,,,2,1789723210.304,100,1
1583.916,58.348,59.684,55.625,52.000,53.000,53.000,53.000,52.000,51.000,52.000,51.000,54.000,54.172,51.000,54.172,49.000,35.000,35.141,32.996,41.371,41.621,38.848,13.422,0.143,23.849,2520.479,2341.403,2523.000,2337.000,0.000,,,,2,1789723211.304,100,1
1584.920,58.816,60.160,55.625,58.000,64.000,66.000,60.000,72.000,56.000,58.000,54.000,56.000,72.000,58.000,60.234,48.875,35.000,35.141,32.996,41.363,41.605,38.832,18.121,0.169,25.396,2529.262,2338.087,2513.000,2327.000,0.000,,,,2,1789723212.306,100,1
1585.923,58.648,59.855,55.875,51.000,51.000,52.000,52.000,51.000,50.000,52.000,51.000,52.000,53.531,50.000,53.531,48.938,35.000,35.141,32.996,41.355,41.590,38.820,13.023,0.142,29.088,2512.037,2341.951,2503.000,2318.000,0.000,,,,2,1789723213.314,100,1
1586.926,58.500,59.707,55.562,54.000,54.000,55.000,53.000,54.000,52.000,53.000,52.000,54.000,55.000,53.000,53.906,48.875,35.000,35.141,32.996,41.344,41.574,38.805,12.436,0.139,27.844,2498.993,2316.364,2493.000,2309.000,0.000,,,,2,1789723214.314,100,1
1587.931,58.465,59.672,55.562,53.000,53.000,54.000,53.000,53.000,51.000,53.000,52.000,54.000,57.344,52.000,57.344,48.875,35.000,35.133,32.996,41.336,41.559,38.789,24.706,0.200,24.361,2486.102,2316.602,2485.000,2301.000,0.000,,,,2,1789723215.318,100,1
1588.935,58.301,59.508,55.688,51.000,51.000,53.000,52.000,51.000,50.000,52.000,51.000,52.000,53.188,51.000,53.188,48.812,35.000,35.133,32.996,41.328,41.543,38.777,10.446,0.130,38.446,2468.662,2290.688,2475.000,2292.000,0.000,,,,2,1789723216.323,100,1
1589.935,58.742,60.363,55.625,64.000,57.000,62.000,58.000,56.000,54.000,55.000,54.000,55.000,64.078,55.000,64.078,48.938,35.000,35.133,32.996,41.320,41.523,38.762,24.191,0.190,24.882,2460.479,2290.630,2465.000,2283.000,0.000,,,,2,1789723217.322,100,1
1590.940,60.066,61.922,55.938,57.000,58.000,58.000,59.000,56.000,62.000,55.000,54.000,56.000,64.047,56.000,64.047,49.000,35.000,35.133,32.996,41.312,41.508,38.746,26.633,0.197,35.179,2468.967,2290.426,2454.000,2273.000,0.000,,,,2,1789723218.326,100,1
1591.944,61.648,63.793,56.188,58.000,58.000,58.000,72.000,55.000,56.000,54.000,54.000,54.000,72.000,58.000,66.391,49.000,35.000,35.133,32.996,41.305,41.492,38.734,25.503,0.213,38.932,2461.051,2276.435,2445.000,2264.000,0.000,,,,2,1789723219.332,100,1
1592.948,62.480,64.660,56.500,59.000,58.000,58.000,60.000,56.000,64.000,55.000,55.000,55.000,64.984,57.000,64.984,49.062,35.000,35.133,32.996,41.293,41.477,38.715,28.761,0.220,37.564,2460.260,2255.837,2435.000,2255.000,0.000,,,,2,1789723220.334,100,1
1593.950,63.234,65.422,56.688,61.000,59.000,62.000,60.000,55.000,55.000,57.000,54.000,56.000,65.484,57.000,65.484,49.250,35.000,35.133,32.996,41.285,41.461,38.703,26.689,0.204,40.974,2443.959,2256.007,2425.000,2246.000,0.000,,,,2,1789723221.336,100,1
1594.953,64.742,67.164,56.812,57.000,57.000,59.000,58.000,56.000,71.000,55.000,56.000,55.000,71.000,56.000,69.266,49.438,35.000,35.133,32.996,41.277,41.449,38.688,26.253,0.201,38.988,2431.857,2251.463,2415.000,2237.000,0.000,,,,2,1789723222.339,100,1
1595.955,65.137,67.438,57.000,63.000,60.000,63.000,59.000,57.000,56.000,56.000,55.000,56.000,66.328,58.000,66.328,49.438,35.000,35.133,32.996,41.266,41.430,38.676,27.247,0.205,38.746,2443.843,2249.227,2407.000,2229.000,0.000,,,,2,1789723223.342,100,1
1596.957,65.250,67.352,57.125,68.000,58.000,62.000,60.000,59.000,57.000,57.000,56.000,56.000,68.000,58.000,65.594,49.688,35.000,35.133,32.996,41.258,41.418,38.660,28.184,0.234,39.660,2402.851,2231.825,2396.000,2219.000,0.000,,,,2,1789723224.346,100,1
1597.959,66.043,68.176,57.312,57.000,57.000,60.000,59.000,57.000,56.000,71.000,57.000,57.000,71.000,57.000,68.422,49.625,35.000,35.125,32.996,41.250,41.406,38.648,27.293,0.240,40.802,2391.629,2238.138,2387.000,2211.000,0.000,,,,2,1789723225.344,100,1
1598.963,66.027,67.945,57.562,67.000,58.000,64.000,61.000,59.000,57.000,58.000,57.000,57.000,67.000,58.000,65.609,49.750,35.000,35.125,32.996,41.238,41.391,38.637,28.873,0.235,40.046,2387.505,2201.242,2380.000,2204.000,0.000,,,,2,1789723226.349,100,1
1599.964,66.191,67.969,57.625,62.000,58.000,67.000,60.000,60.000,57.000,58.000,56.000,57.000,67.000,58.000,66.688,49.875,35.000,35.125,32.996,41.230,41.383,38.621,26.967,0.218,40.984,2391.725,2207.763,2370.000,2195.000,0.000,,,,2,1789723227.349,100,1
1600.969,66.668,68.410,57.750,58.000,58.000,60.000,59.000,71.000,57.000,59.000,56.000,57.000,71.000,58.000,68.094,49.938,35.000,35.125,32.996,41.223,41.367,38.609,24.704,0.205,39.427,2379.662,2194.948,2353.000,2179.000,0.000,,,,2,1789723228.354,100,1
1601.973,66.637,68.203,57.875,59.000,63.000,64.000,60.000,57.000,57.000,59.000,56.000,57.000,65.734,58.000,65.734,50.250,35.000,35.125,32.996,41.215,41.355,38.598,25.669,0.194,37.008,2380.118,2194.961,2344.000,2171.000,0.000,,,,2,1789723229.358,100,1
1602.974,66.621,68.031,58.125,61.000,58.000,66.000,61.000,57.000,57.000,58.000,56.000,57.000,66.125,58.000,66.125,50.125,35.000,35.125,32.996,41.207,41.348,38.586,26.166,0.197,38.379,2356.792,2174.964,2337.000,2164.000,0.000,,,,2,1789723230.360,100,1
1603.977,67.902,69.426,58.000,60.000,57.000,62.000,60.000,71.000,57.000,57.000,55.000,56.000,71.000,57.000,70.469,50.312,35.000,35.125,32.996,41.195,41.336,38.574,23.553,0.186,35.772,2352.572,2175.542,2328.000,2156.000,0.000,,,,2,1789723231.362,100,1
1604.980,67.887,69.258,58.188,60.000,62.000,65.000,61.000,59.000,57.000,59.000,56.000,58.000,67.406,59.000,67.406,50.375,35.000,35.125,32.996,41.188,41.324,38.562,25.648,0.194,37.877,2325.687,2152.853,2319.000,2148.000,0.000,,,,2,1789723232.366,100,1
1605.981,67.828,69.199,58.375,58.000,60.000,64.000,61.000,58.000,58.000,58.000,56.000,57.000,66.031,58.000,66.031,50.500,35.000,35.125,32.996,41.180,41.320,38.551,26.890,0.210,38.956,2322.311,2156.515,2313.000,2142.000,0.000,,,,2,1789723233.367,100,1
1606.986,67.797,69.168,58.500,68.000,58.000,61.000,61.000,58.000,58.000,58.000,56.000,57.000,68.000,58.000,66.875,50.562,35.000,35.125,32.996,41.172,41.309,38.543,27.309,0.232,39.240,2304.221,2136.752,2304.000,2134.000,0.000,,,,2,1789723234.371,100,1
1607.986,67.785,69.156,58.500,60.000,58.000,63.000,63.000,58.000,58.000,57.000,60.000,58.000,67.359,58.000,67.359,50.625,35.000,35.121,32.996,41.160,41.305,38.535,25.645,0.190,37.820,2307.530,2137.526,2298.000,2128.000,0.000,,,,2,1789723235.372,100,1
1608.987,67.758,69.129,58.750,60.000,64.000,61.000,62.000,59.000,58.000,59.000,57.000,58.000,66.938,59.000,66.938,50.562,35.000,35.121,32.996,41.156,41.297,38.523,27.022,0.201,39.151,2307.929,2124.069,2290.000,2121.000,0.000,,,,2,1789723236.372,100,1
1609.987,68.074,69.469,58.812,60.000,58.000,75.000,61.000,60.000,59.000,59.000,58.000,57.000,75.000,58.000,69.656,50.875,35.000,35.121,32.996,41.148,41.289,38.516,25.256,0.203,37.282,2289.537,2118.021,2283.000,2114.000,0.000,,,,2,1789723237.375,100,1
1610.988,68.062,69.316,58.875,62.000,60.000,61.000,68.000,59.000,58.000,58.000,58.000,58.000,68.000,59.000,67.734,50.812,35.000,35.121,32.996,41.141,41.285,38.508,29.395,0.215,41.599,2300.187,2118.046,2276.000,2108.000,0.000,,,,2,1789723238.373,100,1
1611.988,67.988,69.242,58.938,61.000,59.000,66.000,61.000,59.000,59.000,60.000,58.000,64.000,66.000,58.000,65.672,51.000,35.000,35.121,32.996,41.133,41.277,38.496,37.554,0.217,49.855,2300.305,2118.033,2270.000,2102.000,0.000,,,,2,1789723239.375,100,1
1612.990,67.949,69.203,59.188,61.000,64.000,66.000,63.000,59.000,58.000,59.000,57.000,61.000,66.812,60.000,66.812,51.000,35.000,35.121,32.996,41.121,41.277,38.492,32.112,0.266,44.329,2275.457,2108.864,2264.000,2097.000,0.000,,,,2,1789723240.376,100,1
1613.994,67.910,69.164,59.375,60.000,59.000,62.000,61.000,62.000,58.000,59.000,62.000,63.000,66.609,59.000,66.609,51.375,35.000,35.121,32.996,41.117,41.273,38.484,37.478,0.267,49.486,2274.752,2097.328,2258.000,2091.000,0.000,,,,2,1789723241.379,100,1
1614.997,67.887,69.141,59.750,64.000,60.000,67.000,62.000,62.000,59.000,59.000,59.000,59.000,67.188,60.000,67.188,51.438,35.000,35.121,32.996,41.109,41.273,38.477,30.879,0.262,42.605,2267.474,2099.480,2252.000,2086.000,0.000,,,,2,1789723242.382,100,1
1615.998,69.648,71.305,60.000,64.000,62.000,64.000,65.000,63.000,62.000,82.000,84.000,62.000,84.000,62.000,74.938,51.500,35.000,35.121,32.996,41.102,41.277,38.473,31.088,0.218,44.230,2249.635,2091.370,2248.000,2082.000,0.000,,,,2,1789723243.383,100,1
1616.999,69.719,71.234,60.250,67.000,61.000,68.000,64.000,67.000,61.000,60.000,59.000,60.000,69.938,61.000,69.938,51.750,35.000,35.121,32.996,41.094,41.273,38.465,29.628,0.242,41.164,2250.450,2090.471,2242.000,2076.000,0.000,,,,2,1789723244.383,100,1
1617.999,69.672,71.035,60.312,60.000,62.000,62.000,61.000,62.000,66.000,59.000,59.000,60.000,68.219,60.000,68.219,51.875,35.000,35.113,32.996,41.090,41.273,38.461,29.123,0.235,40.673,2249.902,2084.757,2236.000,2071.000,0.000,,,,2,1789723245.382,100,1
1618.999,69.992,71.316,60.438,76.000,59.000,64.000,62.000,60.000,59.000,58.000,58.000,58.000,76.000,60.000,70.953,51.875,35.000,35.113,32.996,41.082,41.277,38.457,27.062,0.233,38.933,2236.344,2073.219,2233.000,2068.000,0.000,,,,2,1789723246.384,100,1
1620.004,69.934,71.125,60.562,63.000,60.000,67.000,62.000,62.000,58.000,65.000,58.000,60.000,68.219,60.000,68.219,52.062,35.000,35.113,32.996,41.078,41.281,38.453,25.844,0.203,38.221,2236.428,2061.277,2229.000,2064.000,0.000,,,,2,1789723247.389,100,1
1621.004,69.883,71.074,60.625,64.000,64.000,65.000,70.000,63.000,61.000,62.000,59.000,60.000,70.000,61.000,68.266,52.062,35.000,35.113,32.996,41.070,41.281,38.449,28.417,0.208,40.609,2246.350,2073.673,2223.000,2059.000,0.000,,,,2,1789723248.390,100,1
1622.009,70.137,71.594,60.625,62.000,62.000,65.000,63.000,62.000,72.000,61.000,60.000,60.000,74.000,61.000,74.000,52.250,35.000,35.113,32.996,41.066,41.285,38.449,36.310,0.270,47.799,2222.359,2061.596,2219.000,2055.000,0.000,,,,2,1789723249.394,100,1
1623.014,70.172,71.629,60.812,62.000,62.000,65.000,64.000,62.000,71.000,61.000,59.000,61.000,71.000,62.000,70.969,52.375,35.000,35.113,32.996,41.062,41.289,38.445,35.680,0.248,47.694,2236.330,2055.275,2215.000,2051.000,0.000,,,,2,1789723250.400,100,1
1624.015,70.172,71.629,60.938,66.000,65.000,71.000,66.000,67.000,64.000,63.000,66.000,60.000,71.000,63.000,70.172,52.438,35.000,35.113,32.996,41.059,41.293,38.445,30.712,0.227,43.891,2225.629,2044.154,2211.000,2048.000,0.000,,,,2,1789723251.402,100,1
1625.016,70.230,71.648,61.250,61.000,60.000,63.000,62.000,60.000,74.000,59.000,60.000,59.000,74.000,60.000,71.297,52.562,35.000,35.113,32.996,41.055,41.297,38.441,29.554,0.236,40.451,2211.859,2047.094,2207.000,2044.000,0.000,,,,2,1789723252.402,100,1
1626.021,70.234,71.652,61.312,67.000,64.000,65.000,64.000,62.000,60.000,64.000,60.000,61.000,70.359,62.000,70.359,52.750,35.000,35.113,32.996,41.051,41.301,38.441,31.924,0.252,43.610,2225.506,2047.397,2203.000,2040.000,0.000,,,,2,1789723253.410,100,1
1627.024,69.914,71.332,61.188,60.000,58.000,60.000,58.000,59.000,56.000,58.000,57.000,58.000,60.000,57.000,60.000,52.750,35.000,35.113,32.996,41.047,41.305,38.441,15.513,0.158,27.156,2201.875,2027.198,2198.000,2036.000,0.000,,,,2,1789723254.410,100,1
1628.028,69.562,70.980,60.875,57.000,57.000,58.000,57.000,56.000,56.000,57.000,59.000,57.000,59.000,57.000,58.766,52.875,35.000,35.109,32.996,41.043,41.309,38.441,13.087,0.147,25.249,2198.648,2038.655,2195.000,2033.000,0.000,,,,2,1789723255.417,100,1
1629.032,69.266,70.684,60.688,59.000,59.000,61.000,60.000,59.000,57.000,59.000,58.000,59.000,61.000,58.000,60.000,52.688,35.000,35.109,32.996,41.039,41.316,38.441,15.995,0.160,28.337,2188.902,2038.817,2192.000,2030.000,0.000,,,,2,1789723256.421,100,1
1630.033,68.949,70.367,60.625,57.000,57.000,58.000,57.000,55.000,55.000,57.000,56.000,59.000,59.141,56.000,59.141,52.562,35.000,35.109,32.996,41.035,41.324,38.445,13.490,0.136,25.757,2202.293,2041.372,2189.000,2027.000,0.000,,,,2,1789723257.420,100,1
1631.034,69.062,70.445,60.250,65.000,63.000,62.000,91.000,60.000,64.000,59.000,59.000,58.000,91.000,61.000,70.109,52.438,35.000,35.109,32.996,41.031,41.328,38.449,15.003,0.142,29.509,2191.954,2029.415,2184.000,2023.000,0.000,,,,2,1789723258.420,100,1
1632.034,69.051,70.293,60.250,65.000,60.000,63.000,64.000,62.000,59.000,60.000,58.000,60.000,68.734,60.000,68.734,52.438,35.000,35.109,32.996,41.031,41.332,38.449,29.882,0.213,40.996,2168.635,2032.784,2181.000,2020.000,0.000,,,,2,1789723259.421,100,1
1633.035,69.027,70.270,60.688,64.000,62.000,66.000,63.000,64.000,68.000,64.000,63.000,59.000,68.312,60.000,68.312,52.500,35.000,35.109,32.996,41.027,41.336,38.453,26.132,0.191,38.612,2185.500,2038.378,2177.000,2016.000,0.000,,,,2,1789723260.421,100,1
1634.039,68.746,69.988,60.625,57.000,57.000,60.000,58.000,57.000,56.000,57.000,57.000,57.000,60.000,57.000,59.984,52.500,35.000,35.109,32.996,41.027,41.344,38.453,17.617,0.172,28.265,2181.911,2021.109,2174.000,2013.000,0.000,,,,2,1789723261.427,100,1
1635.043,68.438,69.680,60.375,57.000,57.000,58.000,57.000,56.000,55.000,57.000,56.000,58.000,58.906,56.000,58.906,52.562,35.000,35.109,32.996,41.023,41.348,38.457,14.101,0.159,26.257,2181.871,2018.978,2170.000,2010.000,0.000,,,,2,1789723262.430,100,1
1636.047,68.137,69.379,60.188,56.000,57.000,59.000,57.000,57.000,55.000,56.000,58.000,58.000,59.000,56.000,58.797,52.562,35.000,35.109,32.996,41.020,41.352,38.461,16.477,0.160,29.453,2182.003,1999.256,2166.000,2006.000,0.000,,,,2,1789723263.435,100,1
1637.050,67.801,69.043,59.938,57.000,56.000,58.000,55.000,55.000,54.000,56.000,55.000,57.000,58.000,55.000,57.453,52.375,35.000,35.109,32.996,41.023,41.363,38.461,10.014,0.116,22.799,2168.688,2018.458,2165.000,2005.000,0.000,,,,2,1789723264.441,100,1
1638.052,67.691,68.934,59.875,57.000,58.000,61.000,59.000,59.000,56.000,58.000,57.000,58.000,64.281,57.000,64.281,52.312,35.000,35.102,32.996,41.023,41.367,38.465,25.003,0.203,36.391,2175.463,2002.659,2161.000,2001.000,0.000,,,,2,1789723265.439,100,1
1639.055,67.500,68.742,59.938,57.000,57.000,59.000,58.000,60.000,56.000,57.000,58.000,58.000,61.547,56.000,61.547,52.250,35.000,35.102,32.996,41.023,41.379,38.469,19.866,0.177,33.021,2172.063,2013.490,2158.000,1999.000,0.000,,,,2,1789723266.442,100,1
1640.056,67.273,68.516,59.812,66.000,63.000,68.000,65.000,66.000,64.000,64.000,65.000,58.000,68.000,61.000,60.219,52.312,35.000,35.102,32.996,41.020,41.383,38.473,15.461,0.156,26.888,2162.799,2004.599,2155.000,1996.000,0.000,,,,2,1789723267.445,100,1
1641.060,67.035,68.277,59.938,57.000,57.000,58.000,58.000,57.000,55.000,57.000,56.000,58.000,59.703,56.000,59.703,52.188,35.000,35.102,32.996,41.023,41.395,38.477,19.084,0.203,32.195,2162.292,1988.599,2153.000,1994.000,0.000,,,,2,1789723268.447,100,1
1642.064,66.781,68.023,59.625,56.000,57.000,58.000,57.000,56.000,55.000,56.000,55.000,58.000,58.875,56.000,58.875,52.125,35.000,35.102,32.996,41.027,41.402,38.480,13.620,0.143,25.827,2162.500,2005.314,2151.000,1992.000,0.000,,,,2,1789723269.451,100,1
1643.066,66.480,67.723,59.625,55.000,55.000,56.000,55.000,54.000,53.000,55.000,54.000,56.000,57.141,54.000,57.141,52.062,35.000,35.102,32.996,41.027,41.414,38.484,10.054,0.118,23.466,2152.299,2004.923,2149.000,1990.000,0.000,,,,2,1789723270.457,100,1
1644.069,66.215,67.457,59.375,57.000,57.000,58.000,58.000,56.000,56.000,56.000,57.000,57.000,58.000,56.000,57.984,52.062,35.000,35.102,32.996,41.023,41.418,38.488,12.176,0.129,22.846,2149.241,1991.404,2145.000,1987.000,0.000,,,,2,1789723271.456,100,1
1645.073,65.957,67.199,59.250,59.000,58.000,61.000,59.000,60.000,58.000,59.000,59.000,58.000,61.000,58.000,57.969,51.875,35.000,35.102,32.996,41.027,41.426,38.488,14.005,0.140,26.204,2149.113,1986.042,2142.000,1984.000,0.000,,,,2,1789723272.462,100,1
1646.077,65.684,66.926,59.000,54.000,55.000,57.000,55.000,54.000,53.000,55.000,54.000,56.000,57.203,54.000,57.203,51.750,35.000,35.102,32.996,41.027,41.434,38.492,11.413,0.139,24.462,2149.074,2004.968,2140.000,1982.000,0.000,,,,2,1789723273.464,100,1
1647.080,65.422,66.664,58.875,55.000,55.000,57.000,55.000,55.000,53.000,55.000,54.000,58.000,58.000,55.000,57.391,51.688,35.000,35.102,32.996,41.027,41.438,38.496,12.141,0.132,24.072,2139.813,1970.249,2136.000,1978.000,0.000,,,,2,1789723274.468,100,1
1648.082,65.180,66.422,58.688,55.000,55.000,56.000,55.000,54.000,53.000,55.000,55.000,57.000,57.594,54.000,57.594,51.625,35.000,35.098,32.996,41.031,41.449,38.504,14.158,0.149,26.312,2146.127,1962.024,2135.000,1977.000,0.000,,,,2,1789723275.468,100,1
1649.086,64.930,66.172,58.562,57.000,56.000,58.000,56.000,54.000,54.000,55.000,55.000,56.000,58.000,55.000,57.234,51.500,35.000,35.098,32.996,41.027,41.449,38.508,13.063,0.152,25.947,2142.781,1975.981,2129.000,1972.000,0.000,,,,2,1789723276.476,100,1
1650.090,64.715,65.957,58.250,56.000,56.000,58.000,58.000,56.000,56.000,57.000,56.000,57.000,58.016,56.000,58.016,51.500,35.000,35.098,32.996,41.031,41.457,38.512,14.506,0.160,25.060,2133.789,1973.230,2127.000,1970.000,0.000,,,,2,1789723277.479,100,1
1651.093,64.508,65.750,58.312,56.000,56.000,59.000,56.000,55.000,55.000,55.000,56.000,57.000,59.000,55.000,58.094,51.438,35.000,35.098,32.996,41.031,41.465,38.512,14.763,0.154,28.366,2133.156,1970.432,2125.000,1968.000,0.000,,,,2,1789723278.481,100,1
1652.097,64.352,65.594,58.188,56.000,56.000,60.000,57.000,57.000,55.000,57.000,55.000,56.000,60.000,56.000,59.484,51.250,35.000,35.098,32.996,41.035,41.473,38.516,16.941,0.189,30.178,2123.969,1978.196,2122.000,1965.000,0.000,,,,2,1789723279.484,100,1
1653.101,64.172,65.414,58.500,55.000,55.000,57.000,56.000,55.000,54.000,55.000,55.000,57.000,58.641,55.000,58.641,51.188,35.000,35.098,32.996,41.035,41.480,38.520,19.230,0.198,31.966,2111.697,1980.100,2120.000,1963.000,0.000,,,,2,1789723280.490,100,1
1654.104,63.992,65.234,58.438,57.000,57.000,58.000,60.000,56.000,57.000,56.000,56.000,57.000,60.000,56.000,58.344,51.250,35.000,35.098,32.996,41.039,41.484,38.523,16.503,0.169,29.116,2127.119,1972.797,2115.000,1959.000,0.000,,,,2,1789723281.494,100,1
1655.108,63.754,64.996,58.250,54.000,54.000,55.000,54.000,54.000,53.000,54.000,54.000,55.000,56.406,54.000,56.406,51.188,35.000,35.098,32.996,41.039,41.484,38.523,10.953,0.135,24.260,2124.057,1951.738,2111.000,1955.000,0.000,,,,2,1789723282.496,100,1
1656.111,63.531,64.773,58.062,54.000,54.000,55.000,54.000,53.000,53.000,55.000,54.000,56.000,56.641,54.000,56.641,51.125,35.000,35.098,32.996,41.039,41.492,38.527,12.120,0.131,24.177,2114.898,1961.586,2109.000,1953.000,0.000,,,,2,1789723283.500,100,1
1657.115,63.344,64.586,58.000,57.000,56.000,60.000,56.000,54.000,54.000,55.000,54.000,57.000,60.000,55.000,57.531,51.188,35.000,35.098,32.996,41.043,41.500,38.531,14.829,0.141,26.660,2114.773,1946.472,2106.000,1950.000,0.000,,,,2,1789723284.502,100,1
1658.118,63.121,64.363,58.062,54.000,54.000,55.000,54.000,53.000,52.000,55.000,53.000,55.000,56.234,53.000,56.234,50.938,35.000,35.094,32.996,41.043,41.504,38.531,13.980,0.137,27.002,2114.525,1956.511,2102.000,1947.000,0.000,,,,2,1789723285.507,100,1
1659.121,62.926,64.168,57.875,54.000,54.000,55.000,55.000,54.000,53.000,55.000,53.000,55.000,56.875,54.000,56.875,50.938,35.000,35.094,32.996,41.047,41.508,38.535,12.824,0.128,24.834,2105.115,1946.419,2099.000,1944.000,0.000,,,,2,1789723286.512,100,1
1660.125,62.711,63.953,57.688,54.000,55.000,55.000,54.000,53.000,53.000,54.000,54.000,56.000,56.000,54.000,55.984,50.875,35.000,35.094,32.996,41.047,41.512,38.539,11.010,0.116,23.068,2096.534,1938.318,2095.000,1940.000,0.000,,,,2,1789723287.513,100,1
1661.130,62.473,63.715,57.625,53.000,53.000,54.000,53.000,53.000,52.000,53.000,53.000,55.000,55.141,53.000,55.141,50.812,35.000,35.094,32.996,41.047,41.516,38.539,9.201,0.111,22.000,2096.131,1938.465,2091.000,1937.000,0.000,,,,2,1789723288.517,100,1
1662.134,62.250,63.492,57.250,53.000,54.000,54.000,54.000,53.000,52.000,53.000,53.000,56.000,56.000,54.000,55.328,50.750,35.000,35.094,32.996,41.051,41.520,38.539,9.958,0.117,22.114,2108.642,1956.766,2088.000,1934.000,0.000,,,,2,1789723289.522,100,1
1663.134,62.035,63.277,57.250,54.000,54.000,55.000,54.000,53.000,52.000,54.000,53.000,55.000,55.438,53.000,55.438,50.562,35.000,35.094,32.996,41.051,41.523,38.539,11.210,0.124,23.429,2096.338,1954.238,2085.000,1931.000,0.000,,,,2,1789723290.521,100,1
1664.136,61.816,63.059,57.062,53.000,53.000,54.000,53.000,53.000,52.000,54.000,52.000,54.000,55.016,53.000,55.016,50.625,35.000,35.094,32.996,41.055,41.527,38.543,8.581,0.112,21.564,2087.077,1940.659,2081.000,1927.000,0.000,,,,2,1789723291.525,100,1
1665.136,61.605,62.848,56.938,53.000,54.000,54.000,53.000,52.000,51.000,53.000,52.000,55.000,55.000,53.000,54.984,50.500,35.000,35.094,32.996,41.055,41.531,38.543,9.233,0.109,21.213,2066.400,1938.214,2077.000,1924.000,0.000,,,,2,1789723292.525,100,1
1666.137,61.398,62.641,56.688,53.000,53.000,54.000,53.000,53.000,52.000,53.000,52.000,55.000,55.000,53.000,54.984,50.375,35.000,35.094,32.996,41.055,41.531,38.547,9.991,0.116,21.928,2078.162,1920.830,2073.000,1920.000,0.000,,,,2,1789723293.527,100,1
1667.138,61.188,62.430,56.562,53.000,54.000,54.000,53.000,53.000,52.000,53.000,52.000,54.000,54.672,53.000,54.672,50.312,35.000,35.094,32.996,41.059,41.531,38.543,9.778,0.121,22.586,2078.258,1938.799,2069.000,1916.000,0.000,,,,2,1789723294.526,100,1
1668.140,61.051,62.293,56.500,55.000,54.000,55.000,54.000,53.000,53.000,54.000,54.000,55.000,56.844,54.000,56.844,50.188,35.000,35.086,32.996,41.059,41.535,38.543,17.347,0.189,29.282,2069.037,1925.690,2064.000,1912.000,0.000,,,,2,1789723295.528,100,1
1669.144,60.867,62.109,56.625,53.000,54.000,54.000,54.000,54.000,52.000,53.000,52.000,55.000,55.234,54.000,55.234,50.125,35.000,35.086,32.996,41.059,41.535,38.543,12.242,0.133,24.800,2057.225,1918.465,2060.000,1908.000,0.000,,,,2,1789723296.532,100,1
1670.149,60.672,61.914,56.312,56.000,59.000,56.000,55.000,54.000,52.000,53.000,52.000,54.000,59.000,55.000,54.609,50.125,35.000,35.086,32.996,41.059,41.535,38.543,8.698,0.111,21.349,2060.369,1908.539,2056.000,1904.000,0.000,,,,2,1789723297.535,100,1
1671.154,60.535,61.777,56.312,54.000,54.000,55.000,54.000,53.000,52.000,54.000,53.000,55.000,56.203,53.000,56.203,50.000,35.000,35.086,32.996,41.059,41.535,38.547,15.655,0.168,27.766,2068.811,1898.724,2052.000,1900.000,0.000,,,,2,1789723298.542,100,1
1672.156,60.395,61.637,56.312,53.000,54.000,54.000,53.000,53.000,52.000,53.000,52.000,55.000,56.109,53.000,56.109,50.000,35.000,35.086,32.996,41.059,41.535,38.547,13.316,0.135,25.794,2040.122,1908.164,2047.000,1896.000,0.000,,,,2,1789723299.542,100,1
1673.160,60.402,61.645,56.250,54.000,55.000,56.000,56.000,54.000,53.000,55.000,54.000,55.000,60.641,55.000,60.641,50.000,35.000,35.086,32.996,41.059,41.535,38.543,15.968,0.166,29.063,2046.268,1893.441,2042.000,1891.000,0.000,,,,2,1789723300.548,100,1
1674.163,60.270,61.512,56.312,54.000,54.000,55.000,54.000,53.000,52.000,54.000,52.000,56.000,56.188,54.000,56.188,50.062,35.000,35.086,32.996,41.059,41.531,38.543,13.126,0.139,25.403,2043.226,1883.663,2036.000,1886.000,0.000,,,,2,1789723301.550,100,1
1675.167,60.160,61.402,56.312,54.000,54.000,55.000,55.000,53.000,52.000,54.000,52.000,56.000,56.766,54.000,56.766,49.938,35.000,35.086,32.996,41.059,41.531,38.543,17.122,0.167,29.301,2031.740,1883.890,2032.000,1882.000,0.000,,,,2,1789723302.554,100,1
1676.171,60.012,61.254,56.250,53.000,53.000,55.000,53.000,53.000,51.000,53.000,52.000,54.000,55.453,53.000,55.453,50.062,35.000,35.086,32.996,41.059,41.535,38.539,12.893,0.150,25.865,2034.622,1900.137,2029.000,1879.000,0.000,,,,2,1789723303.558,100,1
1677.172,59.887,61.078,56.188,53.000,54.000,55.000,54.000,53.000,52.000,54.000,52.000,55.000,55.984,53.000,55.984,50.000,35.000,35.086,32.996,41.059,41.531,38.539,14.048,0.150,26.169,2025.955,1885.686,2023.000,1874.000,0.000,,,,2,1789723304.559,100,1
1678.177,59.777,60.969,56.188,56.000,55.000,56.000,54.000,54.000,53.000,54.000,52.000,55.000,56.406,54.000,56.406,49.938,35.000,35.082,32.996,41.059,41.531,38.539,16.877,0.165,29.051,2034.358,1871.258,2018.000,1869.000,0.000,,,,2,1789723305.564,100,1
1679.181,59.664,60.855,56.188,53.000,53.000,55.000,53.000,53.000,52.000,53.000,53.000,54.000,56.109,53.000,56.109,49.875,35.000,35.082,32.996,41.059,41.531,38.535,13.757,0.163,26.679,2014.369,1866.803,2014.000,1865.000,0.000,,,,2,1789723306.569,100,1
1680.182,59.566,60.758,56.125,54.000,54.000,55.000,54.000,54.000,52.000,54.000,53.000,56.000,56.562,54.000,56.562,49.875,35.000,35.082,32.996,41.055,41.531,38.531,16.175,0.142,28.375,2017.428,1867.007,2009.000,1861.000,0.000,,,,2,1789723307.569,100,1
1681.182,59.469,60.660,56.250,53.000,54.000,55.000,54.000,53.000,53.000,55.000,53.000,56.000,56.438,54.000,56.438,49.812,35.000,35.082,32.996,41.055,41.527,38.531,15.114,0.153,27.294,2017.474,1878.895,2004.000,1856.000,0.000,,,,2,1789723308.570,100,1
1682.185,59.328,60.520,56.125,53.000,53.000,54.000,53.000,52.000,51.000,53.000,52.000,54.000,54.969,52.000,54.969,50.000,35.000,35.082,32.996,41.059,41.531,38.531,11.250,0.129,24.298,2000.689,1859.504,2001.000,1853.000,0.000,,,,2,1789723309.573,100,1
1683.188,59.188,60.379,55.938,53.000,53.000,54.000,53.000,52.000,51.000,53.000,52.000,55.000,55.000,53.000,54.875,49.875,35.000,35.082,32.996,41.055,41.527,38.527,10.414,0.115,22.713,2017.587,1857.988,1995.000,1848.000,0.000,,,,2,1789723310.577,100,1
1684.193,59.078,60.270,55.938,53.000,53.000,54.000,53.000,52.000,52.000,53.000,52.000,55.000,55.688,53.000,55.688,49.750,35.000,35.082,32.996,41.055,41.527,38.523,14.891,0.144,26.932,1998.468,1855.364,1991.000,1844.000,0.000,,,,2,1789723311.581,100,1
1685.197,58.984,60.176,55.938,58.000,55.000,58.000,58.000,55.000,55.000,56.000,55.000,55.000,58.000,55.000,56.094,49.875,35.000,35.082,32.996,41.055,41.523,38.523,14.381,0.159,27.725,1995.212,1843.422,1985.000,1838.000,0.000,,,,2,1789723312.584,100,1
1686.200,58.883,60.074,55.875,53.000,53.000,55.000,54.000,53.000,52.000,54.000,52.000,55.000,55.703,53.000,55.703,49.750,35.000,35.082,32.996,41.055,41.520,38.520,14.215,0.147,26.337,1995.388,1850.833,1979.000,1833.000,0.000,,,,2,1789723313.588,100,1
1687.202,58.770,59.898,55.938,53.000,53.000,54.000,52.000,52.000,52.000,53.000,52.000,55.000,55.219,52.000,55.219,49.812,35.000,35.082,32.996,41.051,41.520,38.516,12.303,0.124,24.580,1992.914,1836.426,1975.000,1829.000,0.000,,,,2,1789723314.590,100,1
1688.202,59.559,60.812,55.750,59.000,57.000,61.000,76.000,58.000,58.000,57.000,56.000,56.000,76.000,57.000,61.938,49.750,35.000,35.078,32.996,41.055,41.516,38.512,15.570,0.157,29.158,1981.659,1830.012,1969.000,1824.000,0.000,,,,2,1789723315.593,100,1
1689.207,59.500,60.625,55.875,53.000,54.000,55.000,54.000,54.000,52.000,54.000,53.000,55.000,57.734,53.000,57.734,49.750,35.000,35.078,32.996,41.051,41.516,38.508,18.961,0.164,30.483,1986.656,1833.629,1965.000,1820.000,0.000,,,,2,1789723316.596,100,1
1690.210,59.375,60.391,55.875,53.000,54.000,55.000,53.000,52.000,52.000,53.000,53.000,55.000,55.500,53.000,55.500,49.750,35.000,35.078,32.996,41.051,41.512,38.508,12.595,0.131,25.265,1982.030,1824.734,1960.000,1815.000,0.000,,,,2,1789723317.599,100,1
1691.214,59.227,60.242,55.750,53.000,53.000,54.000,53.000,53.000,51.000,53.000,52.000,54.000,54.688,53.000,54.688,49.688,35.000,35.078,32.996,41.051,41.512,38.504,11.606,0.133,24.162,1965.742,1824.725,1955.000,1811.000,0.000,,,,2,1789723318.602,100,1
1692.215,59.121,60.137,55.875,53.000,54.000,54.000,53.000,53.000,52.000,53.000,53.000,55.000,55.781,53.000,55.781,49.750,35.000,35.078,32.996,41.047,41.508,38.500,14.043,0.151,26.636,1962.559,1817.842,1950.000,1806.000,0.000,,,,2,1789723319.603,100,1
1693.216,59.078,60.094,55.625,54.000,55.000,56.000,55.000,54.000,53.000,55.000,54.000,56.000,57.766,54.000,57.766,49.875,35.000,35.078,32.996,41.047,41.508,38.496,16.740,0.162,28.565,1956.819,1817.585,1946.000,1802.000,0.000,,,,2,1789723320.602,100,1
1694.216,58.941,59.957,55.688,54.000,53.000,55.000,54.000,53.000,51.000,53.000,52.000,53.000,55.000,53.000,54.672,49.625,35.000,35.078,32.996,41.047,41.500,38.492,9.908,0.119,22.915,1944.275,1798.211,1938.000,1795.000,0.000,,,,2,1789723321.604,100,1
1695.220,59.039,60.055,55.625,54.000,55.000,58.000,56.000,54.000,53.000,55.000,54.000,56.000,62.094,54.000,62.094,49.688,35.000,35.078,32.996,41.047,41.500,38.488,21.490,0.183,33.774,1944.695,1793.240,1934.000,1791.000,0.000,,,,2,1789723322.608,100,1
1696.221,58.922,59.938,55.688,53.000,53.000,54.000,53.000,52.000,51.000,53.000,52.000,55.000,55.234,52.000,55.234,49.625,35.000,35.078,32.996,41.043,41.496,38.488,12.323,0.133,24.448,1936.119,1790.956,1928.000,1786.000,0.000,,,,2,1789723323.610,100,1
1697.225,58.789,59.805,55.688,57.000,55.000,55.000,53.000,52.000,51.000,53.000,52.000,54.000,57.000,53.000,54.672,49.688,35.000,35.078,32.996,41.043,41.492,38.484,9.657,0.117,22.462,1925.690,1791.446,1923.000,1781.000,0.000,,,,2,1789723324.612,100,1
1698.230,58.688,59.703,55.625,53.000,53.000,54.000,53.000,52.000,52.000,53.000,52.000,55.000,55.562,53.000,55.562,49.625,35.000,35.074,32.996,41.043,41.492,38.480,14.370,0.144,26.546,1931.382,1771.828,1919.000,1777.000,0.000,,,,2,1789723325.617,100,1
1699.231,58.582,59.598,55.438,53.000,54.000,55.000,54.000,53.000,52.000,53.000,52.000,56.000,56.000,53.000,55.375,49.688,35.000,35.074,32.996,41.039,41.492,38.480,13.060,0.134,25.381,1903.131,1774.369,1914.000,1773.000,0.000,,,,2,1789723326.620,100,1
1700.232,58.520,59.941,55.500,58.000,57.000,60.000,59.000,59.000,56.000,57.000,57.000,55.000,60.000,55.000,56.547,49.625,35.000,35.074,32.996,41.039,41.488,38.473,14.091,0.159,26.657,1905.740,1782.761,1909.000,1768.000,0.000,,,,2,1789723327.619,100,1
1701.235,58.418,59.840,55.500,53.000,54.000,54.000,54.000,52.000,52.000,54.000,52.000,55.000,55.328,53.000,55.328,49.688,35.000,35.074,33.996,41.035,41.484,38.480,13.306,0.145,26.466,1933.685,1772.229,1904.000,1763.000,0.000,,,,2,1789723328.623,100,1
1702.239,58.320,59.742,55.438,53.000,53.000,54.000,53.000,53.000,52.000,54.000,52.000,55.000,55.234,53.000,55.234,49.562,35.000,35.074,33.996,41.035,41.484,38.484,14.208,0.147,25.354,1910.362,1772.386,1899.000,1759.000,0.000,,,,2,1789723329.629,100,1
1703.243,58.273,59.695,55.438,54.000,56.000,55.000,55.000,54.000,53.000,55.000,52.000,53.000,56.812,53.000,56.812,49.562,35.000,35.074,33.996,41.035,41.480,38.488,13.292,0.145,26.134,1903.181,1759.402,1894.000,1754.000,0.000,,,,2,1789723330.630,100,1
1704.248,58.242,59.664,55.438,57.000,56.000,59.000,58.000,59.000,55.000,56.000,55.000,56.000,59.000,55.000,57.328,49.562,35.000,35.074,33.996,41.031,41.480,38.492,18.345,0.195,30.542,1880.986,1757.040,1888.000,1749.000,0.000,,,,2,1789723331.636,100,1
1705.251,58.188,59.609,55.500,54.000,55.000,56.000,55.000,54.000,53.000,54.000,54.000,55.000,56.438,53.000,56.438,49.500,35.000,35.074,33.996,41.031,41.480,38.496,16.905,0.172,28.700,1898.474,1740.358,1884.000,1745.000,0.000,,,,2,1789723332.640,100,1
1706.255,58.098,59.520,55.625,53.000,53.000,55.000,54.000,53.000,52.000,53.000,52.000,54.000,55.344,52.000,55.344,49.625,35.000,35.074,33.996,41.031,41.477,38.500,14.135,0.161,26.355,1883.495,1734.162,1879.000,1740.000,0.000,,,,2,1789723333.644,100,1
1707.259,58.027,59.449,55.500,53.000,54.000,55.000,54.000,53.000,52.000,54.000,53.000,55.000,55.859,53.000,55.859,49.688,35.000,35.074,33.996,41.027,41.477,38.504,14.562,0.150,26.664,1880.455,1742.261,1874.000,1736.000,0.000,,,,2,1789723334.646,100,1
1708.263,57.945,59.367,55.500,54.000,54.000,56.000,55.000,54.000,52.000,53.000,53.000,55.000,56.000,53.000,55.406,49.625,35.000,35.070,33.996,41.027,41.473,38.508,13.520,0.139,25.790,1871.160,1734.096,1869.000,1731.000,0.000,,,,2,1789723335.652,100,1
1709.264,57.852,59.273,55.500,53.000,52.000,54.000,53.000,52.000,51.000,53.000,52.000,53.000,54.859,52.000,54.859,49.688,35.000,35.070,33.996,41.027,41.469,38.504,13.090,0.144,25.529,1866.417,1734.756,1864.000,1726.000,0.000,,,,2,1789723336.651,100,1
1710.267,59.148,60.816,55.438,59.000,58.000,69.000,60.000,55.000,56.000,55.000,54.000,55.000,69.000,57.000,63.047,49.500,35.000,35.070,33.996,41.023,41.469,38.508,20.036,0.173,33.587,1861.735,1734.121,1859.000,1722.000,0.000,,,,2,1789723337.654,100,1
1711.268,60.965,63.012,55.812,66.000,60.000,71.000,68.000,61.000,61.000,60.000,59.000,59.000,71.000,59.000,66.406,49.500,35.000,35.070,33.996,41.023,41.469,38.516,30.445,0.214,43.858,1871.160,1721.961,1855.000,1718.000,0.000,,,,2,1789723338.654,100,1
1712.268,63.539,66.152,56.250,65.000,60.000,72.000,64.000,63.000,61.000,61.000,59.000,58.000,72.000,59.000,71.266,49.625,35.000,35.070,33.996,41.020,41.465,38.516,45.464,0.288,55.316,1851.757,1718.385,1850.000,1713.000,0.000,,,,2,1789723339.655,100,1
1713.272,63.414,65.766,56.625,57.000,57.000,59.000,57.000,55.000,56.000,56.000,55.000,58.000,59.578,56.000,59.578,50.000,35.000,35.070,33.996,41.020,41.461,38.520,22.633,0.212,36.804,1852.338,1718.025,1844.000,1708.000,0.000,,,,2,1789723340.660,100,1
1714.276,63.270,65.387,56.500,56.000,56.000,58.000,57.000,55.000,54.000,56.000,56.000,58.000,58.797,55.000,58.797,50.062,35.000,35.070,33.996,41.016,41.465,38.523,22.419,0.186,32.449,1845.283,1702.104,1841.000,1705.000,0.000,,,,2,1789723341.664,100,1
1715.280,63.070,65.188,56.562,55.000,54.000,56.000,55.000,54.000,53.000,54.000,54.000,55.000,56.953,54.000,56.953,50.125,35.000,35.070,33.996,41.016,41.461,38.523,13.481,0.139,25.663,1840.293,1713.755,1836.000,1700.000,0.000,,,,2,1789723342.667,100,1
1716.283,62.891,65.008,56.625,55.000,55.000,57.000,55.000,54.000,53.000,55.000,54.000,57.000,57.312,54.000,57.312,50.375,35.000,35.070,33.996,41.012,41.461,38.527,15.860,0.154,28.600,1839.955,1703.884,1836.000,1700.000,0.000,,,,2,1789723343.669,100,1
1717.288,62.766,64.883,56.625,55.000,55.000,57.000,55.000,54.000,54.000,55.000,54.000,57.000,58.891,54.000,58.891,50.250,35.000,35.070,33.996,41.012,41.465,38.527,19.225,0.173,31.839,1840.416,1697.865,1836.000,1700.000,0.000,,,,2,1789723344.677,100,1
1718.291,62.543,64.660,56.625,54.000,54.000,55.000,53.000,53.000,52.000,54.000,53.000,55.000,55.578,53.000,55.578,50.250,35.000,35.066,33.996,41.012,41.465,38.531,12.018,0.125,25.421,1840.416,1698.594,1836.000,1700.000,0.000,,,,2,1789723345.680,100,1
1719.296,62.363,64.480,56.500,54.000,55.000,55.000,54.000,53.000,53.000,55.000,54.000,55.000,56.766,53.000,56.766,50.438,35.000,35.066,33.996,41.008,41.465,38.535,14.825,0.134,26.432,1849.711,1698.161,1836.000,1700.000,0.000,,,,2,1789723346.683,100,1
1720.300,62.164,64.281,56.438,54.000,54.000,55.000,54.000,53.000,53.000,54.000,53.000,55.000,56.000,53.000,56.000,50.438,35.000,35.066,33.996,41.008,41.465,38.535,11.823,0.115,24.126,1824.022,1708.072,1836.000,1700.000,0.000,,,,2,1789723347.687,100,1
1721.302,61.949,64.066,56.188,54.000,54.000,56.000,54.000,53.000,52.000,54.000,53.000,55.000,56.000,53.000,55.297,50.188,35.000,35.066,33.996,41.008,41.469,38.539,10.376,0.109,22.789,1846.978,1716.018,1836.000,1700.000,0.000,,,,2,1789723348.689,100,1
1722.306,61.770,63.887,56.188,54.000,54.000,55.000,54.000,53.000,53.000,54.000,53.000,56.000,56.188,53.000,56.188,50.188,35.000,35.066,33.996,41.008,41.469,38.543,13.523,0.138,24.824,1837.813,1699.548,1836.000,1700.000,0.000,,,,2,1789723349.695,100,1
1723.311,61.574,63.691,56.188,53.000,54.000,54.000,54.000,53.000,52.000,54.000,54.000,56.000,56.000,53.000,55.531,50.250,35.000,35.066,33.996,41.004,41.469,38.547,11.961,0.118,24.368,1833.461,1705.579,1836.000,1700.000,0.000,,,,2,1789723350.698,100,1
1724.313,61.371,63.488,56.125,53.000,53.000,55.000,53.000,53.000,52.000,53.000,52.000,54.000,55.125,53.000,55.125,50.188,35.000,35.066,33.996,41.008,41.477,38.551,10.730,0.109,23.462,1838.292,1690.300,1836.000,1700.000,0.000,,,,2,1789723351.700,100,1
1725.317,61.184,63.301,55.938,54.000,54.000,55.000,54.000,53.000,52.000,54.000,52.000,56.000,56.000,53.000,55.406,50.125,35.000,35.066,33.996,41.012,41.480,38.555,11.542,0.117,23.295,1835.882,1692.286,1836.000,1700.000,0.000,,,,2,1789723352.705,100,1
1726.317,61.004,63.121,56.000,53.000,53.000,55.000,53.000,53.000,52.000,54.000,53.000,56.000,56.000,53.000,55.391,49.938,35.000,35.066,33.996,41.012,41.488,38.559,12.249,0.120,24.285,1837.888,1694.453,1836.000,1700.000,0.000,,,,2,1789723353.705,100,1
1727.322,60.828,62.945,55.812,53.000,53.000,54.000,53.000,53.000,52.000,53.000,53.000,54.000,55.312,53.000,55.312,50.062,35.000,35.066,33.996,41.012,41.488,38.562,11.143,0.115,23.884,1831.194,1705.854,1836.000,1700.000,0.000,,,,2,1789723354.710,100,1
1728.326,60.652,62.770,55.875,53.000,53.000,54.000,53.000,53.000,52.000,53.000,53.000,55.000,55.219,53.000,55.219,49.938,35.000,35.066,33.996,41.012,41.492,38.566,11.501,0.108,23.623,1838.020,1698.017,1836.000,1700.000,0.000,,,,2,1789723355.713,100,1
1729.330,60.488,62.605,55.688,54.000,54.000,55.000,53.000,53.000,53.000,53.000,53.000,55.000,55.500,53.000,55.500,49.875,35.000,35.066,33.996,41.012,41.496,38.566,12.867,0.120,24.902,1833.321,1686.230,1836.000,1700.000,0.000,,,,2,1789723356.717,100,1
1730.330,60.312,62.430,55.625,53.000,53.000,54.000,53.000,53.000,52.000,52.000,53.000,54.000,54.797,53.000,54.797,49.875,35.000,35.066,33.996,41.016,41.504,38.570,10.905,0.104,23.758,1837.841,1707.666,1836.000,1700.000,0.000,,,,2,1789723357.717,100,1
1731.334,60.172,62.289,55.562,53.000,54.000,55.000,53.000,53.000,52.000,53.000,53.000,56.000,56.000,53.000,55.766,49.812,35.000,35.066,33.996,41.016,41.508,38.574,12.809,0.121,23.930,1831.287,1697.873,1836.000,1700.000,0.000,,,,2,1789723358.721,100,1
1732.338,60.012,62.129,55.562,53.000,54.000,54.000,53.000,53.000,51.000,53.000,52.000,55.000,55.156,53.000,55.156,49.750,35.000,35.066,33.996,41.016,41.508,38.578,12.275,0.118,24.361,1837.663,1719.370,1836.000,1700.000,0.000,,,,2,1789723359.725,100,1
1733.343,59.852,61.969,55.562,53.000,53.000,54.000,53.000,53.000,51.000,53.000,52.000,53.000,54.781,53.000,54.781,49.750,35.000,35.066,33.996,41.016,41.508,38.582,11.591,0.118,23.885,1833.545,1695.825,1836.000,1700.000,0.000,,,,2,1789723360.730,100,1
1734.346,59.758,61.875,55.500,55.000,55.000,56.000,55.000,54.000,53.000,54.000,54.000,57.000,57.000,54.000,56.859,49.625,35.000,35.066,33.996,41.020,41.512,38.582,17.308,0.159,28.394,1830.906,1697.833,1836.000,1700.000,0.000,,,,2,1789723361.734,100,1
1735.347,59.648,61.766,55.500,55.000,54.000,55.000,54.000,54.000,53.000,54.000,53.000,55.000,56.312,53.000,56.312,49.750,35.000,35.066,33.996,41.020,41.520,38.586,16.208,0.151,28.992,1831.064,1717.574,1836.000,1700.000,0.000,,,,2,1789723362.733,100,1
1736.347,59.504,61.621,55.625,53.000,53.000,54.000,53.000,53.000,52.000,53.000,53.000,54.000,55.062,53.000,55.062,49.812,35.000,35.066,33.996,41.020,41.516,38.590,12.598,0.125,25.366,1840.256,1705.781,1836.000,1700.000,0.000,,,,2,1789723363.734,100,1
1737.348,59.395,61.512,55.562,55.000,55.000,56.000,55.000,54.000,53.000,54.000,53.000,56.000,56.000,54.000,55.984,49.688,35.000,35.066,33.996,41.016,41.516,38.594,15.136,0.148,26.369,1838.151,1686.285,1836.000,1700.000,0.000,,,,2,1789723364.734,100,1
1738.349,59.312,61.430,55.625,56.000,55.000,57.000,56.000,55.000,54.000,55.000,54.000,57.000,57.000,55.000,56.688,49.750,35.000,35.062,33.996,41.016,41.516,38.594,17.470,0.163,28.764,1849.987,1680.249,1836.000,1700.000,0.000,,,,2,1789723365.736,100,1
1739.354,59.230,61.348,55.750,56.000,56.000,59.000,56.000,54.000,53.000,54.000,53.000,56.000,59.000,55.000,56.797,49.688,35.000,35.062,33.996,41.012,41.516,38.598,19.236,0.169,32.080,1838.489,1701.412,1836.000,1700.000,0.000,,,,2,1789723366.741,100,1
1740.355,59.160,61.168,55.750,54.000,54.000,55.000,54.000,53.000,52.000,54.000,53.000,57.000,57.000,53.000,56.891,49.750,35.000,35.062,33.996,41.016,41.520,38.598,15.781,0.150,27.713,1840.453,1699.155,1836.000,1700.000,0.000,,,,2,1789723367.742,100,1
1741.359,59.082,61.090,55.688,55.000,54.000,55.000,55.000,54.000,53.000,54.000,53.000,57.000,57.000,54.000,56.734,49.812,35.000,35.062,33.996,41.016,41.527,38.602,15.338,0.139,27.595,1826.642,1705.878,1836.000,1700.000,0.000,,,,2,1789723368.746,100,1
1742.363,58.980,60.988,55.688,53.000,53.000,55.000,54.000,53.000,52.000,54.000,52.000,54.000,55.812,53.000,55.812,49.812,35.000,35.062,33.996,41.020,41.535,38.605,15.761,0.156,28.494,1840.519,1697.721,1836.000,1700.000,0.000,,,,2,1789723369.750,100,1
1743.364,58.898,60.906,55.688,55.000,55.000,55.000,55.000,54.000,53.000,54.000,53.000,55.000,56.391,54.000,56.391,49.750,35.000,35.062,33.996,41.020,41.539,38.605,16.299,0.162,28.455,1840.444,1711.238,1836.000,1700.000,0.000,,,,2,1789723370.752,100,1
1744.368,58.816,60.824,55.812,55.000,55.000,56.000,55.000,54.000,53.000,55.000,54.000,56.000,56.250,54.000,56.250,49.812,35.000,35.062,33.996,41.023,41.547,38.609,16.025,0.157,28.134,1854.609,1697.313,1836.000,1700.000,0.000,,,,2,1789723371.759,100,1
1745.373,58.703,60.711,55.688,52.000,53.000,54.000,53.000,53.000,52.000,53.000,52.000,54.000,55.203,53.000,55.203,49.875,35.000,35.062,33.996,41.023,41.547,38.609,12.130,0.123,25.508,1835.761,1707.877,1836.000,1700.000,0.000,,,,2,1789723372.762,100,1
1746.376,58.602,60.609,55.688,53.000,53.000,54.000,54.000,53.000,52.000,53.000,52.000,56.000,56.000,52.000,55.406,49.812,35.000,35.062,33.996,41.023,41.555,38.613,12.686,0.118,24.418,1847.452,1707.804,1836.000,1700.000,0.000,,,,2,1789723373.764,100,1
1747.379,58.496,60.504,55.688,53.000,53.000,54.000,53.000,53.000,52.000,53.000,52.000,55.000,55.234,53.000,55.234,49.688,35.000,35.062,33.996,41.027,41.559,38.617,12.083,0.116,24.234,1842.771,1709.637,1836.000,1700.000,0.000,,,,2,1789723374.767,100,1
1748.380,58.379,60.387,55.562,53.000,53.000,54.000,53.000,53.000,52.000,53.000,52.000,54.000,54.719,52.000,54.719,49.750,35.000,35.059,33.996,41.027,41.562,38.617,10.528,0.107,23.057,1831.213,1690.316,1836.000,1700.000,0.000,,,,2,1789723375.767,100,1
1749.383,58.305,60.312,55.500,54.000,54.000,55.000,54.000,53.000,53.000,53.000,52.000,56.000,56.078,53.000,56.078,49.750,35.000,35.059,33.996,41.023,41.562,38.617,14.802,0.139,26.482,1826.410,1707.626,1836.000,1700.000,0.000,,,,2,1789723376.769,100,1
1750.385,58.215,60.125,55.500,53.000,53.000,55.000,54.000,53.000,52.000,54.000,53.000,56.000,56.000,53.000,55.422,49.625,35.000,35.059,33.996,41.023,41.562,38.621,14.394,0.137,26.621,1835.499,1700.006,1836.000,1700.000,0.000,,,,2,1789723377.774,100,1
1751.385,58.113,60.023,55.562,52.000,53.000,54.000,53.000,53.000,52.000,53.000,52.000,54.000,54.969,52.000,54.969,49.625,35.000,35.059,33.996,41.023,41.559,38.621,11.431,0.112,24.260,1838.057,1686.459,1836.000,1700.000,0.000,,,,2,1789723378.771,100,1
1752.388,58.043,59.953,55.500,53.000,54.000,55.000,54.000,53.000,53.000,53.000,52.000,55.000,55.844,53.000,55.844,49.625,35.000,35.059,33.996,41.023,41.559,38.621,14.392,0.135,25.943,1826.289,1690.165,1836.000,1700.000,0.000,,,,2,1789723379.777,100,1
1753.393,58.000,59.910,55.562,54.000,54.000,56.000,55.000,54.000,53.000,54.000,53.000,56.000,56.641,54.000,56.641,49.688,35.000,35.059,33.996,41.020,41.559,38.625,18.534,0.173,30.282,1849.844,1697.993,1836.000,1700.000,0.000,,,,2,1789723380.780,100,1
1754.396,57.898,59.809,55.562,52.000,53.000,54.000,53.000,52.000,52.000,53.000,52.000,53.000,54.734,52.000,54.734,49.688,35.000,35.059,33.996,41.020,41.555,38.629,11.186,0.114,24.900,1838.038,1699.340,1836.000,1700.000,0.000,,,,2,1789723381.783,100,1
1755.398,57.922,59.832,55.375,56.000,55.000,58.000,56.000,54.000,54.000,55.000,54.000,56.000,58.609,55.000,58.609,49.625,35.000,35.059,33.996,41.016,41.555,38.629,17.238,0.159,28.489,1826.419,1711.694,1836.000,1700.000,0.000,,,,2,1789723382.784,100,1
1756.401,57.867,59.777,55.500,54.000,55.000,55.000,55.000,54.000,53.000,54.000,53.000,56.000,56.266,54.000,56.266,49.625,35.000,35.059,33.996,41.020,41.559,38.629,16.305,0.156,28.712,1837.879,1697.505,1836.000,1700.000,0.000,,,,2,1789723383.788,100,1
1757.403,57.785,59.695,55.562,54.000,54.000,55.000,54.000,53.000,52.000,53.000,52.000,55.000,55.203,53.000,55.203,49.812,35.000,35.059,33.996,41.020,41.562,38.629,12.546,0.126,25.301,1838.076,1715.593,1836.000,1700.000,0.000,,,,2,1789723384.793,100,1
1758.408,57.703,59.613,55.562,54.000,53.000,55.000,53.000,53.000,52.000,53.000,52.000,55.000,55.172,53.000,55.172,49.688,35.000,35.055,33.996,41.023,41.566,38.633,12.093,0.105,25.039,1838.207,1697.577,1836.000,1700.000,0.000,,,,2,1789723385.796,100,1
1759.413,57.703,59.613,55.375,56.000,57.000,57.000,56.000,54.000,54.000,54.000,53.000,56.000,57.703,54.000,57.703,49.688,35.000,35.055,33.996,41.023,41.574,38.633,16.476,0.141,27.877,1833.069,1717.623,1836.000,1700.000,0.000,,,,2,1789723386.800,100,1
1760.414,57.629,59.477,55.500,54.000,54.000,55.000,53.000,53.000,52.000,53.000,52.000,53.000,55.328,52.000,55.328,49.500,35.000,35.055,33.996,41.027,41.578,38.633,12.872,0.128,25.862,1826.410,1697.801,1836.000,1700.000,0.000,,,,2,1789723387.801,100,1
1761.417,57.566,59.414,55.500,54.000,55.000,56.000,54.000,54.000,52.000,54.000,53.000,55.000,56.000,53.000,55.594,49.688,35.000,35.055,33.996,41.027,41.582,38.633,14.253,0.133,25.974,1837.822,1689.839,1836.000,1700.000,0.000,,,,2,1789723388.805,100,1
1762.419,57.523,59.371,55.438,54.000,54.000,56.000,55.000,54.000,53.000,54.000,53.000,55.000,56.250,53.000,56.250,49.688,35.000,35.055,33.996,41.031,41.586,38.637,16.446,0.147,28.246,1830.477,1703.529,1836.000,1700.000,0.000,,,,2,1789723389.809,100,1
1763.421,57.480,59.328,55.375,54.000,55.000,56.000,55.000,54.000,52.000,54.000,53.000,55.000,56.062,54.000,56.062,49.625,35.000,35.055,33.996,41.031,41.590,38.637,14.945,0.147,27.541,1832.919,1691.260,1836.000,1700.000,0.000,,,,2,1789723390.808,100,1
1764.426,57.465,59.312,55.500,54.000,55.000,55.000,54.000,53.000,53.000,54.000,53.000,57.000,57.031,53.000,57.031,49.688,35.000,35.055,33.996,41.031,41.586,38.641,16.922,0.152,28.784,1830.524,1697.449,1836.000,1700.000,0.000,,,,2,1789723391.813,100,1
1765.430,57.473,59.320,55.500,56.000,56.000,58.000,56.000,54.000,54.000,54.000,54.000,57.000,58.000,55.000,57.672,49.562,35.000,35.055,33.996,41.031,41.586,38.641,19.609,0.172,31.671,1830.496,1710.888,1836.000,1700.000,0.000,,,,2,1789723392.818,100,1
1766.433,57.410,59.258,55.625,54.000,54.000,55.000,53.000,53.000,52.000,53.000,53.000,54.000,55.531,53.000,55.531,49.625,35.000,35.055,33.996,41.027,41.586,38.641,14.102,0.131,27.502,1837.879,1697.537,1836.000,1700.000,0.000,,,,2,1789723393.821,100,1
1767.437,57.395,59.242,55.688,54.000,54.000,55.000,54.000,53.000,53.000,55.000,53.000,57.000,57.000,53.000,56.875,49.688,35.000,35.055,33.996,41.031,41.590,38.641,17.366,0.150,28.584,1828.293,1711.555,1836.000,1700.000,0.000,,,,2,1789723394.825,100,1
1768.443,57.340,59.188,55.562,54.000,54.000,55.000,54.000,53.000,52.000,54.000,53.000,55.000,55.641,53.000,55.641,49.812,35.000,35.051,33.996,41.031,41.594,38.645,13.925,0.127,26.475,1833.050,1701.717,1836.000,1700.000,0.000,,,,2,1789723395.831,100,1
1769.446,57.270,59.117,55.562,53.000,53.000,55.000,53.000,53.000,52.000,53.000,52.000,54.000,55.156,53.000,55.156,49.750,35.000,35.051,33.996,41.035,41.602,38.645,12.164,0.113,24.827,1830.887,1691.666,1836.000,1700.000,0.000,,,,2,1789723396.833,100,1
1770.449,57.250,59.016,55.562,54.000,54.000,56.000,54.000,53.000,53.000,55.000,54.000,57.000,57.000,54.000,56.562,49.625,35.000,35.051,33.996,41.035,41.605,38.645,17.345,0.152,28.418,1844.943,1697.297,1836.000,1700.000,0.000,,,,2,1789723397.837,100,1
1771.453,57.203,58.969,55.562,53.000,54.000,55.000,53.000,53.000,52.000,54.000,53.000,55.000,55.828,54.000,55.828,49.750,35.000,35.051,33.996,41.039,41.613,38.648,14.425,0.126,26.683,1839.992,1697.985,1836.000,1700.000,0.000,,,,2,1789723398.841,100,1
1772.457,57.141,58.906,55.625,56.000,55.000,56.000,54.000,54.000,52.000,54.000,54.000,54.000,56.000,54.000,55.203,49.625,35.000,35.051,33.996,41.039,41.617,38.648,11.295,0.101,24.619,1844.669,1689.728,1836.000,1700.000,0.000,,,,2,1789723399.844,100,1
1773.462,57.152,58.918,55.688,56.000,55.000,57.000,56.000,54.000,53.000,54.000,53.000,55.000,57.531,55.000,57.531,49.625,35.000,35.051,33.996,41.039,41.613,38.648,17.906,0.162,28.844,1839.992,1707.334,1836.000,1700.000,0.000,,,,2,1789723400.849,100,1
1774.465,57.117,58.883,55.688,54.000,54.000,55.000,54.000,53.000,52.000,54.000,52.000,55.000,55.922,52.000,55.922,49.688,35.000,35.051,33.996,41.039,41.621,38.652,14.772,0.137,27.125,1830.850,1705.838,1836.000,1700.000,0.000,,,,2,1789723401.852,100,1
1775.469,57.059,58.824,55.625,54.000,53.000,54.000,53.000,53.000,52.000,53.000,52.000,54.000,55.312,52.000,55.312,49.812,35.000,35.051,33.996,41.035,41.617,38.652,12.559,0.117,25.472,1826.345,1697.377,1836.000,1700.000,0.000,,,,2,1789723402.856,100,1
1776.471,57.043,58.809,55.688,54.000,55.000,56.000,55.000,54.000,53.000,55.000,53.000,56.000,56.516,54.000,56.516,49.750,35.000,35.051,33.996,41.039,41.621,38.656,16.775,0.152,27.867,1837.513,1697.665,1836.000,1700.000,0.000,,,,2,1789723403.861,100,1
1777.476,58.406,60.539,55.562,64.000,61.000,66.000,65.000,65.000,63.000,62.000,63.000,58.000,66.000,59.000,63.875,49.688,35.000,35.051,33.996,41.039,41.629,38.656,24.175,0.145,37.116,1826.299,1697.217,1836.000,1700.000,0.000,,,,2,1789723404.865,100,1
1778.479,58.418,60.352,55.938,55.000,55.000,56.000,55.000,54.000,53.000,55.000,53.000,55.000,58.562,54.000,58.562,49.688,35.000,35.051,33.996,41.043,41.633,38.656,22.569,0.198,33.251,1830.999,1697.977,1836.000,1700.000,0.000,,,,2,1789723405.866,100,1
1779.479,58.414,60.156,55.812,60.000,59.000,59.000,58.000,56.000,55.000,55.000,54.000,56.000,60.000,56.000,58.297,49.875,35.000,35.051,33.996,41.043,41.633,38.656,15.795,0.157,30.520,1826.289,1702.039,1836.000,1700.000,0.000,,,,2,1789723406.867,100,1
1780.479,64.535,67.941,56.125,82.000,74.000,87.000,80.000,84.000,77.000,79.000,77.000,63.000,87.000,67.000,82.906,49.750,35.000,35.051,33.996,41.043,41.641,38.656,56.622,0.327,69.684,1826.299,1692.079,1836.000,1700.000,0.000,,,,2,1789723407.869,100,1
1781.483,68.387,72.605,57.375,78.000,69.000,78.000,76.000,76.000,72.000,73.000,71.000,62.000,79.938,65.000,79.938,50.250,35.000,35.051,33.996,41.047,41.645,38.660,67.446,0.310,77.840,1849.863,1697.505,1836.000,1700.000,0.000,,,,2,1789723408.871,100,1
1782.483,68.383,72.180,58.125,63.000,61.000,70.000,66.000,62.000,63.000,65.000,60.000,60.000,70.000,61.000,68.266,50.750,35.000,35.051,33.996,41.047,41.645,38.660,29.479,0.254,41.696,1827.996,1697.721,1836.000,1700.000,0.000,,,,2,1789723409.870,100,1
1783.485,68.984,72.582,58.500,67.000,59.000,72.000,62.000,61.000,60.000,64.000,59.000,61.000,72.000,60.000,70.797,51.000,35.000,35.051,33.996,41.047,41.648,38.664,47.198,0.252,61.443,1830.785,1709.564,1836.000,1700.000,0.000,,,,2,1789723410.871,100,1
1784.486,69.543,72.949,58.938,60.000,60.000,63.000,62.000,62.000,60.000,61.000,60.000,59.000,71.219,59.000,71.219,51.250,35.000,35.051,33.996,41.047,41.656,38.668,42.523,0.238,49.611,1832.957,1691.380,1836.000,1700.000,0.000,,,,2,1789723411.874,100,1
1785.489,69.234,72.301,58.938,57.000,57.000,59.000,58.000,56.000,55.000,57.000,56.000,57.000,59.688,56.000,59.688,51.625,35.000,35.051,33.996,41.051,41.664,38.668,11.433,0.110,26.488,1835.611,1707.383,1836.000,1700.000,0.000,,,,2,1789723412.876,100,1
1786.492,68.973,71.730,58.625,57.000,58.000,60.000,62.000,57.000,57.000,58.000,57.000,58.000,62.000,57.000,60.891,51.812,35.000,35.051,33.996,41.055,41.672,38.668,14.487,0.108,27.786,1847.338,1710.986,1836.000,1700.000,0.000,,,,2,1789723413.879,100,1
1787.496,68.660,71.418,58.750,57.000,56.000,58.000,57.000,55.000,55.000,56.000,55.000,57.000,58.969,56.000,58.969,51.875,35.000,35.051,33.996,41.055,41.680,38.672,13.762,0.106,25.749,1833.143,1691.499,1836.000,1700.000,0.000,,,,2,1789723414.882,100,1
1788.497,68.316,71.074,58.312,56.000,55.000,57.000,56.000,55.000,54.000,56.000,55.000,57.000,57.656,55.000,57.656,51.812,35.000,35.047,33.996,41.059,41.688,38.676,9.099,0.094,21.780,1840.331,1707.261,1836.000,1700.000,0.000,,,,2,1789723415.884,100,1
1789.498,68.031,70.789,58.312,58.000,57.000,58.000,58.000,56.000,55.000,56.000,56.000,57.000,59.156,56.000,59.156,51.750,35.000,35.047,33.996,41.059,41.691,38.680,11.242,0.109,21.665,1831.167,1697.393,1836.000,1700.000,0.000,,,,2,1789723416.886,100,1
1790.499,67.691,70.449,58.062,55.000,55.000,57.000,55.000,54.000,53.000,55.000,54.000,57.000,57.219,55.000,57.219,51.625,35.000,35.047,33.996,41.062,41.699,38.684,8.944,0.085,21.910,1837.522,1691.213,1836.000,1700.000,0.000,,,,2,1789723417.885,100,1
1791.499,67.387,70.145,57.750,55.000,56.000,57.000,56.000,55.000,54.000,55.000,55.000,57.000,57.906,55.000,57.906,51.562,35.000,35.047,33.996,41.066,41.703,38.688,11.385,0.105,22.385,1839.560,1710.555,1836.000,1700.000,0.000,,,,2,1789723418.887,100,1
1792.501,67.059,69.816,57.625,54.000,55.000,56.000,55.000,54.000,53.000,55.000,54.000,55.000,56.906,54.000,56.906,51.562,35.000,35.047,33.996,41.066,41.711,38.695,10.440,0.094,22.835,1830.533,1703.465,1836.000,1700.000,0.000,,,,2,1789723419.890,100,1
1793.504,66.750,69.508,57.562,55.000,56.000,57.000,55.000,64.000,54.000,56.000,54.000,55.000,64.000,55.000,57.172,51.438,35.000,35.047,33.996,41.070,41.715,38.695,9.089,0.088,21.945,1844.517,1702.289,1836.000,1700.000,0.000,,,,2,1789723420.891,100,1
1794.509,66.520,69.277,57.500,56.000,55.000,57.000,56.000,54.000,54.000,55.000,55.000,55.000,59.406,55.000,59.406,51.312,35.000,35.047,33.996,41.074,41.723,38.703,12.164,0.120,24.172,1840.020,1701.187,1836.000,1700.000,0.000,,,,2,1789723421.898,100,1
1795.512,66.586,69.344,57.438,58.000,57.000,59.000,58.000,57.000,55.000,56.000,56.000,55.000,68.609,56.000,68.609,51.250,35.000,35.047,33.996,41.078,41.730,38.707,19.702,0.148,29.790,1835.461,1689.752,1836.000,1700.000,0.000,,,,2,1789723422.900,100,1
1796.515,66.406,68.891,57.375,60.000,59.000,70.000,60.000,70.000,57.000,57.000,56.000,56.000,70.000,58.000,60.797,51.250,35.000,35.047,33.996,41.078,41.734,38.711,10.867,0.101,25.097,1842.516,1697.553,1836.000,1700.000,0.000,,,,2,1789723423.903,100,1
1797.516,66.078,68.562,57.250,54.000,54.000,55.000,54.000,54.000,53.000,54.000,54.000,55.000,56.016,53.000,56.016,51.250,35.000,35.047,33.996,41.082,41.734,38.719,8.523,0.083,21.919,1840.105,1697.168,1836.000,1700.000,0.000,,,,2,1789723424.905,100,1
1798.518,65.742,68.227,57.062,54.000,54.000,55.000,54.000,53.000,52.000,54.000,53.000,55.000,55.234,53.000,55.234,51.250,35.000,35.047,33.996,41.086,41.738,38.723,7.446,0.072,19.593,1837.531,1703.336,1836.000,1700.000,0.000,,,,2,1789723425.905,100,1
1799.521,65.430,67.914,57.000,54.000,54.000,55.000,55.000,53.000,53.000,54.000,53.000,55.000,55.844,54.000,55.844,51.062,35.000,35.047,33.996,41.090,41.746,38.730,8.881,0.090,20.599,1830.729,1711.092,1836.000,1700.000,0.000,,,,2,1789723426.913,100,1
1800.526,65.109,67.594,56.625,54.000,53.000,55.000,53.000,53.000,53.000,53.000,52.000,55.000,55.141,53.000,55.141,51.062,35.000,35.047,33.996,41.094,41.746,38.734,6.530,0.064,19.632,1830.487,1697.361,1836.000,1700.000,0.000,,,,2,1789723427.911,100,1
1801.529,64.820,67.305,56.438,54.000,53.000,55.000,53.000,53.000,53.000,53.000,53.000,54.000,55.797,53.000,55.797,50.938,35.000,35.047,33.996,41.094,41.750,38.738,7.679,0.072,19.671,1839.861,1697.841,1836.000,1700.000,0.000,,,,2,1789723428.918,100,1
1802.534,64.578,67.062,56.375,65.000,60.000,58.000,58.000,54.000,54.000,54.000,54.000,55.000,65.000,58.000,57.078,50.750,35.000,35.047,33.996,41.098,41.754,38.746,7.483,0.072,18.775,1839.720,1712.117,1836.000,1700.000,0.000,,,,2,1789723429.925,100,1
1803.537,64.309,66.793,56.375,54.000,54.000,55.000,53.000,54.000,53.000,53.000,53.000,54.000,56.000,54.000,56.000,50.688,35.000,35.047,33.996,41.102,41.754,38.750,12.439,0.107,22.726,1842.478,1699.982,1836.000,1700.000,0.000,,,,2,1789723430.928,100,1
1804.540,64.027,66.512,56.188,54.000,53.000,55.000,54.000,53.000,52.000,53.000,52.000,54.000,55.328,53.000,55.328,50.625,35.000,35.047,33.996,41.102,41.758,38.754,9.638,0.090,21.799,1839.663,1697.561,1836.000,1700.000,0.000,,,,2,1789723431.929,100,1
1805.543,63.738,66.223,56.062,55.000,57.000,58.000,55.000,53.000,52.000,54.000,52.000,54.000,58.000,55.000,54.750,50.625,35.000,35.047,33.996,41.105,41.758,38.758,6.997,0.070,22.287,1825.465,1697.705,1836.000,1700.000,0.000,,,,2,1789723432.930,100,1
1806.546,63.516,66.000,56.062,55.000,55.000,57.000,55.000,55.000,53.000,56.000,53.000,54.000,57.000,54.000,56.609,50.500,35.000,35.047,33.996,41.109,41.758,38.766,15.280,0.125,23.775,1839.625,1711.173,1836.000,1700.000,0.000,,,,2,1789723433.933,100,1
1807.546,63.254,65.738,55.875,53.000,54.000,55.000,54.000,54.000,52.000,53.000,53.000,53.000,55.125,53.000,55.125,50.438,35.000,35.047,33.996,41.109,41.762,38.770,9.726,0.089,23.535,1826.049,1711.303,1836.000,1700.000,0.000,,,,2,1789723434.934,100,1
1808.549,63.043,65.527,55.875,54.000,53.000,55.000,53.000,53.000,52.000,53.000,52.000,54.000,56.531,53.000,56.531,50.500,35.000,35.043,33.996,41.113,41.762,38.773,11.859,0.108,23.641,1842.592,1697.353,1836.000,1700.000,0.000,,,,2,1789723435.939,100,1
1809.551,62.777,65.262,55.812,54.000,53.000,54.000,53.000,53.000,52.000,53.000,52.000,53.000,54.562,53.000,54.562,50.250,35.000,35.043,33.996,41.113,41.762,38.777,7.642,0.073,21.534,1826.197,1688.357,1836.000,1700.000,0.000,,,,2,1789723436.940,100,1
1810.551,62.555,65.039,55.750,54.000,54.000,55.000,54.000,53.000,52.000,53.000,52.000,54.000,55.594,53.000,55.594,50.188,35.000,35.043,33.996,41.117,41.762,38.785,9.388,0.090,19.770,1839.955,1699.444,1836.000,1700.000,0.000,,,,2,1789723437.938,100,1
1811.555,62.297,64.781,55.688,52.000,53.000,54.000,53.000,53.000,51.000,53.000,52.000,53.000,54.344,53.000,54.344,50.250,35.000,35.043,33.996,41.117,41.762,38.789,7.773,0.075,21.032,1842.233,1701.235,1836.000,1700.000,0.000,,,,2,1789723438.944,100,1
1812.559,62.066,64.551,55.375,54.000,53.000,54.000,53.000,53.000,52.000,53.000,52.000,53.000,54.922,53.000,54.922,50.250,35.000,35.043,33.996,41.121,41.762,38.793,8.915,0.082,19.844,1839.889,1701.074,1836.000,1700.000,0.000,,,,2,1789723439.947,100,1
1813.564,61.926,64.410,55.562,56.000,56.000,57.000,56.000,54.000,54.000,54.000,53.000,56.000,57.562,55.000,57.562,50.000,35.000,35.043,33.996,41.121,41.762,38.797,17.623,0.139,26.710,1837.503,1697.609,1836.000,1700.000,0.000,,,,2,1789723440.951,100,1
1814.569,61.797,64.281,55.438,56.000,55.000,56.000,54.000,54.000,53.000,54.000,53.000,54.000,57.734,54.000,57.734,50.062,35.000,35.043,33.996,41.125,41.758,38.797,22.931,0.196,33.802,1830.803,1697.489,1836.000,1700.000,0.000,,,,2,1789723441.958,100,1
1815.572,61.586,64.070,55.500,53.000,53.000,54.000,53.000,53.000,52.000,53.000,52.000,53.000,55.062,53.000,55.062,50.000,35.000,35.043,33.996,41.125,41.762,38.801,11.791,0.108,27.422,1830.980,1702.071,1836.000,1700.000,0.000,,,,2,1789723442.960,100,1
1816.576,61.480,63.715,55.562,64.000,61.000,65.000,62.000,64.000,63.000,63.000,63.000,55.000,65.000,57.000,58.281,50.000,35.000,35.043,33.996,41.129,41.762,38.805,12.528,0.091,22.489,1826.262,1701.557,1836.000,1700.000,0.000,,,,2,1789723443.966,100,1
1817.578,61.297,63.531,55.625,53.000,53.000,55.000,53.000,53.000,52.000,53.000,52.000,53.000,55.641,53.000,55.641,50.062,35.000,35.043,33.996,41.129,41.762,38.809,13.128,0.124,26.264,1833.152,1680.005,1836.000,1700.000,0.000,,,,2,1789723444.964,100,1
1818.582,61.195,63.430,55.562,56.000,57.000,58.000,58.000,55.000,54.000,55.000,54.000,57.000,58.000,55.000,58.000,50.062,35.000,35.039,33.996,41.129,41.762,38.812,20.530,0.174,29.541,1840.481,1711.669,1836.000,1700.000,0.000,,,,2,1789723445.968,100,1
1819.584,61.082,63.316,55.562,56.000,55.000,57.000,56.000,55.000,54.000,54.000,53.000,55.000,57.578,55.000,57.578,50.188,35.000,35.039,33.996,41.129,41.762,38.812,13.280,0.132,29.385,1847.234,1697.745,1836.000,1700.000,0.000,,,,2,1789723446.971,100,1
1820.585,60.918,63.152,55.562,53.000,53.000,55.000,53.000,53.000,52.000,53.000,52.000,54.000,55.750,53.000,55.750,50.125,35.000,35.039,33.996,41.133,41.766,38.820,12.219,0.114,23.625,1840.030,1682.251,1836.000,1700.000,0.000,,,,2,1789723447.972,100,1
1821.590,60.805,63.039,55.625,54.000,54.000,56.000,55.000,54.000,53.000,54.000,52.000,54.000,57.391,54.000,57.391,50.188,35.000,35.039,33.996,41.133,41.766,38.820,12.300,0.100,26.841,1838.113,1697.681,1836.000,1700.000,0.000,,,,2,1789723448.980,100,1
1822.592,60.609,62.844,55.688,53.000,53.000,54.000,53.000,53.000,51.000,53.000,53.000,53.000,54.531,52.000,54.531,50.062,35.000,35.039,33.996,41.133,41.766,38.824,7.862,0.072,21.267,1840.378,1699.548,1836.000,1700.000,0.000,,,,2,1789723449.978,100,1
1823.592,60.422,62.656,55.438,54.000,54.000,54.000,54.000,53.000,52.000,53.000,52.000,54.000,54.547,53.000,54.547,50.062,35.000,35.039,33.996,41.133,41.762,38.824,9.023,0.085,20.204,1847.613,1701.170,1836.000,1700.000,0.000,,,,2,1789723450.981,100,1
1824.592,60.242,62.477,55.312,53.000,53.000,55.000,53.000,54.000,52.000,53.000,52.000,53.000,55.000,53.000,54.750,49.875,35.000,35.039,33.996,41.133,41.762,38.828,8.971,0.080,22.503,1840.434,1701.187,1836.000,1700.000,0.000,,,,2,1789723451.979,100,1
1825.593,60.133,62.367,55.250,54.000,55.000,56.000,56.000,54.000,53.000,54.000,52.000,55.000,56.703,55.000,56.703,50.000,35.000,35.039,33.996,41.137,41.762,38.828,13.170,0.121,23.024,1840.877,1700.962,1836.000,1700.000,0.000,,,,2,1789723452.979,100,1
1826.598,59.961,62.082,55.125,53.000,53.000,54.000,54.000,53.000,52.000,53.000,52.000,53.000,54.688,53.000,54.688,49.750,35.000,35.039,33.996,41.137,41.762,38.832,9.430,0.086,24.139,1842.818,1695.434,1836.000,1700.000,0.000,,,,2,1789723453.984,100,1
1827.601,59.844,61.965,55.250,54.000,53.000,54.000,54.000,53.000,52.000,53.000,52.000,53.000,56.219,53.000,56.219,49.812,35.000,35.039,33.996,41.137,41.758,38.832,13.460,0.123,24.262,1835.789,1701.283,1836.000,1700.000,0.000,,,,2,1789723454.988,100,1
1828.603,59.680,61.801,55.250,53.000,53.000,54.000,53.000,53.000,52.000,53.000,53.000,53.000,54.516,53.000,54.516,49.750,35.000,35.039,33.996,41.137,41.754,38.832,10.325,0.084,23.491,1840.566,1709.020,1836.000,1700.000,0.000,,,,2,1789723455.990,100,1
1829.604,59.598,61.719,55.062,54.000,54.000,55.000,55.000,54.000,53.000,54.000,54.000,54.000,57.031,53.000,57.031,49.812,35.000,35.039,33.996,41.137,41.754,38.836,12.902,0.102,24.453,1840.679,1697.489,1836.000,1700.000,0.000,,,,2,1789723456.992,100,1
1830.608,59.539,61.660,55.000,55.000,54.000,56.000,55.000,53.000,53.000,54.000,53.000,55.000,57.766,54.000,57.766,49.625,35.000,35.039,33.996,41.137,41.754,38.836,13.275,0.108,25.794,1837.879,1697.401,1836.000,1700.000,0.000,,,,2,1789723457.997,100,1
1831.611,59.426,61.547,55.000,53.000,54.000,55.000,54.000,53.000,52.000,54.000,52.000,57.000,57.000,54.000,55.891,49.750,35.000,35.039,33.996,41.137,41.750,38.840,13.834,0.097,23.603,1835.564,1693.823,1836.000,1700.000,0.000,,,,2,1789723458.998,100,1
1832.615,59.305,61.426,55.062,53.000,53.000,55.000,53.000,53.000,51.000,53.000,53.000,55.000,55.594,53.000,55.594,49.812,35.000,35.039,33.996,41.137,41.750,38.836,13.442,0.103,26.232,1838.029,1699.452,1836.000,1700.000,0.000,,,,2,1789723460.002,100,1
1833.617,59.184,61.305,55.000,53.000,53.000,55.000,53.000,53.000,52.000,54.000,52.000,55.000,55.422,53.000,55.422,49.750,35.000,35.039,33.996,41.141,41.750,38.840,12.534,0.090,25.510,1835.761,1707.092,1836.000,1700.000,0.000,,,,2,1789723461.003,100,1
1834.622,59.129,61.250,55.000,54.000,54.000,55.000,55.000,53.000,53.000,53.000,53.000,55.000,57.453,53.000,57.453,49.625,35.000,35.039,33.996,41.141,41.750,38.840,17.004,0.130,28.747,1838.273,1692.031,1836.000,1700.000,0.000,,,,2,1789723462.011,100,1
1835.626,59.043,61.164,55.125,54.000,54.000,55.000,55.000,53.000,52.000,53.000,52.000,55.000,56.406,54.000,56.406,49.812,35.000,35.039,33.996,41.141,41.750,38.844,17.755,0.140,30.421,1833.750,1699.300,1836.000,1700.000,0.000,,,,2,1789723463.012,100,1
1836.628,59.043,61.059,55.125,55.000,55.000,56.000,55.000,53.000,53.000,54.000,54.000,55.000,59.016,54.000,59.016,49.688,35.000,35.039,33.996,41.141,41.750,38.840,16.483,0.131,29.407,1840.284,1701.476,1836.000,1700.000,0.000,,,,2,1789723464.019,100,1
1837.632,58.934,60.949,55.250,53.000,53.000,55.000,53.000,53.000,52.000,53.000,52.000,54.000,55.578,53.000,55.578,49.812,35.000,35.039,33.996,41.141,41.754,38.840,12.091,0.081,25.050,1826.262,1701.098,1836.000,1700.000,0.000,,,,2,1789723465.020,100,1
1838.637,58.816,60.832,55.125,53.000,53.000,55.000,53.000,52.000,52.000,53.000,52.000,55.000,55.172,53.000,55.172,49.812,35.000,35.035,33.996,41.141,41.754,38.844,11.435,0.078,24.235,1838.048,1693.950,1836.000,1700.000,0.000,,,,2,1789723466.026,100,1
1839.640,58.719,60.734,55.125,54.000,53.000,54.000,53.000,53.000,52.000,53.000,52.000,54.000,55.609,53.000,55.609,49.750,35.000,35.035,33.996,41.141,41.754,38.844,12.225,0.095,24.855,1831.269,1699.195,1836.000,1700.000,0.000,,,,2,1789723467.028,100,1
1840.645,58.609,60.625,55.125,54.000,55.000,55.000,55.000,53.000,52.000,53.000,52.000,55.000,55.234,54.000,55.234,49.750,35.000,35.035,33.996,41.141,41.754,38.844,12.117,0.087,23.812,1838.367,1693.552,1836.000,1700.000,0.000,,,,2,1789723468.032,100,1
1841.649,58.527,60.543,55.062,55.000,55.000,57.000,55.000,54.000,53.000,54.000,52.000,56.000,57.000,54.000,56.031,49.688,35.000,35.035,33.996,41.145,41.758,38.844,13.593,0.108,25.106,1837.644,1701.275,1836.000,1700.000,0.000,,,,2,1789723469.038,100,1
1842.652,58.438,60.453,55.062,53.000,53.000,55.000,53.000,53.000,52.000,53.000,53.000,55.000,55.672,53.000,55.672,49.625,35.000,35.035,33.996,41.141,41.758,38.844,13.098,0.104,25.610,1840.538,1697.545,1836.000,1700.000,0.000,,,,2,1789723470.039,100,1
1843.653,58.344,60.359,55.125,53.000,53.000,55.000,53.000,53.000,52.000,53.000,52.000,55.000,55.359,53.000,55.359,49.688,35.000,35.035,33.996,41.141,41.758,38.844,11.934,0.097,25.173,1847.310,1693.424,1836.000,1700.000,0.000,,,,2,1789723471.041,100,1
1844.655,58.305,60.320,55.000,59.000,56.000,56.000,57.000,55.000,54.000,55.000,60.000,55.000,60.000,55.000,57.125,49.750,35.000,35.035,33.996,41.141,41.758,38.844,16.715,0.133,26.974,1840.284,1701.476,1836.000,1700.000,0.000,,,,2,1789723472.042,100,1
1845.660,58.293,60.309,55.250,55.000,55.000,56.000,55.000,54.000,53.000,54.000,53.000,56.000,57.938,54.000,57.938,49.562,35.000,35.035,33.996,41.141,41.762,38.844,21.709,0.191,32.567,1826.188,1711.100,1836.000,1700.000,0.000,,,,2,1789723473.047,100,1
1846.663,58.219,60.133,55.375,56.000,55.000,56.000,55.000,54.000,53.000,54.000,52.000,55.000,56.000,54.000,55.922,49.688,35.000,35.035,33.996,41.145,41.762,38.844,14.105,0.105,28.247,1839.983,1700.865,1836.000,1700.000,0.000,,,,2,1789723474.049,100,1
1847.668,58.191,60.105,55.438,54.000,54.000,55.000,55.000,54.000,53.000,54.000,53.000,56.000,57.281,54.000,57.281,49.750,35.000,35.035,33.996,41.141,41.766,38.840,16.596,0.129,28.208,1840.199,1703.505,1836.000,1700.000,0.000,,,,2,1789723475.055,100,1
1848.672,58.098,60.012,55.312,53.000,53.000,55.000,54.000,53.000,52.000,53.000,52.000,55.000,55.281,53.000,55.281,49.812,35.000,35.035,33.996,41.141,41.766,38.840,12.159,0.088,26.221,1840.679,1697.168,1836.000,1700.000,0.000,,,,2,1789723476.059,100,1
1849.675,58.258,60.125,55.250,64.000,59.000,65.000,63.000,62.000,61.000,60.000,59.000,56.000,65.000,58.000,59.719,49.688,35.000,35.035,33.996,41.141,41.770,38.844,16.243,0.111,28.906,1830.868,1697.329,1836.000,1700.000,0.000,,,,2,1789723477.064,100,1
1850.679,58.285,60.004,55.500,55.000,54.000,56.000,55.000,54.000,53.000,54.000,54.000,57.000,58.656,54.000,58.656,49.875,35.000,35.035,33.996,41.141,41.773,38.840,24.582,0.155,33.736,1838.151,1693.624,1836.000,1700.000,0.000,,,,2,1789723478.067,100,1
1851.684,58.223,59.941,55.562,56.000,55.000,56.000,56.000,55.000,54.000,54.000,54.000,57.000,57.000,55.000,56.312,49.875,35.000,35.035,33.996,41.141,41.773,38.840,14.833,0.115,28.312,1851.985,1701.597,1836.000,1700.000,0.000,,,,2,1789723479.071,100,1
1852.688,58.148,59.867,55.625,54.000,54.000,55.000,54.000,53.000,52.000,53.000,53.000,55.000,55.875,53.000,55.875,49.875,35.000,35.035,33.996,41.141,41.777,38.840,13.414,0.100,25.690,1828.702,1701.557,1836.000,1700.000,0.000,,,,2,1789723480.076,100,1
1853.691,58.215,59.934,55.625,55.000,55.000,56.000,55.000,54.000,53.000,55.000,54.000,57.000,60.031,54.000,60.031,49.750,35.000,35.035,33.996,41.141,41.777,38.840,21.811,0.149,32.589,1840.274,1711.084,1836.000,1700.000,0.000,,,,2,1789723481.079,100,1
1854.692,58.172,59.891,55.812,55.000,55.000,56.000,55.000,54.000,52.000,54.000,53.000,55.000,56.906,54.000,56.906,49.875,35.000,35.035,33.996,41.145,41.781,38.840,16.061,0.147,29.763,1838.188,1697.505,1836.000,1700.000,0.000,,,,2,1789723482.080,100,1
1855.697,58.117,59.836,55.875,54.000,54.000,55.000,54.000,54.000,53.000,54.000,54.000,55.000,56.391,54.000,56.391,49.875,35.000,35.035,33.996,41.145,41.785,38.836,15.626,0.127,27.599,1840.293,1685.740,1836.000,1700.000,0.000,,,,2,1789723483.085,100,1
1856.700,58.086,59.805,55.938,56.000,55.000,57.000,56.000,54.000,53.000,55.000,54.000,56.000,57.188,55.000,57.188,49.812,35.000,35.035,33.996,41.145,41.789,38.836,16.729,0.146,28.759,1852.081,1699.420,1836.000,1700.000,0.000,,,,2,1789723484.088,100,1
1857.704,58.055,59.773,55.750,57.000,56.000,57.000,56.000,54.000,53.000,55.000,54.000,56.000,57.062,55.000,57.062,49.938,35.000,35.035,33.996,41.145,41.793,38.836,16.708,0.140,29.023,1826.178,1701.886,1836.000,1700.000,0.000,,,,2,1789723485.092,100,1
1858.708,58.074,59.793,55.875,57.000,57.000,59.000,58.000,57.000,56.000,58.000,57.000,56.000,59.000,56.000,58.688,50.000,35.000,35.031,33.996,41.148,41.797,38.840,19.909,0.121,32.401,1840.369,1709.288,1836.000,1700.000,0.000,,,,2,1789723486.098,100,1
1859.712,58.004,59.723,55.938,57.000,55.000,57.000,55.000,53.000,53.000,54.000,53.000,55.000,57.000,54.000,55.797,50.000,35.000,35.031,33.996,41.145,41.801,38.840,11.929,0.084,25.271,1826.197,1711.059,1836.000,1700.000,0.000,,,,2,1789723487.098,100,1
1860.806,57.945,59.684,55.812,55.000,55.000,56.000,56.000,54.000,53.000,54.000,53.000,55.000,56.172,54.000,56.172,50.000,35.000,35.031,33.996,41.145,41.805,38.840,12.432,0.092,24.503,1840.190,1703.432,1836.000,1700.000,0.000,,,,2,1789723488.194,100,1
1861.808,57.945,59.684,55.875,54.000,54.000,56.000,54.000,54.000,53.000,55.000,53.000,55.000,57.859,54.000,57.859,50.000,35.000,35.031,33.996,41.148,41.809,38.840,22.846,0.161,32.567,1826.317,1705.466,1836.000,1700.000,0.000,,,,2,1789723489.195,100,1
1862.809,57.879,59.617,56.062,54.000,55.000,55.000,55.000,53.000,53.000,54.000,53.000,55.000,55.922,54.000,55.922,50.062,35.000,35.031,33.996,41.148,41.812,38.840,12.461,0.091,26.520,1840.105,1699.155,1836.000,1700.000,0.000,,,,2,1789723490.196,100,1
1863.812,57.805,59.543,55.938,55.000,55.000,55.000,54.000,53.000,52.000,54.000,53.000,55.000,55.438,54.000,55.438,50.188,35.000,35.031,33.996,41.148,41.816,38.840,10.549,0.078,24.250,1840.068,1701.404,1836.000,1700.000,0.000,,,,2,1789723491.201,100,1
1864.816,57.738,59.477,55.750,54.000,54.000,55.000,54.000,53.000,52.000,54.000,53.000,55.000,55.672,54.000,55.672,50.062,35.000,35.031,33.996,41.148,41.820,38.840,12.725,0.095,23.441,1826.151,1707.245,1836.000,1700.000,0.000,,,,2,1789723492.209,100,1
1865.820,57.730,59.469,55.812,56.000,57.000,58.000,57.000,55.000,56.000,55.000,54.000,55.000,58.000,55.000,57.453,50.000,35.000,35.031,33.996,41.152,41.824,38.836,14.543,0.114,26.626,1831.073,1697.113,1836.000,1700.000,0.000,,,,2,1789723493.207,100,1
1866.825,57.668,59.406,55.750,56.000,55.000,57.000,56.000,55.000,53.000,54.000,54.000,54.000,57.000,55.000,55.828,49.938,35.000,35.031,33.996,41.152,41.828,38.840,11.906,0.089,25.024,1830.915,1691.165,1836.000,1700.000,0.000,,,,2,1789723494.213,100,1
1867.827,57.605,59.344,55.625,54.000,54.000,55.000,55.000,53.000,53.000,54.000,53.000,55.000,55.656,54.000,55.656,49.875,35.000,35.031,33.996,41.152,41.828,38.836,12.733,0.091,24.022,1837.747,1693.106,1836.000,1700.000,0.000,,,,2,1789723495.213,100,1
1868.831,57.566,59.305,55.812,57.000,56.000,60.000,56.000,54.000,53.000,56.000,54.000,55.000,60.000,56.000,56.375,49.875,35.000,35.031,33.996,41.152,41.832,38.840,15.240,0.117,27.832,1840.161,1697.401,1836.000,1700.000,0.000,,,,2,1789723496.218,100,1
1869.834,57.539,59.277,55.750,56.000,56.000,56.000,55.000,54.000,53.000,54.000,53.000,55.000,56.672,55.000,56.672,49.938,35.000,35.031,33.996,41.152,41.832,38.836,16.127,0.116,27.838,1833.031,1691.531,1836.000,1700.000,0.000,,,,2,1789723497.221,100,1
1870.838,57.512,59.160,55.750,57.000,56.000,58.000,56.000,54.000,53.000,54.000,53.000,56.000,58.000,55.000,56.672,49.812,35.000,35.031,33.996,41.156,41.836,38.836,14.293,0.094,27.391,1826.086,1709.231,1836.000,1700.000,0.000,,,,2,1789723498.226,100,1
1871.841,57.543,59.191,55.750,57.000,57.000,58.000,57.000,54.000,54.000,55.000,54.000,57.000,58.469,56.000,58.469,49.812,35.000,35.031,33.996,41.156,41.840,38.840,20.950,0.165,30.602,1837.869,1709.524,1836.000,1700.000,0.000,,,,2,1789723499.227,100,1
1872.844,57.535,59.184,55.688,57.000,56.000,57.000,56.000,54.000,54.000,54.000,54.000,56.000,57.234,55.000,57.234,49.812,35.000,35.031,33.996,41.156,41.840,38.836,13.185,0.089,28.682,1837.907,1697.649,1836.000,1700.000,0.000,,,,2,1789723500.232,100,1
1873.846,57.496,59.145,55.875,56.000,55.000,56.000,55.000,54.000,52.000,53.000,53.000,54.000,56.344,54.000,56.344,49.875,35.000,35.031,33.996,41.160,41.844,38.836,14.827,0.111,27.197,1847.158,1696.977,1836.000,1700.000,0.000,,,,2,1789723501.234,100,1
1874.848,57.395,59.043,55.812,54.000,54.000,54.000,54.000,53.000,51.000,53.000,52.000,54.000,54.266,54.000,54.266,49.875,35.000,35.031,33.996,41.160,41.848,38.836,7.377,0.067,24.438,1846.949,1706.946,1836.000,1700.000,0.000,,,,2,1789723502.237,100,1
1875.852,57.309,58.957,55.625,55.000,55.000,55.000,54.000,53.000,52.000,53.000,52.000,53.000,55.000,54.000,54.625,49.812,35.000,35.031,33.996,41.160,41.848,38.836,7.490,0.062,19.144,1847.054,1698.907,1836.000,1700.000,0.000,,,,2,1789723503.239,100,1
1876.856,57.195,58.844,55.500,55.000,54.000,54.000,53.000,53.000,51.000,53.000,52.000,53.000,55.000,53.000,53.703,49.688,35.000,35.031,33.996,41.160,41.848,38.840,5.792,0.057,19.327,1837.531,1689.308,1836.000,1700.000,0.000,,,,2,1789723504.243,100,1
1877.857,57.086,58.734,55.188,55.000,55.000,54.000,53.000,52.000,51.000,52.000,52.000,53.000,55.000,53.000,53.719,49.625,35.000,35.031,33.996,41.160,41.848,38.836,6.379,0.063,17.848,1854.256,1697.249,1836.000,1700.000,0.000,,,,2,1789723505.244,100,1
1878.858,56.973,58.621,55.062,54.000,54.000,53.000,52.000,51.000,51.000,52.000,51.000,53.000,54.000,53.000,53.391,49.562,35.000,35.031,33.996,41.164,41.844,38.836,6.414,0.061,18.587,1826.002,1696.825,1836.000,1700.000,0.000,,,,2,1789723506.244,100,1
1879.861,56.871,58.520,54.812,56.000,54.000,53.000,52.000,51.000,51.000,52.000,51.000,53.000,56.000,53.000,53.688,49.500,35.000,35.031,33.996,41.160,41.840,38.836,5.320,0.054,18.503,1840.096,1697.393,1836.000,1700.000,0.000,,,,2,1789723507.256,100,1
1880.865,56.762,58.410,54.625,59.000,57.000,59.000,57.000,59.000,57.000,59.000,58.000,53.000,59.000,54.000,53.391,49.312,35.000,35.031,33.996,41.164,41.840,38.836,6.524,0.056,16.958,1830.394,1701.291,1836.000,1700.000,0.000,,,,2,1789723508.254,100,1
1881.870,56.684,58.332,54.625,54.000,53.000,56.000,54.000,54.000,52.000,52.000,52.000,53.000,56.000,54.000,54.328,49.312,35.000,35.031,33.996,41.160,41.832,38.832,11.466,0.093,19.876,1826.197,1705.062,1836.000,1700.000,0.000,,,,2,1789723509.256,100,1
1882.873,56.684,58.332,54.562,54.000,54.000,57.000,54.000,53.000,52.000,53.000,53.000,53.000,57.000,54.000,56.609,49.188,35.000,35.031,33.996,41.164,41.832,38.832,11.195,0.099,23.365,1828.358,1696.673,1836.000,1700.000,0.000,,,,2,1789723510.259,100,1
1883.877,57.676,59.457,54.562,58.000,56.000,67.000,59.000,60.000,56.000,56.000,55.000,55.000,67.000,57.000,60.656,49.312,35.000,35.031,33.996,41.164,41.824,38.832,14.570,0.125,25.308,1833.470,1691.435,1836.000,1700.000,0.000,,,,2,1789723511.265,100,1
1884.881,57.656,59.258,54.750,54.000,53.000,55.000,54.000,53.000,52.000,53.000,52.000,53.000,57.109,53.000,57.109,49.250,35.000,35.031,33.996,41.164,41.820,38.832,20.229,0.190,30.359,1826.558,1711.490,1836.000,1700.000,0.000,,,,2,1789723512.270,100,1
1885.886,57.543,59.145,54.688,53.000,54.000,54.000,53.000,53.000,52.000,53.000,51.000,53.000,54.062,53.000,54.062,49.125,35.000,35.031,33.996,41.164,41.816,38.832,9.058,0.079,26.144,1828.915,1697.241,1836.000,1700.000,0.000,,,,2,1789723513.273,100,1
1886.886,57.457,59.059,54.625,57.000,55.000,58.000,55.000,58.000,52.000,54.000,53.000,53.000,58.000,54.000,54.781,49.312,35.000,35.031,33.996,41.164,41.809,38.828,9.867,0.086,21.857,1825.808,1697.657,1836.000,1700.000,0.000,,,,2,1789723514.273,100,1
1887.890,57.379,58.980,54.562,54.000,54.000,55.000,54.000,53.000,52.000,53.000,52.000,53.000,55.000,53.000,54.938,49.062,35.000,35.031,33.996,41.164,41.805,38.828,12.956,0.107,22.929,1826.289,1697.233,1836.000,1700.000,0.000,,,,2,1789723515.278,100,1
1888.895,57.305,58.906,54.500,54.000,53.000,54.000,54.000,53.000,52.000,53.000,53.000,53.000,55.000,53.000,55.000,49.125,35.000,35.027,33.996,41.164,41.801,38.824,12.529,0.109,25.196,1837.963,1715.021,1836.000,1700.000,0.000,,,,2,1789723516.284,100,1
1889.898,57.207,58.809,54.500,53.000,53.000,54.000,53.000,52.000,51.000,52.000,51.000,53.000,54.172,53.000,54.172,49.188,35.000,35.027,33.996,41.164,41.797,38.824,11.231,0.091,24.349,1828.878,1695.498,1836.000,1700.000,0.000,,,,2,1789723517.287,100,1
1890.900,57.125,58.727,54.438,54.000,54.000,55.000,55.000,53.000,52.000,53.000,52.000,54.000,55.000,53.000,54.547,49.125,35.000,35.027,33.996,41.164,41.789,38.820,10.939,0.088,23.489,1831.073,1697.665,1836.000,1700.000,0.000,,,,2,1789723518.287,100,1
1891.905,57.082,58.684,54.312,56.000,55.000,56.000,58.000,53.000,63.000,55.000,52.000,54.000,63.000,55.000,55.828,49.062,35.000,35.027,33.996,41.164,41.789,38.820,12.089,0.101,23.512,1829.017,1697.841,1836.000,1700.000,0.000,,,,2,1789723519.294,100,1
1892.907,57.078,58.520,54.500,61.000,55.000,57.000,56.000,54.000,53.000,53.000,52.000,53.000,61.000,54.000,56.906,49.000,35.000,35.027,33.996,41.160,41.781,38.816,17.235,0.159,28.245,1826.299,1707.140,1836.000,1700.000,0.000,,,,2,1789723520.293,100,1
1893.909,57.016,58.457,54.500,56.000,55.000,56.000,56.000,54.000,53.000,54.000,52.000,54.000,56.000,55.000,55.078,49.125,35.000,35.027,33.996,41.160,41.781,38.812,11.016,0.096,25.778,1838.263,1697.209,1836.000,1700.000,0.000,,,,2,1789723521.296,100,1
1894.911,56.965,58.406,54.562,56.000,55.000,56.000,56.000,54.000,53.000,54.000,53.000,53.000,56.000,54.000,55.406,49.125,35.000,35.027,33.996,41.160,41.773,38.812,13.745,0.117,24.857,1833.573,1704.134,1836.000,1700.000,0.000,,,,2,1789723522.300,100,1
1895.915,56.855,58.297,54.500,54.000,53.000,55.000,53.000,52.000,51.000,52.000,51.000,53.000,55.000,52.000,53.453,49.125,35.000,35.027,33.996,41.160,41.770,38.809,7.940,0.068,24.631,1832.994,1697.585,1836.000,1700.000,0.000,,,,2,1789723523.303,100,1
1896.919,56.746,58.188,54.375,54.000,53.000,54.000,53.000,52.000,51.000,52.000,51.000,53.000,54.000,53.000,53.328,49.062,35.000,35.027,33.996,41.156,41.766,38.809,8.324,0.074,20.522,1826.364,1697.681,1836.000,1700.000,0.000,,,,2,1789723524.308,100,1
1897.924,56.633,58.074,54.375,55.000,54.000,54.000,53.000,52.000,51.000,52.000,51.000,52.000,55.000,52.000,53.219,49.062,35.000,35.027,33.996,41.156,41.758,38.805,7.814,0.068,22.111,1837.822,1701.412,1836.000,1700.000,0.000,,,,2,1789723525.311,100,1
1898.929,56.531,57.973,54.188,56.000,57.000,55.000,56.000,54.000,52.000,53.000,52.000,53.000,57.000,54.000,53.312,48.812,35.000,35.027,33.996,41.156,41.754,38.805,7.849,0.067,20.090,1824.309,1693.424,1836.000,1700.000,0.000,,,,2,1789723526.316,100,1
1899.931,56.434,57.801,54.062,58.000,53.000,54.000,53.000,52.000,51.000,52.000,51.000,52.000,58.000,52.000,53.453,48.938,35.000,35.027,33.996,41.156,41.750,38.801,10.746,0.083,20.126,1833.993,1696.857,1836.000,1700.000,0.000,,,,2,1789723527.319,100,1
1900.932,56.336,57.703,53.938,55.000,56.000,54.000,54.000,53.000,53.000,53.000,51.000,52.000,56.000,53.000,53.297,48.812,35.000,35.027,33.996,41.152,41.742,38.797,8.225,0.079,22.370,1833.685,1697.041,1836.000,1700.000,0.000,,,,2,1789723528.321,100,1
1901.933,56.246,57.613,53.875,57.000,55.000,57.000,53.000,52.000,51.000,52.000,53.000,52.000,57.000,53.000,53.500,48.750,35.000,35.027,33.996,41.152,41.734,38.793,9.328,0.079,20.653,1838.395,1701.524,1836.000,1700.000,0.000,,,,2,1789723529.321,100,1
1902.934,56.145,57.512,53.875,53.000,55.000,53.000,53.000,52.000,50.000,52.000,51.000,52.000,55.000,52.000,52.984,48.812,35.000,35.027,33.996,41.148,41.727,38.793,8.353,0.072,21.710,1835.995,1688.936,1836.000,1700.000,0.000,,,,2,1789723530.321,100,1
1903.938,56.117,57.484,53.750,57.000,53.000,54.000,53.000,52.000,51.000,52.000,51.000,55.000,57.000,53.000,55.266,48.750,35.000,35.027,33.996,41.148,41.723,38.789,16.575,0.135,19.850,1826.669,1697.048,1836.000,1700.000,0.000,,,,2,1789723531.325,100,1
1904.941,56.109,57.477,53.750,54.000,56.000,54.000,53.000,53.000,51.000,52.000,51.000,52.000,56.000,53.000,55.828,48.625,35.000,35.027,33.996,41.148,41.715,38.785,14.548,0.119,24.834,1841.037,1697.857,1836.000,1700.000,0.000,,,,2,1789723532.329,100,1
1905.945,56.070,57.438,53.938,54.000,53.000,54.000,53.000,54.000,52.000,53.000,52.000,52.000,54.891,52.000,54.891,48.812,35.000,35.027,33.996,41.145,41.711,38.781,14.766,0.106,27.789,1838.404,1697.489,1836.000,1700.000,0.000,,,,2,1789723533.332,100,1
1906.950,56.078,57.445,54.062,54.000,54.000,58.000,54.000,53.000,53.000,53.000,52.000,52.000,58.000,53.000,54.641,48.688,35.000,35.027,33.996,41.145,41.703,38.781,11.910,0.097,27.449,1829.045,1697.369,1836.000,1700.000,0.000,,,,2,1789723534.335,100,1
1907.953,56.031,57.398,54.125,55.000,55.000,59.000,55.000,53.000,52.000,53.000,52.000,53.000,56.000,53.000,57.484,48.625,35.000,35.027,33.996,41.141,41.695,38.777,13.006,0.115,24.514,1833.909,1714.776,1836.000,1700.000,0.000,,,,2,1789723535.340,100,1
1908.957,56.078,57.445,54.125,63.000,56.000,55.000,55.000,53.000,52.000,54.000,52.000,52.000,59.000,54.000,55.688,48.688,35.000,35.027,33.996,41.141,41.688,38.773,12.626,0.098,25.848,1826.966,1697.545,1836.000,1700.000,0.000,,,,2,1789723536.343,100,1
1909.958,56.066,57.297,54.062,54.000,53.000,54.000,55.000,53.000,64.000,52.000,53.000,53.000,63.000,54.000,56.047,48.625,35.000,35.027,34.996,41.141,41.684,38.770,11.377,0.101,24.046,1838.292,1689.150,1836.000,1700.000,0.000,,,,2,1789723537.343,100,1
1910.960,56.066,57.172,54.062,52.000,52.000,52.000,52.000,52.000,50.000,51.000,51.000,52.000,64.000,51.000,52.719,48.625,35.000,35.027,34.996,41.141,41.672,38.777,7.534,0.072,24.634,1826.466,1708.915,1836.000,1700.000,0.000,,,,2,1789723538.348,100,1
1911.964,55.961,57.066,53.812,57.000,54.000,56.000,54.000,53.000,52.000,54.000,53.000,56.000,57.000,53.000,55.859,48.625,35.000,35.027,34.996,41.137,41.668,38.781,12.594,0.108,21.998,1827.059,1707.254,1836.000,1700.000,0.000,,,,2,1789723539.351,100,1
1912.965,55.957,57.062,53.688,52.000,52.000,54.000,53.000,53.000,51.000,54.000,51.000,55.000,55.453,52.000,55.453,48.688,35.000,35.027,34.996,41.137,41.656,38.785,13.556,0.116,22.316,1833.666,1697.136,1836.000,1700.000,0.000,,,,2,1789723540.351,100,1
1913.968,55.883,56.988,53.938,51.000,52.000,53.000,52.000,51.000,51.000,51.000,51.000,52.000,54.016,51.000,54.016,48.625,35.000,35.027,34.996,41.133,41.652,38.785,9.879,0.076,24.229,1827.087,1707.731,1836.000,1700.000,0.000,,,,2,1789723541.357,100,1
1914.972,59.688,61.824,54.000,63.000,60.000,66.000,64.000,58.000,59.000,55.000,54.000,54.000,71.109,59.000,71.109,48.500,35.000,35.027,34.996,41.133,41.648,38.789,33.834,0.274,23.997,1840.406,1704.893,1836.000,1700.000,0.000,,,,2,1789723542.358,100,1
1915.972,63.301,66.309,54.500,65.000,64.000,68.000,67.000,69.000,61.000,58.000,57.000,55.000,74.141,62.000,74.141,48.875,35.000,35.027,34.996,41.133,41.648,38.793,40.876,0.226,37.553,1833.461,1711.108,1836.000,1700.000,0.000,,,,2,1789723543.359,100,1
1916.975,65.535,68.910,54.812,67.000,63.000,71.000,65.000,61.000,62.000,58.000,58.000,56.000,72.234,61.000,72.234,49.125,35.000,35.027,34.996,41.133,41.645,38.797,37.159,0.194,52.481,1848.002,1697.249,1836.000,1700.000,0.000,,,,2,1789723544.361,100,1
1917.976,65.418,68.457,54.938,56.000,61.000,56.000,57.000,54.000,54.000,55.000,54.000,54.000,61.859,57.000,61.859,49.500,55.000,41.523,34.996,41.129,41.637,38.797,15.548,9.004,49.488,1840.943,1696.953,1836.000,1700.000,0.000,55.000,3.000,0.000,2,1789723545.363,100,1
1918.976,65.391,68.125,55.250,71.000,61.000,65.000,66.000,67.000,61.000,57.000,56.000,55.000,71.000,60.000,64.578,49.875,56.000,46.570,34.996,41.129,41.637,38.805,24.387,5.782,38.967,1850.472,1690.808,1836.000,1700.000,0.000,56.000,8.000,25.000,2,1789723546.363,100,1
1919.980,67.859,71.062,55.500,64.000,60.000,63.000,62.000,60.000,59.000,58.000,57.000,56.000,75.266,60.000,75.266,50.062,56.000,50.215,34.996,41.133,41.641,38.812,37.330,5.240,44.068,1831.660,1706.598,1836.000,1700.000,0.000,56.000,4.000,0.000,2,1789723547.367,100,1
1920.983,67.871,70.758,55.625,69.000,76.000,77.000,77.000,67.000,65.000,60.000,60.000,57.000,77.000,63.000,67.906,50.188,56.000,52.816,34.996,41.133,41.637,38.820,15.989,3.744,51.244,1826.716,1696.873,1836.000,1700.000,0.000,56.000,4.000,0.000,2,1789723548.371,100,1
1921.986,69.867,73.062,55.750,69.000,67.000,74.000,74.000,80.000,64.000,61.000,59.000,57.000,80.000,64.000,75.859,50.312,57.000,54.980,34.996,41.133,41.633,38.832,32.549,6.278,40.491,1826.725,1697.497,1836.000,1700.000,0.000,57.000,11.000,4.000,2,1789723549.374,100,1
1922.990,73.355,77.281,56.188,72.000,70.000,92.000,71.000,64.000,64.000,64.000,60.000,60.000,92.000,65.000,83.828,50.812,57.000,56.488,34.996,41.137,41.637,38.844,43.058,8.813,43.582,1826.818,1718.861,1836.000,1700.000,0.000,57.000,7.000,4.000,2,1789723550.377,100,1
1923.992,74.840,78.816,56.625,67.000,65.000,68.000,69.000,75.000,67.000,76.000,62.000,60.000,79.281,64.000,79.281,51.312,58.000,57.848,34.996,41.137,41.641,38.855,41.772,9.623,62.430,1845.463,1691.372,1836.000,1700.000,0.000,58.000,12.000,8.000,2,1789723551.380,100,1
1924.996,76.684,80.816,56.938,76.000,67.000,71.000,87.000,70.000,69.000,65.000,64.000,61.000,87.000,66.000,82.219,51.750,59.000,59.090,34.996,41.145,41.648,38.871,47.927,9.160,64.207,1840.547,1710.311,1836.000,1700.000,0.000,59.000,10.000,10.000,2,1789723552.384,100,1
1926.001,78.438,82.684,57.562,77.000,74.000,79.000,73.000,78.000,70.000,72.000,72.000,61.000,83.703,67.000,83.703,52.125,59.000,59.930,34.996,41.148,41.652,38.887,46.010,9.511,69.662,1831.427,1696.833,1836.000,1700.000,0.000,59.000,11.000,1.000,2,1789723553.389,100,1
1927.004,80.266,84.633,58.000,94.000,74.000,77.000,73.000,70.000,68.000,67.000,64.000,62.000,94.000,68.000,85.750,52.750,60.000,60.797,34.996,41.152,41.664,38.910,44.288,8.606,68.668,1829.017,1706.954,1836.000,1700.000,0.000,60.000,8.000,6.000,2,1789723554.392,100,1
1928.007,81.391,85.660,58.375,90.000,67.000,74.000,71.000,81.000,68.000,67.000,64.000,62.000,90.000,67.000,84.766,53.250,60.000,61.359,34.996,41.160,41.672,38.930,44.911,8.440,64.696,1829.166,1702.820,1836.000,1700.000,0.000,60.000,8.000,4.000,2,1789723555.395,100,1
1929.009,82.996,87.320,59.000,73.000,75.000,94.000,74.000,74.000,70.000,73.000,83.000,63.000,94.000,68.000,87.812,53.625,60.000,61.711,34.996,41.168,41.688,38.953,48.449,8.392,65.875,1829.333,1693.608,1836.000,1700.000,0.000,61.000,8.000,4.000,2,1789723556.398,100,1
1930.011,84.082,88.301,59.500,88.000,69.000,88.000,72.000,73.000,68.000,68.000,66.000,63.000,88.000,67.000,87.344,54.125,61.000,62.227,34.996,41.176,41.699,38.977,46.533,8.325,69.732,1840.820,1696.809,1836.000,1700.000,0.000,61.000,8.000,10.000,2,1789723557.399,100,1
1931.014,85.047,89.133,59.875,77.000,68.000,76.000,74.000,86.000,68.000,78.000,65.000,64.000,87.938,68.000,87.938,54.375,61.000,62.547,34.996,41.188,41.715,39.004,45.301,7.967,66.957,1874.502,1727.124,1887.000,1748.000,0.000,62.000,8.000,6.000,2,1789723558.402,100,1
1932.017,85.109,88.805,60.188,73.000,69.000,72.000,73.000,73.000,68.000,81.000,77.000,65.000,85.297,69.000,85.297,54.875,62.000,63.047,34.996,41.195,41.734,39.031,44.233,9.057,65.598,1911.153,1772.674,1941.000,1798.000,0.000,63.000,13.000,3.000,2,1789723559.405,100,1
1933.019,85.121,88.449,60.500,87.000,73.000,74.000,86.000,71.000,69.000,67.000,66.000,64.000,87.000,70.000,85.156,55.438,64.000,64.008,34.996,41.207,41.754,39.062,43.862,14.295,66.447,1944.748,1805.235,1976.000,1830.000,0.000,64.000,14.000,3.000,2,1789723560.408,100,1
1934.024,85.668,88.828,60.812,75.000,71.000,90.000,93.000,74.000,72.000,73.000,68.000,66.000,93.000,70.000,87.312,56.125,64.000,64.656,34.996,41.219,41.773,39.094,44.791,14.834,70.586,1923.909,1768.720,1922.000,1780.000,0.000,65.000,13.000,3.000,2,1789723561.412,100,1
1935.025,85.730,88.594,61.250,79.000,75.000,78.000,74.000,71.000,71.000,83.000,71.000,65.000,85.906,70.000,85.906,56.625,64.000,65.078,34.996,41.227,41.789,39.129,44.280,13.137,72.457,1960.613,1814.489,1976.000,1830.000,0.000,64.000,8.000,5.000,2,1789723562.413,100,1
1936.028,86.934,89.871,61.625,79.000,72.000,89.000,78.000,85.000,74.000,91.000,75.000,67.000,91.000,71.000,90.547,57.000,65.000,65.660,34.996,41.242,41.812,39.160,50.996,12.463,69.338,1952.754,1797.080,1938.000,1795.000,0.000,65.000,13.000,1.000,2,1789723563.416,100,1
1937.033,87.547,90.375,62.125,83.000,71.000,76.000,78.000,79.000,72.000,83.000,70.000,66.000,89.391,71.000,89.391,57.562,65.000,66.039,34.996,41.254,41.840,39.203,44.822,14.937,77.638,1976.567,1828.497,1992.000,1845.000,0.000,66.000,14.000,5.000,2,1789723564.420,100,1
1938.036,88.828,91.758,62.688,80.000,78.000,88.000,80.000,91.000,89.000,77.000,72.000,67.000,92.672,73.000,92.672,58.000,65.000,66.266,34.996,41.270,41.867,39.242,56.263,13.828,71.110,2014.651,1882.294,2046.000,1895.000,0.000,66.000,14.000,4.000,2,1789723565.422,100,1
1939.038,90.566,93.723,63.312,80.000,74.000,99.000,96.000,76.000,75.000,74.000,77.000,68.000,99.000,74.000,95.781,58.500,66.000,66.715,34.996,41.285,41.895,39.281,50.919,11.243,83.446,2069.691,1909.835,2100.000,1945.000,0.000,66.000,8.000,4.000,2,1789723566.426,100,1
1940.043,91.195,94.227,63.750,88.000,73.000,100.000,79.000,80.000,74.000,71.000,69.000,67.000,100.000,73.000,93.078,58.750,66.000,67.000,34.996,41.305,41.926,39.324,48.530,9.280,73.951,2118.432,1952.659,2154.000,1995.000,0.000,66.000,12.000,4.000,2,1789723567.430,100,1
1941.046,92.160,95.180,64.125,78.000,92.000,100.000,79.000,78.000,75.000,71.000,71.000,67.000,100.000,75.000,95.062,59.062,66.000,67.164,34.996,41.320,41.957,39.371,49.602,9.891,70.305,2156.386,2006.197,2208.000,2045.000,0.000,67.000,8.000,2.000,2,1789723568.432,100,1
1942.048,92.699,95.578,64.500,81.000,74.000,79.000,95.000,89.000,78.000,71.000,73.000,67.000,95.000,75.000,94.312,59.562,67.000,67.574,34.996,41.340,41.988,39.418,50.305,10.226,71.983,2218.948,2062.588,2269.000,2101.000,0.000,67.000,9.000,16.000,2,1789723569.436,100,1
1943.049,93.238,95.988,65.062,77.000,90.000,83.000,79.000,74.000,88.000,70.000,71.000,68.000,94.859,76.000,94.859,59.812,67.000,67.836,34.996,41.359,42.027,39.465,49.978,10.414,73.687,2289.173,2109.878,2329.000,2157.000,0.000,67.000,10.000,10.000,2,1789723570.436,100,1
1944.049,94.086,96.816,65.375,100.000,84.000,88.000,79.000,80.000,75.000,72.000,71.000,68.000,100.000,76.000,96.625,60.188,67.000,67.992,34.996,41.379,42.062,39.516,50.048,11.152,72.440,2340.778,2163.280,2390.000,2213.000,0.000,68.000,10.000,6.000,2,1789723571.437,100,1
1945.054,94.527,97.117,65.625,78.000,88.000,100.000,83.000,77.000,77.000,74.000,73.000,70.000,100.000,77.000,95.844,60.562,68.000,68.395,34.996,41.398,42.102,39.566,50.044,10.485,73.878,2391.629,2198.876,2511.000,2325.000,0.000,68.000,10.000,9.000,2,1789723572.442,100,1
1946.057,95.281,97.836,66.000,94.000,76.000,98.000,83.000,73.000,75.000,73.000,71.000,70.000,98.000,74.000,97.547,60.938,68.000,68.660,34.996,41.418,42.141,39.617,45.361,10.104,68.703,2460.697,2273.373,2571.000,2381.000,0.000,68.000,9.000,7.000,2,1789723573.446,100,1
1947.061,95.270,97.570,66.250,79.000,75.000,87.000,95.000,98.000,77.000,74.000,72.000,69.000,98.000,75.000,94.969,61.062,68.000,68.820,34.996,41.441,42.180,39.672,46.415,11.078,69.629,2515.723,2313.149,2631.000,2437.000,0.000,68.000,9.000,5.000,2,1789723574.449,100,1
1948.062,95.867,98.117,66.562,100.000,84.000,92.000,84.000,89.000,80.000,74.000,74.000,69.000,100.000,78.000,97.672,61.375,68.000,68.852,34.996,41.465,42.219,39.723,50.170,10.929,72.792,2573.911,2392.122,2692.000,2493.000,0.000,68.000,10.000,5.000,2,1789723575.447,100,1
1949.065,95.945,97.996,67.188,82.000,78.000,100.000,82.000,76.000,88.000,73.000,72.000,70.000,100.000,77.000,96.172,61.812,68.000,68.832,34.996,41.488,42.266,39.777,54.070,10.942,79.022,2635.085,2423.638,2752.000,2549.000,0.000,69.000,9.000,4.000,2,1789723576.451,100,1
1950.070,96.055,97.934,67.438,80.000,78.000,82.000,89.000,75.000,96.000,72.000,80.000,70.000,96.391,77.000,96.391,62.000,69.000,69.000,34.996,41.512,42.309,39.836,46.752,10.441,69.783,2699.075,2494.906,2824.000,2615.000,0.000,69.000,8.000,2.000,2,1789723577.457,100,1
1951.074,96.035,97.727,67.750,92.000,76.000,85.000,80.000,80.000,96.000,74.000,73.000,70.000,96.000,76.000,95.484,62.312,69.000,69.125,34.996,41.535,42.352,39.895,45.765,11.224,70.007,2749.792,2546.275,2895.000,2681.000,0.000,69.000,11.000,10.000,2,1789723578.462,100,1
1952.078,96.031,97.551,67.875,88.000,87.000,100.000,81.000,78.000,76.000,76.000,74.000,71.000,100.000,77.000,95.891,62.500,68.000,69.027,34.996,41.559,42.395,39.949,45.282,10.432,68.072,2841.627,2627.277,2966.000,2747.000,0.000,69.000,9.000,8.000,2,1789723579.464,100,1
1953.082,96.023,97.543,68.125,82.000,76.000,81.000,87.000,94.000,77.000,74.000,84.000,70.000,95.781,76.000,95.781,62.688,69.000,69.086,34.996,41.586,42.441,40.008,46.249,9.703,69.222,2915.381,2686.226,3038.000,2813.000,0.000,69.000,13.000,5.000,2,1789723580.468,100,1
1954.086,96.020,97.539,68.438,91.000,76.000,88.000,80.000,80.000,85.000,74.000,93.000,71.000,95.875,76.000,95.875,62.875,69.000,69.133,34.996,41.613,42.484,40.066,48.539,11.068,71.772,2981.910,2751.789,3109.000,2879.000,0.000,70.000,8.000,4.000,2,1789723581.472,100,1
1955.088,96.008,97.527,68.688,87.000,92.000,89.000,80.000,87.000,76.000,79.000,73.000,72.000,95.641,78.000,95.641,63.062,69.000,69.168,34.996,41.641,42.531,40.125,47.044,10.879,71.036,3050.408,2809.778,3180.000,2945.000,0.000,70.000,13.000,5.000,2,1789723582.475,100,1
1956.089,96.023,97.543,69.000,97.000,77.000,88.000,90.000,86.000,77.000,78.000,74.000,72.000,97.000,77.000,96.547,63.375,70.000,69.344,34.996,41.668,42.578,40.184,48.986,12.257,73.372,3102.753,2892.914,3251.000,3011.000,0.000,71.000,14.000,4.000,2,1789723583.476,100,1
1957.094,96.047,97.566,69.312,91.000,81.000,90.000,80.000,91.000,79.000,78.000,78.000,72.000,96.844,77.000,96.844,63.562,70.000,69.504,34.996,41.691,42.625,40.246,50.267,13.600,76.438,3178.415,2962.719,3279.000,3037.000,0.000,71.000,14.000,3.000,2,1789723584.482,100,1
1958.097,96.012,97.531,69.688,78.000,76.000,93.000,79.000,87.000,95.000,79.000,78.000,71.000,95.000,76.000,94.812,63.875,70.000,69.641,34.996,41.723,42.676,40.309,47.065,12.337,72.682,3234.240,2980.404,3308.000,3063.000,0.000,70.000,14.000,2.000,2,1789723585.482,100,1
1959.100,96.008,97.527,69.688,81.000,83.000,84.000,98.000,76.000,78.000,74.000,78.000,71.000,98.000,78.000,95.891,63.938,71.000,69.918,34.996,41.750,42.723,40.371,49.258,14.055,75.993,3242.075,3012.502,3336.000,3089.000,0.000,71.000,12.000,12.000,2,1789723586.488,100,1
1960.105,96.039,97.559,70.000,82.000,76.000,81.000,80.000,99.000,78.000,81.000,88.000,72.000,99.000,77.000,97.016,64.312,71.000,70.172,34.996,41.777,42.773,40.434,45.569,14.755,72.839,3263.589,3043.522,3364.000,3115.000,0.000,71.000,14.000,9.000,2,1789723587.492,100,1
1961.106,95.988,97.508,70.250,79.000,76.000,94.000,80.000,82.000,79.000,77.000,99.000,72.000,99.000,77.000,94.516,64.500,71.000,70.383,34.996,41.809,42.824,40.496,45.737,15.473,74.281,3316.200,3081.585,3392.000,3141.000,0.000,72.000,14.000,8.000,2,1789723588.493,100,1
1962.111,96.059,97.688,70.312,81.000,75.000,89.000,94.000,78.000,88.000,75.000,72.000,71.000,98.125,76.000,98.125,64.750,71.000,70.555,34.996,41.840,42.871,40.559,44.562,15.024,72.804,3370.092,3128.476,3420.000,3167.000,0.000,71.000,14.000,7.000,2,1789723589.499,100,1
1963.116,96.180,97.809,70.500,100.000,75.000,87.000,81.000,80.000,77.000,89.000,74.000,72.000,100.000,76.000,98.891,65.000,71.000,70.695,34.996,41.871,42.922,40.621,44.295,12.847,69.925,3385.813,3147.651,3448.000,3193.000,0.000,71.000,9.000,14.000,2,1789723590.504,100,1
1964.117,96.227,97.855,70.688,92.000,83.000,81.000,96.000,79.000,80.000,74.000,74.000,71.000,97.625,78.000,97.625,65.000,70.000,70.734,34.996,41.898,42.977,40.688,44.142,11.414,68.657,3418.154,3154.353,3476.000,3219.000,0.000,70.000,9.000,11.000,2,1789723591.504,100,1
1965.120,96.297,97.926,70.875,77.000,75.000,81.000,86.000,100.000,76.000,77.000,75.000,71.000,100.000,75.000,98.000,64.875,70.000,70.766,34.996,41.930,43.020,40.750,43.976,12.138,69.248,3457.748,3195.200,3504.000,3245.000,0.000,70.000,10.000,12.000,2,1789723592.510,100,1
1966.125,96.109,97.738,71.000,79.000,76.000,79.000,79.000,76.000,78.000,73.000,73.000,70.000,90.297,76.000,90.297,65.000,70.000,70.793,34.996,41.961,43.070,40.812,43.441,8.748,65.967,3482.938,3202.933,3532.000,3271.000,0.000,72.000,17.000,11.000,2,1789723593.538,100,1
1967.126,96.070,97.699,71.250,95.000,81.000,89.000,83.000,80.000,78.000,76.000,76.000,72.000,95.000,78.000,94.922,65.125,73.000,70.957,34.996,41.992,43.121,40.879,48.881,19.943,80.654,3491.857,3259.305,3560.000,3297.000,0.000,72.000,17.000,26.000,2,1789723594.515,100,1
1968.130,96.074,97.703,71.438,87.000,83.000,85.000,82.000,79.000,77.000,95.000,74.000,72.000,96.250,79.000,96.250,65.688,73.000,71.340,34.996,42.023,43.172,40.945,47.003,21.148,81.320,3534.020,3252.826,3588.000,3323.000,0.000,73.000,19.000,19.000,2,1789723595.519,100,1
1969.135,96.051,97.680,71.375,94.000,78.000,84.000,84.000,100.000,79.000,78.000,76.000,72.000,100.000,77.000,95.219,65.938,72.000,71.516,34.996,42.055,43.223,41.008,40.114,18.045,72.022,3568.773,3289.504,3616.000,3349.000,0.000,73.000,17.000,21.000,2,1789723596.525,100,1
1970.137,95.992,97.621,71.562,89.000,80.000,86.000,84.000,83.000,77.000,77.000,77.000,72.000,94.250,77.000,94.250,66.188,73.000,71.824,34.996,42.090,43.277,41.074,46.537,19.685,78.708,3577.604,3311.990,3645.000,3375.000,0.000,73.000,18.000,21.000,2,1789723597.526,100,1
1971.141,95.941,97.570,71.750,94.000,78.000,84.000,83.000,84.000,87.000,77.000,86.000,72.000,94.312,78.000,94.312,66.312,73.000,72.105,34.996,42.121,43.328,41.141,47.094,21.234,81.041,3622.496,3357.144,3673.000,3401.000,0.000,74.000,17.000,19.000,2,1789723598.528,100,1
1972.146,96.004,97.633,72.000,86.000,82.000,88.000,86.000,81.000,81.000,82.000,96.000,73.000,97.922,79.000,97.922,66.625,74.000,72.539,34.996,42.160,43.379,41.207,48.129,21.298,82.481,3613.188,3388.299,3701.000,3427.000,0.000,74.000,17.000,20.000,2,1789723599.535,100,1
1973.151,96.062,97.691,72.188,85.000,79.000,98.000,85.000,87.000,83.000,76.000,76.000,72.000,98.000,79.000,97.969,66.812,74.000,72.934,34.996,42.191,43.430,41.270,47.902,21.286,82.051,3667.594,3380.187,3729.000,3453.000,0.000,74.000,19.000,26.000,2,1789723600.540,100,1
1974.156,96.129,97.758,72.250,99.000,82.000,88.000,88.000,79.000,82.000,76.000,76.000,72.000,99.000,80.000,98.203,67.000,74.000,73.270,34.996,42.227,43.484,41.340,46.324,21.370,80.404,3694.051,3419.908,3757.000,3479.000,0.000,74.000,18.000,20.000,2,1789723601.543,100,1
1975.160,96.188,97.816,72.500,85.000,94.000,87.000,94.000,86.000,83.000,76.000,77.000,72.000,97.938,81.000,97.938,67.188,74.000,73.527,34.996,42.262,43.535,41.410,48.075,21.103,82.198,3732.659,3443.559,3785.000,3505.000,0.000,75.000,17.000,18.000,2,1789723602.548,100,1
1976.164,96.242,97.871,72.562,85.000,89.000,90.000,88.000,98.000,87.000,78.000,78.000,73.000,98.000,82.000,97.922,67.500,75.000,73.938,34.996,42.293,43.578,41.473,49.722,23.305,86.105,3772.240,3484.219,3819.000,3537.000,0.000,75.000,19.000,24.000,2,1789723603.553,100,1
1977.167,96.289,98.133,72.750,87.000,91.000,89.000,87.000,97.000,81.000,82.000,77.000,75.000,97.781,83.000,97.781,67.875,75.000,74.285,34.996,42.324,43.625,41.543,48.453,23.548,85.427,3811.541,3493.518,3854.000,3569.000,0.000,75.000,18.000,19.000,2,1789723604.555,100,1
1978.170,96.355,98.199,73.062,97.000,80.000,92.000,92.000,90.000,81.000,80.000,77.000,73.000,98.422,80.000,98.422,68.062,75.000,74.570,34.996,42.359,43.676,41.609,48.011,23.529,85.144,3801.719,3535.686,3889.000,3601.000,0.000,75.000,17.000,14.000,2,1789723605.559,100,1
1979.174,96.387,98.230,73.250,84.000,79.000,94.000,85.000,81.000,80.000,77.000,100.000,74.000,100.000,80.000,97.125,68.250,75.000,74.785,34.996,42.398,43.730,41.680,47.463,23.358,84.268,3852.616,3569.481,3923.000,3633.000,0.000,76.000,20.000,22.000,2,1789723606.563,100,1
1980.176,96.445,98.227,73.312,100.000,82.000,88.000,89.000,80.000,82.000,99.000,78.000,75.000,100.000,82.000,97.688,68.438,75.000,74.953,34.996,42.430,43.777,41.746,48.763,23.355,85.283,3883.202,3595.757,3958.000,3665.000,0.000,76.000,19.000,19.000,2,1789723607.563,100,1
1981.176,96.473,98.254,73.625,98.000,96.000,87.000,87.000,80.000,81.000,78.000,77.000,74.000,98.000,82.000,97.234,68.625,76.000,75.266,34.996,42.465,43.824,41.816,47.345,23.684,84.533,3914.660,3649.598,3992.000,3697.000,0.000,76.000,18.000,19.000,2,1789723608.564,100,1
1982.177,96.570,98.352,73.625,96.000,95.000,89.000,86.000,91.000,82.000,81.000,77.000,74.000,99.156,82.000,99.156,68.750,75.000,75.355,34.996,42.500,43.879,41.891,46.106,22.512,81.764,3968.079,3656.976,4027.000,3729.000,0.000,76.000,18.000,19.000,2,1789723609.565,100,1
1983.179,96.633,98.414,73.812,87.000,80.000,87.000,85.000,92.000,81.000,100.000,78.000,76.000,100.000,79.000,98.125,68.875,76.000,75.582,34.996,42.539,43.934,41.957,47.639,22.437,83.522,3979.132,3703.627,4061.000,3761.000,0.000,76.000,17.000,8.000,2,1789723610.568,100,1
1984.182,96.676,98.457,73.875,86.000,81.000,96.000,87.000,82.000,100.000,80.000,84.000,74.000,100.000,81.000,97.641,69.250,76.000,75.766,34.996,42.574,43.977,42.027,47.322,22.407,83.211,4011.902,3723.547,4096.000,3793.000,0.000,76.000,17.000,13.000,2,1789723611.571,100,1
1985.185,96.672,98.453,74.000,87.000,86.000,100.000,87.000,81.000,82.000,77.000,78.000,74.000,100.000,80.000,96.641,69.250,76.000,75.922,34.996,42.613,44.031,42.098,47.343,22.241,83.055,4057.344,3762.345,4131.000,3825.000,0.000,76.000,17.000,11.000,2,1789723612.573,100,1
1986.186,96.609,98.391,74.188,93.000,79.000,89.000,86.000,81.000,81.000,78.000,84.000,74.000,94.594,80.000,94.594,69.188,76.000,76.055,34.996,42.645,44.078,42.168,47.548,21.495,82.462,4068.210,3779.924,4165.000,3857.000,0.000,76.000,19.000,19.000,2,1789723613.572,100,1
1987.191,96.590,98.371,74.312,84.000,80.000,94.000,90.000,82.000,81.000,82.000,86.000,75.000,96.047,79.000,96.047,69.438,76.000,76.172,34.996,42.684,44.133,42.234,45.373,22.147,80.975,4113.957,3808.959,4200.000,3889.000,0.000,76.000,18.000,20.000,2,1789723614.577,100,1
1988.194,96.609,98.391,74.438,95.000,81.000,90.000,85.000,91.000,81.000,85.000,77.000,75.000,97.188,81.000,97.188,69.438,76.000,76.277,34.996,42.723,44.184,42.305,47.373,22.304,83.039,4149.091,3860.010,4234.000,3921.000,0.000,76.000,18.000,11.000,2,1789723615.582,100,1
1989.194,96.668,98.449,74.500,82.000,80.000,91.000,91.000,94.000,81.000,83.000,80.000,74.000,98.547,79.000,98.547,69.750,76.000,76.371,34.996,42.762,44.238,42.371,47.076,22.214,82.735,4185.365,3880.146,4269.000,3953.000,0.000,77.000,18.000,14.000,2,1789723616.584,100,1
1990.199,96.730,98.672,74.688,84.000,81.000,94.000,84.000,85.000,81.000,99.000,77.000,75.000,99.000,79.000,98.562,69.750,76.000,76.457,34.996,42.797,44.281,42.441,46.263,22.579,82.388,4258.944,3911.088,4303.000,3985.000,0.000,76.000,18.000,17.000,2,1789723617.587,100,1
1991.199,96.715,98.656,74.750,88.000,88.000,91.000,88.000,84.000,81.000,79.000,82.000,75.000,96.312,81.000,96.312,69.812,76.000,76.535,34.996,42.836,44.336,42.512,45.553,23.041,82.385,4246.686,3942.311,4338.000,4017.000,0.000,77.000,18.000,15.000,2,1789723618.587,100,1
1992.200,96.785,98.727,74.812,100.000,86.000,89.000,88.000,83.000,95.000,78.000,78.000,74.000,100.000,83.000,98.922,69.938,77.000,76.652,34.996,42.875,44.387,42.582,48.187,22.775,84.513,4284.083,3974.870,4379.000,4055.000,0.000,76.000,15.000,14.000,2,1789723619.597,100,1
1993.201,96.855,98.797,74.812,83.000,80.000,100.000,86.000,89.000,87.000,79.000,85.000,75.000,100.000,79.000,99.016,69.938,76.000,76.727,34.996,42.918,44.438,42.648,47.354,21.347,81.638,4374.878,4006.812,4420.000,4093.000,0.000,77.000,18.000,14.000,2,1789723620.587,100,1
1994.205,96.906,98.848,75.062,87.000,80.000,87.000,100.000,95.000,81.000,80.000,77.000,75.000,100.000,80.000,98.406,70.125,76.000,76.797,34.996,42.953,44.480,42.715,46.801,21.736,82.148,4374.985,4063.114,4461.000,4131.000,0.000,76.000,18.000,13.000,2,1789723621.594,100,1
1995.210,97.000,98.941,75.125,81.000,80.000,86.000,89.000,88.000,100.000,79.000,79.000,75.000,100.000,80.000,99.469,70.312,76.000,76.934,34.996,42.992,44.535,42.785,46.898,22.024,82.240,4428.480,4086.266,4502.000,4169.000,0.000,77.000,19.000,15.000,2,1789723622.599,100,1
1996.214,97.035,98.977,75.125,84.000,80.000,100.000,89.000,89.000,81.000,77.000,76.000,74.000,100.000,79.000,97.984,70.250,76.000,77.000,34.996,43.027,44.574,42.852,45.666,22.138,81.380,4455.666,4131.615,4543.000,4207.000,0.000,76.000,17.000,11.000,2,1789723623.603,100,1
1997.214,97.094,99.035,75.312,92.000,81.000,89.000,88.000,96.000,83.000,84.000,78.000,75.000,98.859,82.000,98.859,70.312,76.000,77.066,34.996,43.066,44.617,42.914,47.353,22.257,83.507,4469.218,4190.578,4584.000,4245.000,0.000,76.000,16.000,12.000,2,1789723624.602,100,1
1998.219,97.176,99.117,75.375,91.000,83.000,84.000,85.000,81.000,84.000,100.000,79.000,76.000,100.000,81.000,99.578,70.375,76.000,77.129,34.996,43.102,44.664,42.980,47.526,20.096,80.808,4524.830,4214.716,4625.000,4283.000,0.000,77.000,17.000,20.000,2,1789723625.608,100,1
1999.219,97.234,99.176,75.438,84.000,96.000,88.000,98.000,81.000,82.000,77.000,77.000,75.000,99.094,82.000,99.094,70.312,76.000,77.191,34.996,43.137,44.707,43.047,46.194,20.749,80.618,4539.036,4265.201,4666.000,4321.000,0.000,77.000,16.000,8.000,2,1789723626.607,100,1
2000.219,97.297,99.344,75.438,99.000,80.000,92.000,85.000,87.000,89.000,79.000,80.000,75.000,99.266,80.000,99.266,70.375,76.000,77.250,34.996,43.176,44.754,43.113,44.475,20.672,78.347,4610.833,4251.751,4707.000,4359.000,0.000,76.000,17.000,13.000,2,1789723627.621,100,1
2001.220,97.375,99.422,75.438,100.000,88.000,87.000,87.000,80.000,85.000,80.000,78.000,76.000,100.000,81.000,99.750,70.438,76.000,77.309,34.996,43.215,44.797,43.180,46.441,20.504,80.938,4685.730,4288.727,4748.000,4397.000,0.000,77.000,20.000,35.000,2,1789723628.607,100,1
2002.224,97.441,99.488,75.688,84.000,79.000,90.000,87.000,83.000,89.000,97.000,78.000,75.000,99.516,79.000,99.516,70.438,76.000,77.367,34.996,43.254,44.844,43.242,46.433,22.335,82.333,4716.857,4352.873,4789.000,4435.000,0.000,77.000,17.000,16.000,2,1789723629.612,100,1
2003.227,97.496,99.543,75.688,98.000,82.000,92.000,88.000,81.000,82.000,78.000,81.000,75.000,99.266,81.000,99.266,70.500,77.000,77.449,34.996,43.293,44.895,43.305,47.879,23.071,84.713,4746.648,4418.696,4830.000,4473.000,0.000,77.000,19.000,32.000,2,1789723630.615,100,1
2004.229,97.492,99.539,75.750,97.000,81.000,89.000,98.000,82.000,85.000,78.000,80.000,75.000,98.000,81.000,97.266,70.688,76.000,77.504,34.996,43.328,44.934,43.367,46.743,22.928,83.014,4761.905,4417.828,4871.000,4511.000,0.000,76.000,16.000,13.000,2,1789723631.643,100,1
2005.232,97.516,99.562,75.750,93.000,84.000,87.000,85.000,81.000,100.000,78.000,82.000,75.000,100.000,81.000,98.312,70.812,76.000,77.527,34.996,43.371,44.977,43.426,46.231,23.434,83.830,4810.455,4484.976,4921.000,4557.000,0.000,77.000,17.000,18.000,2,1789723632.626,100,1
2006.236,97.520,99.566,75.750,91.000,81.000,87.000,87.000,86.000,93.000,89.000,80.000,75.000,97.641,81.000,97.641,70.875,77.000,77.609,34.996,43.406,45.016,43.488,47.504,23.636,84.786,4857.709,4527.391,4971.000,4603.000,0.000,77.000,19.000,30.000,2,1789723633.627,100,1
2007.239,97.582,99.629,75.812,96.000,83.000,100.000,87.000,89.000,81.000,77.000,77.000,74.000,100.000,82.000,99.469,70.812,77.000,77.688,34.996,43.441,45.055,43.551,47.472,23.656,84.966,4907.774,4555.175,5020.000,4649.000,0.000,77.000,20.000,28.000,2,1789723634.628,100,1
2008.241,97.605,99.652,76.062,86.000,85.000,94.000,87.000,88.000,89.000,90.000,77.000,76.000,98.391,82.000,98.391,71.000,77.000,77.762,34.996,43.477,45.094,43.609,47.095,24.396,85.452,4940.508,4597.760,5070.000,4695.000,0.000,77.000,19.000,25.000,2,1789723635.628,100,1
2009.243,97.652,99.699,76.062,100.000,82.000,91.000,96.000,84.000,82.000,78.000,78.000,74.000,100.000,82.000,99.031,70.875,77.000,77.832,34.996,43.516,45.141,43.672,48.316,24.513,86.012,5009.671,4610.656,5120.000,4741.000,0.000,77.000,20.000,29.000,2,1789723636.630,100,1
2010.247,97.711,99.824,76.062,85.000,80.000,97.000,84.000,89.000,96.000,79.000,89.000,75.000,99.531,79.000,99.531,71.125,77.000,77.902,34.996,43.555,45.176,43.727,49.035,24.451,87.971,5079.222,4640.551,5169.000,4787.000,0.000,77.000,17.000,11.000,2,1789723637.633,100,1
2011.251,97.781,99.895,76.250,97.000,81.000,87.000,85.000,85.000,86.000,97.000,100.000,76.000,100.000,81.000,100.000,71.125,77.000,77.973,34.996,43.590,45.215,43.785,52.693,22.437,88.611,5114.508,4748.025,5219.000,4833.000,0.000,77.000,18.000,14.000,2,1789723638.640,100,1
2012.255,97.789,99.902,76.375,85.000,90.000,88.000,86.000,86.000,82.000,99.000,80.000,76.000,99.000,82.000,98.031,71.125,77.000,78.039,34.996,43.629,45.258,43.844,49.334,21.786,84.909,5132.445,4793.034,5269.000,4879.000,0.000,77.000,18.000,28.000,2,1789723639.642,100,1
2013.260,97.812,99.926,76.500,94.000,81.000,91.000,85.000,84.000,100.000,81.000,80.000,76.000,100.000,80.000,98.562,71.125,77.000,78.102,34.996,43.668,45.297,43.898,46.537,23.657,84.067,5225.798,4809.169,5319.000,4925.000,0.000,77.000,18.000,22.000,2,1789723640.647,100,1
2014.264,97.855,99.969,76.312,87.000,85.000,98.000,88.000,93.000,84.000,79.000,77.000,74.000,99.156,82.000,99.156,71.125,77.000,78.164,34.996,43.703,45.332,43.953,46.412,23.233,83.570,5264.004,4857.906,5368.000,4971.000,0.000,77.000,19.000,12.000,2,1789723641.651,100,1
2015.266,97.906,100.020,76.438,98.000,82.000,88.000,87.000,86.000,82.000,79.000,96.000,74.000,99.438,81.000,99.438,71.125,77.000,78.191,34.996,43.738,45.367,44.008,46.058,22.969,82.730,5282.155,4905.835,5418.000,5017.000,0.000,77.000,21.000,30.000,2,1789723642.653,100,1
2016.270,97.930,100.043,76.438,89.000,89.000,90.000,86.000,83.000,81.000,83.000,94.000,76.000,98.656,82.000,98.656,71.125,77.000,78.250,34.996,43.777,45.406,44.059,48.728,23.427,86.017,5340.692,4940.982,5479.000,5074.000,0.000,77.000,20.000,15.000,2,1789723643.657,100,1
2017.274,97.973,100.086,76.438,86.000,100.000,88.000,97.000,82.000,82.000,77.000,81.000,74.000,100.000,85.000,99.375,71.188,77.000,78.305,34.996,43.816,45.445,44.113,47.098,23.384,84.165,5421.769,4989.536,5541.000,5131.000,0.000,77.000,18.000,14.000,2,1789723644.662,100,1
2018.279,98.012,100.125,76.438,99.000,84.000,89.000,85.000,94.000,81.000,79.000,83.000,75.000,99.188,81.000,99.188,71.188,77.000,78.359,34.996,43.852,45.480,44.168,46.759,23.354,84.706,5461.579,5074.782,5603.000,5188.000,0.000,77.000,18.000,20.000,2,1789723645.667,100,1
2019.284,98.066,100.180,76.500,89.000,84.000,86.000,90.000,81.000,81.000,77.000,100.000,75.000,100.000,81.000,99.734,71.312,77.000,78.414,34.996,43.891,45.520,44.219,46.558,23.079,83.669,5545.201,5147.710,5616.000,5200.000,0.000,77.000,18.000,13.000,2,1789723646.673,100,1
2020.287,98.105,100.238,76.375,88.000,87.000,100.000,90.000,83.000,81.000,77.000,77.000,74.000,100.000,83.000,99.312,71.125,77.000,78.465,34.996,43.926,45.559,44.270,45.532,22.097,82.458,5544.176,5165.067,5616.000,5200.000,0.000,77.000,17.000,18.000,2,1789723647.674,100,1
2021.291,98.109,100.242,76.375,87.000,80.000,85.000,94.000,94.000,81.000,78.000,83.000,75.000,98.234,80.000,98.234,71.062,76.000,78.480,34.996,43.961,45.594,44.324,47.124,21.962,83.292,5586.853,5200.358,5616.000,5200.000,0.000,77.000,18.000,16.000,2,1789723648.678,100,1
2022.295,98.125,100.258,76.312,86.000,81.000,86.000,91.000,87.000,82.000,89.000,78.000,75.000,98.688,80.000,98.688,71.062,76.000,78.500,34.996,43.996,45.625,44.371,45.789,22.644,82.236,5586.246,5164.771,5616.000,5200.000,0.000,77.000,19.000,23.000,2,1789723649.682,100,1
2023.300,98.180,100.312,76.438,94.000,80.000,100.000,85.000,84.000,79.000,78.000,76.000,74.000,100.000,79.000,99.844,70.938,76.000,78.516,34.996,44.031,45.652,44.418,46.822,23.201,85.054,5608.175,5200.509,5616.000,5200.000,0.000,76.000,16.000,12.000,2,1789723650.711,100,1
2024.302,98.219,100.352,76.312,90.000,79.000,99.000,86.000,83.000,81.000,78.000,76.000,74.000,99.391,79.000,99.391,70.938,76.000,78.531,34.996,44.062,45.684,44.469,45.500,22.201,81.802,5606.953,5200.133,5616.000,5200.000,0.000,76.000,18.000,23.000,2,1789723651.689,100,1
2025.305,98.273,100.406,76.125,85.000,82.000,93.000,85.000,84.000,86.000,87.000,77.000,74.000,99.969,80.000,99.969,71.000,76.000,78.488,34.996,44.098,45.711,44.512,45.494,22.362,82.178,5607.564,5199.307,5616.000,5200.000,0.000,76.000,19.000,28.000,2,1789723652.693,100,1
2026.305,98.277,100.410,76.312,87.000,84.000,90.000,85.000,99.000,88.000,79.000,77.000,74.000,99.000,80.000,98.469,70.875,76.000,78.504,34.996,44.133,45.742,44.559,47.333,22.397,83.987,5607.215,5199.082,5616.000,5200.000,0.000,76.000,18.000,18.000,2,1789723653.692,100,1
2027.306,98.277,100.410,76.438,100.000,84.000,89.000,96.000,84.000,82.000,85.000,78.000,75.000,100.000,82.000,98.188,71.000,76.000,78.516,34.996,44.164,45.773,44.609,47.708,23.088,84.717,5605.992,5199.082,5616.000,5200.000,0.000,76.000,20.000,35.000,2,1789723654.693,100,1
2028.309,98.305,100.438,76.312,85.000,87.000,94.000,87.000,82.000,81.000,95.000,88.000,75.000,99.203,82.000,99.203,70.938,76.000,78.531,34.996,44.199,45.797,44.652,48.962,23.494,86.596,5606.953,5197.730,5616.000,5200.000,0.000,76.000,18.000,30.000,2,1789723655.697,100,1
2029.314,98.340,100.473,76.438,82.000,100.000,97.000,85.000,87.000,81.000,79.000,78.000,74.000,100.000,83.000,99.484,70.938,76.000,78.547,34.996,44.230,45.828,44.695,47.247,22.597,84.433,5606.167,5199.307,5616.000,5200.000,0.000,76.000,16.000,12.000,2,1789723656.716,100,1
2030.315,98.375,100.484,76.438,83.000,94.000,87.000,100.000,83.000,81.000,78.000,77.000,74.000,100.000,83.000,99.391,70.938,76.000,78.559,34.996,44.262,45.852,44.738,45.105,20.414,80.160,5604.771,5199.682,5616.000,5200.000,0.000,76.000,18.000,21.000,2,1789723657.704,100,1
2031.319,98.379,100.488,76.250,86.000,81.000,85.000,85.000,100.000,95.000,78.000,78.000,73.000,100.000,81.000,98.578,70.812,76.000,78.574,34.996,44.297,45.879,44.781,46.547,21.784,82.261,5605.294,5199.307,5616.000,5200.000,0.000,77.000,17.000,13.000,2,1789723658.708,100,1
2032.324,98.398,100.508,76.438,93.000,87.000,87.000,88.000,87.000,80.000,84.000,77.000,74.000,98.891,81.000,98.891,70.812,76.000,78.586,34.996,44.328,45.910,44.820,48.318,21.907,85.212,5606.080,5201.561,5616.000,5200.000,0.000,76.000,18.000,17.000,2,1789723659.711,100,1
2033.325,98.422,100.531,76.250,85.000,80.000,98.000,84.000,84.000,81.000,100.000,78.000,76.000,100.000,80.000,99.203,70.875,76.000,78.598,34.996,44.363,45.941,44.863,47.125,22.622,83.510,5605.905,5200.208,5616.000,5200.000,0.000,76.000,18.000,19.000,2,1789723660.720,100,1
2034.328,98.434,100.543,76.438,84.000,97.000,85.000,87.000,100.000,82.000,80.000,77.000,74.000,100.000,82.000,98.812,70.750,76.000,78.609,34.996,44.395,45.969,44.902,45.881,21.904,81.937,5606.167,5201.109,5616.000,5200.000,0.000,76.000,17.000,11.000,2,1789723661.721,100,1
2035.330,98.438,100.547,76.438,85.000,83.000,87.000,96.000,81.000,82.000,93.000,77.000,74.000,98.578,81.000,98.578,70.875,76.000,78.496,34.996,44.430,46.000,44.941,45.690,22.254,82.228,5604.857,5198.631,5616.000,5200.000,0.000,76.000,17.000,10.000,2,1789723662.718,100,1
2036.330,98.461,100.570,76.312,95.000,90.000,99.000,85.000,82.000,80.000,78.000,79.000,74.000,99.203,82.000,99.203,70.688,76.000,78.508,34.996,44.465,46.027,44.984,46.797,21.739,83.253,5605.294,5181.347,5616.000,5200.000,0.000,76.000,18.000,18.000,2,1789723663.717,100,1
2037.332,98.473,100.582,76.250,91.000,82.000,97.000,85.000,98.000,79.000,80.000,77.000,75.000,98.750,81.000,98.750,70.688,76.000,78.520,34.996,44.492,46.055,45.020,44.929,22.078,81.231,5605.381,5199.532,5616.000,5200.000,0.000,76.000,18.000,15.000,2,1789723664.720,100,1
2038.335,98.512,100.621,76.250,84.000,78.000,100.000,86.000,84.000,86.000,76.000,77.000,73.000,100.000,78.000,99.703,70.562,75.000,78.500,34.996,44.523,46.078,45.059,45.337,21.409,81.344,5605.643,5236.668,5616.000,5200.000,0.000,76.000,17.000,16.000,2,1789723665.722,100,1
2039.337,98.527,100.637,76.312,97.000,80.000,94.000,85.000,80.000,90.000,76.000,77.000,73.000,99.031,80.000,99.031,70.500,75.000,78.480,34.996,44.555,46.098,45.098,45.831,21.310,81.603,5604.421,5200.509,5616.000,5200.000,0.000,76.000,18.000,21.000,2,1789723666.724,100,1
2040.341,98.535,100.598,76.312,84.000,80.000,88.000,95.000,83.000,82.000,85.000,77.000,74.000,98.797,79.000,98.797,70.625,75.000,78.461,34.996,44.582,46.121,45.133,47.322,21.376,82.827,5650.072,5199.307,5616.000,5200.000,0.000,76.000,19.000,27.000,2,1789723667.729,100,1
2041.345,98.559,100.621,76.250,100.000,83.000,93.000,93.000,83.000,82.000,89.000,78.000,75.000,100.000,81.000,99.266,70.625,76.000,78.473,34.996,44.613,46.145,45.168,48.903,22.354,85.314,5604.771,5200.208,5616.000,5200.000,0.000,76.000,18.000,24.000,2,1789723668.733,100,1
2042.350,98.559,100.621,76.312,88.000,81.000,100.000,85.000,97.000,84.000,80.000,79.000,74.000,100.000,81.000,98.656,70.562,76.000,78.484,34.996,44.645,46.164,45.203,49.168,21.407,84.916,5606.516,5200.208,5616.000,5200.000,0.000,76.000,17.000,20.000,2,1789723669.763,100,1
2043.354,98.582,100.645,76.375,85.000,80.000,90.000,84.000,94.000,86.000,86.000,84.000,74.000,99.234,80.000,99.234,70.688,76.000,78.496,34.996,44.672,46.188,45.238,46.021,21.181,81.947,5604.596,5199.757,5616.000,5200.000,0.000,76.000,17.000,18.000,2,1789723670.742,100,1
2044.358,98.598,100.660,76.312,85.000,81.000,100.000,87.000,86.000,93.000,78.000,78.000,74.000,100.000,81.000,99.078,70.562,76.000,78.508,34.996,44.703,46.207,45.270,46.382,22.243,82.741,5604.508,5198.481,5616.000,5200.000,0.000,75.000,17.000,16.000,2,1789723671.745,100,1
2045.363,98.637,100.699,76.312,98.000,78.000,94.000,82.000,83.000,79.000,87.000,79.000,75.000,99.891,79.000,99.891,70.625,75.000,78.363,34.996,44.730,46.227,45.305,44.400,21.422,80.305,5604.072,5199.757,5616.000,5200.000,0.000,76.000,17.000,19.000,2,1789723672.751,100,1
2046.367,98.645,100.707,76.062,100.000,83.000,88.000,85.000,86.000,79.000,77.000,77.000,73.000,100.000,82.000,98.922,70.500,75.000,78.344,34.996,44.758,46.246,45.336,45.540,21.894,81.814,5648.122,5199.007,5616.000,5200.000,0.000,76.000,18.000,29.000,2,1789723673.754,100,1
2047.371,98.641,100.703,76.250,83.000,79.000,88.000,83.000,82.000,80.000,88.000,99.000,75.000,99.000,80.000,98.500,70.500,75.000,78.324,34.996,44.789,46.266,45.367,45.845,20.392,80.804,5648.211,5201.711,5616.000,5200.000,0.000,75.000,16.000,9.000,2,1789723674.768,100,1
2048.375,98.652,100.715,76.250,86.000,79.000,87.000,91.000,81.000,98.000,79.000,84.000,75.000,99.000,80.000,99.000,70.438,75.000,78.305,34.996,44.816,46.285,45.402,45.239,20.769,80.157,5604.334,5199.833,5616.000,5200.000,0.000,76.000,17.000,18.000,2,1789723675.762,100,1
2049.380,98.668,100.730,76.250,95.000,81.000,89.000,86.000,86.000,97.000,80.000,77.000,74.000,99.141,81.000,99.141,70.312,76.000,78.316,34.996,44.844,46.305,45.434,47.210,21.921,83.694,5649.097,5198.481,5616.000,5200.000,0.000,76.000,18.000,26.000,2,1789723676.767,100,1
2050.383,98.641,100.664,76.188,98.000,81.000,98.000,87.000,87.000,81.000,80.000,77.000,74.000,98.000,81.000,97.766,70.500,76.000,78.332,35.996,44.875,46.328,45.469,46.935,23.062,84.473,5604.945,5199.457,5616.000,5200.000,0.000,76.000,18.000,20.000,2,1789723677.771,100,1
2051.387,98.660,100.684,76.125,100.000,81.000,87.000,87.000,84.000,98.000,78.000,77.000,74.000,100.000,81.000,99.234,70.500,76.000,78.344,35.996,44.902,46.348,45.504,48.142,23.820,86.343,5605.294,5201.034,5616.000,5200.000,0.000,76.000,18.000,29.000,2,1789723678.776,100,1
2052.391,98.676,100.699,76.312,96.000,81.000,88.000,86.000,85.000,80.000,79.000,97.000,74.000,99.188,81.000,99.188,70.562,76.000,78.355,35.996,44.930,46.363,45.543,46.714,23.832,85.132,5649.186,5199.382,5616.000,5200.000,0.000,76.000,19.000,29.000,2,1789723679.778,100,1
2053.391,98.699,100.723,76.125,87.000,92.000,91.000,87.000,94.000,82.000,80.000,77.000,74.000,99.438,81.000,99.438,70.625,76.000,78.367,35.996,44.957,46.379,45.578,46.857,22.594,83.461,5604.334,5200.283,5616.000,5200.000,0.000,76.000,18.000,26.000,2,1789723680.790,100,1
2054.396,98.719,100.742,76.375,85.000,80.000,99.000,86.000,100.000,82.000,79.000,77.000,73.000,100.000,80.000,99.391,70.562,76.000,78.379,35.996,44.984,46.398,45.613,47.880,22.015,84.402,5648.388,5199.156,5616.000,5200.000,0.000,76.000,18.000,16.000,2,1789723681.784,100,1
2055.396,98.738,100.762,76.312,94.000,90.000,97.000,89.000,87.000,89.000,95.000,92.000,75.000,99.266,82.000,99.266,70.625,75.000,78.246,35.996,45.012,46.414,45.648,50.143,22.196,86.933,5604.334,5199.833,5616.000,5200.000,0.000,76.000,16.000,7.000,2,1789723682.793,100,1
2056.400,98.762,100.785,77.000,91.000,84.000,97.000,89.000,89.000,93.000,84.000,90.000,76.000,99.516,82.000,99.516,70.500,76.000,78.258,35.996,45.035,46.430,45.680,71.654,19.767,105.336,5605.207,5198.030,5616.000,5200.000,0.000,76.000,18.000,18.000,2,1789723683.788,100,1
2057.400,98.801,100.824,77.750,93.000,89.000,97.000,91.000,95.000,88.000,93.000,95.000,77.000,99.953,82.000,99.953,70.688,75.000,78.238,35.996,45.062,46.449,45.715,66.329,19.008,99.959,5648.919,5198.556,5616.000,5200.000,0.000,77.000,17.000,14.000,2,1789723684.795,94,1
2058.404,98.816,100.840,78.250,97.000,89.000,100.000,94.000,97.000,93.000,92.000,94.000,76.000,100.000,82.000,99.375,70.812,76.000,78.250,35.996,45.090,46.465,45.750,65.805,20.585,100.871,5604.421,5199.682,5616.000,5200.000,0.000,76.000,12.000,29.000,2,1789723685.796,84,1
2059.407,98.785,100.809,78.812,93.000,83.000,91.000,84.000,88.000,81.000,89.000,79.000,76.000,97.734,80.000,97.734,70.938,76.000,78.262,35.996,45.117,46.480,45.781,64.559,19.767,98.209,5604.596,5198.706,5616.000,5200.000,0.000,77.000,16.000,7.000,2,1789723686.794,74,1
2060.412,98.816,100.797,79.125,93.000,88.000,98.000,94.000,96.000,93.000,93.000,92.000,77.000,99.875,83.000,99.875,71.125,76.000,78.273,35.996,45.141,46.496,45.812,68.839,19.948,103.533,5648.919,5198.030,5616.000,5200.000,0.000,77.000,18.000,27.000,2,1789723687.799,66,1
2061.417,98.453,100.434,79.500,86.000,77.000,81.000,80.000,81.000,81.000,76.000,76.000,73.000,87.109,76.000,87.109,71.188,77.000,78.316,35.996,45.168,46.516,45.844,37.420,21.534,72.566,5604.596,5198.030,5616.000,5200.000,0.000,77.000,18.000,22.000,2,1789723688.815,66,1
2062.421,98.051,100.031,78.625,79.000,80.000,91.000,77.000,77.000,75.000,75.000,76.000,72.000,91.000,77.000,85.609,71.188,76.000,78.324,35.996,45.195,46.531,45.875,25.144,21.071,60.910,5603.985,5200.434,5616.000,5200.000,0.000,76.000,18.000,21.000,2,1789723689.808,74,1
2063.426,97.738,99.719,78.062,79.000,81.000,82.000,85.000,77.000,80.000,80.000,76.000,73.000,88.016,77.000,88.016,71.125,76.000,78.332,35.996,45.223,46.551,45.906,31.242,22.492,68.539,5604.771,5181.422,5616.000,5200.000,0.000,76.000,19.000,22.000,2,1789723690.813,84,1
2064.427,97.441,99.422,77.562,82.000,77.000,91.000,79.000,83.000,76.000,78.000,74.000,73.000,91.000,76.000,88.328,71.062,75.000,78.312,35.996,45.246,46.566,45.934,31.486,23.376,69.037,5647.856,5197.130,5616.000,5200.000,0.000,75.000,18.000,26.000,2,1789723691.814,96,1
2065.428,97.344,99.324,77.250,86.000,79.000,97.000,83.000,100.000,79.000,79.000,76.000,73.000,100.000,79.000,94.328,70.750,75.000,78.223,35.996,45.273,46.586,45.961,35.145,21.814,71.893,5647.325,5198.481,5616.000,5200.000,0.000,76.000,20.000,28.000,2,1789723692.815,100,1
2066.430,97.367,99.348,77.000,88.000,87.000,87.000,94.000,88.000,84.000,81.000,77.000,75.000,98.062,82.000,98.062,70.625,75.000,78.203,35.996,45.301,46.605,45.992,47.292,22.820,84.727,5647.236,5180.602,5616.000,5200.000,0.000,76.000,18.000,25.000,2,1789723693.820,100,1
2067.433,97.414,99.395,77.000,86.000,80.000,87.000,85.000,97.000,88.000,85.000,80.000,75.000,98.906,79.000,98.906,70.625,75.000,78.184,35.996,45.324,46.621,46.020,50.003,22.695,86.668,5603.461,5199.532,5616.000,5200.000,0.000,76.000,20.000,28.000,2,1789723694.822,100,1
2068.436,97.488,99.469,76.938,84.000,80.000,89.000,85.000,100.000,100.000,80.000,78.000,74.000,100.000,80.000,99.344,70.688,75.000,78.164,35.996,45.352,46.641,46.051,48.269,22.880,86.072,5602.938,5198.256,5616.000,5200.000,0.000,76.000,19.000,28.000,2,1789723695.825,100,1
2069.438,97.547,99.430,77.188,83.000,81.000,100.000,85.000,85.000,92.000,78.000,79.000,74.000,100.000,80.000,98.578,70.688,75.000,78.145,35.996,45.383,46.664,46.078,49.584,22.346,85.902,5645.730,5199.231,5616.000,5200.000,0.000,76.000,17.000,26.000,2,1789723696.827,100,1
2070.441,97.609,99.406,77.062,84.000,80.000,99.000,87.000,96.000,81.000,84.000,80.000,76.000,99.000,80.000,98.609,70.750,76.000,78.156,35.996,45.406,46.676,46.105,49.113,22.108,86.017,5602.328,5200.283,5616.000,5200.000,0.000,76.000,17.000,16.000,2,1789723697.830,100,1
2071.444,97.699,99.465,77.188,96.000,94.000,87.000,86.000,90.000,81.000,79.000,76.000,73.000,99.188,82.000,99.188,70.688,76.000,78.168,35.996,45.430,46.691,46.133,46.703,22.184,83.346,5646.881,5202.312,5616.000,5200.000,0.000,76.000,18.000,20.000,2,1789723698.832,100,1
2072.444,97.801,99.551,76.938,89.000,91.000,88.000,85.000,80.000,82.000,79.000,91.000,74.000,99.422,81.000,99.422,70.875,76.000,78.180,35.996,45.457,46.707,46.160,47.151,22.382,83.503,5646.705,5202.763,5616.000,5200.000,0.000,76.000,18.000,31.000,2,1789723699.831,100,1
2073.446,97.879,99.574,77.062,83.000,90.000,83.000,86.000,100.000,81.000,79.000,77.000,74.000,100.000,81.000,99.094,70.750,75.000,78.160,35.996,45.477,46.719,46.188,45.261,21.786,80.919,5603.897,5200.659,5616.000,5200.000,0.000,76.000,18.000,18.000,2,1789723700.836,100,1
2074.449,98.012,99.734,77.062,84.000,80.000,100.000,86.000,91.000,79.000,79.000,77.000,73.000,100.000,79.000,99.969,70.625,76.000,78.172,35.996,45.504,46.738,46.211,43.457,20.822,78.795,5604.072,5201.034,5616.000,5200.000,0.000,76.000,17.000,23.000,2,1789723701.837,100,1
2075.450,98.121,99.848,76.750,88.000,78.000,100.000,83.000,80.000,80.000,79.000,77.000,73.000,100.000,78.000,99.875,70.688,76.000,78.074,35.996,45.527,46.750,46.238,44.916,21.385,80.560,5646.793,5235.907,5616.000,5200.000,0.000,76.000,19.000,27.000,2,1789723702.845,100,1
2076.453,98.191,99.883,76.812,84.000,80.000,99.000,90.000,87.000,79.000,77.000,75.000,73.000,99.578,79.000,99.578,70.625,75.000,78.055,35.996,45.551,46.762,46.262,42.766,20.835,77.730,5601.630,5199.908,5616.000,5200.000,0.000,76.000,17.000,15.000,2,1789723703.841,100,1
2077.456,98.234,99.852,76.688,89.000,82.000,83.000,87.000,78.000,81.000,82.000,100.000,73.000,100.000,81.000,99.172,70.562,76.000,78.070,35.996,45.574,46.777,46.285,46.511,22.253,83.403,5602.241,5198.181,5616.000,5200.000,0.000,76.000,18.000,24.000,2,1789723704.843,100,1
2078.459,98.266,99.883,76.688,84.000,87.000,93.000,91.000,85.000,84.000,78.000,85.000,73.000,99.125,81.000,99.125,70.750,76.000,78.082,35.996,45.598,46.789,46.309,45.807,23.428,83.721,5602.415,5197.956,5616.000,5200.000,0.000,76.000,22.000,40.000,2,1789723705.846,100,1
2079.462,98.301,99.918,76.688,94.000,83.000,100.000,85.000,80.000,81.000,76.000,77.000,73.000,100.000,81.000,99.219,70.625,75.000,78.059,35.996,45.621,46.801,46.336,47.221,23.354,85.184,5602.590,5199.007,5616.000,5200.000,0.000,76.000,22.000,53.000,2,1789723706.849,100,1
2080.467,98.340,99.957,76.625,89.000,81.000,90.000,100.000,82.000,90.000,77.000,77.000,73.000,100.000,81.000,99.406,70.812,76.000,78.074,35.996,45.641,46.809,46.355,46.893,24.070,85.534,5603.549,5200.133,5616.000,5200.000,0.000,76.000,18.000,15.000,2,1789723707.855,100,1
2081.470,98.375,99.992,76.688,100.000,81.000,87.000,85.000,95.000,81.000,80.000,77.000,74.000,100.000,81.000,99.391,70.938,76.000,78.086,35.996,45.664,46.824,46.379,46.736,24.278,84.967,5603.288,5198.706,5616.000,5200.000,0.000,76.000,19.000,23.000,2,1789723708.868,100,1
2082.473,98.395,100.012,76.625,88.000,80.000,100.000,93.000,81.000,81.000,78.000,77.000,74.000,100.000,80.000,99.062,71.000,76.000,78.094,35.996,45.688,46.836,46.406,45.989,23.482,83.310,5601.630,5199.231,5616.000,5200.000,0.000,77.000,19.000,36.000,2,1789723709.861,100,1
2083.477,98.434,100.051,76.562,86.000,81.000,99.000,84.000,81.000,79.000,95.000,75.000,74.000,99.766,81.000,99.766,70.938,76.000,78.105,35.996,45.707,46.844,46.426,45.765,24.102,85.295,5602.590,5200.584,5616.000,5200.000,0.000,76.000,22.000,40.000,2,1789723710.864,100,1
2084.481,98.445,100.062,76.625,85.000,94.000,89.000,97.000,81.000,81.000,83.000,77.000,75.000,98.688,82.000,98.688,70.938,76.000,78.117,35.996,45.730,46.855,46.449,46.363,24.390,85.520,5647.325,5235.374,5616.000,5200.000,0.000,76.000,19.000,27.000,2,1789723711.871,100,1
2085.484,98.480,100.098,76.562,89.000,82.000,88.000,87.000,100.000,81.000,79.000,77.000,74.000,100.000,81.000,99.609,71.000,76.000,78.027,35.996,45.754,46.871,46.473,46.490,24.375,85.315,5603.636,5199.082,5616.000,5200.000,0.000,76.000,19.000,29.000,2,1789723712.872,98,1
2086.488,98.242,99.859,76.688,80.000,77.000,95.000,79.000,85.000,76.000,76.000,73.000,73.000,95.000,76.000,90.922,71.062,76.000,78.035,35.996,45.777,46.883,46.492,37.855,23.369,78.221,5602.677,5163.215,5616.000,5200.000,0.000,76.000,18.000,10.000,2,1789723713.874,98,1
2087.491,98.184,99.785,76.250,96.000,80.000,90.000,85.000,84.000,80.000,97.000,77.000,74.000,97.000,80.000,96.312,70.938,76.000,78.047,35.996,45.797,46.891,46.512,36.181,22.113,70.938,5648.299,5199.682,5616.000,5200.000,0.000,76.000,18.000,21.000,2,1789723714.880,100,1
2088.496,98.199,99.801,76.188,85.000,81.000,84.000,88.000,84.000,80.000,78.000,90.000,73.000,98.734,80.000,98.734,70.750,75.000,78.023,35.996,45.820,46.902,46.535,45.268,22.892,82.435,5604.247,5164.548,5616.000,5200.000,0.000,76.000,20.000,19.000,2,1789723715.884,100,1
2089.499,98.238,99.840,76.250,85.000,79.000,92.000,84.000,84.000,82.000,96.000,78.000,76.000,99.438,79.000,99.438,70.750,75.000,78.000,35.996,45.840,46.910,46.555,45.743,23.533,83.371,5647.147,5163.141,5616.000,5200.000,0.000,76.000,18.000,16.000,2,1789723716.886,100,1
2090.501,98.238,99.840,76.250,95.000,89.000,85.000,87.000,81.000,95.000,78.000,77.000,74.000,98.250,83.000,98.250,70.875,76.000,78.012,35.996,45.859,46.922,46.578,45.944,23.140,83.170,5647.059,5200.133,5616.000,5200.000,0.000,76.000,20.000,28.000,2,1789723717.888,100,1
2091.504,98.289,99.891,76.375,85.000,85.000,88.000,86.000,100.000,81.000,80.000,77.000,74.000,100.000,80.000,99.812,70.750,76.000,78.023,35.996,45.883,46.930,46.594,47.969,23.392,85.550,5647.236,5198.932,5616.000,5200.000,0.000,76.000,20.000,35.000,2,1789723718.891,98,1
2092.506,97.980,99.582,76.125,82.000,77.000,95.000,80.000,83.000,76.000,74.000,73.000,71.000,95.000,77.000,88.453,70.875,76.000,78.031,35.996,45.902,46.938,46.617,32.458,23.373,72.415,5604.596,5199.908,5616.000,5200.000,0.000,75.000,19.000,33.000,2,1789723719.893,100,1
2093.506,97.969,99.570,75.938,97.000,98.000,87.000,87.000,85.000,82.000,79.000,78.000,74.000,98.000,83.000,97.531,70.812,76.000,78.043,35.996,45.922,46.945,46.637,42.077,23.343,77.903,5603.113,5198.406,5616.000,5200.000,0.000,76.000,18.000,14.000,2,1789723720.895,100,1
2094.509,98.000,99.602,76.062,87.000,80.000,87.000,91.000,88.000,87.000,83.000,78.000,73.000,99.031,80.000,99.031,70.688,75.000,78.020,35.996,45.945,46.953,46.656,48.816,22.536,86.003,5647.945,5199.231,5616.000,5200.000,0.000,76.000,17.000,19.000,2,1789723721.896,100,1
2095.512,98.027,99.629,76.000,94.000,81.000,88.000,85.000,82.000,79.000,81.000,99.000,75.000,99.000,80.000,98.875,70.562,75.000,77.898,35.996,45.965,46.961,46.672,46.516,22.774,83.414,5604.160,5199.082,5616.000,5200.000,0.000,76.000,17.000,14.000,2,1789723722.900,98,1
2096.516,97.809,99.410,76.000,85.000,78.000,98.000,80.000,86.000,87.000,77.000,76.000,73.000,98.000,77.000,90.953,70.562,75.000,77.879,35.996,45.984,46.969,46.691,35.637,21.847,72.753,5647.856,5200.809,5616.000,5200.000,0.000,76.000,19.000,23.000,2,1789723723.902,98,1
2097.517,97.566,99.168,75.875,91.000,79.000,82.000,92.000,79.000,80.000,89.000,81.000,74.000,92.000,79.000,90.078,70.562,75.000,77.859,35.996,46.004,46.980,46.711,35.432,22.699,71.859,5603.985,5236.516,5616.000,5200.000,0.000,75.000,20.000,28.000,2,1789723724.904,100,1
2098.521,97.602,99.203,75.812,82.000,78.000,86.000,90.000,80.000,85.000,76.000,100.000,73.000,100.000,78.000,98.672,70.438,75.000,77.840,35.996,46.023,46.988,46.730,46.652,22.698,83.510,5647.413,5199.231,5616.000,5200.000,0.000,75.000,17.000,14.000,2,1789723725.910,100,1
2099.525,97.648,99.250,75.875,94.000,80.000,90.000,84.000,86.000,99.000,79.000,77.000,74.000,99.172,79.000,99.172,70.562,75.000,77.820,35.996,46.043,46.992,46.750,46.555,22.453,83.619,5647.413,5198.856,5616.000,5200.000,0.000,75.000,19.000,19.000,2,1789723726.913,100,1
2100.526,97.711,99.312,75.875,93.000,95.000,84.000,85.000,82.000,83.000,77.000,77.000,73.000,99.594,81.000,99.594,70.500,75.000,77.801,35.996,46.062,47.000,46.766,45.091,22.614,82.351,5603.288,5199.156,5616.000,5200.000,0.000,75.000,17.000,20.000,2,1789723727.920,100,1
2101.530,97.746,99.348,75.875,83.000,80.000,87.000,87.000,83.000,82.000,99.000,86.000,75.000,99.000,79.000,98.859,70.500,75.000,77.785,35.996,46.082,47.008,46.785,47.068,22.444,83.655,5646.793,5198.856,5616.000,5200.000,0.000,75.000,17.000,12.000,2,1789723728.917,98,1
2102.531,97.441,99.043,75.812,84.000,77.000,82.000,79.000,86.000,76.000,76.000,75.000,72.000,88.047,76.000,88.047,70.562,75.000,77.766,35.996,46.102,47.012,46.801,31.905,22.652,70.467,5604.072,5198.781,5616.000,5200.000,0.000,75.000,17.000,27.000,2,1789723729.922,100,1
2103.531,97.449,99.051,75.625,99.000,80.000,85.000,97.000,82.000,79.000,79.000,76.000,73.000,99.000,79.000,97.641,70.375,75.000,77.750,35.996,46.117,47.020,46.816,38.569,23.031,75.402,5603.200,5198.856,5616.000,5200.000,0.000,75.000,17.000,11.000,2,1789723730.919,100,1
2104.536,97.492,99.094,75.688,91.000,81.000,85.000,84.000,79.000,83.000,90.000,89.000,73.000,98.797,80.000,98.797,70.438,75.000,77.734,35.996,46.137,47.027,46.832,45.859,21.789,82.448,5603.113,5199.457,5616.000,5200.000,0.000,75.000,16.000,13.000,2,1789723731.924,100,1
2105.539,97.551,99.152,75.438,90.000,82.000,89.000,100.000,78.000,80.000,76.000,78.000,73.000,100.000,80.000,99.469,70.312,75.000,77.605,35.996,46.156,47.031,46.848,46.173,20.572,81.199,5601.892,5200.208,5616.000,5200.000,0.000,75.000,17.000,12.000,2,1789723732.927,100,1
2106.541,97.586,99.188,75.562,86.000,89.000,90.000,85.000,80.000,80.000,90.000,76.000,73.000,98.625,81.000,98.625,70.312,74.000,77.559,35.996,46.176,47.039,46.863,42.981,20.814,78.416,5647.325,5199.231,5616.000,5200.000,0.000,75.000,19.000,26.000,2,1789723733.928,98,1
2107.542,97.316,98.918,75.438,79.000,76.000,79.000,78.000,90.000,74.000,78.000,81.000,72.000,90.000,75.000,88.938,70.188,74.000,77.516,35.996,46.195,47.051,46.879,37.492,20.960,73.502,5603.113,5198.781,5616.000,5200.000,0.000,75.000,17.000,14.000,2,1789723734.928,100,1
2108.543,97.254,98.855,75.375,82.000,83.000,85.000,97.000,79.000,86.000,78.000,76.000,74.000,97.000,80.000,95.391,70.062,74.000,77.473,35.996,46.215,47.055,46.891,36.101,22.021,71.814,5603.636,5198.781,5616.000,5200.000,0.000,75.000,20.000,28.000,2,1789723735.931,100,1
2109.545,97.309,98.910,75.375,83.000,78.000,87.000,90.000,94.000,85.000,78.000,77.000,73.000,98.953,79.000,98.953,70.188,75.000,77.461,35.996,46.230,47.062,46.906,46.245,22.433,82.731,5646.881,5235.222,5616.000,5200.000,0.000,75.000,18.000,32.000,2,1789723736.933,100,1
2110.550,97.328,98.930,75.375,83.000,89.000,83.000,86.000,81.000,78.000,83.000,85.000,74.000,97.953,81.000,97.953,70.062,75.000,77.453,35.996,46.250,47.066,46.922,44.412,22.351,81.361,5647.590,5198.706,5616.000,5200.000,0.000,75.000,17.000,22.000,2,1789723737.938,100,1
2111.554,97.391,98.992,75.438,95.000,88.000,99.000,85.000,81.000,79.000,76.000,75.000,72.000,99.359,80.000,99.359,70.188,75.000,77.441,35.996,46.266,47.070,46.934,46.353,21.719,82.482,5603.985,5199.382,5616.000,5200.000,0.000,75.000,18.000,18.000,2,1789723738.941,98,1
2112.557,97.109,98.711,75.375,89.000,75.000,82.000,85.000,77.000,75.000,74.000,72.000,71.000,89.000,75.000,88.391,70.062,75.000,77.430,35.996,46.285,47.074,46.949,33.075,21.564,69.933,5648.565,5199.007,5616.000,5200.000,0.000,75.000,17.000,17.000,2,1789723739.945,100,1
2113.557,97.102,98.703,75.188,100.000,88.000,83.000,85.000,83.000,81.000,82.000,76.000,74.000,100.000,80.000,96.750,69.938,74.000,77.391,35.996,46.301,47.082,46.961,39.489,22.042,75.371,5604.160,5199.908,5616.000,5200.000,0.000,74.000,16.000,17.000,2,1789723740.950,100,1
2114.560,97.145,98.746,75.125,95.000,80.000,86.000,85.000,80.000,97.000,76.000,78.000,73.000,98.484,79.000,98.484,69.938,74.000,77.352,35.996,46.320,47.086,46.977,45.164,20.791,80.444,5603.549,5234.612,5616.000,5200.000,0.000,74.000,18.000,26.000,2,1789723741.948,100,1
2115.563,97.195,98.797,75.375,84.000,95.000,99.000,85.000,82.000,82.000,77.000,77.000,72.000,99.000,81.000,98.875,69.875,75.000,77.238,35.996,46.336,47.090,46.988,45.710,21.922,82.088,5646.616,5237.430,5616.000,5200.000,0.000,75.000,19.000,24.000,2,1789723742.950,100,1
2116.567,97.160,98.762,75.250,79.000,81.000,82.000,79.000,80.000,75.000,89.000,73.000,73.000,96.047,77.000,96.047,69.938,75.000,77.230,35.996,46.352,47.094,47.000,44.694,22.192,81.706,5648.831,5200.659,5616.000,5200.000,0.000,74.000,17.000,17.000,2,1789723743.953,98,1
2117.570,96.855,98.457,75.062,78.000,74.000,88.000,87.000,77.000,75.000,73.000,73.000,71.000,88.000,74.000,87.391,69.875,74.000,77.195,35.996,46.367,47.098,47.012,31.175,22.194,68.105,5603.549,5199.156,5616.000,5200.000,0.000,74.000,18.000,22.000,2,1789723744.958,100,1
2118.573,96.879,98.480,74.875,85.000,90.000,84.000,84.000,80.000,78.000,78.000,93.000,74.000,97.594,81.000,97.594,69.875,74.000,77.156,35.996,46.387,47.102,47.023,44.194,21.325,79.528,5647.945,5198.556,5616.000,5200.000,0.000,74.000,17.000,21.000,2,1789723745.988,100,1
2119.576,96.926,98.527,75.125,84.000,83.000,91.000,90.000,81.000,96.000,76.000,76.000,72.000,98.359,81.000,98.359,69.875,75.000,77.152,35.996,46.402,47.102,47.035,46.592,21.834,82.885,5604.334,5199.382,5616.000,5200.000,0.000,75.000,17.000,12.000,2,1789723746.989,100,1
2120.578,96.980,98.582,75.125,83.000,80.000,83.000,100.000,93.000,81.000,77.000,77.000,73.000,100.000,80.000,98.672,69.812,75.000,77.148,35.996,46.414,47.105,47.047,46.921,21.652,82.930,5647.590,5162.475,5616.000,5200.000,0.000,74.000,17.000,20.000,2,1789723747.964,98,1
2121.578,96.688,98.289,75.062,81.000,75.000,78.000,79.000,86.000,80.000,75.000,72.000,71.000,87.703,75.000,87.703,69.750,74.000,77.113,35.996,46.430,47.109,47.059,31.920,21.051,67.915,5603.461,5236.287,5616.000,5200.000,0.000,75.000,17.000,17.000,2,1789723748.965,100,1
2122.581,96.707,98.309,74.938,84.000,82.000,94.000,82.000,81.000,78.000,81.000,75.000,74.000,97.281,78.000,97.281,69.688,74.000,77.082,35.996,46.449,47.109,47.070,44.562,21.829,81.017,5602.938,5180.825,5616.000,5200.000,0.000,74.000,16.000,14.000,2,1789723749.992,100,1
2123.583,96.762,98.363,74.875,95.000,81.000,96.000,90.000,81.000,78.000,82.000,76.000,74.000,98.438,80.000,98.438,69.750,74.000,77.047,35.996,46.465,47.113,47.078,44.417,20.091,78.934,5603.375,5199.833,5616.000,5200.000,0.000,75.000,17.000,17.000,2,1789723750.971,100,1
2124.586,96.828,98.430,74.938,80.000,80.000,93.000,88.000,87.000,78.000,87.000,76.000,76.000,98.906,78.000,98.906,69.625,74.000,77.016,35.996,46.480,47.113,47.090,45.177,21.432,81.101,5646.705,5199.833,5616.000,5200.000,0.000,75.000,18.000,18.000,2,1789723751.973,98,1
2125.591,96.648,98.250,75.000,77.000,82.000,80.000,84.000,79.000,77.000,76.000,74.000,72.000,91.172,76.000,91.172,69.812,74.000,76.883,35.996,46.496,47.117,47.102,41.106,22.221,77.813,5648.122,5198.556,5616.000,5200.000,0.000,75.000,19.000,20.000,2,1789723752.979,98,1
2126.592,96.348,97.949,74.812,78.000,80.000,80.000,89.000,80.000,77.000,75.000,73.000,71.000,89.000,76.000,87.000,69.938,75.000,76.883,35.996,46.508,47.117,47.109,32.180,23.446,70.380,5602.852,5198.406,5616.000,5200.000,0.000,75.000,20.000,27.000,2,1789723753.980,100,1
2127.593,96.395,97.996,74.750,82.000,98.000,88.000,85.000,94.000,83.000,79.000,77.000,73.000,98.000,82.000,97.797,69.875,75.000,76.887,35.996,46.523,47.121,47.117,46.466,23.927,84.978,5647.679,5199.682,5616.000,5200.000,0.000,75.000,20.000,23.000,2,1789723754.980,100,1
2128.593,96.449,98.051,74.750,82.000,80.000,98.000,85.000,97.000,84.000,79.000,76.000,73.000,98.234,79.000,98.234,69.938,75.000,76.887,35.996,46.539,47.125,47.125,46.989,23.248,84.740,5603.549,5199.908,5616.000,5200.000,0.000,75.000,17.000,14.000,2,1789723755.981,100,1
2129.595,96.551,98.152,74.812,84.000,78.000,83.000,87.000,94.000,80.000,77.000,92.000,72.000,99.234,79.000,99.234,69.875,75.000,76.887,35.996,46.551,47.125,47.137,45.897,22.291,82.524,5603.375,5200.208,5616.000,5200.000,0.000,75.000,17.000,17.000,2,1789723756.983,100,1
2130.597,96.707,98.383,74.938,100.000,85.000,93.000,85.000,85.000,82.000,77.000,77.000,73.000,100.000,80.000,99.078,69.938,74.000,76.855,35.996,46.566,47.129,47.145,49.859,22.474,86.851,5603.026,5200.058,5616.000,5200.000,0.000,75.000,17.000,14.000,2,1789723758.000,98,1
2131.598,96.449,98.125,75.062,91.000,77.000,80.000,82.000,80.000,75.000,79.000,73.000,71.000,91.000,76.000,88.578,69.938,75.000,76.859,35.996,46.582,47.129,47.152,36.155,21.971,72.307,5603.723,5201.109,5616.000,5200.000,0.000,75.000,18.000,21.000,2,1789723758.985,98,1
2132.602,96.145,97.820,74.938,82.000,78.000,91.000,78.000,77.000,79.000,76.000,73.000,71.000,91.000,75.000,86.594,69.875,74.000,76.828,35.996,46.598,47.133,47.164,31.607,22.038,68.788,5647.059,5162.771,5616.000,5200.000,0.000,75.000,19.000,18.000,2,1789723759.991,100,1
2133.602,96.215,97.891,74.688,100.000,79.000,90.000,85.000,83.000,83.000,76.000,76.000,73.000,100.000,78.000,98.391,69.750,75.000,76.832,35.996,46.609,47.133,47.172,45.297,22.683,82.150,5647.945,5200.734,5616.000,5200.000,0.000,75.000,17.000,14.000,2,1789723760.993,100,1
2134.603,96.242,97.918,74.750,82.000,84.000,84.000,89.000,94.000,81.000,81.000,77.000,73.000,97.109,79.000,97.109,69.750,75.000,76.836,35.996,46.625,47.137,47.180,48.692,22.817,85.972,5603.026,5199.382,5616.000,5200.000,0.000,75.000,19.000,30.000,2,1789723761.990,100,1
2135.603,96.352,98.082,74.938,83.000,80.000,100.000,91.000,79.000,80.000,76.000,76.000,72.000,100.000,80.000,98.562,69.875,75.000,76.750,35.996,46.637,47.137,47.188,48.300,23.276,86.120,5603.113,5198.030,5616.000,5200.000,0.000,75.000,19.000,26.000,2,1789723762.992,100,1
2136.607,96.289,98.020,75.188,84.000,86.000,83.000,79.000,82.000,76.000,76.000,74.000,72.000,94.438,78.000,94.438,69.938,75.000,76.750,35.996,46.656,47.145,47.195,45.155,23.052,82.055,5647.502,5181.272,5616.000,5200.000,0.000,75.000,19.000,20.000,2,1789723763.993,98,1
2137.610,95.992,97.723,74.938,77.000,83.000,78.000,78.000,79.000,74.000,80.000,73.000,71.000,86.797,76.000,86.797,70.062,74.000,76.723,35.996,46.668,47.145,47.203,30.774,22.314,68.008,5603.897,5197.580,5616.000,5200.000,0.000,74.000,18.000,15.000,2,1789723764.999,100,1
2138.615,96.035,97.766,74.875,84.000,79.000,87.000,94.000,80.000,100.000,77.000,77.000,73.000,100.000,79.000,97.375,69.812,75.000,76.727,35.996,46.680,47.148,47.207,46.591,22.449,84.091,5605.294,5199.757,5616.000,5200.000,0.000,75.000,19.000,25.000,2,1789723766.003,100,1
2139.620,96.121,97.852,74.875,91.000,79.000,90.000,100.000,81.000,81.000,79.000,76.000,73.000,100.000,79.000,98.547,69.938,75.000,76.730,35.996,46.695,47.148,47.215,47.373,23.398,85.365,5603.549,5199.382,5616.000,5200.000,0.000,75.000,18.000,17.000,2,1789723767.008,100,1
2140.625,96.254,98.078,74.938,86.000,93.000,84.000,83.000,99.000,79.000,79.000,76.000,72.000,99.000,81.000,98.922,70.000,75.000,76.730,35.996,46.707,47.152,47.223,45.420,22.741,82.511,5647.502,5198.181,5616.000,5200.000,0.000,75.000,17.000,22.000,2,1789723768.027,100,1
2141.630,96.262,98.086,75.062,94.000,82.000,95.000,90.000,84.000,80.000,79.000,76.000,73.000,96.516,80.000,96.516,70.000,75.000,76.734,35.996,46.723,47.152,47.230,47.001,22.384,83.791,5647.502,5199.382,5616.000,5200.000,0.000,75.000,19.000,29.000,2,1789723769.017,98,1
2142.631,96.016,97.840,74.938,84.000,74.000,80.000,78.000,77.000,75.000,89.000,72.000,72.000,89.000,75.000,88.484,69.938,75.000,76.738,35.996,46.734,47.152,47.238,31.825,22.162,67.971,5603.288,5199.382,5616.000,5200.000,0.000,75.000,18.000,20.000,2,1789723770.020,100,1
2143.631,96.039,97.863,74.688,86.000,80.000,96.000,97.000,82.000,81.000,84.000,77.000,74.000,97.000,80.000,96.781,69.812,75.000,76.742,35.996,46.746,47.152,47.246,44.849,22.819,83.305,5645.996,5198.030,5616.000,5200.000,0.000,75.000,18.000,18.000,2,1789723771.018,100,1
2144.636,96.113,97.938,75.125,94.000,82.000,98.000,89.000,89.000,98.000,79.000,79.000,73.000,98.406,80.000,98.406,70.062,75.000,76.746,35.996,46.758,47.152,47.250,47.012,22.464,83.810,5602.415,5198.781,5616.000,5200.000,0.000,75.000,16.000,10.000,2,1789723772.047,100,1
2145.639,96.266,98.090,75.188,96.000,89.000,100.000,95.000,97.000,96.000,91.000,93.000,76.000,100.000,81.000,99.844,69.938,74.000,76.629,35.996,46.773,47.152,47.258,60.695,21.054,97.621,5603.723,5197.880,5616.000,5200.000,0.000,75.000,17.000,9.000,2,1789723773.026,86,1
2146.643,96.348,98.172,76.062,90.000,83.000,97.000,86.000,84.000,82.000,87.000,88.000,74.000,98.188,80.000,98.188,69.938,75.000,76.633,35.996,46.785,47.156,47.266,67.823,18.827,98.959,5603.026,5198.631,5616.000,5200.000,0.000,75.000,11.000,51.000,2,1789723774.050,72,1
2147.646,96.566,98.539,76.750,95.000,89.000,100.000,93.000,95.000,93.000,92.000,93.000,76.000,100.000,82.000,99.891,69.938,75.000,76.637,35.996,46.797,47.156,47.270,70.086,19.176,104.532,5647.590,5196.980,5616.000,5200.000,0.000,76.000,17.000,8.000,2,1789723775.033,62,1
2148.646,96.387,98.359,77.125,88.000,84.000,90.000,86.000,88.000,87.000,85.000,86.000,74.000,90.891,78.000,90.891,70.312,74.000,76.609,35.996,46.809,47.156,47.277,46.583,19.797,79.638,5603.985,5235.146,5616.000,5200.000,0.000,75.000,18.000,17.000,2,1789723776.034,54,1
2149.647,96.004,97.977,77.125,78.000,75.000,82.000,77.000,77.000,74.000,75.000,73.000,72.000,84.125,74.000,84.125,70.188,74.000,76.582,35.996,46.820,47.160,47.281,39.340,16.944,69.190,5603.113,5197.655,5616.000,5200.000,0.000,74.000,9.000,40.000,2,1789723777.036,54,1
2150.649,95.711,97.684,76.750,83.000,79.000,86.000,81.000,83.000,83.000,81.000,82.000,73.000,86.672,76.000,86.672,70.188,73.000,76.523,35.996,46.832,47.160,47.289,39.836,17.261,73.515,5603.636,5197.430,5616.000,5200.000,0.000,74.000,16.000,17.000,2,1789723778.036,54,1
2151.652,95.246,97.219,76.625,75.000,72.000,77.000,73.000,73.000,71.000,73.000,75.000,71.000,80.844,72.000,80.844,69.875,74.000,76.500,35.996,46.848,47.164,47.293,29.853,17.674,60.086,5560.189,5198.105,5616.000,5200.000,0.000,74.000,16.000,4.000,2,1789723779.039,62,1
2152.652,94.762,96.734,76.188,84.000,74.000,78.000,75.000,72.000,73.000,71.000,71.000,70.000,84.000,74.000,79.672,69.750,73.000,76.445,35.996,46.859,47.168,47.297,19.955,19.011,54.860,5602.590,5200.358,5616.000,5200.000,0.000,74.000,18.000,16.000,2,1789723780.055,76,1
2153.656,94.504,96.477,75.688,90.000,75.000,79.000,82.000,76.000,73.000,72.000,71.000,70.000,90.000,75.000,86.500,69.562,74.000,76.426,35.996,46.871,47.172,47.301,28.519,21.899,65.763,5603.113,5197.430,5616.000,5200.000,0.000,74.000,19.000,17.000,2,1789723781.042,88,1
2154.657,94.270,96.242,75.375,83.000,74.000,79.000,77.000,76.000,87.000,75.000,72.000,70.000,87.094,74.000,87.094,69.625,74.000,76.402,35.996,46.883,47.172,47.305,31.512,23.033,69.507,5601.979,5162.771,5616.000,5200.000,0.000,74.000,20.000,27.000,2,1789723782.045,100,1
2155.660,94.297,96.270,75.000,92.000,87.000,88.000,83.000,91.000,79.000,90.000,77.000,72.000,95.078,80.000,95.078,69.438,74.000,76.301,35.996,46.895,47.172,47.309,36.475,23.229,77.045,5602.241,5198.781,5616.000,5200.000,0.000,74.000,18.000,22.000,2,1789723783.046,100,1
2156.663,94.391,96.363,75.062,87.000,80.000,84.000,99.000,87.000,79.000,80.000,77.000,73.000,99.000,80.000,97.281,69.375,74.000,76.281,35.996,46.906,47.176,47.312,50.976,23.922,88.490,5603.113,5199.007,5616.000,5200.000,0.000,74.000,15.000,4.000,2,1789723784.075,100,1
2157.665,95.031,97.191,75.312,96.000,87.000,99.000,97.000,97.000,99.000,98.000,98.000,75.000,99.000,81.000,98.875,69.625,74.000,76.262,35.996,46.918,47.176,47.316,56.671,23.897,90.784,5647.325,5199.457,5616.000,5200.000,0.000,74.000,12.000,61.000,2,1789723785.061,100,1
2158.668,96.020,98.262,76.125,100.000,81.000,93.000,87.000,82.000,100.000,85.000,81.000,74.000,100.000,81.000,98.984,69.750,75.000,76.273,35.996,46.930,47.180,47.320,70.782,20.588,109.052,5645.908,5198.406,5616.000,5200.000,0.000,76.000,22.000,48.000,2,1789723786.055,96,1
2159.672,95.957,97.973,76.500,92.000,87.000,97.000,89.000,93.000,89.000,87.000,85.000,75.000,97.000,81.000,94.078,70.000,75.000,76.285,35.996,46.941,47.180,47.324,46.799,24.337,83.697,5601.892,5198.631,5616.000,5200.000,0.000,76.000,22.000,42.000,2,1789723787.059,94,1
2160.676,95.805,97.621,76.438,84.000,84.000,84.000,89.000,92.000,78.000,78.000,76.000,73.000,92.000,79.000,91.109,70.062,75.000,76.297,35.996,46.953,47.180,47.328,43.135,24.314,85.499,5603.200,5179.782,5616.000,5200.000,0.000,76.000,18.000,17.000,2,1789723788.063,88,1
2161.677,96.719,98.629,76.750,97.000,89.000,100.000,96.000,100.000,95.000,94.000,96.000,76.000,100.000,83.000,99.469,70.188,75.000,76.309,35.996,46.965,47.184,47.332,70.606,22.001,103.702,5646.793,5197.805,5616.000,5200.000,0.000,76.000,17.000,13.000,2,1789723789.064,78,1
2162.677,96.562,98.281,77.188,85.000,87.000,88.000,85.000,88.000,86.000,83.000,82.000,74.000,91.750,80.000,91.750,70.188,75.000,76.320,35.996,46.973,47.184,47.336,43.358,21.909,83.157,5601.630,5197.956,5616.000,5200.000,0.000,75.000,19.000,32.000,2,1789723790.064,74,1
2163.678,96.391,98.109,77.062,78.000,81.000,85.000,78.000,80.000,85.000,77.000,74.000,72.000,91.094,76.000,91.094,70.375,75.000,76.332,35.996,46.988,47.188,47.340,40.375,21.259,78.251,5601.195,5197.130,5616.000,5200.000,0.000,75.000,18.000,17.000,2,1789723791.066,74,1
2164.680,96.121,97.840,76.625,87.000,75.000,83.000,82.000,77.000,78.000,75.000,73.000,72.000,87.797,76.000,87.797,70.250,75.000,76.340,35.996,46.996,47.188,47.344,30.559,22.719,68.025,5646.527,5181.272,5616.000,5200.000,0.000,75.000,18.000,15.000,2,1789723792.067,78,1
2165.684,95.863,97.582,76.188,77.000,77.000,79.000,84.000,77.000,87.000,76.000,73.000,72.000,87.781,76.000,87.781,70.312,75.000,76.285,35.996,47.008,47.188,47.348,31.947,22.930,68.892,5602.590,5199.457,5616.000,5200.000,0.000,75.000,18.000,10.000,2,1789723793.071,88,1
2166.686,95.578,97.297,75.812,78.000,86.000,86.000,78.000,76.000,75.000,74.000,72.000,71.000,86.828,77.000,86.828,70.125,74.000,76.262,35.996,47.023,47.199,47.352,30.971,22.630,69.049,5601.805,5199.457,5616.000,5200.000,0.000,74.000,17.000,16.000,2,1789723794.072,94,1
2167.686,95.328,97.047,75.625,77.000,76.000,79.000,80.000,77.000,76.000,76.000,85.000,72.000,87.500,76.000,87.500,70.000,74.000,76.242,35.996,47.035,47.203,47.355,36.680,22.750,73.733,5603.026,5235.678,5616.000,5200.000,0.000,74.000,17.000,13.000,2,1789723795.072,100,1
2168.687,95.422,97.141,75.500,83.000,87.000,85.000,85.000,100.000,79.000,79.000,75.000,73.000,100.000,80.000,98.359,70.062,74.000,76.223,35.996,47.043,47.203,47.359,44.671,22.791,80.981,5644.934,5197.130,5616.000,5200.000,0.000,75.000,20.000,39.000,2,1789723796.075,100,1
2169.692,95.504,97.223,75.688,97.000,89.000,89.000,85.000,81.000,82.000,76.000,77.000,73.000,97.406,82.000,97.406,69.875,75.000,76.234,35.996,47.059,47.211,47.359,46.514,23.109,83.915,5602.677,5199.682,5616.000,5200.000,0.000,75.000,18.000,20.000,2,1789723797.079,100,1
2170.696,96.535,98.391,75.562,100.000,78.000,90.000,88.000,84.000,79.000,76.000,74.000,72.000,100.000,79.000,99.641,70.000,75.000,76.246,35.996,47.070,47.215,47.363,44.977,22.209,82.122,5601.456,5198.781,5616.000,5200.000,0.000,75.000,19.000,25.000,2,1789723798.085,100,1
2171.697,97.148,99.004,75.562,84.000,90.000,85.000,85.000,80.000,96.000,76.000,86.000,73.000,98.984,82.000,98.984,69.875,74.000,76.227,35.996,47.082,47.215,47.371,45.374,22.592,81.878,5601.456,5235.146,5616.000,5200.000,0.000,75.000,17.000,10.000,2,1789723799.085,100,1
2172.697,97.676,99.504,75.562,88.000,87.000,100.000,91.000,98.000,82.000,78.000,78.000,73.000,100.000,80.000,99.250,69.938,74.000,76.207,35.996,47.094,47.219,47.375,48.360,21.904,84.642,5602.677,5199.082,5616.000,5200.000,0.000,76.000,18.000,16.000,2,1789723800.084,98,1
2173.699,97.391,99.219,75.688,78.000,75.000,80.000,81.000,79.000,87.000,76.000,74.000,72.000,88.562,75.000,88.562,70.062,74.000,76.188,35.996,47.102,47.219,47.379,40.079,22.510,78.636,5602.852,5200.058,5616.000,5200.000,0.000,75.000,19.000,19.000,2,1789723801.085,98,1
2174.702,97.066,98.895,75.562,78.000,75.000,89.000,78.000,88.000,75.000,76.000,72.000,72.000,89.000,75.000,87.109,70.062,75.000,76.199,35.996,47.117,47.230,47.383,30.979,22.750,68.328,5602.852,5199.607,5616.000,5200.000,0.000,75.000,17.000,9.000,2,1789723802.090,100,1
2175.705,97.016,98.844,75.312,82.000,79.000,85.000,83.000,78.000,93.000,98.000,82.000,74.000,98.000,79.000,95.438,69.938,74.000,76.121,35.996,47.125,47.230,47.387,37.794,22.838,74.075,5647.147,5196.755,5616.000,5200.000,0.000,75.000,17.000,20.000,2,1789723803.095,100,1
2176.706,97.062,98.805,75.250,87.000,78.000,84.000,98.000,80.000,91.000,76.000,84.000,73.000,98.062,79.000,98.062,70.000,75.000,76.137,35.996,47.137,47.230,47.391,46.815,22.202,83.578,5602.328,5199.307,5616.000,5200.000,0.000,75.000,18.000,19.000,2,1789723804.095,100,1
2177.709,97.375,99.133,75.375,81.000,78.000,98.000,82.000,83.000,100.000,78.000,76.000,73.000,100.000,78.000,99.266,70.000,74.000,76.117,35.996,47.152,47.242,47.398,45.777,22.485,83.027,5602.415,5197.580,5616.000,5200.000,0.000,75.000,21.000,37.000,2,1789723805.096,98,1
2178.713,97.086,98.844,75.250,92.000,76.000,88.000,78.000,79.000,75.000,75.000,72.000,71.000,92.000,76.000,88.156,70.062,74.000,76.098,35.996,47.160,47.242,47.402,33.586,22.619,71.354,5603.026,5198.631,5616.000,5200.000,0.000,75.000,19.000,22.000,2,1789723806.102,100,1
2179.716,97.004,98.586,75.062,83.000,86.000,98.000,84.000,94.000,79.000,76.000,76.000,73.000,98.000,81.000,94.438,69.938,75.000,76.113,35.996,47.172,47.242,47.406,36.336,23.257,73.343,5602.415,5235.374,5616.000,5200.000,0.000,75.000,18.000,18.000,2,1789723807.104,100,1
2180.720,97.141,98.750,75.062,89.000,80.000,96.000,87.000,81.000,91.000,89.000,82.000,75.000,98.969,79.000,98.969,70.000,74.000,76.094,35.996,47.180,47.242,47.410,47.871,23.393,85.796,5602.502,5197.880,5616.000,5200.000,0.000,75.000,15.000,5.000,2,1789723808.116,100,1
2181.722,97.508,99.141,75.188,93.000,79.000,90.000,83.000,100.000,78.000,78.000,75.000,72.000,100.000,79.000,99.359,69.938,74.000,76.078,35.996,47.191,47.242,47.414,45.942,21.283,81.831,5602.764,5178.589,5616.000,5200.000,0.000,74.000,16.000,14.000,2,1789723809.117,98,1
2182.726,97.191,98.824,75.000,77.000,73.000,86.000,83.000,77.000,79.000,74.000,72.000,71.000,87.422,74.000,87.422,69.812,74.000,76.059,35.996,47.199,47.242,47.418,30.301,20.599,66.357,5601.630,5179.483,5616.000,5200.000,0.000,74.000,17.000,15.000,2,1789723810.113,100,1
2183.727,97.191,98.824,74.812,91.000,79.000,100.000,88.000,87.000,80.000,76.000,76.000,72.000,100.000,79.000,97.188,69.688,74.000,76.043,35.996,47.211,47.242,47.418,37.695,21.416,73.070,5646.262,5198.481,5616.000,5200.000,0.000,75.000,17.000,9.000,2,1789723811.114,100,1
2184.732,97.242,98.875,74.938,93.000,80.000,86.000,84.000,80.000,80.000,76.000,95.000,73.000,98.438,80.000,98.438,69.562,74.000,76.027,35.996,47.219,47.242,47.422,46.320,22.225,82.929,5603.549,5181.944,5616.000,5200.000,0.000,75.000,18.000,14.000,2,1789723812.120,100,1
2185.733,97.367,99.035,74.812,84.000,96.000,89.000,84.000,91.000,79.000,78.000,76.000,73.000,99.375,81.000,99.375,69.562,74.000,75.957,35.996,47.227,47.242,47.426,44.545,22.206,81.272,5602.415,5237.278,5616.000,5200.000,0.000,74.000,17.000,15.000,2,1789723813.120,98,1
2186.736,97.074,98.742,74.875,77.000,74.000,88.000,79.000,77.000,80.000,74.000,73.000,71.000,88.094,74.000,88.094,69.750,74.000,75.945,35.996,47.238,47.242,47.430,31.203,22.674,69.090,5603.549,5199.156,5616.000,5200.000,0.000,74.000,18.000,15.000,2,1789723814.126,100,1
2187.739,96.984,98.652,74.688,100.000,88.000,83.000,84.000,78.000,80.000,76.000,76.000,72.000,100.000,80.000,94.125,69.625,74.000,75.930,35.996,47.250,47.250,47.434,35.950,21.664,71.572,5602.852,5198.631,5616.000,5200.000,0.000,74.000,17.000,9.000,2,1789723815.125,100,1
2188.743,97.055,98.723,74.625,82.000,80.000,92.000,83.000,100.000,79.000,79.000,76.000,72.000,100.000,78.000,98.688,69.500,74.000,75.914,35.996,47.258,47.250,47.438,47.208,21.778,83.625,5601.718,5198.932,5616.000,5200.000,0.000,74.000,17.000,12.000,2,1789723816.133,100,1
2189.748,97.145,98.777,74.750,84.000,78.000,81.000,93.000,79.000,78.000,100.000,76.000,76.000,100.000,78.000,98.438,69.375,74.000,75.902,35.996,47.266,47.250,47.441,46.434,21.922,82.701,5602.328,5199.983,5616.000,5200.000,0.000,74.000,17.000,8.000,2,1789723817.135,98,1
2190.750,96.852,98.484,74.625,90.000,83.000,80.000,79.000,75.000,75.000,72.000,72.000,71.000,90.000,77.000,87.828,69.500,74.000,75.887,35.996,47.277,47.250,47.445,33.171,20.464,69.002,5603.636,5199.757,5616.000,5200.000,0.000,74.000,17.000,15.000,2,1789723818.137,100,1
2191.752,96.797,98.430,74.562,79.000,78.000,81.000,87.000,78.000,76.000,100.000,75.000,75.000,100.000,77.000,95.141,69.500,74.000,75.875,35.996,47.281,47.246,47.445,35.252,20.922,70.671,5602.502,5198.932,5616.000,5200.000,0.000,74.000,18.000,12.000,2,1789723819.139,100,1
2192.757,96.852,98.484,74.562,100.000,89.000,85.000,84.000,82.000,79.000,79.000,79.000,74.000,100.000,80.000,98.094,69.375,74.000,75.863,35.996,47.293,47.246,47.449,47.953,22.307,84.592,5602.677,5163.141,5616.000,5200.000,0.000,74.000,17.000,7.000,2,1789723820.144,100,1
2193.757,96.879,98.512,74.562,84.000,82.000,84.000,81.000,84.000,77.000,92.000,76.000,73.000,97.625,78.000,97.625,69.500,74.000,75.852,35.996,47.301,47.246,47.453,47.044,22.238,83.989,5643.783,5199.457,5616.000,5200.000,0.000,74.000,17.000,9.000,2,1789723821.144,98,1
2194.758,96.555,98.188,74.562,79.000,74.000,89.000,81.000,76.000,75.000,73.000,72.000,71.000,89.000,74.000,86.531,69.500,74.000,75.840,35.996,47.309,47.246,47.453,30.058,21.238,65.937,5603.461,5199.457,5616.000,5200.000,0.000,74.000,19.000,13.000,2,1789723822.146,100,1
2195.758,96.566,98.199,74.312,88.000,87.000,85.000,84.000,78.000,100.000,74.000,76.000,72.000,100.000,80.000,96.984,69.500,74.000,75.754,35.996,47.316,47.242,47.457,42.120,22.200,78.799,5646.262,5199.082,5616.000,5200.000,0.000,74.000,17.000,11.000,2,1789723823.147,100,1
2196.762,96.609,98.242,74.375,84.000,79.000,88.000,88.000,86.000,94.000,77.000,76.000,73.000,97.953,78.000,97.953,69.375,74.000,75.746,35.996,47.328,47.250,47.461,45.154,21.030,80.591,5603.985,5200.208,5616.000,5200.000,0.000,74.000,17.000,7.000,2,1789723824.151,100,1
2197.763,96.664,98.297,74.500,83.000,78.000,85.000,100.000,82.000,92.000,77.000,76.000,73.000,100.000,79.000,98.125,69.375,74.000,75.734,35.996,47.336,47.250,47.465,47.015,21.833,83.327,5601.630,5200.434,5616.000,5200.000,0.000,74.000,16.000,4.000,2,1789723825.166,98,1
2198.765,96.383,98.016,74.500,75.000,74.000,84.000,80.000,93.000,74.000,75.000,72.000,71.000,93.000,74.000,87.734,69.625,73.000,75.691,35.996,47.340,47.246,47.465,31.524,20.752,66.908,5603.549,5199.457,5616.000,5200.000,0.000,74.000,17.000,16.000,2,1789723826.151,100,1
2199.767,96.414,98.047,74.312,94.000,86.000,81.000,82.000,77.000,94.000,74.000,76.000,72.000,97.359,80.000,97.359,69.250,74.000,75.684,35.996,47.348,47.246,47.469,40.896,20.188,75.908,5647.768,5198.181,5616.000,5200.000,0.000,74.000,19.000,16.000,2,1789723827.154,100,1
2200.767,96.504,98.137,74.312,84.000,77.000,88.000,80.000,92.000,77.000,95.000,75.000,72.000,99.281,77.000,99.281,69.312,74.000,75.676,35.996,47.359,47.250,47.469,44.695,21.854,80.978,5647.768,5199.908,5616.000,5200.000,0.000,74.000,18.000,17.000,2,1789723828.155,100,1
2201.771,96.512,98.145,74.438,83.000,78.000,83.000,91.000,81.000,81.000,93.000,77.000,73.000,96.828,77.000,96.828,69.375,74.000,75.668,35.996,47.367,47.250,47.469,46.808,22.889,84.248,5602.154,5199.607,5616.000,5200.000,0.000,74.000,21.000,38.000,2,1789723829.157,98,1
2202.771,96.258,97.891,74.500,89.000,83.000,79.000,80.000,74.000,74.000,73.000,72.000,71.000,89.000,77.000,88.297,69.500,74.000,75.660,35.996,47.375,47.246,47.473,38.437,23.650,76.411,5647.679,5198.481,5616.000,5200.000,0.000,74.000,19.000,27.000,2,1789723830.160,100,1
2203.772,96.168,97.801,74.188,85.000,80.000,94.000,85.000,81.000,81.000,97.000,76.000,74.000,97.000,79.000,93.469,69.625,74.000,75.652,35.996,47.383,47.246,47.473,37.782,23.609,76.609,5647.147,5198.105,5616.000,5200.000,0.000,74.000,16.000,13.000,2,1789723831.172,100,1
2204.776,96.223,97.855,74.438,84.000,79.000,84.000,83.000,94.000,79.000,98.000,81.000,73.000,98.000,79.000,97.812,69.438,74.000,75.645,35.996,47.387,47.242,47.477,46.932,22.190,83.326,5603.897,5198.856,5616.000,5200.000,0.000,74.000,18.000,22.000,2,1789723832.173,100,1
2205.780,96.301,97.934,74.500,83.000,86.000,100.000,84.000,82.000,80.000,77.000,76.000,72.000,100.000,79.000,98.719,69.438,74.000,75.566,35.996,47.395,47.242,47.477,45.337,21.471,81.342,5603.026,5199.231,5616.000,5200.000,0.000,74.000,17.000,17.000,2,1789723833.174,98,1
2206.781,96.230,97.863,74.375,86.000,75.000,81.000,89.000,77.000,75.000,76.000,72.000,72.000,94.109,75.000,94.109,69.562,74.000,75.559,35.996,47.402,47.242,47.477,43.507,21.457,78.748,5603.288,5197.730,5616.000,5200.000,0.000,74.000,19.000,29.000,2,1789723834.168,98,1
2207.786,95.992,97.625,74.438,81.000,86.000,80.000,82.000,76.000,75.000,74.000,72.000,71.000,88.594,77.000,88.594,69.438,74.000,75.551,35.996,47.406,47.238,47.480,33.170,21.247,69.248,5603.636,5199.007,5616.000,5200.000,0.000,74.000,18.000,15.000,2,1789723835.172,100,1
2208.787,96.062,97.695,74.438,86.000,77.000,85.000,84.000,78.000,100.000,76.000,77.000,73.000,100.000,77.000,98.312,69.500,74.000,75.547,35.996,47.414,47.234,47.480,45.330,22.450,82.806,5647.236,5200.208,5616.000,5200.000,0.000,75.000,18.000,14.000,2,1789723836.174,100,1
2209.789,96.117,97.750,74.500,85.000,91.000,89.000,94.000,100.000,82.000,79.000,78.000,72.000,100.000,81.000,97.812,69.562,74.000,75.539,35.996,47.426,47.242,47.480,48.522,22.632,85.913,5603.549,5199.983,5616.000,5200.000,0.000,74.000,13.000,0.000,2,1789723837.178,94,1
2210.792,96.285,98.098,75.000,92.000,91.000,99.000,95.000,90.000,88.000,84.000,89.000,75.000,99.719,80.000,99.719,69.375,74.000,75.531,35.996,47.434,47.246,47.484,68.416,20.520,104.163,5603.897,5198.706,5616.000,5200.000,0.000,75.000,18.000,28.000,2,1789723838.179,82,1
2211.796,96.156,97.969,75.750,92.000,78.000,92.000,83.000,94.000,79.000,79.000,77.000,73.000,94.000,78.000,92.266,69.750,75.000,75.559,35.996,47.441,47.246,47.484,56.108,22.059,91.759,5647.236,5199.457,5616.000,5200.000,0.000,75.000,20.000,29.000,2,1789723839.183,76,1
2212.797,96.086,97.898,75.812,91.000,79.000,92.000,88.000,85.000,87.000,79.000,81.000,73.000,93.812,77.000,93.812,69.750,75.000,75.582,35.996,47.449,47.246,47.484,48.544,21.982,85.649,5602.938,5199.983,5616.000,5200.000,0.000,75.000,18.000,17.000,2,1789723840.214,70,1
2213.799,96.086,97.898,75.875,95.000,88.000,97.000,91.000,95.000,94.000,91.000,91.000,75.000,97.000,81.000,96.172,69.938,75.000,75.605,35.996,47.457,47.250,47.484,50.629,21.498,87.699,5603.985,5197.205,5616.000,5200.000,0.000,76.000,18.000,20.000,2,1789723841.186,62,1
2214.801,95.848,97.660,76.312,83.000,76.000,81.000,82.000,77.000,76.000,79.000,73.000,72.000,88.391,75.000,88.391,69.938,75.000,75.629,35.996,47.465,47.246,47.484,51.266,20.044,83.561,5603.288,5236.363,5616.000,5200.000,0.000,75.000,18.000,22.000,2,1789723842.188,62,1
2215.806,95.488,97.301,76.125,81.000,74.000,83.000,77.000,77.000,82.000,75.000,81.000,72.000,84.406,75.000,84.406,69.938,74.000,75.594,35.996,47.469,47.246,47.488,29.645,22.148,66.883,5604.072,5236.363,5616.000,5200.000,0.000,74.000,16.000,12.000,2,1789723843.217,66,1
2216.807,95.109,96.922,75.750,76.000,73.000,78.000,77.000,83.000,74.000,74.000,72.000,71.000,83.281,74.000,83.281,69.750,74.000,75.582,35.996,47.477,47.246,47.488,28.415,20.025,63.535,5603.026,5200.884,5616.000,5200.000,0.000,74.000,19.000,17.000,2,1789723844.194,74,1
2217.810,94.828,96.641,75.250,80.000,76.000,83.000,78.000,87.000,75.000,76.000,73.000,71.000,87.000,75.000,86.219,69.812,74.000,75.574,35.996,47.484,47.250,47.488,28.527,22.072,66.113,5601.805,5161.438,5616.000,5200.000,0.000,74.000,19.000,19.000,2,1789723845.197,84,1
2218.815,94.539,96.352,75.000,83.000,77.000,78.000,79.000,80.000,82.000,74.000,72.000,71.000,85.562,75.000,85.562,69.562,74.000,75.566,35.996,47.492,47.246,47.488,31.970,22.358,69.104,5603.113,5199.983,5616.000,5200.000,0.000,74.000,18.000,13.000,2,1789723846.201,94,1
2219.816,94.316,96.129,74.688,78.000,76.000,81.000,81.000,76.000,74.000,88.000,72.000,71.000,88.000,74.000,87.359,69.562,74.000,75.559,35.996,47.496,47.250,47.488,32.173,22.707,69.828,5646.616,5198.781,5616.000,5200.000,0.000,74.000,18.000,15.000,2,1789723847.205,100,1
2220.817,94.422,96.234,74.812,83.000,79.000,85.000,91.000,78.000,100.000,76.000,78.000,72.000,100.000,78.000,97.750,69.438,74.000,75.551,35.996,47.504,47.246,47.488,47.017,21.659,83.981,5646.881,5200.208,5616.000,5200.000,0.000,74.000,18.000,16.000,2,1789723848.204,100,1
2221.817,94.652,96.723,74.875,91.000,78.000,100.000,83.000,82.000,79.000,76.000,74.000,72.000,100.000,78.000,99.062,69.438,74.000,75.543,35.996,47.508,47.246,47.492,47.961,21.575,83.371,5601.805,5199.908,5616.000,5200.000,0.000,74.000,18.000,10.000,2,1789723849.207,100,1
2222.818,95.613,97.766,74.875,83.000,87.000,87.000,85.000,100.000,81.000,81.000,77.000,73.000,100.000,80.000,98.500,69.500,74.000,75.535,35.996,47.516,47.246,47.492,47.094,22.990,84.906,5645.996,5198.631,5616.000,5200.000,0.000,75.000,19.000,21.000,2,1789723850.205,100,1
2223.820,96.465,98.656,74.875,100.000,80.000,86.000,86.000,79.000,79.000,76.000,82.000,73.000,100.000,79.000,99.016,69.562,75.000,75.562,35.996,47.523,47.246,47.496,47.208,23.530,85.169,5601.370,5237.202,5616.000,5200.000,0.000,75.000,18.000,18.000,2,1789723851.209,100,1
2224.821,97.031,99.176,75.062,83.000,87.000,87.000,85.000,100.000,82.000,79.000,77.000,73.000,100.000,81.000,98.734,69.625,74.000,75.555,35.996,47.527,47.246,47.496,47.039,23.783,84.224,5601.282,5198.856,5616.000,5200.000,0.000,74.000,22.000,44.000,2,1789723852.210,98,1
2225.821,96.773,98.703,74.938,90.000,76.000,82.000,80.000,85.000,76.000,77.000,74.000,72.000,90.000,76.000,88.875,69.812,74.000,75.516,35.996,47.535,47.246,47.496,35.156,24.289,74.491,5602.066,5237.354,5616.000,5200.000,0.000,72.000,4.000,0.000,2,1789723853.208,98,1
2226.826,96.410,98.340,74.750,79.000,75.000,78.000,78.000,73.000,73.000,71.000,70.000,70.000,85.078,75.000,85.078,69.688,73.000,75.477,35.996,47.543,47.246,47.500,32.985,17.193,62.479,5602.502,5237.354,5616.000,5200.000,0.000,72.000,8.000,7.000,2,1789723854.215,100,1
2227.829,96.301,98.230,74.562,89.000,78.000,85.000,82.000,95.000,78.000,77.000,88.000,72.000,95.000,78.000,92.953,69.125,72.000,75.406,35.996,47.547,47.250,47.500,40.710,9.604,66.787,5646.173,5199.983,5616.000,5200.000,0.000,73.000,14.000,6.000,2,1789723855.217,100,1
2228.832,96.312,98.242,74.750,86.000,78.000,89.000,92.000,79.000,77.000,90.000,74.000,73.000,96.688,78.000,96.688,68.812,72.000,75.340,35.996,47.551,47.246,47.500,45.606,13.643,73.660,5601.718,5199.757,5616.000,5200.000,0.000,73.000,14.000,3.000,2,1789723856.220,100,1
2229.837,96.270,98.199,74.750,82.000,88.000,86.000,84.000,79.000,79.000,77.000,94.000,72.000,94.906,80.000,94.906,68.688,73.000,75.309,35.996,47.559,47.246,47.500,45.939,15.983,75.946,5602.677,5201.185,5616.000,5200.000,0.000,73.000,14.000,10.000,2,1789723857.224,100,1
2230.841,96.270,98.199,74.938,82.000,78.000,84.000,82.000,88.000,88.000,82.000,79.000,73.000,96.344,78.000,96.344,68.812,73.000,75.277,35.996,47.562,47.246,47.504,44.878,15.999,75.221,5603.288,5199.457,5616.000,5200.000,0.000,73.000,14.000,5.000,2,1789723858.228,100,1
2231.845,96.266,98.195,74.812,85.000,93.000,94.000,85.000,88.000,80.000,78.000,79.000,72.000,96.203,81.000,96.203,68.812,73.000,75.246,35.996,47.566,47.246,47.504,45.844,15.939,76.027,5603.026,5181.049,5616.000,5200.000,0.000,72.000,13.000,8.000,2,1789723859.234,100,1
2232.850,96.312,98.137,74.938,82.000,81.000,91.000,86.000,84.000,79.000,92.000,76.000,73.000,97.188,79.000,97.188,68.875,72.000,75.184,35.996,47.574,47.246,47.504,46.505,15.316,76.384,5602.328,5180.527,5616.000,5200.000,0.000,71.000,8.000,15.000,2,1789723860.239,100,1
2233.850,96.301,97.941,74.875,100.000,82.000,92.000,85.000,78.000,77.000,74.000,73.000,71.000,100.000,78.000,95.953,68.562,71.000,75.094,35.996,47.578,47.246,47.500,40.281,11.371,67.476,5602.677,5199.682,5616.000,5200.000,0.000,72.000,9.000,4.000,2,1789723861.239,98,1
2234.854,96.309,97.797,74.812,83.000,81.000,87.000,83.000,84.000,76.000,75.000,72.000,70.000,96.406,76.000,96.406,68.312,71.000,75.004,35.996,47.582,47.246,47.500,44.912,11.753,71.314,5603.288,5181.571,5616.000,5200.000,0.000,72.000,11.000,7.000,2,1789723862.242,98,1
2235.856,96.031,97.520,74.750,87.000,75.000,79.000,77.000,80.000,75.000,73.000,77.000,70.000,87.531,74.000,87.531,68.312,71.000,74.918,35.996,47.586,47.242,47.500,31.868,11.281,58.931,5603.723,5199.382,5616.000,5200.000,0.000,71.000,10.000,6.000,2,1789723863.243,100,1
2236.858,96.035,97.523,74.750,97.000,89.000,88.000,94.000,78.000,79.000,75.000,75.000,71.000,97.000,80.000,96.141,68.125,71.000,74.836,35.996,47.590,47.246,47.496,48.942,11.614,72.603,5603.723,5200.058,5616.000,5200.000,0.000,71.000,11.000,5.000,2,1789723864.246,100,1
2237.862,96.133,97.621,74.812,91.000,86.000,97.000,83.000,87.000,87.000,76.000,75.000,71.000,98.688,78.000,98.688,68.000,71.000,74.758,35.996,47.594,47.238,47.492,44.176,11.166,69.805,5604.072,5200.133,5616.000,5200.000,0.000,72.000,9.000,4.000,2,1789723865.251,100,1
2238.864,96.230,97.766,74.875,94.000,92.000,90.000,88.000,85.000,78.000,79.000,78.000,73.000,98.203,80.000,98.203,68.062,72.000,74.711,35.996,47.598,47.238,47.484,53.112,11.880,78.756,5602.590,5199.532,5616.000,5200.000,0.000,72.000,14.000,1.000,2,1789723866.251,98,1
2239.869,96.070,97.605,74.938,83.000,81.000,81.000,79.000,76.000,86.000,73.000,73.000,70.000,91.109,76.000,91.109,67.812,72.000,74.668,35.996,47.598,47.238,47.480,45.714,14.662,76.324,5603.026,5201.260,5616.000,5200.000,0.000,73.000,14.000,0.000,2,1789723867.256,98,1
2240.873,95.816,97.352,74.875,84.000,86.000,89.000,78.000,79.000,74.000,76.000,71.000,71.000,89.000,75.000,87.984,68.062,72.000,74.625,35.996,47.602,47.238,47.477,33.403,15.654,63.405,5603.113,5180.825,5616.000,5200.000,0.000,72.000,14.000,1.000,2,1789723868.262,100,1
2241.876,95.887,97.422,74.812,94.000,87.000,93.000,96.000,88.000,86.000,80.000,86.000,73.000,98.109,80.000,98.109,67.812,71.000,74.551,35.996,47.605,47.234,47.473,50.106,14.343,76.198,5603.113,5199.307,5616.000,5200.000,0.000,71.000,7.000,1.000,2,1789723869.276,94,1
2242.880,96.016,97.551,75.562,90.000,82.000,91.000,95.000,93.000,92.000,88.000,88.000,75.000,99.531,80.000,99.531,67.875,72.000,74.512,35.996,47.609,47.234,47.469,76.575,10.968,100.180,5603.288,5199.757,5616.000,5200.000,0.000,73.000,14.000,2.000,2,1789723870.267,90,1
2243.885,95.859,97.395,76.125,91.000,78.000,95.000,91.000,84.000,87.000,89.000,79.000,74.000,95.000,77.000,91.031,67.875,72.000,74.473,35.996,47.609,47.230,47.461,44.852,15.437,75.556,5603.375,5200.434,5616.000,5200.000,0.000,72.000,8.000,2.000,2,1789723871.272,86,1
2244.889,95.863,97.254,76.000,97.000,89.000,100.000,95.000,99.000,93.000,98.000,95.000,75.000,100.000,81.000,95.953,68.000,72.000,74.434,35.996,47.609,47.227,47.457,54.383,14.923,83.556,5645.730,5200.208,5616.000,5200.000,0.000,73.000,11.000,6.000,2,1789723872.276,74,1
2245.893,95.867,97.258,76.750,90.000,80.000,87.000,91.000,79.000,77.000,78.000,77.000,73.000,96.016,78.000,96.016,68.000,72.000,74.398,35.996,47.613,47.227,47.449,67.391,10.841,94.731,5602.938,5200.734,5616.000,5200.000,0.000,72.000,9.000,3.000,2,1789723873.280,70,1
2246.894,95.781,97.172,76.812,84.000,82.000,93.000,81.000,80.000,78.000,78.000,83.000,73.000,93.141,77.000,93.141,68.125,72.000,74.363,35.996,47.613,47.227,47.445,47.799,11.469,73.380,5603.375,5200.959,5616.000,5200.000,0.000,72.000,12.000,4.000,2,1789723874.281,70,1
2247.898,95.547,96.938,76.688,82.000,86.000,85.000,80.000,80.000,82.000,79.000,74.000,71.000,88.281,77.000,88.281,68.188,72.000,74.266,35.996,47.617,47.223,47.438,37.827,11.618,63.728,5601.979,5182.391,5616.000,5200.000,0.000,72.000,8.000,2.000,2,1789723875.285,72,1
2248.903,95.227,96.617,76.250,81.000,73.000,82.000,76.000,74.000,77.000,80.000,72.000,70.000,85.281,74.000,85.281,67.938,71.000,74.203,35.996,47.617,47.219,47.426,29.781,12.029,57.824,5602.066,5199.231,5616.000,5200.000,0.000,71.000,9.000,8.000,2,1789723876.290,82,1
2249.907,94.801,96.191,75.875,75.000,75.000,76.000,80.000,72.000,72.000,71.000,77.000,69.000,81.641,73.000,81.641,67.812,70.000,74.109,35.996,47.617,47.219,47.418,25.044,11.312,51.222,5646.705,5199.307,5616.000,5200.000,0.000,71.000,11.000,2.000,2,1789723877.294,98,1
2250.910,94.496,95.887,75.438,81.000,73.000,77.000,86.000,75.000,72.000,74.000,70.000,70.000,86.000,72.000,85.031,67.500,70.000,74.020,35.996,47.621,47.219,47.410,29.100,11.247,54.570,5603.375,5200.358,5616.000,5200.000,0.000,71.000,11.000,2.000,2,1789723878.297,100,1
2251.914,94.586,95.977,75.188,93.000,88.000,89.000,82.000,80.000,77.000,79.000,72.000,71.000,97.359,78.000,97.359,67.250,70.000,73.934,35.996,47.621,47.219,47.406,44.053,11.802,69.134,5602.677,5200.584,5616.000,5200.000,0.000,71.000,13.000,4.000,2,1789723879.301,100,1
2252.916,94.664,96.055,75.125,86.000,78.000,100.000,85.000,87.000,92.000,76.000,75.000,71.000,100.000,78.000,97.078,67.250,70.000,73.848,35.996,47.621,47.211,47.395,46.698,12.143,72.881,5603.549,5200.133,5616.000,5200.000,0.000,71.000,10.000,4.000,2,1789723880.305,100,1
2253.917,94.668,96.059,75.125,96.000,83.000,87.000,87.000,80.000,90.000,76.000,86.000,71.000,96.000,79.000,94.766,67.000,70.000,73.766,35.996,47.621,47.211,47.387,45.076,11.479,71.099,5603.375,5201.711,5616.000,5200.000,0.000,71.000,8.000,12.000,2,1789723881.306,100,1
2254.918,95.047,96.414,75.000,84.000,80.000,100.000,88.000,82.000,77.000,76.000,74.000,71.000,100.000,77.000,96.188,66.938,70.000,73.688,35.996,47.621,47.211,47.379,45.214,11.763,71.372,5646.527,5199.908,5616.000,5200.000,0.000,71.000,8.000,12.000,2,1789723882.306,100,1
2255.920,95.094,96.363,75.000,92.000,78.000,94.000,85.000,82.000,88.000,76.000,74.000,71.000,95.484,77.000,95.484,67.125,70.000,73.609,35.996,47.625,47.207,47.371,45.206,12.156,71.573,5603.723,5199.833,5616.000,5200.000,0.000,71.000,13.000,10.000,2,1789723883.309,100,1
2256.921,95.562,96.844,75.188,82.000,88.000,83.000,80.000,100.000,80.000,78.000,77.000,71.000,100.000,78.000,96.969,67.125,71.000,73.566,35.996,47.625,47.207,47.359,44.439,12.720,71.258,5647.059,5199.457,5616.000,5200.000,0.000,72.000,14.000,1.000,2,1789723884.309,100,1
2257.925,95.922,97.184,75.000,88.000,82.000,95.000,84.000,78.000,100.000,77.000,75.000,71.000,100.000,80.000,97.000,67.125,72.000,73.492,35.996,47.625,47.203,47.352,48.282,14.854,76.966,5603.026,5200.809,5616.000,5200.000,0.000,71.000,8.000,16.000,2,1789723885.315,100,1
2258.926,96.520,97.836,75.125,94.000,88.000,95.000,88.000,87.000,82.000,80.000,81.000,72.000,98.312,80.000,98.312,67.125,71.000,73.449,35.996,47.621,47.199,47.344,49.807,15.151,79.357,5602.590,5199.307,5616.000,5200.000,0.000,71.000,10.000,4.000,2,1789723886.313,98,1
2259.928,97.020,98.355,75.625,90.000,81.000,94.000,91.000,86.000,83.000,83.000,82.000,74.000,98.531,79.000,98.531,67.250,72.000,73.441,35.996,47.621,47.195,47.332,75.328,12.414,101.466,5602.590,5199.607,5616.000,5200.000,0.000,71.000,9.000,12.000,2,1789723887.315,86,1
2260.932,97.605,98.980,76.438,95.000,89.000,98.000,94.000,96.000,96.000,96.000,91.000,75.000,99.359,81.000,99.359,67.312,71.000,73.402,35.996,47.621,47.191,47.324,67.405,12.427,93.887,5603.375,5200.283,5616.000,5200.000,0.000,72.000,5.000,0.000,2,1789723888.319,68,1
2261.934,97.617,98.859,77.250,93.000,87.000,99.000,92.000,94.000,91.000,90.000,92.000,74.000,99.000,80.000,97.656,67.438,72.000,73.395,35.996,47.621,47.191,47.312,65.741,14.003,94.372,5602.852,5200.809,5616.000,5200.000,0.000,72.000,9.000,6.000,2,1789723889.321,58,1
2262.934,97.301,98.543,77.688,81.000,77.000,82.000,80.000,82.000,78.000,76.000,75.000,71.000,87.500,75.000,87.500,67.750,72.000,73.387,35.996,47.621,47.188,47.305,53.982,11.093,80.024,5646.616,5199.231,5616.000,5200.000,0.000,72.000,11.000,8.000,2,1789723890.322,56,1
2263.936,96.980,98.223,77.375,84.000,79.000,86.000,81.000,83.000,82.000,80.000,80.000,72.000,87.094,75.000,87.094,67.688,71.000,73.348,35.996,47.621,47.184,47.297,42.579,12.180,68.925,5602.502,5198.932,5616.000,5200.000,0.000,72.000,13.000,8.000,2,1789723891.323,56,1
2264.940,96.453,97.695,77.312,76.000,74.000,79.000,73.000,75.000,74.000,72.000,72.000,70.000,80.094,72.000,80.094,67.625,72.000,73.340,35.996,47.621,47.184,47.285,34.390,12.032,61.618,5646.262,5199.457,5616.000,5200.000,0.000,71.000,12.000,4.000,2,1789723892.327,64,1
2265.943,95.871,97.113,76.500,75.000,73.000,78.000,79.000,74.000,72.000,71.000,74.000,69.000,79.000,72.000,77.844,67.625,71.000,73.305,35.996,47.621,47.184,47.277,14.932,4.313,48.869,5602.852,5201.636,5616.000,5200.000,0.000,69.000,4.000,0.000,2,1789723893.337,82,1
2266.946,95.070,96.312,76.000,69.000,67.000,68.000,66.000,67.000,65.000,68.000,66.000,68.000,70.203,67.000,70.203,67.250,69.000,73.207,35.996,47.621,47.180,47.266,26.490,7.067,32.442,5602.502,5198.406,5616.000,5200.000,0.000,71.000,16.000,68.000,2,1789723894.337,100,1
2267.947,94.609,95.852,75.250,84.000,83.000,89.000,82.000,88.000,82.000,83.000,83.000,70.000,89.000,76.000,80.422,66.438,70.000,73.086,35.996,47.617,47.176,47.254,25.836,2.871,47.160,5647.325,5200.358,5616.000,5200.000,0.000,,,,2,1789723895.335,100,1
2268.952,93.914,95.156,75.062,71.000,68.000,70.000,69.000,68.000,66.000,68.000,67.000,67.000,72.312,68.000,72.312,66.188,35.000,71.930,35.996,47.617,47.176,47.242,11.093,0.175,42.630,5601.543,5199.682,5616.000,5200.000,0.000,,,,2,1789723896.340,100,1
2269.953,93.121,94.363,74.438,69.000,68.000,69.000,68.000,68.000,65.000,67.000,66.000,66.000,69.000,67.000,68.500,65.688,35.000,70.812,35.996,47.617,47.172,47.230,13.065,0.168,24.818,5603.375,5199.983,5616.000,5200.000,0.000,,,,2,1789723897.340,100,1
2270.956,92.367,93.609,73.875,68.000,67.000,68.000,67.000,66.000,64.000,66.000,65.000,66.000,69.000,66.000,69.000,65.062,35.000,69.727,35.996,47.613,47.164,47.211,9.291,0.134,27.187,5646.705,5200.884,5616.000,5200.000,0.000,,,,2,1789723898.343,100,1
2271.960,91.570,92.812,73.188,67.000,66.000,67.000,65.000,64.000,63.000,65.000,63.000,65.000,67.000,65.000,65.328,64.625,35.000,68.676,35.996,47.609,47.156,47.191,8.076,0.109,23.357,5646.438,5199.682,5616.000,5200.000,0.000,,,,2,1789723899.349,100,1
2272.964,90.750,91.992,72.500,65.000,64.000,66.000,63.000,63.000,62.000,64.000,63.000,64.000,65.328,63.000,68.234,63.938,35.000,67.656,35.996,47.602,47.152,47.172,14.550,0.157,22.605,5645.908,5200.434,5616.000,5200.000,0.000,,,,2,1789723900.352,100,1
2273.966,90.047,91.289,72.125,64.000,63.000,65.000,62.000,62.000,64.000,63.000,62.000,63.000,68.234,63.000,64.672,63.438,35.000,66.672,34.996,47.598,47.145,47.152,8.839,0.102,28.376,5602.328,5164.845,5616.000,5200.000,0.000,,,,2,1789723901.352,100,1
2274.970,89.254,90.496,71.000,69.000,68.000,70.000,76.000,68.000,66.000,65.000,63.000,63.000,65.000,66.000,67.688,62.500,35.000,65.715,34.996,47.590,47.129,47.117,10.210,0.102,23.975,5601.805,5199.682,5616.000,5200.000,0.000,,,,2,1789723902.356,100,1
2275.973,88.578,89.820,70.625,70.000,68.000,71.000,69.000,66.000,65.000,65.000,64.000,64.000,76.000,66.000,71.266,61.938,35.000,64.793,34.996,47.586,47.117,47.082,19.491,0.164,25.261,5646.350,5201.260,5616.000,5200.000,0.000,,,,2,1789723903.357,100,1
2276.976,88.039,89.281,70.312,62.000,62.000,63.000,61.000,61.000,60.000,62.000,60.000,62.000,64.766,61.000,64.766,61.688,35.000,63.027,34.996,47.566,47.082,47.008,17.311,0.169,32.270,5646.970,5200.133,5616.000,5200.000,0.000,,,,2,1789723904.365,100,1
2277.981,86.527,87.770,69.812,61.000,61.000,61.000,61.000,60.000,60.000,61.000,60.000,61.000,62.219,60.000,62.219,61.250,35.000,62.184,34.996,47.559,47.062,46.965,7.448,0.076,30.928,5603.200,5238.040,5616.000,5200.000,0.000,,,,2,1789723905.371,100,1
2278.984,85.746,86.988,69.250,61.000,59.000,61.000,60.000,60.000,59.000,60.000,59.000,61.000,61.609,60.000,61.609,60.875,35.000,61.371,34.996,47.547,47.043,46.926,7.215,0.072,23.819,5646.350,5200.208,5616.000,5200.000,0.000,,,,2,1789723906.373,100,1
2279.986,84.973,86.215,68.750,61.000,59.000,61.000,60.000,59.000,59.000,60.000,58.000,60.000,61.000,59.000,60.984,60.312,35.000,60.578,34.996,47.535,47.020,46.883,6.109,0.062,22.378,5646.350,5199.983,5616.000,5200.000,0.000,,,,2,1789723907.375,100,1
2280.988,84.211,85.453,68.250,59.000,58.000,61.000,59.000,59.000,57.000,60.000,58.000,60.000,61.000,59.000,60.609,59.875,35.000,59.816,34.996,47.523,46.996,46.836,6.426,0.071,20.885,5603.723,5182.018,5616.000,5200.000,0.000,,,,2,1789723908.379,100,1
2281.993,83.465,84.707,67.688,60.000,59.000,60.000,59.000,59.000,59.000,60.000,58.000,60.000,60.312,59.000,60.312,59.438,35.000,59.074,34.996,47.512,46.969,46.785,6.037,0.060,20.955,5602.764,5201.410,5616.000,5200.000,0.000,,,,2,1789723909.383,100,1
2282.996,82.742,83.984,67.250,59.000,59.000,60.000,59.000,59.000,57.000,60.000,58.000,59.000,60.328,59.000,60.328,59.188,35.000,58.355,34.996,47.496,46.941,46.738,7.141,0.064,19.543,5647.590,5199.082,5616.000,5200.000,0.000,,,,2,1789723910.386,100,1
2283.999,82.023,83.266,66.812,59.000,58.000,60.000,59.000,58.000,57.000,59.000,57.000,59.000,60.000,58.000,59.734,58.625,35.000,57.660,34.996,47.480,46.910,46.688,6.892,0.063,19.568,5603.811,5199.457,5616.000,5200.000,0.000,,,,2,1789723911.388,100,1
2285.003,81.367,82.609,66.375,58.000,58.000,60.000,58.000,57.000,57.000,58.000,57.000,58.000,61.000,57.000,61.000,58.250,35.000,56.988,34.996,47.465,46.875,46.637,11.621,0.106,19.961,5602.677,5199.307,5616.000,5200.000,0.000,,,,2,1789723912.392,100,1
2286.007,80.664,81.906,66.000,60.000,60.000,60.000,59.000,57.000,57.000,58.000,57.000,58.000,60.000,58.000,58.875,57.875,35.000,56.336,34.996,47.445,46.844,46.582,6.867,0.062,22.530,5561.649,5198.781,5616.000,5200.000,0.000,,,,2,1789723913.394,100,1
2287.010,80.473,81.715,65.688,68.000,63.000,66.000,64.000,62.000,60.000,61.000,62.000,59.000,74.516,63.000,74.516,57.562,35.000,55.703,34.996,47.430,46.805,46.527,29.564,0.207,22.970,5604.334,5199.307,5616.000,5200.000,0.000,,,,2,1789723914.397,100,1
2288.010,81.801,83.320,66.125,83.000,77.000,84.000,82.000,85.000,80.000,83.000,81.000,65.000,85.797,70.000,85.797,57.375,35.000,55.090,34.996,47.410,46.770,46.469,61.689,0.297,34.780,5603.985,5235.907,5616.000,5200.000,0.000,,,,2,1789723915.397,100,1
2289.014,81.723,83.090,66.688,65.000,62.000,67.000,65.000,64.000,62.000,63.000,62.000,61.000,79.359,62.000,79.359,57.438,35.000,54.496,34.996,47.391,46.730,46.410,31.967,0.227,77.466,5604.334,5198.256,5616.000,5200.000,0.000,,,,2,1789723916.401,100,1
2290.018,81.938,83.234,66.750,86.000,78.000,89.000,84.000,86.000,83.000,82.000,84.000,65.000,89.000,70.000,82.594,57.438,35.000,53.922,34.996,47.371,46.688,46.348,44.263,0.263,45.623,5604.334,5199.532,5616.000,5200.000,0.000,,,,2,1789723917.405,100,1
2291.021,81.547,82.711,67.375,74.000,69.000,71.000,69.000,69.000,68.000,67.000,65.000,62.000,74.000,64.000,69.547,57.625,35.000,53.363,34.996,47.348,46.648,46.289,41.673,0.213,58.806,5605.294,5199.983,5616.000,5200.000,0.000,,,,2,1789723918.408,100,1
2292.022,81.301,82.352,67.125,75.000,73.000,75.000,72.000,73.000,70.000,70.000,70.000,62.000,75.000,66.000,73.609,57.625,35.000,52.824,34.996,47.328,46.609,46.227,29.545,0.266,55.419,5605.032,5236.973,5616.000,5200.000,0.000,,,,2,1789723919.408,100,1
2293.027,81.523,82.535,67.500,66.000,64.000,68.000,66.000,66.000,64.000,65.000,64.000,62.000,82.203,63.000,82.203,57.562,35.000,52.301,34.996,47.305,46.566,46.164,64.403,0.291,43.013,5647.856,5162.475,5616.000,5200.000,0.000,,,,2,1789723920.417,100,1
2294.029,81.348,82.258,67.562,80.000,67.000,69.000,69.000,63.000,79.000,63.000,63.000,62.000,80.000,66.000,75.953,57.875,35.000,51.797,34.996,47.281,46.523,46.098,23.177,0.200,73.318,5605.207,5200.434,5616.000,5200.000,0.000,,,,2,1789723921.416,100,1
2295.030,82.965,84.270,67.562,83.000,78.000,85.000,82.000,83.000,77.000,75.000,76.000,65.000,87.828,70.000,87.828,57.688,35.000,51.305,34.996,47.258,46.484,46.035,54.582,0.251,40.889,5606.080,5200.434,5616.000,5200.000,0.000,,,,2,1789723922.417,100,1
2296.032,82.617,83.793,68.062,65.000,64.000,67.000,66.000,91.000,64.000,67.000,63.000,62.000,91.000,64.000,71.844,57.750,35.000,50.832,34.996,47.234,46.445,45.977,33.309,0.197,68.531,5649.540,5200.509,5616.000,5200.000,0.000,,,,2,1789723923.419,100,1
2297.034,82.500,83.559,67.812,84.000,77.000,88.000,83.000,83.000,81.000,82.000,83.000,65.000,88.000,69.000,78.984,57.688,35.000,50.371,34.996,47.211,46.402,45.910,35.660,0.260,48.118,5604.596,5200.208,5616.000,5200.000,0.000,,,,2,1789723924.421,100,1
2298.037,82.336,83.289,68.188,63.000,62.000,65.000,63.000,63.000,62.000,63.000,62.000,62.000,77.188,61.000,77.188,57.688,35.000,49.926,34.996,47.188,46.359,45.848,56.779,0.270,49.222,5605.381,5199.833,5616.000,5200.000,0.000,,,,2,1789723925.425,100,1
2299.040,82.156,83.012,68.062,67.000,66.000,66.000,93.000,63.000,66.000,63.000,64.000,63.000,93.000,66.000,76.609,57.750,35.000,49.492,34.996,47.160,46.320,45.781,23.479,0.178,65.194,5605.730,5200.734,5616.000,5200.000,0.000,,,,2,1789723926.426,100,1
2300.040,83.520,84.699,68.062,83.000,77.000,86.000,78.000,84.000,76.000,77.000,74.000,66.000,87.609,71.000,87.609,57.688,35.000,49.074,34.996,47.137,46.273,45.719,58.088,0.306,38.874,5605.730,5201.636,5616.000,5200.000,0.000,,,,2,1789723927.427,100,1
2301.044,83.293,84.355,68.250,71.000,68.000,73.000,71.000,69.000,67.000,68.000,66.000,63.000,76.328,66.000,76.328,57.750,35.000,48.609,34.996,47.113,46.234,45.652,30.629,0.231,73.422,5605.207,5200.358,5616.000,5200.000,0.000,,,,2,1789723928.433,100,1
2302.045,83.277,84.234,68.000,84.000,76.000,88.000,81.000,86.000,79.000,77.000,81.000,66.000,88.000,69.000,82.734,57.750,35.000,48.219,34.996,47.086,46.191,45.586,41.109,0.268,42.447,5605.730,5200.734,5616.000,5200.000,0.000,,,,2,1789723929.435,100,1
2303.047,83.180,84.039,68.812,78.000,67.000,72.000,69.000,66.000,65.000,65.000,63.000,63.000,80.219,66.000,80.219,57.688,35.000,47.836,34.996,47.059,46.152,45.520,55.420,0.299,58.194,5649.629,5199.607,5616.000,5200.000,0.000,,,,2,1789723930.433,100,1
2304.051,83.016,83.789,68.500,67.000,83.000,68.000,70.000,69.000,66.000,67.000,64.000,63.000,83.000,67.000,77.922,57.812,35.000,47.469,34.996,47.035,46.113,45.457,29.005,0.257,62.115,5605.381,5198.932,5616.000,5200.000,0.000,,,,2,1789723931.437,100,1
2305.056,84.316,85.402,68.625,85.000,78.000,89.000,85.000,88.000,85.000,86.000,83.000,67.000,89.000,72.000,88.219,57.812,35.000,47.109,34.996,47.008,46.074,45.395,57.620,0.290,43.429,5604.596,5199.156,5616.000,5200.000,0.000,,,,2,1789723932.448,100,1
2306.058,84.035,85.121,68.938,68.000,79.000,69.000,69.000,66.000,66.000,65.000,63.000,63.000,79.000,67.000,75.328,57.812,35.000,46.766,34.996,46.984,46.031,45.328,40.440,0.328,64.894,5605.643,5198.932,5616.000,5200.000,0.000,,,,2,1789723933.444,100,1
2307.060,83.758,84.844,68.750,71.000,67.000,71.000,71.000,70.000,67.000,67.000,65.000,67.000,75.250,66.000,75.250,57.875,35.000,46.430,34.996,46.957,45.992,45.266,38.222,0.274,59.510,5605.643,5200.283,5616.000,5200.000,0.000,,,,2,1789723934.446,100,1
2308.065,83.719,84.699,68.812,86.000,76.000,91.000,82.000,82.000,79.000,82.000,80.000,68.000,91.000,70.000,82.516,57.938,35.000,46.105,34.996,46.930,45.957,45.203,62.954,0.268,49.742,5607.302,5199.908,5616.000,5200.000,0.000,,,,2,1789723935.453,100,1
2309.070,83.230,84.211,69.125,64.000,64.000,65.000,64.000,63.000,62.000,63.000,68.000,63.000,68.016,63.000,68.016,58.188,35.000,45.793,34.996,46.906,45.922,45.141,36.477,0.214,72.423,5630.190,5200.509,5616.000,5200.000,0.000,,,,2,1789723936.455,100,1
2310.073,82.906,83.887,68.812,78.000,75.000,82.000,78.000,81.000,78.000,80.000,80.000,68.000,82.000,69.000,72.891,58.000,35.000,45.488,34.996,46.879,45.887,45.078,33.709,0.253,41.252,5606.254,5200.959,5616.000,5200.000,0.000,,,,2,1789723937.462,100,1
2311.078,82.887,83.867,69.062,79.000,75.000,83.000,80.000,80.000,78.000,79.000,82.000,68.000,83.000,70.000,82.250,57.938,35.000,45.141,34.996,46.855,45.852,45.016,66.455,0.244,78.424,5607.390,5200.358,5616.000,5200.000,0.000,,,,2,1789723938.464,100,1
2312.082,82.637,83.617,69.438,71.000,68.000,72.000,71.000,68.000,73.000,67.000,72.000,65.000,74.969,67.000,74.969,58.125,35.000,44.855,34.996,46.828,45.820,44.957,38.634,0.315,54.556,5607.564,5200.358,5616.000,5200.000,0.000,,,,2,1789723939.467,100,1
2313.087,82.324,83.305,69.250,68.000,65.000,68.000,67.000,65.000,65.000,65.000,64.000,64.000,72.625,64.000,72.625,58.062,35.000,44.578,34.996,46.801,45.793,44.895,41.763,0.281,57.173,5606.429,5201.335,5616.000,5200.000,0.000,,,,2,1789723940.473,100,1
2314.091,81.875,82.855,68.938,64.000,63.000,65.000,62.000,63.000,61.000,63.000,61.000,62.000,67.938,62.000,67.938,58.000,35.000,44.309,34.996,46.777,45.762,44.836,29.306,0.204,45.595,5651.314,5199.757,5616.000,5200.000,0.000,,,,2,1789723941.477,100,1
2315.095,81.281,82.262,68.500,61.000,60.000,61.000,60.000,60.000,59.000,61.000,59.000,61.000,62.828,60.000,62.828,57.875,35.000,44.051,34.996,46.754,45.734,44.777,12.431,0.107,30.561,5607.215,5201.485,5616.000,5200.000,0.000,,,,2,1789723942.480,100,1
2316.100,80.723,81.703,68.250,62.000,61.000,62.000,61.000,60.000,59.000,60.000,60.000,60.000,63.422,61.000,63.422,57.750,35.000,43.797,34.996,46.727,45.703,44.715,15.787,0.125,27.299,5607.913,5199.007,5616.000,5200.000,0.000,,,,2,1789723943.486,100,1
2317.104,80.117,81.098,67.688,61.000,59.000,61.000,60.000,60.000,59.000,60.000,59.000,60.000,61.359,59.000,61.359,57.375,35.000,43.555,34.996,46.703,45.672,44.656,11.629,0.092,27.478,5606.778,5200.358,5616.000,5200.000,0.000,,,,2,1789723944.491,100,1
2318.104,79.715,80.695,67.312,67.000,65.000,69.000,66.000,67.000,68.000,63.000,63.000,62.000,69.000,63.000,67.250,57.000,35.000,43.316,34.996,46.676,45.641,44.598,19.920,0.135,29.406,5607.651,5201.109,5616.000,5200.000,0.000,,,,2,1789723945.498,100,1
2319.105,79.250,80.230,67.125,65.000,60.000,65.000,61.000,61.000,59.000,61.000,60.000,62.000,65.000,61.000,64.875,56.812,35.000,43.090,34.996,46.652,45.613,44.543,31.977,0.241,44.052,5606.341,5163.659,5616.000,5200.000,0.000,,,,2,1789723946.490,100,1
2320.109,78.758,79.738,66.812,62.000,61.000,62.000,61.000,61.000,60.000,61.000,60.000,64.000,64.000,60.000,63.484,56.562,35.000,42.867,34.996,46.625,45.582,44.484,23.180,0.192,36.481,5606.429,5201.861,5616.000,5200.000,0.000,,,,2,1789723947.497,100,1
2321.114,78.281,79.262,66.438,67.000,62.000,65.000,62.000,62.000,61.000,61.000,60.000,61.000,67.000,61.000,63.453,56.500,35.000,42.602,34.996,46.602,45.555,44.430,20.858,0.184,35.968,5607.127,5201.410,5616.000,5200.000,0.000,,,,2,1789723948.503,100,1
2322.118,77.840,78.820,66.250,62.000,60.000,62.000,62.000,60.000,59.000,60.000,59.000,61.000,64.172,61.000,64.172,56.188,35.000,42.395,34.996,46.578,45.523,44.371,22.056,0.185,35.265,5607.302,5201.711,5616.000,5200.000,0.000,,,,2,1789723949.506,100,1
2323.121,77.328,78.309,66.000,59.000,58.000,60.000,59.000,58.000,57.000,59.000,58.000,60.000,61.453,58.000,61.453,56.000,35.000,42.191,34.996,46.551,45.496,44.316,18.186,0.145,33.417,5606.778,5199.156,5616.000,5200.000,0.000,,,,2,1789723950.508,100,1
2324.123,76.766,77.746,65.625,58.000,57.000,58.000,57.000,57.000,56.000,58.000,57.000,58.000,59.328,57.000,59.328,55.812,35.000,41.996,34.996,46.527,45.465,44.262,12.079,0.093,29.175,5607.390,5201.335,5616.000,5200.000,0.000,,,,2,1789723951.511,100,1
2325.127,76.246,77.227,65.188,58.000,57.000,58.000,58.000,57.000,56.000,58.000,57.000,60.000,60.125,57.000,60.125,55.500,35.000,41.809,34.996,46.504,45.438,44.207,15.451,0.117,26.510,5607.651,5202.763,5616.000,5200.000,0.000,,,,2,1789723952.515,100,1
2326.127,75.781,76.762,65.062,59.000,58.000,60.000,58.000,58.000,57.000,59.000,58.000,60.000,61.359,58.000,61.359,55.312,35.000,41.625,34.996,46.477,45.406,44.148,20.905,0.170,32.646,5606.778,5199.908,5616.000,5200.000,0.000,,,,2,1789723953.515,100,1
2327.132,75.266,76.246,64.688,58.000,58.000,58.000,58.000,58.000,55.000,57.000,57.000,59.000,59.266,57.000,59.266,55.000,35.000,41.445,34.996,46.449,45.379,44.094,15.721,0.127,31.554,5606.691,5200.959,5616.000,5200.000,0.000,,,,2,1789723954.520,100,1
2328.136,74.770,75.750,64.438,57.000,57.000,58.000,57.000,57.000,56.000,57.000,57.000,59.000,59.469,56.000,59.469,54.875,35.000,41.273,34.996,46.426,45.348,44.039,15.611,0.116,28.457,5606.953,5200.734,5616.000,5200.000,0.000,,,,2,1789723955.524,100,1
2329.141,74.277,75.258,64.062,58.000,57.000,58.000,56.000,56.000,55.000,57.000,56.000,59.000,59.000,56.000,58.969,54.562,35.000,41.105,34.996,46.398,45.316,43.984,14.454,0.110,28.868,5608.525,5199.833,5616.000,5200.000,0.000,,,,2,1789723956.531,100,1
2330.146,73.766,74.746,63.812,58.000,56.000,57.000,56.000,55.000,54.000,56.000,55.000,57.000,58.000,56.000,57.922,54.312,35.000,40.945,34.996,46.371,45.285,43.930,12.360,0.094,27.608,5607.738,5201.185,5616.000,5200.000,0.000,,,,2,1789723957.534,100,1
2331.151,73.289,74.270,63.438,57.000,57.000,57.000,56.000,56.000,55.000,57.000,55.000,58.000,58.578,56.000,58.578,54.125,35.000,40.742,34.996,46.348,45.254,43.875,14.768,0.105,27.192,5608.350,5201.109,5616.000,5200.000,0.000,,,,2,1789723958.537,100,1
2332.155,72.824,73.805,63.062,56.000,56.000,57.000,57.000,55.000,55.000,57.000,55.000,58.000,58.344,55.000,58.344,53.812,35.000,40.590,34.996,46.320,45.219,43.820,15.237,0.112,28.520,5652.556,5201.711,5616.000,5200.000,0.000,,,,2,1789723959.542,100,1
2333.156,72.797,73.680,62.875,80.000,66.000,75.000,72.000,81.000,71.000,78.000,74.000,61.000,81.000,64.000,71.906,53.625,35.000,40.445,34.996,46.293,45.188,43.766,30.997,0.189,40.894,5607.302,5202.838,5616.000,5200.000,0.000,,,,2,1789723960.546,100,1
2334.160,73.434,74.418,63.688,68.000,66.000,75.000,65.000,64.000,62.000,63.000,61.000,61.000,75.344,62.000,75.344,53.562,35.000,40.301,34.996,46.266,45.152,43.711,60.734,0.286,70.816,5607.738,5182.914,5616.000,5200.000,0.000,,,,2,1789723961.547,100,1
2335.163,73.223,74.109,63.875,64.000,61.000,64.000,62.000,61.000,60.000,62.000,64.000,61.000,66.750,60.000,66.750,53.750,35.000,40.164,34.996,46.242,45.121,43.656,33.023,0.278,47.517,5608.787,5202.087,5616.000,5200.000,0.000,,,,2,1789723962.549,100,1
2336.166,74.371,75.512,63.875,77.000,75.000,82.000,77.000,79.000,75.000,78.000,72.000,63.000,82.000,66.000,77.828,53.688,35.000,40.031,34.996,46.215,45.086,43.602,41.329,0.264,54.177,5608.962,5201.034,5616.000,5200.000,0.000,,,,2,1789723963.552,100,1
2337.171,74.719,75.852,64.625,73.000,63.000,66.000,65.000,63.000,62.000,63.000,63.000,61.000,75.750,62.000,75.750,53.875,35.000,39.902,34.996,46.184,45.055,43.547,61.408,0.319,74.568,5607.651,5201.711,5616.000,5200.000,0.000,,,,2,1789723964.557,100,1
2338.174,74.500,75.520,64.688,64.000,60.000,65.000,62.000,65.000,60.000,61.000,62.000,63.000,67.766,61.000,67.766,54.125,35.000,39.777,34.996,46.160,45.020,43.492,34.012,0.272,47.670,5607.651,5200.434,5616.000,5200.000,0.000,,,,2,1789723965.561,100,1
2339.177,75.809,77.117,64.562,78.000,77.000,84.000,77.000,80.000,80.000,80.000,83.000,64.000,84.000,68.000,79.734,54.188,35.000,39.656,34.996,46.133,44.984,43.438,46.446,0.266,59.416,5608.175,5202.538,5616.000,5200.000,0.000,,,,2,1789723966.565,100,1
2340.180,75.789,76.969,65.250,67.000,65.000,69.000,70.000,67.000,65.000,65.000,66.000,65.000,75.297,64.000,75.297,54.188,35.000,39.539,34.996,46.102,44.949,43.383,58.602,0.325,71.655,5608.787,5198.781,5616.000,5200.000,0.000,,,,2,1789723967.567,100,1
2341.185,75.574,76.633,65.312,73.000,64.000,66.000,66.000,69.000,62.000,62.000,61.000,65.000,73.000,63.000,68.875,54.500,35.000,39.379,34.996,46.074,44.918,43.332,37.842,0.287,51.633,5607.651,5202.087,5616.000,5200.000,0.000,,,,2,1789723968.572,100,1
2342.187,75.441,76.395,65.250,66.000,71.000,67.000,73.000,63.000,63.000,62.000,61.000,61.000,73.000,64.000,71.297,54.625,35.000,39.270,34.996,46.051,44.887,43.277,31.349,0.262,44.903,5609.049,5200.659,5616.000,5200.000,0.000,,,,2,1789723969.573,100,1
2343.190,75.273,76.133,65.188,68.000,65.000,67.000,65.000,65.000,63.000,64.000,67.000,63.000,70.078,63.000,70.078,54.625,35.000,39.164,34.996,46.023,44.855,43.223,37.826,0.291,50.704,5608.787,5201.561,5616.000,5200.000,0.000,,,,2,1789723970.577,100,1
2344.194,75.020,75.879,64.938,61.000,60.000,62.000,61.000,60.000,59.000,61.000,59.000,63.000,67.203,60.000,67.203,54.500,35.000,39.059,34.996,45.992,44.824,43.172,33.019,0.270,47.374,5608.350,5201.034,5616.000,5200.000,0.000,,,,2,1789723971.581,100,1
2345.198,74.562,75.422,64.812,59.000,58.000,59.000,58.000,57.000,56.000,58.000,57.000,59.000,60.344,57.000,60.344,54.562,35.000,38.961,34.996,45.969,44.793,43.121,15.497,0.110,35.085,5608.350,5164.548,5616.000,5200.000,0.000,,,,2,1789723972.586,100,1
2346.201,74.129,74.988,64.375,58.000,57.000,58.000,58.000,57.000,56.000,58.000,57.000,60.000,60.656,57.000,60.656,54.438,35.000,38.863,34.996,45.941,44.766,43.070,17.278,0.118,29.101,5607.477,5200.809,5616.000,5200.000,0.000,,,,2,1789723973.589,100,1
2347.205,73.656,74.516,64.062,57.000,57.000,58.000,57.000,56.000,55.000,57.000,56.000,59.000,59.062,56.000,59.062,54.312,35.000,38.770,34.996,45.914,44.734,43.020,12.749,0.074,28.646,5607.913,5201.335,5616.000,5200.000,0.000,,,,2,1789723974.592,100,1
2348.206,73.156,74.016,63.562,56.000,55.000,57.000,56.000,55.000,54.000,56.000,55.000,57.000,57.672,55.000,57.672,54.000,35.000,38.676,34.996,45.887,44.703,42.969,10.195,0.065,25.740,5609.399,5202.838,5616.000,5200.000,0.000,,,,2,1789723975.593,100,1
2349.208,72.699,73.559,63.125,57.000,57.000,57.000,56.000,56.000,55.000,57.000,55.000,59.000,59.000,56.000,58.484,53.688,35.000,38.590,34.996,45.859,44.676,42.918,13.424,0.082,23.884,5608.787,5201.485,5616.000,5200.000,0.000,,,,2,1789723976.596,100,1
2350.211,72.246,73.105,62.750,56.000,55.000,56.000,55.000,55.000,54.000,56.000,55.000,57.000,58.234,55.000,58.234,53.375,35.000,38.504,34.996,45.832,44.645,42.867,13.701,0.078,26.259,5608.700,5202.538,5616.000,5200.000,0.000,,,,2,1789723977.599,100,1
2351.216,71.766,72.625,62.500,55.000,55.000,56.000,54.000,54.000,53.000,55.000,54.000,56.000,56.875,54.000,56.875,53.250,35.000,38.379,34.996,45.805,44.609,42.820,9.716,0.066,26.388,5609.312,5202.538,5616.000,5200.000,0.000,,,,2,1789723978.602,100,1
2352.218,71.324,72.184,62.188,55.000,55.000,55.000,55.000,54.000,53.000,55.000,54.000,57.000,57.609,55.000,57.609,53.062,35.000,38.297,34.996,45.777,44.574,42.770,12.959,0.081,23.494,5653.266,5165.957,5616.000,5200.000,0.000,,,,2,1789723979.605,100,1
2353.220,71.027,71.887,61.812,65.000,60.000,64.000,62.000,59.000,58.000,58.000,56.000,58.000,65.000,59.000,61.875,52.750,35.000,38.219,34.996,45.750,44.543,42.719,17.039,0.121,28.165,5609.923,5202.763,5616.000,5200.000,0.000,,,,2,1789723980.607,100,1
2354.225,71.203,72.062,62.312,60.000,59.000,63.000,61.000,62.000,60.000,61.000,60.000,58.000,76.203,59.000,76.203,52.688,35.000,38.145,34.996,45.723,44.512,42.672,63.069,0.293,70.130,5610.535,5202.463,5616.000,5200.000,0.000,,,,2,1789723981.613,100,1
2355.227,71.055,71.914,62.500,60.000,58.000,66.000,65.000,59.000,60.000,59.000,58.000,58.000,66.469,59.000,66.469,52.812,35.000,38.070,34.996,45.695,44.477,42.625,25.564,0.191,41.843,5608.525,5203.214,5616.000,5200.000,0.000,,,,2,1789723982.614,100,1
2356.228,73.562,75.090,62.562,74.000,70.000,79.000,75.000,77.000,74.000,74.000,74.000,64.000,81.094,65.000,81.094,52.625,35.000,38.000,34.996,45.668,44.441,42.574,56.282,0.260,67.067,5608.875,5200.959,5616.000,5200.000,0.000,,,,2,1789723983.618,100,1
2357.232,73.238,74.613,63.312,59.000,58.000,73.000,60.000,59.000,58.000,59.000,57.000,57.000,73.000,58.000,63.234,52.812,35.000,37.934,34.996,45.641,44.406,42.527,32.196,0.179,49.466,5608.525,5203.440,5616.000,5200.000,0.000,,,,2,1789723984.619,100,1
2358.236,73.230,74.465,63.062,82.000,75.000,80.000,74.000,73.000,75.000,73.000,74.000,63.000,82.000,66.000,73.047,52.938,35.000,37.867,34.996,45.613,44.375,42.480,39.115,0.254,49.856,5609.486,5202.538,5616.000,5200.000,0.000,,,,2,1789723985.623,100,1
2359.240,73.172,74.285,63.688,59.000,58.000,60.000,60.000,60.000,59.000,60.000,59.000,59.000,71.312,58.000,71.312,53.000,35.000,37.801,34.996,45.586,44.344,42.438,58.064,0.262,69.310,5610.186,5201.561,5616.000,5200.000,0.000,,,,2,1789723986.627,100,1
2360.244,74.172,75.473,63.625,68.000,63.000,66.000,65.000,62.000,71.000,60.000,59.000,59.000,77.172,62.000,77.172,53.375,35.000,37.738,34.996,45.559,44.309,42.391,29.501,0.200,44.742,5610.098,5201.410,5616.000,5200.000,0.000,,,,2,1789723987.631,100,1
2361.248,76.559,78.445,63.938,83.000,75.000,83.000,76.000,81.000,77.000,78.000,76.000,64.000,83.719,68.000,83.719,53.250,35.000,37.641,34.996,45.531,44.277,42.344,64.685,0.295,77.562,5608.962,5200.959,5616.000,5200.000,0.000,,,,2,1789723988.636,100,1
2362.251,76.262,77.961,64.250,64.000,63.000,66.000,64.000,64.000,64.000,66.000,63.000,63.000,67.125,61.000,67.125,53.375,35.000,37.582,34.996,45.504,44.246,42.297,32.192,0.229,45.560,5653.177,5202.162,5616.000,5200.000,0.000,,,,2,1789723989.638,100,1
2363.255,77.500,79.398,64.062,82.000,76.000,87.000,82.000,85.000,83.000,82.000,81.000,64.000,87.000,69.000,81.219,53.625,35.000,37.523,34.996,45.477,44.215,42.250,52.001,0.271,65.803,5610.186,5200.509,5616.000,5200.000,0.000,,,,2,1789723990.643,100,1
2364.258,77.133,78.844,64.688,67.000,63.000,66.000,64.000,65.000,65.000,65.000,71.000,61.000,71.000,61.000,65.797,53.688,35.000,37.469,34.996,45.449,44.184,42.207,42.947,0.204,55.616,5610.448,5201.786,5616.000,5200.000,0.000,,,,2,1789723991.645,100,1
2365.259,76.879,78.418,64.500,71.000,71.000,75.000,71.000,72.000,71.000,70.000,70.000,62.000,75.000,64.000,69.062,53.750,35.000,37.418,34.996,45.422,44.152,42.160,31.971,0.248,46.170,5608.438,5204.268,5616.000,5200.000,0.000,,,,2,1789723992.646,100,1
2366.262,77.477,79.043,64.875,64.000,62.000,66.000,64.000,63.000,62.000,63.000,62.000,61.000,79.281,62.000,79.281,53.938,35.000,37.367,34.996,45.398,44.121,42.117,65.443,0.280,74.552,5609.399,5202.162,5616.000,5200.000,0.000,,,,2,1789723993.650,100,1
2367.265,77.203,78.770,65.188,68.000,65.000,65.000,65.000,62.000,61.000,62.000,60.000,61.000,68.797,63.000,68.797,54.188,35.000,37.316,34.996,45.371,44.094,42.074,29.686,0.202,45.557,5608.875,5202.162,5616.000,5200.000,0.000,,,,2,1789723994.651,100,1
2368.268,78.258,79.984,64.938,84.000,75.000,85.000,80.000,85.000,82.000,80.000,79.000,64.000,85.000,69.000,81.422,54.062,35.000,37.266,34.996,45.344,44.066,42.035,49.293,0.255,63.290,5611.060,5202.312,5616.000,5200.000,0.000,,,,2,1789723995.681,100,1
2369.270,77.895,79.449,65.500,73.000,61.000,63.000,62.000,61.000,61.000,61.000,60.000,59.000,73.000,61.000,66.656,54.250,35.000,37.219,34.996,45.316,44.039,41.992,39.916,0.207,54.303,5610.360,5201.711,5616.000,5200.000,0.000,,,,2,1789723996.658,100,1
2370.272,77.684,79.082,65.062,75.000,71.000,77.000,71.000,72.000,74.000,75.000,72.000,64.000,77.000,65.000,71.219,54.188,35.000,37.176,34.996,45.293,44.012,41.949,33.477,0.241,47.170,5609.836,5200.809,5616.000,5200.000,0.000,,,,2,1789723997.660,100,1
2371.277,78.555,80.074,65.562,65.000,63.000,68.000,65.000,65.000,64.000,65.000,62.000,63.000,81.172,62.000,81.172,54.188,35.000,37.094,34.996,45.266,43.984,41.906,69.800,0.289,76.737,5610.011,5203.666,5616.000,5200.000,0.000,,,,2,1789723998.668,100,1
2372.279,78.301,79.668,65.562,64.000,61.000,65.000,63.000,74.000,61.000,63.000,60.000,60.000,74.000,62.000,70.531,54.500,35.000,37.051,34.996,45.238,43.961,41.867,24.663,0.189,42.267,5611.147,5200.959,5616.000,5200.000,0.000,,,,2,1789723999.665,100,1
2373.282,77.855,79.223,65.375,60.000,59.000,61.000,60.000,59.000,58.000,59.000,58.000,61.000,64.047,58.000,64.047,54.375,35.000,37.008,34.996,45.215,43.934,41.828,23.536,0.176,34.789,5610.973,5201.636,5616.000,5200.000,0.000,,,,2,1789724000.670,100,1
2374.285,77.297,78.664,64.875,58.000,57.000,58.000,57.000,57.000,56.000,58.000,57.000,59.000,59.922,57.000,59.922,54.188,35.000,36.969,34.996,45.191,43.910,41.793,13.771,0.083,32.168,5610.273,5202.538,5616.000,5200.000,0.000,,,,2,1789724001.672,100,1
2375.287,76.719,78.086,64.375,57.000,57.000,58.000,57.000,55.000,55.000,57.000,57.000,58.000,58.859,56.000,58.859,53.938,35.000,36.930,34.996,45.164,43.883,41.754,13.053,0.079,27.103,5610.535,5202.312,5616.000,5200.000,0.000,,,,2,1789724002.674,100,1
2376.289,76.191,77.559,63.938,57.000,57.000,58.000,57.000,56.000,55.000,57.000,56.000,59.000,59.797,57.000,59.797,53.812,35.000,36.891,34.996,45.141,43.859,41.715,15.748,0.099,26.400,5611.498,5201.937,5616.000,5200.000,0.000,,,,2,1789724003.676,100,1
2377.294,75.707,77.074,63.625,58.000,58.000,59.000,58.000,57.000,56.000,58.000,57.000,61.000,61.000,57.000,60.734,53.562,35.000,36.855,34.996,45.113,43.836,41.680,21.487,0.147,32.476,5611.935,5201.410,5616.000,5200.000,0.000,,,,2,1789724004.683,100,1
2378.298,75.145,76.512,63.125,57.000,56.000,59.000,56.000,57.000,55.000,57.000,56.000,57.000,59.000,55.000,57.641,53.375,35.000,36.820,34.996,45.090,43.812,41.645,11.772,0.081,31.284,5611.672,5201.711,5616.000,5200.000,0.000,,,,2,1789724005.685,100,1
2379.301,74.637,76.004,62.875,59.000,57.000,59.000,58.000,56.000,55.000,57.000,55.000,59.000,59.000,57.000,58.906,53.188,35.000,36.785,34.996,45.066,43.785,41.605,17.017,0.111,25.692,5612.022,5201.561,5616.000,5200.000,0.000,,,,2,1789724006.688,100,1
2380.305,74.219,75.586,62.562,57.000,57.000,58.000,57.000,56.000,55.000,57.000,56.000,59.000,61.219,56.000,61.219,53.000,35.000,36.754,34.996,45.043,43.762,41.570,26.609,0.186,37.172,5611.147,5200.884,5616.000,5200.000,0.000,,,,2,1789724007.693,100,1
2381.307,73.699,75.066,62.188,56.000,55.000,57.000,56.000,55.000,54.000,56.000,55.000,57.000,57.688,55.000,57.688,52.812,35.000,36.684,34.996,45.020,43.738,41.539,13.102,0.096,32.893,5610.798,5203.064,5616.000,5200.000,0.000,,,,2,1789724008.694,100,1
2382.309,73.219,74.586,62.125,56.000,56.000,57.000,57.000,55.000,54.000,56.000,55.000,59.000,59.000,55.000,58.328,52.562,35.000,36.652,34.996,44.996,43.715,41.504,16.082,0.100,26.256,5611.410,5200.884,5616.000,5200.000,0.000,,,,2,1789724009.700,100,1
2383.314,72.809,74.176,61.750,55.000,55.000,56.000,56.000,55.000,54.000,56.000,55.000,58.000,60.047,55.000,60.047,52.375,35.000,36.621,34.996,44.973,43.691,41.469,21.227,0.145,32.699,5654.954,5202.312,5616.000,5200.000,0.000,,,,2,1789724010.701,100,1
2384.315,72.277,73.645,61.500,55.000,54.000,55.000,53.000,54.000,53.000,55.000,54.000,55.000,55.859,54.000,55.859,52.062,35.000,36.594,34.996,44.945,43.664,41.434,10.344,0.073,30.440,5654.954,5200.358,5616.000,5200.000,0.000,,,,2,1789724011.703,100,1
2385.318,71.801,73.168,61.188,54.000,54.000,55.000,54.000,54.000,53.000,55.000,54.000,56.000,57.047,54.000,57.047,52.000,35.000,36.562,34.996,44.922,43.641,41.398,13.962,0.086,24.783,5611.410,5202.312,5616.000,5200.000,0.000,,,,2,1789724012.706,100,1
2386.322,71.332,72.699,60.875,54.000,54.000,55.000,53.000,53.000,52.000,55.000,54.000,56.000,56.750,53.000,56.750,51.625,35.000,36.535,34.996,44.898,43.613,41.367,14.316,0.087,27.370,5612.022,5201.861,5616.000,5200.000,0.000,,,,2,1789724013.711,100,1
2387.322,70.824,72.191,60.562,53.000,53.000,54.000,52.000,53.000,51.000,54.000,53.000,55.000,55.016,52.000,55.016,51.500,35.000,36.512,34.996,44.875,43.586,41.332,9.594,0.070,26.692,5611.498,5201.335,5616.000,5200.000,0.000,,,,2,1789724014.709,100,1
2388.327,70.363,71.730,60.188,54.000,54.000,55.000,54.000,53.000,52.000,55.000,52.000,56.000,56.141,53.000,56.141,51.438,35.000,36.484,34.996,44.848,43.559,41.297,12.869,0.083,22.824,5611.672,5202.613,5616.000,5200.000,0.000,,,,2,1789724015.718,100,1
2389.329,69.906,71.273,59.938,54.000,53.000,54.000,53.000,53.000,52.000,53.000,53.000,56.000,56.000,53.000,55.734,51.000,35.000,36.461,34.996,44.824,43.531,41.262,12.068,0.069,25.527,5611.760,5203.214,5616.000,5200.000,0.000,,,,2,1789724016.719,100,1
2390.332,69.426,70.793,59.625,53.000,54.000,55.000,54.000,54.000,53.000,55.000,53.000,53.000,55.000,52.000,54.562,50.875,35.000,36.438,34.996,44.797,43.504,41.227,10.205,0.068,24.983,5612.109,5200.659,5616.000,5200.000,0.000,,,,2,1789724017.720,100,1
2391.335,68.984,70.352,59.312,53.000,53.000,54.000,53.000,52.000,52.000,53.000,53.000,55.000,55.297,52.000,55.297,50.688,35.000,36.383,34.996,44.773,43.473,41.191,12.205,0.069,23.110,5611.410,5203.139,5616.000,5200.000,0.000,,,,2,1789724018.723,100,1
2392.339,68.547,69.914,59.125,53.000,52.000,54.000,52.000,52.000,51.000,53.000,52.000,55.000,55.000,52.000,54.984,50.500,35.000,36.359,34.996,44.750,43.445,41.160,11.816,0.064,25.044,5611.410,5201.185,5616.000,5200.000,0.000,,,,2,1789724019.726,100,1
2393.341,68.098,69.465,58.750,53.000,52.000,54.000,52.000,52.000,51.000,52.000,51.000,53.000,54.094,51.000,54.094,50.312,35.000,36.336,34.996,44.723,43.414,41.121,10.167,0.070,24.810,5612.022,5202.463,5616.000,5200.000,0.000,,,,2,1789724020.728,100,1
2394.344,67.836,69.203,58.375,56.000,57.000,59.000,58.000,55.000,55.000,55.000,54.000,56.000,59.719,55.000,59.719,50.188,35.000,36.316,34.996,44.695,43.383,41.090,21.317,0.147,26.643,5612.635,5166.401,5616.000,5200.000,0.000,,,,2,1789724021.731,100,1
2395.346,67.477,68.844,58.312,58.000,54.000,56.000,55.000,54.000,55.000,54.000,52.000,55.000,58.000,53.000,56.328,50.062,35.000,36.297,34.996,44.672,43.352,41.051,17.957,0.113,31.650,5612.285,5202.688,5616.000,5200.000,0.000,,,,2,1789724022.735,100,1
2396.347,67.152,68.520,58.250,57.000,55.000,57.000,55.000,54.000,53.000,55.000,53.000,54.000,57.203,54.000,57.203,50.000,35.000,36.277,34.996,44.645,43.324,41.020,19.361,0.143,33.263,5612.197,5200.959,5616.000,5200.000,0.000,,,,2,1789724023.737,100,1
2397.351,66.727,68.094,58.062,53.000,53.000,54.000,53.000,52.000,51.000,53.000,52.000,53.000,54.000,52.000,53.516,49.750,35.000,36.258,34.996,44.617,43.289,40.984,8.576,0.068,28.628,5613.422,5202.463,5616.000,5200.000,0.000,,,,2,1789724024.741,100,1
2398.355,66.316,67.684,57.812,52.000,53.000,53.000,52.000,51.000,50.000,52.000,51.000,53.000,53.594,51.000,53.594,49.625,35.000,36.238,34.996,44.590,43.258,40.953,13.229,0.083,24.208,5612.897,5203.064,5616.000,5200.000,0.000,,,,2,1789724025.743,100,1
2399.359,65.875,67.242,57.438,52.000,51.000,52.000,51.000,51.000,50.000,52.000,50.000,52.000,52.203,50.000,52.203,49.500,35.000,36.219,34.996,44.566,43.227,40.918,6.475,0.063,22.941,5613.248,5203.139,5616.000,5200.000,0.000,,,,2,1789724026.747,100,1
2400.363,65.445,66.812,57.062,51.000,51.000,52.000,51.000,50.000,49.000,51.000,50.000,51.000,52.047,50.000,52.047,49.312,35.000,36.203,34.996,44.539,43.191,40.883,6.004,0.061,19.018,5613.598,5201.335,5616.000,5200.000,0.000,,,,2,1789724027.750,100,1
2401.368,65.039,66.406,56.688,51.000,51.000,53.000,51.000,50.000,50.000,51.000,50.000,53.000,53.000,50.000,52.516,49.188,35.000,36.148,34.996,44.512,43.152,40.848,9.714,0.068,20.140,5613.510,5203.365,5616.000,5200.000,0.000,,,,2,1789724028.756,100,1
2402.369,64.680,66.047,56.438,52.000,51.000,53.000,52.000,51.000,50.000,51.000,50.000,51.000,53.500,51.000,53.500,49.000,35.000,36.133,34.996,44.484,43.117,40.812,11.872,0.075,22.738,5614.473,5203.515,5616.000,5200.000,0.000,,,,2,1789724029.758,100,1
2403.374,64.285,65.652,56.312,51.000,50.000,52.000,51.000,50.000,49.000,51.000,49.000,51.000,52.062,49.000,52.062,48.938,35.000,36.117,34.996,44.457,43.082,40.777,7.936,0.064,24.131,5614.561,5202.312,5616.000,5200.000,0.000,,,,2,1789724030.762,100,1
2404.378,63.891,65.258,55.938,51.000,50.000,51.000,50.000,50.000,49.000,51.000,49.000,51.000,51.641,49.000,51.641,48.562,35.000,36.102,34.996,44.426,43.047,40.742,7.059,0.061,20.476,5614.298,5201.937,5616.000,5200.000,0.000,,,,2,1789724031.766,100,1
2405.383,63.504,64.871,55.625,50.000,50.000,51.000,50.000,50.000,49.000,50.000,49.000,51.000,51.531,49.000,51.531,48.438,35.000,36.086,34.996,44.398,43.004,40.703,6.996,0.062,19.409,5613.072,5202.989,5616.000,5200.000,0.000,,,,2,1789724032.772,100,1
2406.385,63.113,64.480,55.375,50.000,49.000,51.000,49.000,49.000,49.000,50.000,49.000,50.000,51.031,49.000,51.031,48.250,35.000,36.074,34.996,44.367,42.965,40.668,7.080,0.065,19.151,5614.823,5201.410,5616.000,5200.000,0.000,,,,2,1789724033.773,100,1
2407.390,62.715,64.082,54.875,50.000,49.000,50.000,49.000,50.000,48.000,50.000,49.000,50.000,50.328,48.000,50.328,48.188,35.000,36.059,34.996,44.340,42.926,40.629,6.474,0.065,19.629,5615.261,5200.734,5616.000,5200.000,0.000,,,,2,1789724034.777,100,1
2408.393,62.340,63.707,54.750,50.000,50.000,51.000,50.000,49.000,49.000,50.000,49.000,50.000,51.000,49.000,50.719,47.875,35.000,36.047,34.996,44.309,42.887,40.594,7.680,0.066,19.084,5615.524,5202.838,5616.000,5200.000,0.000,,,,2,1789724035.781,100,1
2409.394,61.980,63.348,54.375,50.000,49.000,52.000,50.000,50.000,48.000,50.000,49.000,50.000,52.000,49.000,50.797,47.938,35.000,36.031,34.996,44.281,42.844,40.555,7.296,0.066,20.279,5616.049,5164.993,5616.000,5200.000,0.000,,,,2,1789724036.783,100,1
2410.398,61.609,62.977,54.250,49.000,49.000,50.000,49.000,48.000,48.000,49.000,48.000,50.000,50.109,48.000,50.109,47.688,35.000,36.020,34.996,44.250,42.805,40.523,6.529,0.063,19.843,5572.842,5203.515,5616.000,5200.000,0.000,,,,2,1789724037.786,100,1
2411.403,61.270,62.637,54.062,50.000,50.000,52.000,50.000,48.000,48.000,50.000,50.000,50.000,52.000,49.000,50.750,47.500,35.000,35.977,34.996,44.219,42.766,40.488,7.599,0.066,18.933,5614.736,5203.139,5616.000,5200.000,0.000,,,,2,1789724038.790,100,1
2412.406,60.949,62.316,53.750,50.000,49.000,51.000,50.000,49.000,48.000,50.000,49.000,50.000,51.078,49.000,51.078,47.438,35.000,35.965,34.996,44.188,42.723,40.449,10.366,0.070,20.029,5617.013,5202.538,5616.000,5200.000,0.000,,,,2,1789724039.793,100,1
2413.408,60.625,61.992,53.625,50.000,49.000,50.000,50.000,49.000,48.000,49.000,48.000,50.000,50.516,48.000,50.516,47.250,35.000,35.953,34.996,44.160,42.680,40.410,8.513,0.066,22.784,5616.838,5201.937,5616.000,5200.000,0.000,,,,2,1789724040.798,100,1
2414.412,60.328,61.695,53.375,51.000,51.000,51.000,51.000,50.000,49.000,50.000,49.000,50.000,51.172,49.000,51.172,47.125,35.000,35.941,34.996,44.129,42.637,40.371,9.245,0.069,21.102,5617.540,5204.794,5616.000,5200.000,0.000,,,,2,1789724041.802,100,1
2415.417,60.008,61.375,53.375,49.000,48.000,50.000,49.000,48.000,47.000,49.000,48.000,49.000,50.047,48.000,50.047,47.062,35.000,35.930,34.996,44.098,42.594,40.336,8.556,0.066,21.770,5618.416,5203.440,5616.000,5200.000,0.000,,,,2,1789724042.804,100,1
2416.420,59.719,61.086,53.000,51.000,50.000,52.000,50.000,49.000,48.000,49.000,49.000,50.000,52.000,49.000,50.719,46.875,35.000,35.922,34.996,44.066,42.551,40.297,10.851,0.078,21.163,5616.312,5203.590,5616.000,5200.000,0.000,,,,2,1789724043.808,100,1
2417.423,59.445,60.812,52.875,52.000,51.000,52.000,51.000,49.000,49.000,50.000,48.000,50.000,52.000,50.000,50.969,46.750,35.000,35.910,34.996,44.035,42.504,40.258,8.969,0.068,24.861,5617.714,5200.734,5616.000,5200.000,0.000,,,,2,1789724044.810,100,1
2418.428,59.137,60.504,52.812,50.000,49.000,50.000,49.000,48.000,47.000,49.000,47.000,50.000,50.000,48.000,49.656,46.750,35.000,35.898,34.996,44.004,42.465,40.223,9.410,0.069,21.822,5619.118,5183.138,5616.000,5200.000,0.000,,,,2,1789724045.820,100,1
2419.431,58.824,60.191,52.562,49.000,49.000,49.000,48.000,48.000,47.000,48.000,47.000,48.000,49.109,47.000,49.109,46.625,35.000,35.891,34.996,43.973,42.418,40.184,6.019,0.060,21.798,5618.328,5203.440,5616.000,5200.000,0.000,,,,2,1789724046.820,100,1
2420.435,58.520,59.887,52.250,49.000,49.000,49.000,48.000,47.000,46.000,48.000,47.000,49.000,49.016,47.000,49.016,46.438,35.000,35.883,34.996,43.941,42.375,40.145,5.905,0.059,18.512,5619.293,5166.401,5616.000,5200.000,0.000,,,,2,1789724047.824,100,1
2421.440,58.254,59.551,52.000,50.000,51.000,53.000,49.000,52.000,48.000,50.000,47.000,49.000,53.000,48.000,50.109,46.312,35.000,35.844,34.996,43.906,42.332,40.109,6.812,0.061,18.254,5617.714,5202.989,5616.000,5200.000,0.000,,,,2,1789724048.827,100,1
2422.444,58.012,59.309,52.062,49.000,49.000,49.000,49.000,47.000,47.000,48.000,47.000,49.000,50.453,48.000,50.453,46.312,35.000,35.836,34.996,43.875,42.289,40.070,12.240,0.088,19.753,5620.258,5204.343,5609.000,5194.000,0.000,,,,2,1789724049.833,100,1
2423.448,57.793,59.090,51.812,49.000,50.000,50.000,49.000,48.000,47.000,49.000,49.000,50.000,50.984,48.000,50.984,46.062,35.000,35.828,34.996,43.844,42.242,40.031,10.272,0.079,25.084,5641.484,5166.475,5586.000,5173.000,0.000,,,,2,1789724050.836,100,1
2424.452,57.570,58.867,51.812,48.000,49.000,49.000,49.000,47.000,48.000,49.000,47.000,51.000,51.000,48.000,50.766,46.125,35.000,35.820,34.996,43.809,42.199,39.996,13.197,0.075,22.398,5597.711,5165.808,5560.000,5149.000,0.000,,,,2,1789724051.838,100,1
2425.457,57.438,58.734,51.750,52.000,51.000,51.000,51.000,50.000,49.000,50.000,49.000,52.000,53.219,49.000,53.219,46.062,35.000,35.812,34.996,43.777,42.156,39.957,21.701,0.133,27.900,5598.320,5149.920,5538.000,5128.000,0.000,,,,2,1789724052.844,100,1
2426.460,57.234,58.531,51.688,49.000,49.000,50.000,49.000,50.000,48.000,50.000,49.000,50.000,51.047,49.000,51.047,46.062,35.000,35.805,34.996,43.746,42.113,39.918,15.806,0.088,33.577,5556.156,5149.109,5514.000,5106.000,0.000,,,,2,1789724053.847,100,1
2427.463,57.051,58.348,51.812,49.000,49.000,52.000,50.000,49.000,48.000,49.000,48.000,51.000,52.000,48.000,51.344,45.938,35.000,35.797,34.996,43.711,42.074,39.879,14.922,0.081,27.816,5534.119,5112.111,5489.000,5083.000,0.000,,,,2,1789724054.850,100,1
2428.465,56.895,58.191,51.688,51.000,51.000,52.000,52.000,50.000,49.000,49.000,49.000,52.000,52.016,50.000,52.016,45.938,35.000,35.789,34.996,43.680,42.035,39.840,17.141,0.091,27.758,5535.226,5078.505,5465.000,5061.000,0.000,,,,2,1789724055.855,100,1
2429.467,56.715,58.012,51.688,49.000,49.000,50.000,49.000,48.000,47.000,49.000,48.000,51.000,51.172,48.000,51.172,45.938,35.000,35.781,34.996,43.645,41.996,39.805,15.622,0.083,29.714,5451.242,5043.218,5439.000,5037.000,0.000,,,,2,1789724056.855,100,1
2430.472,56.562,57.859,51.688,50.000,50.000,52.000,51.000,50.000,48.000,50.000,49.000,52.000,52.000,49.000,51.812,45.812,35.000,35.777,34.996,43.613,41.957,39.770,16.174,0.088,28.576,5412.069,5042.864,5417.000,5016.000,0.000,,,,2,1789724057.859,100,1
2431.476,56.410,57.641,51.688,49.000,48.000,49.000,49.000,48.000,47.000,49.000,48.000,51.000,51.656,48.000,51.656,45.875,35.000,35.738,34.996,43.578,41.918,39.730,15.703,0.087,28.558,5412.069,5041.875,5391.000,4992.000,0.000,,,,2,1789724058.863,100,1
2432.478,56.305,57.535,51.688,49.000,49.000,50.000,49.000,49.000,48.000,49.000,49.000,51.000,53.109,49.000,53.109,45.875,35.000,35.730,34.996,43.547,41.883,39.691,19.419,0.120,29.409,5411.906,4991.196,5367.000,4970.000,0.000,,,,2,1789724059.865,100,1
2433.480,56.160,57.391,51.750,48.000,49.000,50.000,49.000,48.000,47.000,49.000,49.000,51.000,51.609,48.000,51.609,45.750,35.000,35.727,34.996,43.512,41.844,39.656,16.130,0.081,32.972,5372.653,4957.585,5341.000,4946.000,0.000,,,,2,1789724060.869,100,1
2434.482,56.004,57.234,51.750,49.000,49.000,50.000,49.000,49.000,48.000,49.000,49.000,53.000,53.000,49.000,51.188,45.875,35.000,35.719,34.996,43.480,41.809,39.621,14.242,0.072,26.830,5351.648,5006.815,5319.000,4925.000,0.000,,,,2,1789724061.870,100,1
2435.485,55.906,57.137,51.750,49.000,49.000,49.000,49.000,48.000,48.000,49.000,49.000,51.000,52.859,48.000,52.859,45.875,35.000,35.715,34.996,43.445,41.773,39.582,17.887,0.083,26.522,5372.012,4940.779,5293.000,4901.000,0.000,,,,2,1789724062.872,100,1
2436.489,55.781,57.012,51.750,49.000,49.000,50.000,49.000,48.000,48.000,49.000,48.000,51.000,51.906,48.000,51.906,45.750,35.000,35.707,34.996,43.414,41.738,39.547,16.046,0.079,30.439,5293.806,4923.952,5269.000,4879.000,0.000,,,,2,1789724063.876,100,1
2437.491,55.648,56.879,51.750,49.000,48.000,49.000,49.000,48.000,47.000,49.000,49.000,50.000,51.578,47.000,51.578,45.812,35.000,35.703,34.996,43.379,41.703,39.508,16.521,0.082,28.584,5292.639,4923.885,5243.000,4855.000,0.000,,,,2,1789724064.879,100,1
2438.495,55.543,56.773,51.812,56.000,51.000,53.000,51.000,50.000,49.000,50.000,49.000,51.000,56.000,50.000,52.250,45.688,35.000,35.695,34.996,43.348,41.668,39.473,18.179,0.098,29.755,5273.489,4892.567,5219.000,4833.000,0.000,,,,2,1789724065.882,100,1
2439.498,55.492,56.598,51.812,54.000,52.000,55.000,55.000,52.000,52.000,51.000,50.000,54.000,55.000,52.000,53.859,45.750,35.000,35.691,34.996,43.316,41.633,39.434,22.613,0.124,32.949,5275.808,4860.267,5195.000,4811.000,0.000,,,,2,1789724066.884,100,1
2440.502,55.422,56.527,51.812,50.000,50.000,52.000,51.000,50.000,49.000,50.000,49.000,53.000,53.250,50.000,53.250,45.750,35.000,35.688,34.996,43.285,41.602,39.402,22.647,0.126,36.043,5237.506,4826.255,5172.000,4789.000,0.000,,,,2,1789724067.891,100,1
2441.505,55.312,56.309,51.938,59.000,49.000,52.000,51.000,50.000,49.000,51.000,50.000,51.000,59.000,50.000,51.969,45.750,35.000,35.656,34.996,43.254,41.570,39.367,14.111,0.073,32.489,5180.825,4826.514,5148.000,4767.000,0.000,,,,2,1789724068.892,100,1
2442.508,55.234,56.129,51.938,51.000,50.000,52.000,52.000,50.000,49.000,50.000,49.000,52.000,52.844,49.000,52.844,45.812,35.000,35.652,34.996,43.223,41.539,39.336,20.665,0.123,27.866,5143.812,4795.652,5124.000,4745.000,0.000,,,,2,1789724069.897,100,1
2443.510,55.133,56.027,51.938,50.000,50.000,51.000,50.000,49.000,48.000,50.000,48.000,52.000,52.000,48.000,51.938,45.688,35.000,35.645,34.996,43.191,41.508,39.297,16.095,0.083,32.238,5144.842,4795.269,5100.000,4723.000,0.000,,,,2,1789724070.896,100,1
2444.514,55.125,56.020,51.938,50.000,50.000,52.000,51.000,50.000,49.000,50.000,49.000,52.000,54.844,49.000,54.844,45.750,35.000,35.641,34.996,43.156,41.477,39.262,21.907,0.138,30.397,5126.599,4749.027,5074.000,4699.000,0.000,,,,2,1789724071.904,100,1
2445.519,55.020,55.914,52.000,50.000,50.000,51.000,51.000,49.000,48.000,50.000,48.000,52.000,52.000,49.000,51.766,45.688,35.000,35.637,34.996,43.125,41.445,39.230,14.586,0.075,32.886,5125.869,4748.964,5051.000,4677.000,0.000,,,,2,1789724072.907,100,1
2446.523,54.914,55.809,51.812,51.000,50.000,51.000,51.000,50.000,49.000,49.000,49.000,52.000,52.000,50.000,51.625,45.750,35.000,35.633,34.996,43.098,41.418,39.199,15.193,0.080,26.939,5072.709,4687.378,5029.000,4657.000,0.000,,,,2,1789724073.909,100,1
2447.526,54.824,55.719,51.938,49.000,49.000,50.000,49.000,49.000,53.000,49.000,49.000,51.000,53.000,49.000,52.062,45.625,35.000,35.629,34.996,43.062,41.383,39.164,19.172,0.104,28.579,5038.488,4628.499,5002.000,4632.000,0.000,,,,2,1789724074.913,100,1
2448.528,54.969,55.863,52.000,52.000,52.000,54.000,53.000,52.000,51.000,52.000,50.000,52.000,58.344,51.000,58.344,45.812,35.000,35.625,34.996,43.035,41.355,39.129,37.872,0.180,45.040,5037.501,4673.322,4980.000,4612.000,0.000,,,,2,1789724075.914,100,1
2449.533,54.910,55.805,52.250,51.000,50.000,52.000,51.000,50.000,49.000,50.000,49.000,50.000,53.109,49.000,53.109,45.875,35.000,35.621,34.996,43.004,41.328,39.098,20.604,0.127,38.470,5004.657,4615.917,4957.000,4590.000,0.000,,,,2,1789724076.922,100,1
2450.535,54.781,55.676,52.312,49.000,49.000,50.000,49.000,48.000,48.000,49.000,48.000,49.000,50.859,48.000,50.859,45.938,35.000,35.617,34.996,42.973,41.301,39.066,11.339,0.073,31.229,4969.287,4614.557,4933.000,4568.000,0.000,,,,2,1789724077.924,100,1
2451.539,54.633,55.527,52.188,49.000,48.000,50.000,49.000,48.000,47.000,49.000,47.000,49.000,50.016,48.000,50.016,46.000,35.000,35.594,34.996,42.941,41.270,39.035,8.470,0.066,23.387,4952.334,4571.893,4908.000,4545.000,0.000,,,,2,1789724078.926,100,1
2452.544,54.477,55.371,51.938,49.000,48.000,49.000,48.000,48.000,47.000,48.000,48.000,49.000,49.656,48.000,49.656,45.875,35.000,35.590,34.996,42.914,41.242,39.004,9.821,0.073,20.760,4919.579,4572.125,4887.000,4525.000,0.000,,,,2,1789724079.936,100,1
2453.549,54.316,55.211,51.812,48.000,48.000,49.000,48.000,47.000,47.000,48.000,48.000,48.000,49.281,47.000,49.281,45.812,35.000,35.586,34.996,42.883,41.207,38.969,8.817,0.062,21.730,4936.443,4558.116,4863.000,4503.000,0.000,,,,2,1789724080.938,100,1
2454.553,54.148,55.043,51.625,48.000,48.000,48.000,48.000,47.000,46.000,48.000,48.000,49.000,49.000,47.000,48.969,45.562,35.000,35.582,34.996,42.852,41.180,38.941,7.410,0.061,20.769,4869.273,4531.437,4838.000,4480.000,0.000,,,,2,1789724081.940,100,1
2455.555,54.020,54.914,51.438,49.000,48.000,50.000,49.000,47.000,47.000,48.000,47.000,49.000,50.016,48.000,50.016,45.500,35.000,35.578,34.996,42.824,41.148,38.910,12.205,0.072,21.125,4869.998,4532.007,4816.000,4460.000,0.000,,,,2,1789724082.941,100,1
2456.556,53.938,54.832,51.438,49.000,49.000,51.000,51.000,49.000,49.000,50.000,51.000,52.000,52.000,49.000,51.406,45.438,35.000,35.574,34.996,42.793,41.117,38.879,15.825,0.081,22.701,4821.536,4462.183,4793.000,4438.000,0.000,,,,2,1789724083.942,100,1
2457.559,53.883,54.777,51.375,51.000,50.000,52.000,52.000,50.000,49.000,50.000,49.000,53.000,53.000,50.000,52.203,45.375,35.000,35.574,34.996,42.762,41.090,38.848,18.851,0.094,28.230,4820.955,4475.608,4768.000,4415.000,0.000,,,,2,1789724084.946,100,1
2458.561,53.867,54.762,51.438,49.000,50.000,51.000,51.000,49.000,49.000,50.000,49.000,51.000,53.406,49.000,53.406,45.375,35.000,35.570,34.996,42.734,41.059,38.820,23.450,0.142,32.331,4789.463,4420.595,4746.000,4395.000,0.000,,,,2,1789724085.947,100,1
2459.563,56.816,58.508,51.625,65.000,61.000,67.000,66.000,68.000,65.000,67.000,67.000,57.000,68.000,57.000,65.672,45.500,35.000,35.566,34.996,42.703,41.031,38.793,39.871,0.202,45.205,4774.409,4450.158,4721.000,4372.000,0.000,,,,2,1789724086.951,100,1
2460.566,59.434,61.742,52.562,68.000,64.000,70.000,69.000,67.000,67.000,67.000,66.000,60.000,70.000,58.000,67.281,45.562,35.000,35.566,34.996,42.676,41.008,38.766,58.952,0.256,70.391,4743.146,4408.091,4700.000,4352.000,0.000,,,,2,1789724087.952,100,1
2461.570,60.910,63.430,53.250,59.000,57.000,66.000,60.000,58.000,55.000,55.000,52.000,56.000,66.000,56.000,65.344,46.000,35.000,35.539,34.996,42.648,40.980,38.734,47.878,0.295,61.841,4727.512,4331.400,4677.000,4331.000,0.000,,,,2,1789724088.959,100,1
2462.573,63.379,66.387,53.562,65.000,63.000,74.000,70.000,68.000,66.000,68.000,66.000,56.000,74.000,58.000,70.781,46.312,35.000,35.535,34.996,42.617,40.957,38.707,47.087,0.298,57.106,4697.837,4329.629,4653.000,4309.000,0.000,,,,2,1789724089.963,100,1
2463.577,64.797,67.930,54.188,60.000,57.000,65.000,60.000,56.000,56.000,55.000,54.000,55.000,69.047,56.000,69.047,46.500,35.000,35.535,34.996,42.590,40.934,38.680,37.540,0.220,56.473,4714.016,4317.064,4631.000,4288.000,0.000,,,,2,1789724090.964,100,1
2464.580,64.484,67.305,54.438,51.000,50.000,52.000,51.000,51.000,50.000,52.000,51.000,52.000,54.891,50.000,54.891,46.625,35.000,35.531,34.996,42.562,40.910,38.652,22.227,0.171,38.811,4653.447,4316.599,4609.000,4268.000,0.000,,,,2,1789724091.967,100,1
2465.584,64.125,66.660,54.250,51.000,51.000,52.000,51.000,50.000,49.000,51.000,49.000,51.000,52.969,50.000,52.969,46.875,35.000,35.531,34.996,42.535,40.887,38.625,11.814,0.090,29.371,4593.477,4293.022,4586.000,4247.000,0.000,,,,2,1789724092.971,100,1
2466.588,63.730,66.266,53.875,50.000,50.000,51.000,50.000,50.000,49.000,50.000,49.000,51.000,51.516,49.000,51.516,46.875,35.000,35.527,34.996,42.508,40.863,38.602,8.725,0.065,22.806,4624.575,4254.464,4565.000,4227.000,0.000,,,,2,1789724093.977,100,1
2467.588,63.457,65.992,53.688,53.000,52.000,52.000,52.000,51.000,50.000,51.000,49.000,52.000,54.984,51.000,54.984,46.750,35.000,35.527,34.996,42.480,40.840,38.578,12.895,0.087,22.754,4564.416,4253.961,4542.000,4206.000,0.000,,,,2,1789724094.975,100,1
2468.589,63.105,65.641,53.500,50.000,50.000,51.000,50.000,49.000,49.000,50.000,49.000,50.000,52.156,49.000,52.156,46.750,35.000,35.523,34.996,42.453,40.816,38.551,11.154,0.071,25.573,4521.875,4217.037,4519.000,4185.000,0.000,,,,2,1789724095.975,100,1
2469.592,62.922,65.457,53.312,53.000,52.000,54.000,53.000,52.000,51.000,52.000,51.000,52.000,57.281,51.000,57.281,46.625,35.000,35.523,34.996,42.426,40.797,38.527,20.741,0.132,27.540,4536.519,4193.898,4498.000,4165.000,0.000,,,,2,1789724096.982,100,1
2470.593,62.555,65.090,53.250,50.000,49.000,50.000,49.000,49.000,48.000,49.000,49.000,50.000,51.078,48.000,51.078,46.562,35.000,35.520,34.996,42.402,40.773,38.504,8.165,0.066,31.000,4509.188,4182.351,4477.000,4146.000,0.000,,,,2,1789724097.980,100,1
2471.594,62.234,64.770,53.000,50.000,50.000,51.000,50.000,49.000,48.000,50.000,49.000,53.000,53.000,50.000,52.391,46.375,35.000,35.496,34.996,42.375,40.750,38.480,10.205,0.069,20.245,4507.945,4158.388,4456.000,4126.000,0.000,,,,2,1789724098.982,100,1
2472.597,61.871,64.406,52.875,49.000,48.000,49.000,48.000,48.000,47.000,49.000,48.000,50.000,50.547,48.000,50.547,46.312,35.000,35.492,34.996,42.348,40.727,38.457,9.527,0.072,21.862,4494.550,4147.465,4433.000,4105.000,0.000,,,,2,1789724099.989,100,1
2473.602,61.492,64.027,52.688,50.000,49.000,50.000,49.000,48.000,49.000,49.000,48.000,49.000,50.000,48.000,49.828,46.188,35.000,35.492,34.996,42.324,40.707,38.434,6.022,0.061,21.300,4467.499,4122.578,4412.000,4086.000,0.000,,,,2,1789724100.994,100,1
2474.606,61.105,63.641,52.250,48.000,48.000,48.000,48.000,47.000,46.000,48.000,51.000,49.000,51.000,47.000,49.062,46.188,35.000,35.488,34.996,42.301,40.684,38.414,4.664,0.055,17.355,4439.840,4078.165,4392.000,4067.000,0.000,,,,2,1789724101.996,100,1
2475.606,60.723,63.258,52.125,48.000,47.000,48.000,48.000,47.000,46.000,48.000,47.000,48.000,48.859,46.000,48.859,46.000,35.000,35.488,34.996,42.273,40.656,38.391,4.495,0.054,15.877,4426.248,4088.307,4370.000,4047.000,0.000,,,,2,1789724103.001,100,1
2476.608,60.406,62.941,51.750,55.000,50.000,51.000,53.000,48.000,48.000,48.000,47.000,48.000,55.000,50.000,50.641,45.875,35.000,35.484,34.996,42.250,40.629,38.367,5.667,0.057,15.349,4386.072,4065.408,4350.000,4028.000,0.000,,,,2,1789724104.001,100,1
2477.609,60.094,62.629,51.688,48.000,47.000,48.000,48.000,47.000,46.000,48.000,47.000,48.000,50.391,47.000,50.391,45.750,35.000,35.484,34.996,42.223,40.605,38.348,12.305,0.080,17.903,4387.248,4054.967,4327.000,4007.000,0.000,,,,2,1789724104.997,100,1
2478.614,59.742,62.277,51.375,48.000,47.000,49.000,47.000,50.000,46.000,48.000,47.000,49.000,50.000,47.000,48.797,45.688,35.000,35.484,34.996,42.199,40.582,38.328,5.001,0.057,23.159,4360.518,4032.529,4307.000,3988.000,0.000,,,,2,1789724106.004,100,1
2479.619,59.391,61.926,51.188,47.000,47.000,48.000,47.000,46.000,45.000,48.000,47.000,49.000,49.000,46.000,48.500,45.500,35.000,35.480,34.996,42.172,40.555,38.309,4.906,0.055,16.487,4321.469,3968.429,4285.000,3968.000,0.000,,,,2,1789724107.008,100,1
2480.622,59.043,61.578,50.875,47.000,47.000,47.000,46.000,46.000,46.000,47.000,46.000,48.000,48.297,45.000,48.297,45.375,35.000,35.480,34.996,42.148,40.531,38.289,4.459,0.054,16.149,4269.956,3977.681,4264.000,3949.000,0.000,,,,2,1789724108.013,100,1
2481.623,58.699,61.234,50.812,47.000,47.000,47.000,46.000,46.000,45.000,47.000,47.000,48.000,48.047,46.000,48.047,45.312,35.000,35.457,34.996,42.125,40.504,38.266,4.612,0.053,15.623,4270.868,3967.248,4244.000,3930.000,0.000,,,,2,1789724109.011,100,1
2482.628,58.363,60.898,50.562,47.000,46.000,47.000,46.000,45.000,45.000,47.000,46.000,48.000,48.000,45.000,47.969,45.062,35.000,35.453,34.996,42.102,40.480,38.246,4.472,0.053,15.429,4258.541,3926.316,4223.000,3911.000,0.000,,,,2,1789724110.014,100,1
2483.631,58.309,60.844,50.312,49.000,48.000,50.000,49.000,47.000,47.000,48.000,47.000,48.000,56.578,48.000,56.578,45.062,35.000,35.453,34.996,42.074,40.449,38.223,12.509,0.089,16.917,4233.053,3924.690,4201.000,3890.000,0.000,,,,2,1789724111.025,100,1
2484.632,57.996,60.531,50.312,47.000,46.000,47.000,46.000,46.000,45.000,47.000,47.000,48.000,48.297,45.000,48.297,45.125,35.000,35.453,34.996,42.051,40.426,38.207,4.805,0.056,23.117,4221.487,3915.086,4181.000,3872.000,0.000,,,,2,1789724112.022,100,1
2485.633,57.684,60.219,50.062,47.000,46.000,47.000,46.000,45.000,45.000,47.000,46.000,48.000,48.016,45.000,48.016,44.750,35.000,35.449,34.996,42.023,40.398,38.188,5.472,0.059,16.100,4196.929,3873.383,4159.000,3851.000,0.000,,,,2,1789724113.024,100,1
2486.638,57.406,59.941,49.875,47.000,47.000,48.000,46.000,46.000,45.000,47.000,47.000,48.000,48.750,46.000,48.750,44.750,35.000,35.449,34.996,42.000,40.371,38.168,8.425,0.063,16.232,4161.128,3863.407,4138.000,3832.000,0.000,,,,2,1789724114.027,100,1
2487.643,57.258,59.543,49.812,52.000,49.000,83.000,52.000,51.000,49.000,48.000,47.000,48.000,83.000,50.000,52.688,44.812,35.000,35.449,34.996,41.977,40.348,38.148,7.296,0.060,19.823,4161.321,3832.845,4118.000,3813.000,0.000,,,,2,1789724115.034,100,1
2488.645,56.973,59.027,49.812,47.000,46.000,47.000,46.000,45.000,45.000,47.000,46.000,48.000,48.203,45.000,48.203,44.688,35.000,35.445,34.996,41.949,40.316,38.129,6.730,0.062,18.671,4149.330,3832.845,4095.000,3792.000,0.000,,,,2,1789724116.034,100,1
2489.648,56.703,58.758,49.688,47.000,46.000,47.000,46.000,46.000,44.000,47.000,46.000,47.000,48.281,45.000,48.281,44.500,35.000,35.445,34.996,41.926,40.289,38.109,6.011,0.058,19.987,4113.957,3793.547,4074.000,3773.000,0.000,,,,2,1789724117.039,100,1
2490.651,56.410,58.465,49.375,46.000,46.000,47.000,45.000,45.000,44.000,47.000,46.000,47.000,47.328,45.000,47.328,44.500,35.000,35.445,34.996,41.898,40.266,38.090,4.344,0.055,16.921,4103.125,3774.060,4052.000,3752.000,0.000,,,,2,1789724118.046,100,1
2491.655,56.121,58.176,49.188,47.000,45.000,46.000,45.000,45.000,44.000,46.000,46.000,47.000,47.141,45.000,47.141,44.375,35.000,35.426,34.996,41.875,40.234,38.070,4.284,0.057,15.328,4091.653,3783.500,4031.000,3733.000,0.000,,,,2,1789724119.048,100,1
2492.660,55.836,57.891,49.062,46.000,45.000,47.000,44.000,45.000,44.000,46.000,46.000,47.000,47.078,44.000,47.078,44.188,35.000,35.422,34.996,41.852,40.211,38.051,4.440,0.058,14.922,4056.612,3755.868,4012.000,3715.000,0.000,,,,2,1789724120.052,100,1
2493.665,55.562,57.617,48.938,46.000,46.000,47.000,45.000,45.000,44.000,46.000,46.000,46.000,47.016,44.000,47.016,44.188,35.000,35.422,34.996,41.824,40.184,38.031,4.574,0.057,15.454,4012.573,3726.207,3989.000,3694.000,0.000,,,,2,1789724121.059,100,1
2494.669,55.285,57.340,48.688,46.000,45.000,47.000,44.000,44.000,43.000,46.000,45.000,47.000,47.000,44.000,46.719,44.062,35.000,35.422,34.996,41.801,40.152,38.012,4.234,0.055,15.597,3990.733,3707.671,3969.000,3675.000,0.000,,,,2,1789724122.058,100,1
2495.672,55.023,57.078,48.438,46.000,46.000,46.000,45.000,45.000,43.000,46.000,46.000,46.000,46.922,45.000,46.922,44.000,35.000,35.422,34.996,41.773,40.125,37.992,5.016,0.057,14.795,3978.252,3670.847,3946.000,3654.000,0.000,,,,2,1789724123.060,100,1
2496.673,54.781,56.836,48.375,46.000,46.000,47.000,46.000,45.000,44.000,46.000,45.000,47.000,47.266,45.000,47.266,43.938,35.000,35.422,34.996,41.750,40.098,37.973,6.490,0.061,16.011,3980.276,3669.762,3925.000,3635.000,0.000,,,,2,1789724124.060,100,1
2497.678,54.602,56.656,48.250,47.000,47.000,48.000,47.000,46.000,45.000,47.000,46.000,49.000,49.016,47.000,49.016,43.812,35.000,35.418,34.996,41.723,40.070,37.953,10.737,0.075,17.792,3958.785,3651.930,3903.000,3614.000,0.000,,,,2,1789724125.066,100,1
2498.682,54.387,56.441,48.375,46.000,46.000,48.000,46.000,45.000,45.000,46.000,46.000,46.000,48.000,45.000,47.766,43.750,35.000,35.418,34.996,41.699,40.043,37.934,10.929,0.077,22.647,3894.250,3623.444,3882.000,3595.000,0.000,,,,2,1789724126.069,100,1
2499.687,54.324,56.379,48.438,52.000,51.000,57.000,52.000,51.000,50.000,50.000,49.000,54.000,57.000,50.000,52.359,43.812,35.000,35.418,34.996,41.672,40.016,37.914,22.179,0.118,26.404,3895.472,3598.309,3859.000,3574.000,0.000,,,,2,1789724127.074,100,1
2500.691,54.281,56.129,48.750,53.000,51.000,52.000,52.000,50.000,54.000,52.000,48.000,52.000,54.000,49.000,52.906,43.625,35.000,35.418,34.996,41.648,39.992,37.895,24.694,0.156,34.623,3843.977,3571.535,3839.000,3555.000,0.000,,,,2,1789724128.078,100,1
2501.694,55.293,57.262,48.875,55.000,53.000,56.000,56.000,55.000,53.000,55.000,53.000,53.000,58.328,52.000,58.328,43.938,35.000,35.398,34.996,41.625,39.969,37.875,38.686,0.240,45.488,3853.565,3563.122,3818.000,3536.000,0.000,,,,2,1789724129.080,100,1
2502.698,56.293,58.363,49.188,63.000,55.000,65.000,62.000,53.000,52.000,52.000,59.000,52.000,65.000,52.000,59.297,44.125,35.000,35.395,34.996,41.598,39.949,37.859,25.025,0.153,42.825,3812.832,3553.660,3796.000,3515.000,0.000,,,,2,1789724130.085,100,1
2503.702,57.465,59.680,49.812,57.000,54.000,57.000,55.000,53.000,54.000,55.000,54.000,52.000,60.984,52.000,60.984,44.312,35.000,35.395,34.996,41.574,39.926,37.840,38.967,0.275,47.108,3793.027,3503.547,3775.000,3496.000,0.000,,,,2,1789724131.090,100,1
2504.706,57.391,59.387,50.250,50.000,50.000,52.000,50.000,50.000,49.000,50.000,49.000,49.000,55.156,49.000,55.156,44.438,35.000,35.395,34.996,41.547,39.906,37.820,23.005,0.168,41.649,3782.903,3512.367,3753.000,3475.000,0.000,,,,2,1789724132.094,100,1
2505.710,57.238,59.035,50.250,49.000,49.000,50.000,49.000,48.000,48.000,49.000,48.000,49.000,52.500,48.000,52.500,44.688,35.000,35.395,34.996,41.523,39.883,37.801,18.114,0.106,34.097,3773.783,3487.696,3732.000,3456.000,0.000,,,,2,1789724133.098,100,1
2506.713,57.004,58.801,50.312,48.000,48.000,49.000,48.000,48.000,47.000,48.000,47.000,49.000,49.703,47.000,49.703,44.750,35.000,35.395,34.996,41.500,39.867,37.785,9.729,0.071,27.214,3724.164,3462.671,3711.000,3437.000,0.000,,,,2,1789724134.101,100,1
2507.716,56.750,58.547,50.125,48.000,47.000,48.000,48.000,47.000,46.000,48.000,47.000,49.000,49.000,46.000,48.906,44.812,35.000,35.395,34.996,41.477,39.844,37.766,7.995,0.063,21.357,3734.246,3479.303,3691.000,3418.000,0.000,,,,2,1789724135.103,100,1
2508.720,56.742,58.539,50.000,51.000,51.000,53.000,52.000,50.000,50.000,50.000,49.000,49.000,56.547,50.000,56.547,44.688,35.000,35.391,34.996,41.453,39.828,37.750,16.406,0.125,21.654,3705.686,3438.133,3670.000,3399.000,0.000,,,,2,1789724136.107,100,1
2509.723,56.523,58.320,50.062,48.000,48.000,49.000,48.000,47.000,46.000,48.000,47.000,48.000,49.703,47.000,49.703,44.688,35.000,35.391,34.996,41.430,39.809,37.734,10.899,0.084,27.065,3668.977,3422.378,3650.000,3380.000,0.000,,,,2,1789724137.113,100,1
2510.727,56.297,58.094,49.875,48.000,48.000,48.000,48.000,46.000,46.000,48.000,47.000,48.000,49.250,46.000,49.250,44.812,35.000,35.391,34.996,41.406,39.789,37.715,10.970,0.077,23.357,3640.703,3389.767,3629.000,3361.000,0.000,,,,2,1789724138.114,100,1
2511.728,56.191,57.988,49.938,50.000,49.000,52.000,51.000,50.000,49.000,49.000,48.000,49.000,52.953,49.000,52.953,44.750,35.000,35.371,34.996,41.383,39.773,37.699,15.290,0.116,23.194,3614.531,3359.494,3609.000,3342.000,0.000,,,,2,1789724139.118,100,1
2512.731,56.172,57.969,49.875,52.000,54.000,52.000,53.000,52.000,51.000,51.000,56.000,50.000,56.000,50.000,55.594,44.688,35.000,35.371,34.996,41.359,39.754,37.680,14.757,0.098,26.534,3613.514,3336.299,3588.000,3323.000,0.000,,,,2,1789724140.118,100,1
2513.735,56.043,57.840,50.062,49.000,48.000,50.000,49.000,47.000,47.000,48.000,47.000,49.000,52.000,47.000,52.000,44.812,35.000,35.371,34.996,41.336,39.734,37.668,16.107,0.102,28.900,3605.733,3313.209,3568.000,3304.000,0.000,,,,2,1789724141.122,100,1
2514.738,55.926,57.543,49.938,52.000,50.000,53.000,52.000,51.000,59.000,50.000,49.000,50.000,59.000,49.000,52.312,44.750,35.000,35.371,34.996,41.316,39.719,37.652,10.896,0.074,26.267,3578.351,3305.815,3549.000,3287.000,0.000,,,,2,1789724142.134,100,1
2515.741,61.051,64.043,50.562,69.000,63.000,73.000,67.000,67.000,63.000,67.000,75.000,56.000,76.438,59.000,76.438,44.750,35.000,35.371,34.996,41.293,39.699,37.637,63.636,0.248,61.884,3543.447,3277.017,3529.000,3268.000,0.000,,,,2,1789724143.127,100,1
2516.745,61.582,64.434,51.625,62.000,67.000,58.000,58.000,55.000,59.000,55.000,65.000,53.000,67.000,56.000,63.172,45.000,35.000,35.367,34.996,41.270,39.684,37.621,37.939,0.218,49.500,3543.377,3263.086,3508.000,3249.000,0.000,,,,2,1789724144.132,100,1
2517.749,64.461,67.891,52.062,73.000,66.000,75.000,71.000,72.000,68.000,69.000,69.000,57.000,75.000,60.000,73.094,45.312,35.000,35.367,34.996,41.250,39.668,37.605,52.054,0.281,65.795,3517.686,3263.057,3489.000,3231.000,0.000,,,,2,1789724145.135,100,1
2518.752,66.336,69.988,53.125,61.000,58.000,66.000,61.000,68.000,58.000,60.000,57.000,55.000,71.969,57.000,71.969,45.812,35.000,35.367,34.996,41.227,39.656,37.594,58.969,0.280,64.466,3493.009,3255.238,3468.000,3212.000,0.000,,,,2,1789724146.139,100,1
2519.757,67.809,71.535,53.312,71.000,64.000,73.000,69.000,71.000,68.000,68.000,68.000,57.000,73.000,60.000,72.219,46.125,35.000,35.367,34.996,41.207,39.641,37.582,37.355,0.185,54.462,3459.210,3226.645,3451.000,3196.000,0.000,,,,2,1789724147.143,100,1
2520.762,67.742,71.098,53.750,62.000,55.000,57.000,55.000,54.000,53.000,54.000,53.000,53.000,65.750,53.000,65.750,46.375,35.000,35.367,34.996,41.188,39.629,37.566,33.632,0.215,45.249,3483.410,3206.156,3436.000,3182.000,0.000,,,,2,1789724148.149,100,1
2521.763,67.281,70.301,53.688,51.000,51.000,52.000,51.000,51.000,49.000,51.000,50.000,51.000,53.047,50.000,53.047,46.625,35.000,35.352,34.996,41.168,39.617,37.555,9.490,0.069,35.197,3450.755,3191.801,3422.000,3169.000,0.000,,,,2,1789724149.155,100,1
2522.764,66.828,69.848,53.375,51.000,51.000,52.000,51.000,51.000,49.000,51.000,50.000,51.000,52.750,50.000,52.750,46.750,35.000,35.352,34.996,41.145,39.609,37.543,11.868,0.069,22.844,3426.287,3177.714,3409.000,3157.000,0.000,,,,2,1789724150.157,100,1
2523.765,66.355,69.375,53.062,50.000,50.000,52.000,50.000,52.000,49.000,51.000,50.000,51.000,52.000,49.000,51.688,46.562,35.000,35.352,34.996,41.125,39.598,37.531,8.133,0.061,21.224,3426.646,3156.206,3394.000,3143.000,0.000,,,,2,1789724151.156,100,1
2524.765,65.891,68.910,52.688,50.000,50.000,51.000,50.000,50.000,49.000,50.000,49.000,51.000,51.516,49.000,51.516,46.562,35.000,35.352,34.996,41.105,39.590,37.523,7.833,0.060,19.486,3394.273,3143.336,3381.000,3131.000,0.000,,,,2,1789724152.157,100,1
2525.767,65.578,68.598,52.500,55.000,54.000,55.000,55.000,54.000,53.000,56.000,53.000,52.000,56.000,53.000,55.781,46.438,35.000,35.352,34.996,41.090,39.582,37.516,13.753,0.105,20.669,3385.781,3136.872,3368.000,3119.000,0.000,,,,2,1789724153.155,100,1
2526.769,65.246,68.266,52.500,52.000,53.000,53.000,54.000,53.000,50.000,51.000,50.000,51.000,54.953,52.000,54.953,46.438,35.000,35.352,34.996,41.070,39.570,37.504,15.498,0.120,24.575,3377.744,3096.987,3353.000,3105.000,0.000,,,,2,1789724154.155,100,1
2527.773,65.023,68.043,52.500,55.000,53.000,54.000,53.000,52.000,51.000,51.000,50.000,51.000,58.156,52.000,58.156,46.375,35.000,35.348,34.996,41.051,39.562,37.496,17.243,0.120,27.565,3377.554,3123.807,3340.000,3093.000,0.000,,,,2,1789724155.162,100,1
2528.774,64.625,67.645,52.438,50.000,49.000,51.000,50.000,50.000,49.000,50.000,49.000,50.000,52.266,49.000,52.266,46.312,35.000,35.348,34.996,41.035,39.555,37.484,10.300,0.077,27.299,3355.298,3078.871,3327.000,3081.000,0.000,,,,2,1789724156.161,100,1
2529.779,64.289,67.309,52.250,51.000,51.000,52.000,52.000,51.000,50.000,52.000,49.000,51.000,53.859,50.000,53.859,46.188,35.000,35.348,34.996,41.016,39.547,37.480,12.975,0.089,23.110,3339.611,3096.401,3314.000,3069.000,0.000,,,,2,1789724157.165,100,1
2530.783,63.887,66.906,52.312,51.000,49.000,51.000,49.000,50.000,48.000,50.000,49.000,50.000,51.484,49.000,51.484,46.250,35.000,35.348,34.996,40.996,39.543,37.469,11.794,0.091,25.689,3309.493,3084.701,3302.000,3058.000,0.000,,,,2,1789724158.170,100,1
2531.783,63.469,66.488,52.125,49.000,49.000,50.000,49.000,49.000,48.000,49.000,48.000,50.000,50.469,49.000,50.469,46.250,35.000,35.328,34.996,40.980,39.535,37.465,8.748,0.062,22.550,3301.571,3052.115,3289.000,3046.000,0.000,,,,2,1789724159.173,100,1
2532.787,63.051,66.070,51.812,49.000,49.000,50.000,49.000,48.000,47.000,49.000,48.000,49.000,50.125,48.000,50.125,46.062,35.000,35.328,34.996,40.965,39.527,37.457,7.343,0.058,19.723,3294.260,3033.112,3276.000,3034.000,0.000,,,,2,1789724160.175,100,1
2533.791,62.641,65.660,51.625,49.000,48.000,50.000,49.000,48.000,47.000,49.000,48.000,50.000,50.000,48.000,49.938,46.062,35.000,35.328,34.996,40.945,39.520,37.453,7.733,0.057,18.510,3293.205,3033.188,3263.000,3022.000,0.000,,,,2,1789724161.183,100,1
2534.792,62.242,65.262,51.625,48.000,48.000,49.000,49.000,47.000,47.000,49.000,48.000,49.000,49.891,48.000,49.891,45.875,35.000,35.328,34.996,40.930,39.516,37.445,7.563,0.057,18.894,3278.719,3020.261,3251.000,3011.000,0.000,,,,2,1789724162.180,100,1
2535.796,61.859,64.879,51.312,51.000,50.000,54.000,51.000,50.000,49.000,51.000,50.000,49.000,54.000,49.000,50.000,45.875,35.000,35.328,34.996,40.914,39.508,37.441,8.690,0.060,19.033,3264.714,3002.452,3238.000,2999.000,0.000,,,,2,1789724163.187,100,1
2536.798,61.520,64.539,51.375,49.000,48.000,50.000,48.000,48.000,47.000,49.000,49.000,49.000,51.016,48.000,51.016,45.750,35.000,35.328,34.996,40.895,39.500,37.434,14.186,0.101,20.816,3242.367,3001.501,3225.000,2987.000,0.000,,,,2,1789724164.189,100,1
2537.801,61.148,64.168,51.125,49.000,48.000,49.000,48.000,47.000,46.000,48.000,48.000,49.000,49.562,47.000,49.562,45.625,35.000,35.328,34.996,40.879,39.492,37.430,7.576,0.058,24.051,3241.725,2971.621,3213.000,2975.000,0.000,,,,2,1789724165.187,100,1
2538.804,61.340,64.359,51.250,54.000,54.000,55.000,55.000,53.000,52.000,53.000,51.000,51.000,65.375,52.000,65.375,45.562,35.000,35.328,34.996,40.863,39.484,37.422,27.726,0.171,24.198,3235.432,2990.530,3200.000,2963.000,0.000,,,,2,1789724166.193,100,1
2539.807,61.152,63.867,51.500,52.000,55.000,58.000,53.000,52.000,52.000,52.000,52.000,50.000,58.000,51.000,55.375,45.562,35.000,35.328,34.996,40.848,39.480,37.418,16.115,0.096,35.213,3191.970,2960.040,3188.000,2952.000,0.000,,,,2,1789724167.193,100,1
2540.808,62.613,65.496,51.688,59.000,57.000,61.000,69.000,56.000,57.000,55.000,54.000,53.000,69.000,55.000,67.000,45.688,35.000,35.328,34.996,40.832,39.473,37.414,34.291,0.236,32.624,3199.346,2953.749,3175.000,2940.000,0.000,,,,2,1789724168.195,100,1
2541.808,62.340,64.934,51.812,57.000,57.000,60.000,61.000,55.000,54.000,58.000,54.000,52.000,61.000,54.000,53.922,45.875,35.000,35.312,34.996,40.816,39.469,37.410,16.837,0.113,41.492,3178.359,2947.558,3163.000,2929.000,0.000,,,,2,1789724169.196,100,1
2542.810,62.082,64.418,51.938,50.000,51.000,52.000,51.000,54.000,50.000,51.000,49.000,50.000,54.047,50.000,54.047,45.875,35.000,35.312,34.996,40.797,39.461,37.406,15.470,0.098,28.120,3143.995,2924.713,3150.000,2917.000,0.000,,,,2,1789724170.201,100,1
2543.815,61.773,64.109,51.938,50.000,50.000,51.000,50.000,50.000,48.000,50.000,49.000,50.000,52.297,49.000,52.297,45.812,35.000,35.309,34.996,40.785,39.457,37.398,12.164,0.071,27.049,3150.488,2919.258,3138.000,2906.000,0.000,,,,2,1789724171.208,100,1
2544.818,61.406,63.742,51.750,49.000,50.000,50.000,49.000,48.000,47.000,49.000,48.000,50.000,50.000,49.000,49.969,45.875,35.000,35.309,34.996,40.770,39.449,37.395,7.386,0.064,22.747,3144.105,2895.380,3125.000,2894.000,0.000,,,,2,1789724172.208,100,1
2545.818,61.039,63.375,51.625,49.000,49.000,50.000,49.000,49.000,47.000,50.000,48.000,50.000,50.000,48.000,49.656,45.750,35.000,35.309,34.996,40.754,39.441,37.391,7.390,0.062,18.515,3123.780,2895.916,3112.000,2882.000,0.000,,,,2,1789724173.207,100,1
2546.822,60.715,63.051,51.312,50.000,49.000,51.000,51.000,50.000,49.000,50.000,49.000,50.000,51.000,49.000,50.672,45.750,35.000,35.309,34.996,40.738,39.438,37.387,10.061,0.072,18.327,3110.151,2890.591,3101.000,2872.000,0.000,,,,2,1789724174.210,100,1
2547.825,60.375,62.711,51.250,49.000,48.000,50.000,49.000,48.000,47.000,49.000,48.000,49.000,50.000,48.000,49.812,45.562,35.000,35.309,34.996,40.723,39.430,37.379,8.762,0.064,21.123,3110.930,2873.082,3088.000,2860.000,0.000,,,,2,1789724175.213,100,1
2548.827,60.070,62.406,51.188,50.000,51.000,49.000,49.000,50.000,48.000,49.000,48.000,49.000,51.000,49.000,50.625,45.562,35.000,35.309,34.996,40.707,39.426,37.375,11.023,0.084,20.550,3103.957,2849.792,3076.000,2849.000,0.000,,,,2,1789724176.214,100,1
2549.831,59.754,62.090,51.062,49.000,48.000,49.000,49.000,47.000,47.000,48.000,48.000,49.000,49.984,48.000,49.984,45.562,35.000,35.309,34.996,40.691,39.422,37.371,10.142,0.080,22.085,3089.572,2844.793,3065.000,2838.000,0.000,,,,2,1789724177.220,100,1
2550.833,59.457,61.793,50.938,49.000,48.000,49.000,49.000,48.000,47.000,48.000,48.000,49.000,50.188,48.000,50.188,45.438,35.000,35.309,34.996,40.676,39.418,37.371,10.512,0.083,21.608,3051.184,2849.860,3054.000,2828.000,0.000,,,,2,1789724178.220,100,1
2551.838,59.152,61.488,50.812,48.000,48.000,49.000,48.000,47.000,47.000,49.000,47.000,49.000,49.750,48.000,49.750,45.500,35.000,35.293,34.996,40.660,39.410,37.367,9.469,0.074,21.634,3044.732,2839.789,3041.000,2816.000,0.000,,,,2,1789724179.227,100,1
2552.842,58.867,61.203,50.812,49.000,48.000,49.000,49.000,47.000,47.000,49.000,47.000,48.000,49.984,48.000,49.984,45.312,35.000,35.293,34.996,40.645,39.402,37.363,10.936,0.089,21.123,3057.273,2817.739,3028.000,2804.000,0.000,,,,2,1789724180.230,100,1
2553.845,58.574,60.910,50.688,48.000,48.000,49.000,49.000,47.000,47.000,48.000,47.000,49.000,49.609,48.000,49.609,45.312,35.000,35.293,34.996,40.633,39.398,37.355,8.655,0.067,21.866,3026.380,2801.491,3016.000,2793.000,0.000,,,,2,1789724181.232,100,1
2554.847,58.523,60.859,50.625,51.000,50.000,51.000,51.000,50.000,49.000,51.000,49.000,49.000,56.859,49.000,56.859,45.250,35.000,35.293,34.996,40.617,39.391,37.352,17.318,0.114,20.914,3013.712,2801.535,3003.000,2781.000,0.000,,,,2,1789724182.240,100,1
2555.850,58.281,60.617,50.625,49.000,50.000,52.000,51.000,50.000,48.000,50.000,48.000,49.000,52.000,49.000,50.828,45.312,35.000,35.293,34.996,40.602,39.387,37.348,11.135,0.083,28.511,2988.569,2800.902,2992.000,2771.000,0.000,,,,2,1789724183.241,100,1
2556.851,58.074,60.176,50.688,50.000,50.000,59.000,52.000,49.000,49.000,50.000,49.000,48.000,59.000,50.000,51.672,45.250,35.000,35.293,34.996,40.590,39.379,37.344,13.395,0.110,23.907,2989.164,2764.998,2979.000,2759.000,0.000,,,,2,1789724184.236,100,1
2557.851,57.824,59.926,50.625,49.000,48.000,50.000,49.000,48.000,47.000,49.000,48.000,49.000,50.000,48.000,50.000,45.250,35.000,35.293,34.996,40.574,39.375,37.344,10.726,0.086,23.781,2970.493,2749.498,2967.000,2748.000,0.000,,,,2,1789724185.241,100,1
2558.856,57.559,59.660,50.438,50.000,49.000,50.000,49.000,48.000,47.000,49.000,47.000,49.000,50.000,48.000,49.359,45.188,35.000,35.293,34.996,40.559,39.367,37.336,7.067,0.064,21.481,2988.966,2733.631,2954.000,2736.000,0.000,,,,2,1789724186.245,100,1
2559.861,57.297,59.398,50.375,50.000,49.000,51.000,50.000,50.000,48.000,49.000,49.000,49.000,51.000,48.000,49.172,45.062,35.000,35.293,34.996,40.547,39.359,37.332,7.823,0.072,18.192,2959.091,2748.259,2941.000,2724.000,0.000,,,,2,1789724187.248,100,1
2560.863,57.113,59.004,50.250,54.000,53.000,59.000,55.000,53.000,55.000,59.000,53.000,50.000,59.000,52.000,51.422,45.062,35.000,35.293,34.996,40.531,39.352,37.328,9.931,0.072,19.208,2947.027,2723.188,2930.000,2713.000,0.000,,,,2,1789724188.249,100,1
2561.864,57.102,58.805,50.250,52.000,50.000,52.000,52.000,49.000,49.000,50.000,48.000,49.000,56.688,50.000,56.688,45.062,35.000,35.277,34.996,40.520,39.344,37.320,23.960,0.150,23.429,2928.591,2722.405,2917.000,2701.000,0.000,,,,2,1789724189.251,100,1
2562.869,56.969,58.500,50.438,54.000,53.000,53.000,53.000,50.000,51.000,50.000,49.000,49.000,54.000,51.000,52.906,45.125,35.000,35.277,34.996,40.504,39.340,37.320,14.013,0.092,33.941,2934.703,2704.307,2905.000,2690.000,0.000,,,,2,1789724190.256,100,1
2563.874,56.812,58.344,50.375,53.000,53.000,53.000,53.000,51.000,50.000,50.000,49.000,49.000,53.000,51.000,51.984,45.062,35.000,35.277,34.996,40.492,39.332,37.312,13.020,0.091,28.204,2910.949,2692.897,2892.000,2678.000,0.000,,,,2,1789724191.260,100,1
2564.878,56.805,58.184,50.250,56.000,56.000,56.000,54.000,53.000,52.000,52.000,51.000,50.000,56.531,52.000,56.531,45.125,35.000,35.277,34.996,40.477,39.324,37.309,15.165,0.108,24.895,2893.798,2688.373,2880.000,2667.000,0.000,,,,2,1789724192.265,100,1
2565.878,56.773,58.016,50.562,53.000,50.000,52.000,52.000,50.000,50.000,51.000,49.000,49.000,55.781,50.000,55.781,45.125,35.000,35.277,34.996,40.465,39.316,37.305,23.072,0.145,28.593,2877.238,2668.465,2867.000,2655.000,0.000,,,,2,1789724193.265,,
2566.881,60.203,62.352,50.688,76.000,70.000,84.000,77.000,80.000,76.000,75.000,78.000,57.000,84.000,61.000,70.500,45.188,35.000,35.277,34.996,40.453,39.309,37.301,39.944,0.172,48.707,2847.989,2663.924,2854.000,2643.000,0.000,,,,2,1789724194.267,,
2567.884,62.164,64.684,51.938,59.000,56.000,58.000,58.000,57.000,65.000,56.000,53.000,53.000,68.047,55.000,68.047,45.375,35.000,35.277,34.996,40.438,39.305,37.297,58.092,0.283,64.045,2864.782,2635.008,2843.000,2633.000,0.000,,,,2,1789724195.270,,
2568.887,65.934,69.332,53.062,69.000,62.000,70.000,68.000,73.000,65.000,65.000,64.000,57.000,77.234,61.000,77.234,45.938,35.000,35.277,34.996,40.426,39.301,37.293,68.544,0.260,78.536,2837.192,2629.695,2831.000,2622.000,0.000,,,,2,1789724196.274,,
2569.890,69.000,72.980,53.812,78.000,72.000,81.000,77.000,80.000,77.000,74.000,77.000,58.000,81.000,63.000,78.203,46.250,35.000,35.277,34.996,40.414,39.297,37.289,55.450,0.258,70.619,2842.659,2630.617,2820.000,2612.000,0.000,,,,2,1789724197.277,,
2570.891,70.605,74.668,54.750,75.000,69.000,78.000,75.000,77.000,73.000,74.000,74.000,59.000,78.000,63.000,75.422,46.875,35.000,35.277,34.996,40.402,39.293,37.285,57.799,0.277,68.818,2842.412,2621.480,2809.000,2601.000,0.000,,,,2,1789724198.277,,
2571.893,71.395,75.289,55.812,61.000,59.000,62.000,62.000,66.000,60.000,60.000,77.000,56.000,77.000,59.000,73.766,47.375,35.000,35.266,34.996,40.391,39.293,37.285,62.174,0.259,72.010,2831.101,2593.436,2799.000,2592.000,0.000,,,,2,1789724199.281,,
2572.895,70.891,74.395,55.812,53.000,53.000,54.000,52.000,53.000,51.000,53.000,52.000,54.000,55.328,52.000,55.328,47.875,35.000,35.266,34.996,40.379,39.289,37.281,11.570,0.090,40.890,2809.427,2583.571,2787.000,2581.000,0.000,,,,2,1789724200.283,,
2573.900,70.344,73.848,55.250,53.000,52.000,53.000,52.000,52.000,51.000,53.000,51.000,52.000,53.391,51.000,53.391,48.188,35.000,35.266,34.996,40.371,39.301,37.281,7.874,0.067,22.933,2771.363,2579.295,2781.000,2575.000,0.000,,,,2,1789724201.290,,
2574.901,69.805,73.309,54.812,53.000,52.000,53.000,52.000,51.000,51.000,52.000,51.000,52.000,53.078,51.000,53.078,48.125,35.000,35.262,34.996,40.363,39.301,37.281,8.236,0.066,18.806,2787.219,2578.796,2771.000,2566.000,0.000,,,,2,1789724202.288,,
2575.905,69.273,72.777,54.500,52.000,52.000,53.000,52.000,51.000,50.000,52.000,51.000,52.000,53.000,51.000,52.875,47.750,35.000,35.262,34.996,40.352,39.301,37.277,7.963,0.065,19.149,2771.469,2556.437,2761.000,2557.000,0.000,,,,2,1789724203.293,,
2576.906,68.758,72.262,54.125,52.000,52.000,53.000,52.000,51.000,51.000,52.000,51.000,51.000,53.000,51.000,52.719,47.750,35.000,35.262,34.996,40.344,39.309,37.277,8.547,0.067,19.050,2761.223,2579.037,2754.000,2550.000,0.000,,,,2,1789724204.294,,
2577.909,68.406,71.910,54.000,53.000,53.000,54.000,53.000,53.000,52.000,53.000,52.000,52.000,57.516,52.000,57.516,47.750,35.000,35.262,34.996,40.336,39.312,37.273,14.817,0.105,20.275,2761.075,2560.510,2745.000,2542.000,0.000,,,,2,1789724205.297,,
2578.913,67.902,71.406,53.875,51.000,51.000,52.000,51.000,50.000,50.000,51.000,50.000,51.000,52.281,50.000,52.281,47.812,35.000,35.262,34.996,40.324,39.316,37.277,8.252,0.068,25.265,2750.086,2538.769,2735.000,2533.000,0.000,,,,2,1789724206.299,,
2579.913,67.848,71.352,53.750,70.000,67.000,79.000,70.000,72.000,73.000,78.000,75.000,57.000,79.000,61.000,66.094,47.500,35.000,35.262,34.996,40.316,39.320,37.277,23.608,0.123,29.909,2729.713,2538.465,2727.000,2525.000,0.000,,,,2,1789724207.301,,
2580.916,68.703,72.113,54.688,59.000,57.000,61.000,60.000,61.000,59.000,57.000,56.000,54.000,71.281,56.000,71.281,47.688,35.000,35.262,34.996,40.309,39.332,37.281,59.070,0.257,55.101,2724.383,2513.212,2721.000,2520.000,0.000,,,,2,1789724208.303,,
2581.918,69.512,72.824,54.875,64.000,61.000,73.000,65.000,64.000,62.000,61.000,62.000,56.000,73.000,60.000,71.938,47.875,35.000,35.250,34.996,40.301,39.332,37.281,31.116,0.186,49.661,2708.559,2513.159,2710.000,2510.000,0.000,,,,2,1789724209.305,,
2582.920,70.891,74.285,55.250,75.000,70.000,78.000,72.000,82.000,75.000,75.000,70.000,60.000,82.000,63.000,75.016,48.125,35.000,35.250,34.996,40.293,39.336,37.285,40.290,0.207,52.200,2719.280,2508.885,2702.000,2502.000,0.000,,,,2,1789724210.310,,
2583.924,70.707,73.762,56.000,55.000,55.000,57.000,55.000,55.000,54.000,55.000,54.000,54.000,65.078,54.000,65.078,48.438,35.000,35.250,34.996,40.285,39.344,37.289,45.741,0.238,54.461,2719.506,2503.895,2695.000,2496.000,0.000,,,,2,1789724211.311,,
2584.928,70.613,73.363,56.062,67.000,58.000,62.000,61.000,59.000,59.000,57.000,58.000,56.000,67.656,58.000,67.656,48.562,35.000,35.250,34.996,40.281,39.355,37.293,29.232,0.225,42.254,2703.535,2495.598,2689.000,2490.000,0.000,,,,2,1789724212.315,,
2585.929,70.527,73.004,56.125,66.000,70.000,63.000,61.000,57.000,58.000,56.000,56.000,55.000,70.000,59.000,67.875,48.750,35.000,35.250,34.996,40.277,39.367,37.297,29.830,0.204,39.942,2704.185,2504.626,2682.000,2484.000,0.000,,,,2,1789724213.316,,
2586.933,73.227,76.266,56.812,78.000,70.000,86.000,77.000,74.000,74.000,81.000,79.000,61.000,86.000,65.000,81.328,48.938,35.000,35.250,34.996,40.266,39.375,37.301,68.276,0.265,75.290,2664.042,2483.769,2675.000,2477.000,0.000,,,,2,1789724214.321,,
2587.933,73.059,75.793,57.375,68.000,65.000,72.000,69.000,70.000,67.000,67.000,66.000,57.000,72.000,60.000,67.859,49.375,35.000,35.250,34.996,40.262,39.383,37.309,24.708,0.170,46.487,2683.543,2478.707,2668.000,2471.000,0.000,,,,2,1789724215.321,,
2588.938,74.508,77.402,57.375,79.000,73.000,85.000,78.000,81.000,78.000,78.000,78.000,61.000,85.000,65.000,78.859,49.438,35.000,35.250,34.996,40.258,39.395,37.312,47.478,0.233,56.473,2684.323,2479.339,2662.000,2465.000,0.000,,,,2,1789724216.325,,
2589.942,74.145,76.750,58.250,59.000,61.000,61.000,59.000,59.000,58.000,59.000,56.000,56.000,62.969,57.000,62.969,49.688,35.000,35.250,34.996,40.250,39.406,37.320,39.722,0.180,52.085,2673.956,2479.236,2655.000,2459.000,0.000,,,,2,1789724217.328,,
2590.945,73.910,76.254,58.125,62.000,59.000,73.000,62.000,60.000,58.000,58.000,57.000,57.000,73.000,59.000,66.625,50.125,35.000,35.250,34.996,40.246,39.422,37.324,29.172,0.203,39.656,2668.782,2471.356,2651.000,2455.000,0.000,,,,2,1789724218.332,,
2591.949,75.457,78.031,58.688,65.000,62.000,71.000,66.000,66.000,63.000,63.000,62.000,59.000,80.109,61.000,80.109,50.188,35.000,35.234,34.996,40.246,39.438,37.332,67.274,0.259,70.512,2654.300,2450.780,2647.000,2451.000,0.000,,,,2,1789724219.335,,
2592.952,75.262,77.582,59.000,66.000,67.000,64.000,62.000,60.000,59.000,60.000,58.000,57.000,69.328,61.000,69.328,50.500,35.000,35.234,34.996,40.242,39.457,37.340,52.983,0.189,46.822,2639.315,2449.880,2642.000,2447.000,0.000,,,,2,1789724220.339,,
2593.953,77.230,79.906,59.062,84.000,76.000,87.000,80.000,86.000,82.000,81.000,84.000,63.000,87.000,68.000,83.141,50.625,35.000,35.234,34.996,40.238,39.469,37.348,42.562,0.213,51.618,2648.831,2450.096,2637.000,2442.000,0.000,,,,2,1789724221.339,,
2594.955,76.965,79.375,59.938,69.000,68.000,76.000,68.000,69.000,66.000,64.000,72.000,59.000,76.000,62.000,68.812,50.812,35.000,35.234,34.996,40.234,39.480,37.359,36.404,0.255,62.175,2634.506,2450.046,2631.000,2437.000,0.000,,,,2,1789724222.341,,
2595.959,76.812,78.980,59.875,68.000,65.000,68.000,67.000,63.000,69.000,67.000,60.000,59.000,72.078,62.000,72.078,51.125,35.000,35.234,34.996,40.230,39.496,37.367,67.686,0.257,44.845,2615.329,2442.897,2626.000,2432.000,0.000,,,,2,1789724223.346,,
2596.962,78.008,80.320,60.375,66.000,63.000,68.000,68.000,66.000,63.000,65.000,62.000,61.000,81.594,62.000,81.594,51.438,35.000,35.234,34.996,40.230,39.520,37.379,24.113,0.173,76.721,2625.323,2426.137,2624.000,2430.000,0.000,,,,2,1789724224.347,,
2597.962,77.781,79.859,60.812,71.000,65.000,76.000,69.000,73.000,64.000,68.000,62.000,61.000,76.000,64.000,70.859,51.688,35.000,35.234,34.996,40.227,39.535,37.391,60.837,0.239,45.798,2606.184,2437.852,2620.000,2426.000,0.000,,,,2,1789724225.353,,
2598.967,80.031,82.578,60.875,84.000,76.000,92.000,82.000,89.000,82.000,82.000,82.000,65.000,92.000,68.000,65.344,51.750,35.000,35.234,34.996,40.227,39.559,37.402,38.494,0.172,56.996,2615.785,2421.894,2617.000,2424.000,0.000,,,,2,1789724226.352,,
2599.967,79.570,81.863,61.750,67.000,67.000,72.000,61.000,61.000,59.000,60.000,60.000,58.000,69.000,59.000,72.109,52.125,35.000,35.234,34.996,40.230,39.586,37.418,31.183,0.210,66.625,2624.289,2417.698,2616.000,2423.000,0.000,,,,2,1789724227.352,,
2600.972,79.336,81.629,61.688,76.000,66.000,74.000,71.000,73.000,69.000,69.000,66.000,62.000,72.109,66.000,83.188,52.500,35.000,35.234,34.996,40.230,39.609,37.430,67.621,0.277,36.962,2634.371,2429.461,2614.000,2421.000,0.000,,,,2,1789724228.358,,
2601.976,79.816,82.215,62.125,66.000,62.000,71.000,64.000,62.000,62.000,61.000,62.000,60.000,83.188,62.000,70.750,52.812,35.000,35.223,34.996,40.230,39.629,37.445,22.798,0.162,72.467,2620.259,2417.568,2612.000,2419.000,0.000,,,,2,1789724229.361,,
2602.976,79.531,81.930,62.438,79.000,74.000,83.000,77.000,80.000,77.000,78.000,76.000,66.000,71.000,68.000,83.844,53.000,35.000,35.223,34.996,40.234,39.660,37.477,60.645,0.267,47.125,2601.288,2418.055,2612.000,2419.000,0.000,,,,2,1789724230.365,,
2603.976,79.891,82.445,62.812,68.000,66.000,69.000,67.000,67.000,66.000,66.000,66.000,62.000,83.844,63.000,68.562,53.312,35.000,35.223,34.996,40.238,39.688,37.477,33.137,0.185,60.345,2605.618,2416.967,2611.000,2418.000,0.000,,,,2,1789724231.363,,
2604.976,79.535,82.090,62.750,62.000,62.000,63.000,62.000,60.000,59.000,60.000,59.000,61.000,69.000,61.000,67.359,53.438,35.000,35.223,34.996,40.242,39.719,37.492,29.180,0.197,53.803,2610.360,2425.304,2612.000,2419.000,0.000,,,,2,1789724232.362,,
2605.980,79.152,81.707,62.312,65.000,64.000,67.000,64.000,64.000,63.000,64.000,63.000,59.000,67.000,60.000,62.469,53.438,35.000,35.223,34.996,40.250,39.785,37.527,13.408,0.085,39.654,2610.360,2417.763,2613.000,2420.000,0.000,,,,2,1789724233.366,,
2606.984,78.137,80.691,62.062,62.000,59.000,61.000,60.000,60.000,58.000,59.000,58.000,60.000,62.734,58.000,62.734,53.062,35.000,35.223,34.996,40.254,39.812,37.547,20.855,0.116,36.630,2614.949,2422.122,2614.000,2421.000,0.000,,,,2,1789724234.371,,
2607.989,77.578,80.133,61.812,60.000,58.000,60.000,59.000,57.000,57.000,58.000,57.000,59.000,60.281,58.000,60.281,53.188,35.000,35.223,34.996,40.258,39.844,37.566,13.436,0.102,26.907,2614.626,2445.137,2614.000,2421.000,0.000,,,,2,1789724235.378,,
2608.993,77.234,79.789,61.562,68.000,67.000,68.000,66.000,65.000,64.000,63.000,63.000,61.000,68.000,64.000,66.594,53.000,35.000,35.223,34.996,40.266,39.879,37.586,22.912,0.122,31.370,2609.547,2421.552,2615.000,2422.000,0.000,,,,2,1789724236.380,,
2609.996,76.738,79.293,61.438,64.000,64.000,67.000,64.000,62.000,60.000,59.000,63.000,59.000,67.000,61.000,61.391,52.938,35.000,35.223,34.996,40.270,39.914,37.605,19.201,0.112,26.740,2619.096,2417.860,2617.000,2424.000,0.000,,,,2,1789724237.382,,
2611.000,76.516,79.070,61.375,68.000,62.000,65.000,65.000,62.000,61.000,68.000,60.000,60.000,69.609,61.000,69.609,52.938,35.000,35.215,34.996,40.277,39.949,37.625,28.064,0.208,32.725,2614.265,2426.105,2620.000,2426.000,0.000,,,,2,1789724238.387,,
2612.001,76.391,78.945,61.625,64.000,61.000,65.000,71.000,66.000,62.000,63.000,61.000,60.000,72.422,61.000,72.422,52.812,35.000,35.215,34.996,40.285,39.984,37.648,28.398,0.196,35.044,2609.395,2433.781,2622.000,2428.000,0.000,,,,2,1789724239.390,,
2613.006,75.945,78.500,61.500,57.000,58.000,59.000,58.000,57.000,57.000,58.000,57.000,58.000,62.203,57.000,62.203,52.875,35.000,35.215,34.996,40.293,40.016,37.668,23.366,0.172,39.361,2637.459,2409.171,2624.000,2430.000,0.000,,,,2,1789724240.394,,
2614.008,75.398,77.953,61.375,56.000,57.000,58.000,57.000,56.000,55.000,57.000,56.000,57.000,58.438,55.000,58.438,52.688,35.000,35.215,34.996,40.301,40.051,37.691,9.259,0.072,40.361,2638.136,2421.487,2625.000,2431.000,0.000,,,,2,1789724241.397,,
2615.013,74.984,77.539,60.875,58.000,57.000,59.000,58.000,57.000,56.000,58.000,56.000,57.000,62.203,57.000,62.203,52.688,35.000,35.215,34.996,40.305,40.082,37.711,14.814,0.100,31.520,2628.178,2425.075,2628.000,2434.000,0.000,,,,2,1789724242.399,,
2616.017,74.434,76.988,60.688,56.000,56.000,57.000,55.000,55.000,54.000,56.000,55.000,57.000,57.359,55.000,57.359,52.438,35.000,35.215,34.996,40.312,40.113,37.734,7.606,0.064,21.468,2613.791,2421.910,2629.000,2435.000,0.000,,,,2,1789724243.407,,
2617.021,74.586,77.141,60.312,78.000,75.000,67.000,66.000,62.000,63.000,60.000,60.000,58.000,79.281,63.000,79.281,52.375,35.000,35.215,34.996,40.320,40.145,37.754,22.201,0.152,25.605,2628.006,2441.986,2630.000,2436.000,0.000,,,,2,1789724244.408,,
2618.024,74.375,76.930,60.500,57.000,57.000,58.000,58.000,57.000,56.000,57.000,56.000,57.000,67.797,56.000,67.797,52.250,35.000,35.215,34.996,40.328,40.172,37.773,27.575,0.179,21.753,2637.343,2441.572,2633.000,2438.000,0.000,,,,2,1789724245.412,,
2619.026,73.879,76.434,60.375,56.000,57.000,58.000,57.000,55.000,54.000,56.000,55.000,56.000,58.500,55.000,58.500,52.188,35.000,35.215,34.996,40.336,40.199,37.797,11.061,0.077,35.315,2632.503,2449.363,2633.000,2438.000,0.000,,,,2,1789724246.413,,
2620.030,73.328,75.883,59.938,55.000,55.000,57.000,58.000,55.000,54.000,55.000,55.000,56.000,58.000,55.000,56.219,52.062,35.000,35.215,34.996,40.348,40.230,37.816,7.172,0.063,35.607,2627.775,2436.862,2633.000,2438.000,0.000,,,,2,1789724247.418,,
2621.034,72.785,75.340,59.625,54.000,55.000,56.000,55.000,54.000,53.000,55.000,54.000,55.000,56.000,54.000,55.984,51.938,35.000,35.203,34.996,40.355,40.258,37.836,8.265,0.067,24.075,2632.868,2426.040,2635.000,2440.000,0.000,,,,2,1789724248.423,,
2622.036,72.246,74.801,59.375,54.000,55.000,55.000,54.000,54.000,52.000,55.000,54.000,55.000,55.609,53.000,55.609,51.625,35.000,35.203,34.996,40.363,40.281,37.859,7.362,0.063,18.523,2637.653,2454.239,2635.000,2440.000,0.000,,,,2,1789724249.424,,
2623.039,71.734,74.289,59.062,54.000,55.000,55.000,54.000,53.000,53.000,55.000,54.000,55.000,55.844,53.000,55.844,51.500,35.000,35.203,34.996,40.371,40.309,37.879,8.392,0.069,20.893,2637.285,2437.588,2635.000,2440.000,0.000,,,,2,1789724250.427,,
2624.044,71.316,73.871,58.812,54.000,55.000,56.000,55.000,54.000,53.000,55.000,54.000,55.000,58.359,54.000,58.359,51.375,35.000,35.203,34.996,40.379,40.332,37.898,12.725,0.094,17.359,2627.430,2446.267,2635.000,2440.000,0.000,,,,2,1789724251.431,,
2625.048,70.812,73.367,58.625,54.000,54.000,55.000,53.000,53.000,52.000,55.000,53.000,55.000,55.203,53.000,55.203,51.250,35.000,35.203,34.996,40.387,40.355,37.918,7.492,0.066,19.842,2637.247,2438.479,2635.000,2440.000,0.000,,,,2,1789724252.436,,
2626.051,70.324,72.879,58.438,54.000,54.000,55.000,53.000,54.000,52.000,54.000,52.000,54.000,55.172,53.000,55.172,51.125,35.000,35.203,34.996,40.395,40.379,37.934,7.987,0.069,23.574,2637.266,2422.627,2635.000,2440.000,0.000,,,,2,1789724253.439,,
2627.056,69.941,72.496,58.062,57.000,57.000,58.000,58.000,63.000,55.000,55.000,56.000,55.000,63.000,57.000,58.031,50.812,35.000,35.203,34.996,40.402,40.402,37.953,10.261,0.080,17.287,2627.929,2449.996,2634.000,2439.000,0.000,,,,2,1789724254.442,,
2628.058,69.648,72.203,58.062,56.000,56.000,58.000,58.000,55.000,55.000,55.000,54.000,55.000,60.531,55.000,60.531,50.688,35.000,35.203,34.996,40.410,40.422,37.973,18.979,0.117,20.676,2627.449,2425.892,2634.000,2439.000,0.000,,,,2,1789724255.446,,
2629.063,69.184,71.738,57.875,53.000,54.000,54.000,53.000,53.000,52.000,54.000,52.000,54.000,54.844,52.000,54.844,50.625,35.000,35.203,34.996,40.418,40.445,37.992,8.961,0.069,23.819,2627.661,2433.567,2631.000,2437.000,0.000,,,,2,1789724256.451,,
2630.067,68.730,71.285,57.750,53.000,54.000,55.000,53.000,53.000,52.000,53.000,52.000,54.000,55.000,52.000,54.672,50.500,35.000,35.203,34.996,40.422,40.465,38.008,9.863,0.072,30.480,2622.741,2425.729,2630.000,2436.000,0.000,,,,2,1789724257.457,,
2631.069,68.480,71.035,57.500,57.000,57.000,63.000,58.000,55.000,55.000,55.000,54.000,55.000,63.000,55.000,60.703,50.375,35.000,35.191,34.996,40.430,40.480,38.023,16.380,0.114,19.797,2637.092,2433.205,2628.000,2434.000,0.000,,,,2,1789724258.457,,
2632.074,68.055,70.609,57.438,56.000,55.000,58.000,55.000,54.000,53.000,59.000,54.000,54.000,59.000,54.000,54.891,50.312,35.000,35.191,34.996,40.434,40.496,38.039,9.449,0.072,26.935,2627.411,2446.217,2625.000,2431.000,0.000,,,,2,1789724259.460,,
2633.077,67.633,70.188,57.312,53.000,53.000,54.000,53.000,53.000,52.000,53.000,52.000,53.000,54.516,52.000,54.516,50.125,35.000,35.191,34.996,40.441,40.512,38.055,11.558,0.088,21.177,2612.861,2417.746,2623.000,2429.000,0.000,,,,2,1789724260.464,,
2634.078,68.961,71.660,57.062,63.000,60.000,63.000,64.000,60.000,66.000,78.000,59.000,58.000,78.000,59.000,72.953,50.000,35.000,35.191,34.996,40.445,40.527,38.074,25.677,0.176,27.370,2622.913,2425.386,2621.000,2427.000,0.000,,,,2,1789724261.464,,
2635.079,68.570,71.000,57.250,54.000,54.000,55.000,54.000,53.000,52.000,54.000,52.000,54.000,56.484,53.000,56.484,50.000,35.000,35.191,34.996,40.453,40.543,38.086,15.231,0.102,32.619,2618.505,2438.198,2617.000,2424.000,0.000,,,,2,1789724262.465,,
2636.084,68.129,70.559,57.062,53.000,53.000,54.000,52.000,53.000,51.000,53.000,52.000,53.000,54.453,52.000,54.453,50.000,35.000,35.191,34.996,40.457,40.555,38.102,9.476,0.071,28.524,2622.932,2429.707,2614.000,2421.000,0.000,,,,2,1789724263.475,,
2637.084,67.680,70.109,56.812,52.000,52.000,53.000,52.000,52.000,51.000,53.000,52.000,53.000,53.828,51.000,53.828,49.938,35.000,35.191,34.996,40.461,40.566,38.113,7.321,0.066,21.650,2618.601,2425.582,2611.000,2418.000,0.000,,,,2,1789724264.475,,
2638.088,67.246,69.676,56.562,52.000,53.000,54.000,53.000,52.000,51.000,53.000,51.000,53.000,54.000,51.000,53.719,49.812,35.000,35.191,34.996,40.469,40.582,38.129,7.252,0.063,18.306,2608.771,2421.487,2609.000,2416.000,0.000,,,,2,1789724265.477,,
2639.092,66.812,69.242,56.250,52.000,52.000,53.000,52.000,51.000,51.000,52.000,51.000,53.000,53.422,51.000,53.422,49.625,35.000,35.191,34.996,40.473,40.594,38.141,7.770,0.067,18.342,2599.560,2417.746,2604.000,2412.000,0.000,,,,2,1789724266.480,,
2640.095,66.383,68.812,56.125,52.000,52.000,53.000,52.000,52.000,50.000,52.000,51.000,53.000,53.000,51.000,53.000,49.438,35.000,35.191,34.996,40.477,40.605,38.152,7.250,0.063,18.890,2613.468,2417.438,2601.000,2409.000,0.000,,,,2,1789724267.481,,
2641.097,65.953,68.383,55.812,51.000,51.000,52.000,51.000,51.000,50.000,52.000,51.000,52.000,52.641,51.000,52.641,49.312,35.000,35.184,34.996,40.484,40.617,38.160,7.004,0.062,18.370,2603.715,2405.404,2598.000,2406.000,0.000,,,,2,1789724268.483,,
2642.101,65.551,67.980,55.500,54.000,53.000,54.000,53.000,53.000,51.000,53.000,52.000,52.000,54.000,51.000,53.141,49.312,35.000,35.184,34.996,40.488,40.629,38.172,8.499,0.065,18.269,2603.959,2401.089,2595.000,2403.000,0.000,,,,2,1789724269.486,,
2643.105,65.145,67.574,55.375,52.000,52.000,52.000,51.000,51.000,50.000,51.000,51.000,52.000,52.562,50.000,52.562,49.125,35.000,35.184,34.996,40.492,40.641,38.184,8.741,0.073,19.762,2608.393,2405.485,2592.000,2400.000,0.000,,,,2,1789724270.493,,
2644.110,64.871,67.301,55.375,52.000,52.000,53.000,52.000,52.000,51.000,52.000,51.000,52.000,56.422,51.000,56.422,49.125,35.000,35.184,34.996,40.492,40.645,38.195,11.723,0.086,20.060,2594.594,2425.860,2585.000,2394.000,0.000,,,,2,1789724271.496,,
2645.112,64.508,66.938,55.062,52.000,53.000,55.000,53.000,53.000,52.000,54.000,52.000,52.000,55.000,52.000,53.250,48.938,35.000,35.184,34.996,40.496,40.652,38.203,9.240,0.073,22.894,2580.701,2413.629,2581.000,2390.000,0.000,,,,2,1789724272.498,,
2646.116,64.133,66.562,55.000,52.000,51.000,52.000,51.000,51.000,50.000,51.000,50.000,52.000,52.438,51.000,52.438,48.812,35.000,35.184,34.996,40.500,40.660,38.211,8.327,0.070,20.416,2580.978,2397.730,2576.000,2386.000,0.000,,,,2,1789724273.507,,
2647.120,63.754,66.184,55.000,52.000,51.000,52.000,51.000,51.000,49.000,51.000,50.000,52.000,52.047,51.000,52.047,48.750,35.000,35.184,34.996,40.496,40.660,38.219,7.286,0.067,19.286,2571.557,2374.075,2570.000,2380.000,0.000,,,,2,1789724274.510,,
2648.125,63.391,65.820,54.562,51.000,50.000,52.000,51.000,51.000,50.000,52.000,50.000,52.000,52.047,50.000,52.047,48.625,35.000,35.184,34.996,40.504,40.668,38.227,7.606,0.065,18.419,2563.226,2405.774,2565.000,2375.000,0.000,,,,2,1789724275.512,,
2649.126,63.031,65.461,54.625,50.000,50.000,52.000,51.000,50.000,49.000,50.000,50.000,51.000,52.000,51.000,51.984,48.625,35.000,35.184,34.996,40.504,40.676,38.234,7.267,0.067,18.749,2558.072,2377.305,2560.000,2371.000,0.000,,,,2,1789724276.513,,
2650.126,62.785,65.215,54.500,51.000,52.000,54.000,52.000,53.000,51.000,53.000,51.000,51.000,55.078,51.000,55.078,48.500,35.000,35.184,34.996,40.504,40.680,38.238,14.471,0.097,19.044,2566.955,2370.277,2555.000,2366.000,0.000,,,,2,1789724277.514,,
2651.126,62.453,64.883,54.438,50.000,50.000,52.000,51.000,51.000,49.000,51.000,50.000,51.000,52.141,50.000,52.141,48.312,35.000,35.172,34.996,40.508,40.684,38.246,7.192,0.065,25.116,2558.726,2374.341,2549.000,2361.000,0.000,,,,2,1789724278.514,,
2652.131,62.348,64.535,54.250,56.000,55.000,65.000,57.000,54.000,55.000,54.000,54.000,53.000,65.000,55.000,59.188,48.312,35.000,35.172,34.996,40.508,40.688,38.250,13.646,0.096,19.107,2526.582,2369.746,2544.000,2356.000,0.000,,,,2,1789724279.518,,
2653.135,62.051,64.238,54.250,51.000,50.000,52.000,51.000,51.000,50.000,52.000,50.000,51.000,52.828,50.000,52.828,48.250,35.000,35.172,34.996,40.512,40.691,38.258,11.188,0.082,24.244,2554.025,2343.597,2538.000,2350.000,0.000,,,,2,1789724280.524,,
2654.140,61.742,63.930,54.000,51.000,51.000,52.000,51.000,50.000,49.000,51.000,50.000,51.000,52.125,50.000,52.125,48.188,35.000,35.172,34.996,40.512,40.695,38.262,8.075,0.066,22.649,2535.979,2354.526,2532.000,2345.000,0.000,,,,2,1789724281.527,,
2655.143,61.438,63.625,53.875,54.000,53.000,54.000,52.000,53.000,52.000,53.000,52.000,51.000,54.000,51.000,52.062,48.125,35.000,35.172,34.996,40.512,40.695,38.262,7.506,0.063,19.122,2522.422,2347.663,2526.000,2339.000,0.000,,,,2,1789724282.531,,
2656.144,61.133,63.320,53.688,50.000,51.000,52.000,51.000,50.000,49.000,51.000,49.000,51.000,52.000,50.000,51.656,48.125,35.000,35.172,34.996,40.512,40.699,38.270,7.625,0.064,18.615,2554.188,2348.306,2520.000,2334.000,0.000,,,,2,1789724283.531,,
2657.145,60.859,63.047,53.625,53.000,53.000,54.000,53.000,52.000,54.000,52.000,51.000,51.000,54.000,52.000,52.344,47.875,35.000,35.172,34.996,40.512,40.699,38.270,8.230,0.066,18.754,2531.414,2332.588,2514.000,2328.000,0.000,,,,2,1789724284.532,,
2658.150,60.582,62.770,53.438,50.000,50.000,52.000,51.000,50.000,49.000,51.000,49.000,51.000,52.031,49.000,52.031,47.875,35.000,35.172,34.996,40.512,40.699,38.273,9.622,0.070,19.412,2527.557,2325.431,2506.000,2321.000,0.000,,,,2,1789724285.537,,
2659.151,60.297,62.484,53.312,50.000,50.000,51.000,51.000,49.000,49.000,51.000,49.000,50.000,51.484,50.000,51.484,47.812,35.000,35.172,34.996,40.516,40.699,38.277,7.625,0.062,20.865,2518.557,2329.328,2500.000,2315.000,0.000,,,,2,1789724286.541,,
2660.151,60.020,62.207,53.188,50.000,50.000,52.000,51.000,50.000,49.000,50.000,49.000,50.000,52.000,50.000,51.359,47.750,35.000,35.172,34.996,40.516,40.699,38.281,7.939,0.067,18.783,2514.370,2328.801,2493.000,2309.000,0.000,,,,2,1789724287.541,,
2661.156,59.762,61.949,53.188,50.000,50.000,51.000,50.000,50.000,49.000,50.000,49.000,50.000,51.766,49.000,51.766,47.688,35.000,35.164,34.996,40.516,40.699,38.281,9.147,0.070,19.172,2514.511,2317.751,2487.000,2303.000,0.000,,,,2,1789724288.543,,
2662.160,59.512,61.699,52.875,54.000,52.000,54.000,53.000,50.000,51.000,51.000,50.000,51.000,54.000,51.000,51.797,47.562,35.000,35.164,34.996,40.512,40.699,38.285,8.086,0.064,20.559,2506.423,2299.041,2480.000,2297.000,0.000,,,,2,1789724289.546,,
2663.163,63.250,66.340,52.938,73.000,69.000,78.000,74.000,75.000,75.000,72.000,74.000,58.000,78.000,62.000,74.469,47.500,35.000,35.164,34.996,40.516,40.699,38.285,43.278,0.185,42.605,2489.024,2299.203,2473.000,2290.000,0.000,,,,2,1789724290.550,,
2664.166,65.145,68.492,54.312,73.000,67.000,74.000,67.000,71.000,67.000,70.000,69.000,57.000,74.000,60.000,70.828,47.625,35.000,35.164,34.996,40.512,40.695,38.281,57.462,0.269,69.001,2467.207,2278.178,2465.000,2283.000,0.000,,,,2,1789724291.556,,
2665.171,68.039,71.922,55.562,63.000,60.000,67.000,63.000,64.000,64.000,64.000,62.000,57.000,76.719,58.000,76.719,48.125,35.000,35.164,34.996,40.512,40.691,38.285,69.570,0.289,79.386,2463.172,2299.115,2458.000,2276.000,0.000,,,,2,1789724292.558,,
2666.174,71.688,76.277,56.438,78.000,71.000,84.000,79.000,82.000,76.000,78.000,78.000,60.000,84.000,66.000,82.641,48.688,35.000,35.164,34.996,40.512,40.695,38.285,62.754,0.261,72.498,2463.729,2288.417,2452.000,2271.000,0.000,,,,2,1789724293.561,,
2667.176,74.844,79.922,57.438,84.000,76.000,88.000,80.000,85.000,84.000,82.000,80.000,62.000,88.000,68.000,84.312,49.062,35.000,35.164,34.996,40.508,40.691,38.285,68.471,0.367,77.397,2463.223,2288.562,2445.000,2264.000,0.000,,,,2,1789724294.566,,
2668.177,75.547,80.328,58.812,67.000,70.000,68.000,67.000,63.000,65.000,69.000,62.000,59.000,77.656,63.000,77.656,49.688,35.000,35.164,34.996,40.512,40.695,38.285,71.545,0.362,88.910,2475.469,2266.817,2439.000,2259.000,0.000,,,,2,1789724295.563,,
2669.177,75.504,79.805,59.000,75.000,67.000,68.000,70.000,63.000,64.000,60.000,60.000,59.000,75.000,65.000,74.266,50.250,35.000,35.164,34.996,40.512,40.699,38.285,36.861,0.228,49.857,2446.317,2267.688,2433.000,2253.000,0.000,,,,2,1789724296.564,,
2670.179,75.758,79.707,59.062,72.000,66.000,73.000,70.000,63.000,64.000,60.000,60.000,59.000,76.531,64.000,76.531,50.625,35.000,35.164,34.996,40.512,40.703,38.289,42.985,0.197,53.901,2434.275,2254.481,2427.000,2248.000,0.000,,,,2,1789724297.566,,
2671.179,75.566,79.121,58.875,58.000,58.000,60.000,59.000,58.000,57.000,59.000,58.000,58.000,69.750,57.000,69.750,51.125,56.000,41.973,34.996,40.508,40.707,38.289,37.554,1.140,53.590,2442.814,2267.103,2422.000,2243.000,0.000,,,,2,1789724298.572,,
2672.179,75.301,78.500,59.062,80.000,72.000,81.000,76.000,77.000,72.000,78.000,75.000,60.000,81.000,64.000,67.000,51.562,59.000,47.891,34.996,40.508,40.715,38.297,24.067,12.144,48.952,2421.601,2239.475,2418.000,2239.000,0.000,59.000,4.000,0.000,2,1789724299.566,,
2673.181,75.715,78.719,58.938,73.000,76.000,74.000,69.000,64.000,65.000,62.000,61.000,59.000,76.969,66.000,76.969,52.000,58.000,51.844,34.996,40.512,40.727,38.301,32.120,9.683,53.291,2433.666,2250.042,2415.000,2237.000,0.000,59.000,6.000,0.000,2,1789724300.575,,
2674.185,75.441,78.145,59.125,58.000,57.000,60.000,58.000,58.000,56.000,58.000,57.000,58.000,67.016,57.000,67.016,52.312,58.000,54.664,34.996,40.516,40.734,38.309,31.157,10.216,56.563,2405.902,2257.237,2411.000,2233.000,0.000,58.000,4.000,0.000,2,1789724301.572,,
2675.189,75.453,77.891,59.125,69.000,71.000,66.000,64.000,63.000,61.000,61.000,60.000,59.000,75.500,63.000,75.500,52.438,58.000,56.648,34.996,40.520,40.746,38.320,28.545,4.109,45.248,2417.649,2243.410,2408.000,2230.000,0.000,59.000,4.000,0.000,2,1789724302.575,,
2676.192,75.441,77.637,59.312,66.000,66.000,68.000,69.000,63.000,63.000,61.000,72.000,60.000,75.109,65.000,75.109,52.562,58.000,58.023,34.996,40.523,40.766,38.336,34.789,5.637,45.288,2413.613,2247.107,2407.000,2229.000,0.000,59.000,8.000,1.000,2,1789724303.579,,
2677.193,77.391,79.953,59.625,79.000,67.000,76.000,72.000,77.000,71.000,86.000,76.000,63.000,86.000,66.000,83.250,52.938,59.000,59.273,34.996,40.527,40.777,38.352,45.392,9.951,63.701,2417.795,2247.163,2404.000,2226.000,0.000,60.000,8.000,3.000,2,1789724304.581,,
2678.193,81.047,84.449,60.062,93.000,86.000,100.000,86.000,95.000,90.000,89.000,86.000,66.000,100.000,73.000,92.016,53.312,60.000,60.441,34.996,40.531,40.793,38.367,67.554,9.916,86.343,2398.018,2233.029,2403.000,2225.000,0.000,61.000,9.000,8.000,2,1789724305.583,,
2679.195,82.863,86.469,61.625,75.000,67.000,93.000,71.000,71.000,77.000,67.000,64.000,62.000,93.000,67.000,88.312,53.938,61.000,61.539,34.996,40.539,40.809,38.387,66.924,9.001,92.982,2417.844,2236.497,2400.000,2223.000,0.000,62.000,8.000,4.000,2,1789724306.582,,
2680.198,83.602,87.066,62.000,80.000,68.000,80.000,77.000,72.000,71.000,71.000,71.000,64.000,85.812,68.000,85.812,54.438,62.000,62.594,34.996,40.547,40.828,38.406,55.214,9.055,75.745,2393.951,2222.908,2399.000,2222.000,0.000,62.000,8.000,3.000,2,1789724307.586,,
2681.201,85.859,89.656,63.000,84.000,77.000,86.000,86.000,92.000,78.000,80.000,83.000,66.000,92.625,71.000,92.625,55.062,62.000,63.289,34.996,40.555,40.852,38.434,82.240,8.105,100.352,2405.581,2236.692,2400.000,2223.000,0.000,63.000,9.000,5.000,2,1789724308.589,,
2682.202,86.078,89.562,63.812,82.000,78.000,85.000,82.000,82.000,87.000,78.000,77.000,66.000,87.000,71.000,86.734,55.562,63.000,64.051,34.996,40.562,40.871,38.457,51.791,9.047,75.675,2401.537,2212.512,2399.000,2222.000,0.000,64.000,8.000,4.000,2,1789724309.590,,
2683.205,88.289,92.086,64.125,95.000,85.000,100.000,93.000,96.000,93.000,92.000,90.000,69.000,100.000,76.000,94.922,56.188,63.000,64.539,34.996,40.574,40.895,38.484,69.589,8.496,87.370,2393.569,2219.359,2460.000,2278.000,0.000,64.000,8.000,14.000,2,1789724310.592,,
2684.208,89.598,93.410,65.438,81.000,71.000,81.000,79.000,75.000,78.000,88.000,88.000,67.000,93.531,71.000,93.531,56.750,65.000,65.484,34.996,40.582,40.922,38.520,68.811,8.918,92.511,2433.435,2253.578,2520.000,2334.000,0.000,65.000,8.000,8.000,2,1789724311.596,,
2685.211,90.012,93.566,65.875,88.000,81.000,84.000,83.000,78.000,80.000,78.000,79.000,67.000,91.250,74.000,91.250,57.375,65.000,66.105,34.996,40.598,40.953,38.551,57.535,8.701,79.609,2496.654,2310.506,2581.000,2390.000,0.000,65.000,10.000,7.000,2,1789724312.599,,
2686.214,91.266,94.840,66.688,91.000,80.000,91.000,85.000,88.000,85.000,91.000,84.000,71.000,95.031,76.000,95.031,57.812,66.000,66.824,34.996,40.609,40.984,38.586,81.824,8.036,100.663,2545.591,2339.820,2641.000,2446.000,0.000,66.000,8.000,1.000,2,1789724313.601,,
2687.219,91.156,94.375,67.312,86.000,78.000,92.000,82.000,82.000,78.000,77.000,78.000,68.000,92.000,74.000,87.828,58.375,66.000,67.289,34.996,40.625,41.016,38.625,50.735,9.307,73.348,2609.074,2421.096,2702.000,2502.000,0.000,66.000,8.000,7.000,2,1789724314.607,,
2688.221,92.633,95.973,67.438,92.000,84.000,97.000,92.000,93.000,90.000,90.000,91.000,71.000,97.062,77.000,97.062,58.875,67.000,67.895,34.996,40.641,41.051,38.664,71.975,8.705,92.045,2656.630,2445.154,2773.000,2568.000,0.000,67.000,8.000,5.000,2,1789724315.610,,
2689.226,93.211,96.391,68.562,89.000,76.000,82.000,80.000,79.000,96.000,84.000,75.000,69.000,96.000,75.000,94.953,59.375,67.000,68.281,34.996,40.656,41.086,38.703,67.242,7.904,89.052,2716.243,2524.172,2844.000,2634.000,0.000,67.000,8.000,5.000,2,1789724316.616,,
2690.231,93.191,96.051,68.875,87.000,80.000,97.000,81.000,82.000,75.000,79.000,74.000,69.000,97.000,76.000,92.609,59.812,67.000,68.508,34.996,40.676,41.125,38.742,54.079,7.992,74.867,2784.912,2569.098,2916.000,2700.000,0.000,68.000,5.000,1.000,2,1789724317.619,,
2691.231,94.441,97.391,69.438,87.000,80.000,100.000,96.000,97.000,92.000,85.000,86.000,71.000,100.000,77.000,98.203,60.125,68.000,68.953,34.996,40.695,41.164,38.789,82.115,8.248,102.112,2833.084,2629.407,2987.000,2766.000,0.000,68.000,8.000,4.000,2,1789724318.621,,
2692.231,94.363,97.020,70.188,88.000,80.000,88.000,86.000,85.000,82.000,96.000,77.000,71.000,96.000,77.000,92.016,60.688,68.000,69.227,34.996,40.711,41.207,38.832,53.085,8.256,73.939,2912.692,2700.938,3058.000,2832.000,0.000,68.000,8.000,8.000,2,1789724319.621,,
2693.231,95.371,98.066,70.375,94.000,88.000,99.000,93.000,96.000,96.000,92.000,91.000,73.000,99.000,79.000,98.406,61.062,69.000,69.703,34.996,40.734,41.250,38.879,68.451,9.062,89.964,2978.628,2752.778,3129.000,2898.000,0.000,69.000,4.000,0.000,2,1789724320.621,,
2694.234,95.367,97.793,71.250,90.000,88.000,95.000,82.000,83.000,84.000,78.000,75.000,71.000,95.344,78.000,95.344,61.500,69.000,70.012,34.996,40.754,41.297,38.930,63.365,11.085,88.038,3054.057,2821.670,3201.000,2964.000,0.000,69.000,11.000,3.000,2,1789724321.622,,
2695.238,96.035,98.418,71.375,97.000,84.000,100.000,88.000,95.000,93.000,88.000,86.000,73.000,100.000,78.000,98.047,62.000,69.000,70.195,34.996,40.777,41.344,38.980,62.783,12.132,87.265,3126.493,2876.916,3272.000,3030.000,0.000,70.000,11.000,10.000,2,1789724322.625,,
2696.241,96.164,98.348,72.188,94.000,83.000,92.000,90.000,91.000,87.000,77.000,79.000,72.000,96.547,79.000,96.547,62.375,70.000,70.609,34.996,40.801,41.391,39.031,71.559,11.704,95.771,3215.721,2975.969,3300.000,3056.000,0.000,70.000,8.000,3.000,2,1789724323.629,,
2697.245,96.562,98.648,72.375,89.000,77.000,95.000,83.000,79.000,100.000,78.000,83.000,72.000,100.000,77.000,97.766,62.875,71.000,71.199,34.996,40.824,41.441,39.086,56.220,13.936,82.669,3222.918,2994.261,3328.000,3082.000,0.000,71.000,14.000,6.000,2,1789724324.634,,
2698.249,96.539,98.414,72.375,92.000,77.000,85.000,80.000,100.000,77.000,77.000,74.000,71.000,100.000,77.000,95.812,63.312,70.000,71.270,34.996,40.852,41.492,39.141,47.467,14.470,75.443,3274.394,3030.762,3356.000,3108.000,0.000,71.000,10.000,5.000,2,1789724325.638,,
2699.253,96.531,98.219,72.125,80.000,82.000,86.000,83.000,78.000,100.000,74.000,75.000,71.000,100.000,77.000,96.297,63.562,71.000,71.613,34.996,40.875,41.543,39.199,47.003,13.584,73.398,3319.227,3088.141,3384.000,3134.000,0.000,71.000,13.000,5.000,2,1789724326.640,,
2700.256,96.430,97.949,72.250,85.000,83.000,91.000,90.000,86.000,80.000,91.000,78.000,72.000,93.281,77.000,93.281,63.688,70.000,71.500,34.996,40.902,41.598,39.258,48.790,12.821,74.469,3334.043,3088.458,3412.000,3160.000,0.000,71.000,12.000,13.000,2,1789724327.644,,
2701.256,96.332,97.852,72.312,91.000,77.000,92.000,79.000,86.000,76.000,76.000,74.000,71.000,93.312,76.000,93.312,63.812,71.000,71.715,34.996,40.930,41.648,39.316,49.418,13.841,76.819,3396.451,3128.014,3440.000,3186.000,0.000,71.000,10.000,1.000,2,1789724328.644,,
2702.261,96.113,97.633,72.188,93.000,85.000,82.000,83.000,75.000,75.000,72.000,72.000,71.000,93.000,79.000,89.328,64.125,70.000,71.551,34.996,40.961,41.707,39.379,43.006,12.203,68.063,3404.706,3147.761,3468.000,3212.000,0.000,70.000,4.000,0.000,2,1789724329.653,,
2703.266,95.641,97.160,71.938,82.000,74.000,80.000,78.000,74.000,74.000,72.000,72.000,69.000,82.000,75.000,81.000,63.938,70.000,71.406,34.996,40.988,41.766,39.441,20.375,4.360,48.478,3428.474,3175.387,3497.000,3238.000,0.000,70.000,4.000,0.000,2,1789724330.665,,
2704.267,95.301,96.820,71.688,77.000,73.000,79.000,76.000,75.000,74.000,73.000,72.000,71.000,84.750,73.000,84.750,63.625,69.000,71.371,34.996,41.020,41.820,39.500,36.311,7.543,49.028,3493.992,3195.994,3525.000,3264.000,0.000,,,,2,1789724331.654,,
2705.270,94.750,96.270,71.625,75.000,72.000,80.000,75.000,76.000,71.000,71.000,71.000,68.000,80.000,71.000,77.703,63.500,35.000,70.273,34.996,41.051,41.879,39.566,24.352,1.201,42.656,3494.874,3245.495,3553.000,3290.000,0.000,,,,2,1789724332.658,,
2706.271,94.051,95.570,71.438,68.000,67.000,70.000,68.000,67.000,66.000,67.000,66.000,67.000,72.406,67.000,72.406,63.000,35.000,69.211,34.996,41.078,41.934,39.625,20.989,0.120,35.033,3537.284,3260.072,3574.000,3310.000,0.000,,,,2,1789724333.659,,
2707.274,93.379,94.898,70.875,68.000,68.000,69.000,68.000,66.000,66.000,67.000,65.000,66.000,72.500,67.000,72.500,62.625,35.000,68.184,34.996,41.109,41.988,39.688,15.889,0.116,30.869,3545.506,3281.827,3546.000,3284.000,0.000,,,,2,1789724334.662,,
2708.277,92.590,94.109,70.438,66.000,66.000,67.000,65.000,65.000,64.000,65.000,64.000,65.000,68.156,65.000,68.156,62.312,35.000,67.188,34.996,41.137,42.039,39.742,10.908,0.075,26.787,3536.867,3274.126,3518.000,3258.000,0.000,,,,2,1789724335.664,,
2709.278,91.789,93.309,70.125,66.000,65.000,66.000,65.000,65.000,64.000,65.000,64.000,65.000,66.969,65.000,66.969,61.750,35.000,66.219,34.996,41.164,42.090,39.797,10.479,0.067,22.919,3519.371,3259.748,3490.000,3232.000,0.000,,,,2,1789724336.665,,
2710.281,90.965,92.484,69.375,64.000,64.000,65.000,63.000,63.000,63.000,64.000,62.000,64.000,65.438,63.000,65.438,61.438,35.000,65.285,34.996,41.191,42.141,39.852,9.608,0.064,21.560,3510.688,3260.190,3462.000,3206.000,0.000,,,,2,1789724337.667,,
2711.285,90.168,91.688,69.062,64.000,64.000,64.000,64.000,63.000,62.000,63.000,62.000,63.000,65.500,63.000,65.500,60.875,35.000,64.379,34.996,41.219,42.188,39.902,12.740,0.086,21.824,3476.884,3223.929,3434.000,3180.000,0.000,,,,2,1789724338.674,,
2712.290,89.461,90.980,68.812,64.000,63.000,65.000,63.000,63.000,62.000,63.000,62.000,63.000,67.484,63.000,67.484,60.750,35.000,63.500,34.996,41.242,42.230,39.953,12.226,0.093,25.637,3443.855,3182.124,3406.000,3154.000,0.000,,,,2,1789724339.678,,
2713.293,88.672,90.191,68.312,63.000,62.000,63.000,62.000,62.000,61.000,62.000,61.000,63.000,64.250,62.000,64.250,60.125,35.000,62.652,34.996,41.270,42.277,40.004,10.219,0.067,23.320,3426.548,3189.453,3378.000,3128.000,0.000,,,,2,1789724340.683,,
2714.293,87.895,89.414,68.062,62.000,62.000,63.000,61.000,62.000,60.000,62.000,60.000,62.000,63.719,61.000,63.719,59.750,35.000,61.828,34.996,41.297,42.324,40.051,9.094,0.064,21.930,3418.804,3168.456,3350.000,3102.000,0.000,,,,2,1789724341.681,,
2715.293,87.121,88.641,67.562,62.000,61.000,62.000,61.000,62.000,61.000,61.000,60.000,61.000,63.203,61.000,63.203,59.312,35.000,61.027,34.996,41.324,42.367,40.098,10.060,0.068,20.887,3386.928,3135.015,3322.000,3076.000,0.000,,,,2,1789724342.681,,
2716.294,86.340,87.859,66.938,61.000,60.000,62.000,61.000,60.000,59.000,61.000,60.000,61.000,62.125,60.000,62.125,58.938,35.000,60.254,34.996,41.344,42.402,40.137,9.303,0.065,21.887,3370.787,3134.551,3294.000,3050.000,0.000,,,,2,1789724343.683,,
2717.298,85.637,87.156,66.688,62.000,62.000,63.000,61.000,61.000,60.000,62.000,59.000,61.000,63.828,60.000,63.828,58.500,35.000,59.508,34.996,41.371,42.441,40.180,13.036,0.085,21.682,3332.284,3088.008,3265.000,3024.000,0.000,,,,2,1789724344.688,,
2718.301,85.094,86.613,66.438,71.000,66.000,77.000,70.000,66.000,65.000,63.000,62.000,61.000,77.000,65.000,68.297,58.250,35.000,58.781,34.996,41.395,42.480,40.219,13.029,0.093,25.636,3285.811,3037.436,3237.000,2998.000,0.000,,,,2,1789724345.689,,
2719.305,84.551,86.070,66.438,63.000,62.000,64.000,63.000,61.000,60.000,61.000,60.000,61.000,67.688,62.000,67.688,57.688,35.000,58.078,34.996,41.418,42.516,40.258,25.354,0.173,28.398,3263.619,3018.438,3166.000,2932.000,0.000,,,,2,1789724346.692,,
2720.310,83.895,85.414,66.188,61.000,60.000,61.000,60.000,60.000,59.000,61.000,59.000,61.000,63.531,60.000,63.531,57.625,35.000,57.398,34.996,41.441,42.551,40.293,18.606,0.117,34.754,3227.889,2994.112,3095.000,2866.000,0.000,,,,2,1789724347.699,,
2721.312,83.176,84.695,65.688,61.000,59.000,61.000,59.000,59.000,58.000,59.000,58.000,60.000,61.000,59.000,60.891,57.625,35.000,56.738,34.996,41.461,42.582,40.324,8.237,0.063,31.721,3136.708,2927.567,3024.000,2800.000,0.000,,,,2,1789724348.701,,
2722.314,82.492,84.012,65.562,61.000,60.000,61.000,61.000,60.000,59.000,60.000,59.000,61.000,61.375,60.000,61.375,57.250,35.000,56.098,34.996,41.484,42.617,40.359,11.611,0.072,20.235,3037.770,2876.801,2952.000,2734.000,0.000,,,,2,1789724349.702,,
2723.318,81.820,83.340,65.188,60.000,59.000,60.000,59.000,59.000,58.000,59.000,58.000,59.000,60.891,58.000,60.891,56.812,35.000,55.480,34.996,41.508,42.648,40.391,13.498,0.080,23.548,3006.037,2805.639,2881.000,2668.000,0.000,,,,2,1789724350.704,,
2724.320,81.207,82.727,64.875,60.000,62.000,61.000,61.000,60.000,59.000,60.000,59.000,61.000,62.203,60.000,62.203,56.688,35.000,54.879,34.996,41.527,42.676,40.418,16.287,0.098,26.045,2938.751,2736.290,2810.000,2602.000,0.000,,,,2,1789724351.708,,
2725.321,80.609,82.129,64.750,71.000,62.000,62.000,61.000,61.000,60.000,60.000,63.000,60.000,71.000,61.000,62.156,56.562,35.000,54.301,34.996,41.543,42.703,40.445,14.177,0.081,28.279,2885.980,2671.396,2758.000,2554.000,0.000,,,,2,1789724352.708,,
2726.326,79.969,81.488,64.625,59.000,58.000,59.000,58.000,57.000,57.000,59.000,57.000,59.000,60.125,58.000,60.125,56.375,35.000,53.734,34.996,41.566,42.730,40.469,11.240,0.085,26.089,2801.949,2610.114,2764.000,2560.000,0.000,,,,2,1789724353.714,,
2727.328,79.336,80.855,64.250,58.000,58.000,59.000,58.000,57.000,56.000,58.000,57.000,59.000,59.672,58.000,59.672,56.062,35.000,53.191,34.996,41.586,42.758,40.496,9.803,0.068,23.050,2796.747,2591.755,2770.000,2565.000,0.000,,,,2,1789724354.716,,
2728.328,78.707,80.227,63.750,58.000,57.000,59.000,58.000,57.000,56.000,58.000,57.000,58.000,59.266,57.000,59.266,55.938,35.000,52.664,34.996,41.602,42.781,40.516,8.027,0.064,21.336,2791.672,2590.953,2775.000,2570.000,0.000,,,,2,1789724355.715,,
2729.332,78.137,79.656,63.562,59.000,58.000,60.000,59.000,58.000,57.000,59.000,57.000,60.000,60.391,59.000,60.391,55.625,35.000,52.152,34.996,41.621,42.805,40.539,13.443,0.078,19.947,2790.719,2573.542,2779.000,2574.000,0.000,,,,2,1789724356.719,,
2730.335,77.641,79.160,63.375,59.000,59.000,60.000,61.000,59.000,58.000,59.000,63.000,59.000,63.000,60.000,62.250,55.375,35.000,51.656,34.996,41.637,42.824,40.555,21.159,0.132,28.033,2791.087,2573.395,2783.000,2577.000,0.000,,,,2,1789724357.723,,
2731.340,77.195,78.715,63.375,65.000,62.000,73.000,64.000,62.000,60.000,60.000,59.000,60.000,73.000,62.000,63.469,55.250,35.000,51.176,34.996,41.652,42.848,40.574,19.611,0.122,32.407,2796.399,2573.211,2788.000,2582.000,0.000,,,,2,1789724358.726,,
2732.343,77.113,78.480,63.562,70.000,65.000,78.000,68.000,65.000,63.000,64.000,62.000,61.000,78.000,64.000,74.547,55.188,35.000,50.711,34.996,41.672,42.867,40.590,38.711,0.261,40.211,2774.994,2590.935,2791.000,2585.000,0.000,,,,2,1789724359.730,,
2733.346,76.758,77.988,63.625,61.000,60.000,61.000,61.000,59.000,58.000,60.000,58.000,59.000,65.719,60.000,65.719,55.188,35.000,50.258,34.996,41.684,42.887,40.605,27.719,0.198,45.752,2785.451,2573.267,2796.000,2589.000,0.000,,,,2,1789724360.733,,
2734.351,76.348,77.457,63.500,60.000,60.000,61.000,61.000,60.000,58.000,60.000,59.000,60.000,63.594,60.000,63.594,55.312,35.000,49.824,34.996,41.699,42.906,40.621,21.767,0.137,38.554,2791.044,2573.911,2799.000,2592.000,0.000,,,,2,1789724361.739,,
2735.351,75.801,76.910,63.312,57.000,57.000,58.000,58.000,57.000,56.000,58.000,57.000,58.000,58.922,57.000,58.922,55.250,35.000,49.398,34.996,41.715,42.926,40.633,8.341,0.064,33.216,2802.429,2600.254,2803.000,2596.000,0.000,,,,2,1789724362.740,,
2736.355,75.305,76.414,63.188,58.000,58.000,60.000,59.000,57.000,57.000,58.000,57.000,59.000,60.000,58.000,59.844,55.188,35.000,48.988,34.996,41.730,42.938,40.641,11.016,0.074,19.956,2791.260,2591.420,2804.000,2597.000,0.000,,,,2,1789724363.743,,
2737.359,74.828,75.938,62.812,58.000,57.000,59.000,58.000,58.000,56.000,58.000,57.000,59.000,60.094,57.000,60.094,54.875,35.000,48.527,34.996,41.746,42.953,40.652,16.423,0.096,23.401,2791.390,2600.555,2808.000,2600.000,0.000,,,,2,1789724364.746,,
2738.362,74.422,75.531,62.812,60.000,59.000,60.000,60.000,58.000,58.000,59.000,57.000,60.000,61.766,58.000,61.766,54.688,35.000,48.141,34.996,41.758,42.969,40.660,18.380,0.124,28.489,2812.632,2592.185,2810.000,2602.000,0.000,,,,2,1789724365.751,,
2739.364,73.984,75.094,62.688,59.000,59.000,60.000,60.000,58.000,57.000,59.000,58.000,59.000,60.531,58.000,60.531,54.625,35.000,47.770,34.996,41.770,42.984,40.672,17.378,0.104,29.727,2813.050,2600.386,2813.000,2605.000,0.000,,,,2,1789724366.752,,
2740.369,73.535,74.645,62.438,59.000,58.000,59.000,59.000,57.000,57.000,58.000,57.000,59.000,59.516,58.000,59.516,54.500,35.000,47.410,34.996,41.781,42.996,40.676,13.403,0.079,28.345,2823.840,2604.902,2814.000,2606.000,0.000,,,,2,1789724367.755,,
2741.373,73.086,74.195,62.250,57.000,57.000,58.000,58.000,57.000,56.000,58.000,56.000,58.000,59.219,57.000,59.219,54.312,35.000,47.059,34.996,41.793,43.012,40.684,15.166,0.081,25.196,2823.795,2595.755,2817.000,2609.000,0.000,,,,2,1789724368.760,,
2742.377,72.707,73.816,62.312,59.000,58.000,60.000,58.000,57.000,56.000,58.000,57.000,59.000,60.938,57.000,60.938,54.250,35.000,46.719,34.996,41.805,43.023,40.688,17.450,0.103,27.286,2806.864,2618.810,2818.000,2610.000,0.000,,,,2,1789724369.765,,
2743.377,72.316,73.426,62.062,57.000,58.000,59.000,59.000,57.000,56.000,58.000,57.000,59.000,60.203,57.000,60.203,54.250,35.000,46.395,34.996,41.816,43.031,40.691,17.181,0.098,29.989,2829.010,2605.071,2818.000,2610.000,0.000,,,,2,1789724370.765,,
2744.381,71.945,73.055,62.000,62.000,60.000,62.000,60.000,58.000,58.000,58.000,58.000,59.000,62.000,58.000,60.484,54.125,35.000,46.074,34.996,41.824,43.047,40.699,17.531,0.104,29.163,2834.490,2600.555,2822.000,2613.000,0.000,,,,2,1789724371.768,,
2745.385,71.578,72.688,61.938,57.000,57.000,60.000,58.000,58.000,56.000,58.000,56.000,58.000,60.109,57.000,60.109,53.938,35.000,45.766,34.996,41.836,43.059,40.703,15.844,0.092,28.506,2813.357,2596.166,2824.000,2615.000,0.000,,,,2,1789724372.774,,
2746.390,71.148,72.258,61.750,56.000,56.000,57.000,56.000,55.000,55.000,57.000,55.000,57.000,57.891,56.000,57.891,53.812,35.000,45.469,34.996,41.844,43.062,40.703,8.809,0.067,27.260,2801.992,2600.499,2823.000,2614.000,0.000,,,,2,1789724373.776,,
2747.393,70.723,71.832,61.312,56.000,57.000,57.000,58.000,55.000,55.000,57.000,55.000,57.000,58.000,56.000,57.516,53.750,35.000,45.117,34.996,41.855,43.074,40.703,8.372,0.066,20.588,2851.643,2613.885,2825.000,2616.000,0.000,,,,2,1789724374.783,,
2748.395,70.344,71.453,61.125,59.000,59.000,59.000,59.000,58.000,57.000,58.000,56.000,57.000,59.000,58.000,58.547,53.625,35.000,44.836,34.996,41.863,43.074,40.703,10.300,0.074,20.217,2812.961,2618.601,2823.000,2614.000,0.000,,,,2,1789724375.785,,
2749.397,69.926,71.035,61.000,55.000,56.000,57.000,55.000,55.000,54.000,56.000,54.000,57.000,57.000,55.000,56.969,53.375,35.000,44.566,34.996,41.871,43.082,40.703,8.266,0.067,21.905,2817.938,2609.433,2823.000,2614.000,0.000,,,,2,1789724376.785,,
2750.397,71.109,72.465,60.688,65.000,60.000,63.000,64.000,87.000,63.000,70.000,62.000,62.000,87.000,61.000,74.672,53.188,35.000,44.305,34.996,41.879,43.086,40.703,21.985,0.162,22.833,2840.685,2604.600,2822.000,2613.000,0.000,,,,2,1789724377.784,,
2751.402,70.734,71.953,60.750,60.000,58.000,59.000,59.000,56.000,56.000,57.000,55.000,57.000,60.000,57.000,59.125,53.125,35.000,44.051,34.996,41.887,43.086,40.699,14.836,0.105,31.547,2824.150,2599.691,2820.000,2612.000,0.000,,,,2,1789724378.791,,
2752.406,70.312,71.531,60.625,56.000,56.000,57.000,55.000,55.000,54.000,56.000,54.000,56.000,57.328,55.000,57.328,53.000,35.000,43.801,34.996,41.895,43.086,40.695,9.691,0.077,27.232,2829.455,2623.964,2818.000,2610.000,0.000,,,,2,1789724379.794,,
2753.410,69.871,71.090,60.375,55.000,54.000,55.000,55.000,54.000,53.000,55.000,54.000,56.000,56.188,55.000,56.188,52.938,35.000,43.562,34.996,41.902,43.086,40.695,7.409,0.065,22.254,2834.668,2591.289,2816.000,2608.000,0.000,,,,2,1789724380.799,,
2754.412,69.609,70.828,60.062,58.000,57.000,58.000,58.000,56.000,55.000,57.000,55.000,56.000,61.469,57.000,61.469,52.875,35.000,43.332,34.996,41.906,43.086,40.691,10.818,0.086,19.406,2818.379,2623.352,2814.000,2606.000,0.000,,,,2,1789724381.799,,
2755.413,69.191,70.410,59.938,55.000,55.000,55.000,55.000,54.000,53.000,55.000,54.000,55.000,56.203,54.000,56.203,52.688,35.000,43.109,34.996,41.914,43.082,40.688,8.501,0.068,21.457,2796.942,2605.052,2811.000,2603.000,0.000,,,,2,1789724382.803,,
2756.417,68.781,70.000,59.625,55.000,55.000,55.000,55.000,54.000,53.000,55.000,54.000,55.000,56.031,54.000,56.031,52.438,35.000,42.891,34.996,41.922,43.078,40.680,8.917,0.072,20.618,2812.302,2608.904,2808.000,2600.000,0.000,,,,2,1789724383.806,,
2757.419,68.363,69.582,59.500,54.000,55.000,55.000,54.000,54.000,53.000,55.000,53.000,55.000,55.422,54.000,55.422,52.375,35.000,42.625,34.996,41.926,43.074,40.676,7.662,0.067,19.947,2802.080,2618.448,2804.000,2597.000,0.000,,,,2,1789724384.806,,
2758.422,67.988,69.207,59.188,54.000,55.000,56.000,55.000,54.000,53.000,55.000,53.000,56.000,56.359,54.000,56.359,52.125,35.000,42.422,34.996,41.934,43.070,40.668,10.839,0.075,19.112,2824.526,2599.747,2801.000,2594.000,0.000,,,,2,1789724385.810,,
2759.427,67.629,68.848,59.062,54.000,55.000,55.000,55.000,54.000,53.000,55.000,53.000,55.000,56.531,54.000,56.531,52.000,35.000,42.227,34.996,41.938,43.066,40.664,13.013,0.081,22.525,2824.260,2600.311,2798.000,2591.000,0.000,,,,2,1789724386.815,,
2760.428,67.258,68.477,58.750,54.000,55.000,55.000,55.000,54.000,52.000,54.000,53.000,55.000,55.703,54.000,55.703,52.000,35.000,42.035,34.996,41.941,43.062,40.656,8.912,0.068,24.396,2813.335,2600.273,2795.000,2588.000,0.000,,,,2,1789724387.816,,
2761.430,66.871,68.090,58.688,54.000,54.000,54.000,53.000,53.000,52.000,54.000,53.000,55.000,55.000,53.000,54.984,51.750,35.000,41.848,34.996,41.945,43.055,40.645,6.897,0.062,20.312,2791.260,2586.541,2790.000,2584.000,0.000,,,,2,1789724388.819,,
2762.430,66.516,67.734,58.438,54.000,54.000,55.000,55.000,53.000,53.000,53.000,52.000,55.000,55.375,54.000,55.375,51.625,35.000,41.668,34.996,41.949,43.047,40.637,8.091,0.066,18.406,2791.087,2573.506,2786.000,2580.000,0.000,,,,2,1789724389.817,,
2763.434,66.137,67.355,58.250,54.000,53.000,54.000,53.000,53.000,52.000,53.000,52.000,54.000,54.438,53.000,54.438,51.500,35.000,41.496,34.996,41.953,43.039,40.629,6.878,0.062,19.417,2791.109,2605.241,2782.000,2576.000,0.000,,,,2,1789724390.822,,
2764.438,66.035,67.254,57.875,56.000,56.000,57.000,56.000,55.000,54.000,55.000,54.000,55.000,62.922,55.000,62.922,51.438,35.000,41.328,34.996,41.957,43.031,40.621,15.497,0.109,19.709,2796.790,2574.389,2777.000,2572.000,0.000,,,,2,1789724391.825,,
2765.440,65.855,67.074,58.062,56.000,56.000,57.000,56.000,55.000,54.000,56.000,54.000,56.000,60.234,55.000,60.234,51.375,35.000,41.164,34.996,41.961,43.020,40.609,22.342,0.150,28.801,2796.942,2572.972,2771.000,2566.000,0.000,,,,2,1789724392.828,,
2766.445,65.574,66.793,57.938,54.000,55.000,55.000,55.000,54.000,53.000,55.000,54.000,56.000,56.844,55.000,56.844,51.312,35.000,41.004,34.996,41.961,43.012,40.602,13.500,0.082,33.327,2764.701,2573.285,2766.000,2562.000,0.000,,,,2,1789724393.833,,
2767.445,65.305,66.523,58.000,55.000,55.000,55.000,55.000,54.000,53.000,55.000,53.000,56.000,57.016,54.000,57.016,51.250,35.000,40.793,34.996,41.965,43.004,40.590,16.042,0.088,25.315,2755.158,2564.504,2762.000,2558.000,0.000,,,,2,1789724394.833,,
2768.450,65.020,66.238,57.750,55.000,54.000,55.000,55.000,54.000,53.000,55.000,53.000,55.000,56.125,54.000,56.125,51.188,35.000,40.645,34.996,41.965,42.996,40.578,13.554,0.085,27.541,2770.339,2564.596,2758.000,2554.000,0.000,,,,2,1789724395.836,,
2769.453,64.773,65.992,57.875,58.000,56.000,58.000,64.000,57.000,55.000,55.000,54.000,55.000,64.000,55.000,57.141,51.188,35.000,40.500,34.996,41.969,42.984,40.566,13.534,0.082,25.043,2760.250,2559.308,2751.000,2548.000,0.000,,,,2,1789724396.839,,
2770.457,64.527,65.746,57.938,54.000,55.000,55.000,54.000,54.000,53.000,55.000,53.000,55.000,56.922,54.000,56.922,51.062,35.000,40.363,34.996,41.969,42.980,40.555,19.037,0.128,26.467,2759.763,2537.695,2748.000,2545.000,0.000,,,,2,1789724397.843,,
2771.460,64.250,65.469,57.750,54.000,55.000,54.000,54.000,54.000,53.000,54.000,52.000,55.000,55.656,53.000,55.656,51.188,35.000,40.227,34.996,41.969,42.969,40.543,11.415,0.078,29.849,2760.546,2533.053,2743.000,2540.000,0.000,,,,2,1789724398.849,,
2772.463,63.996,65.215,57.562,57.000,55.000,56.000,56.000,54.000,53.000,55.000,53.000,54.000,57.000,54.000,56.125,51.000,35.000,40.098,34.996,41.969,42.961,40.527,9.516,0.073,23.043,2744.112,2533.320,2737.000,2535.000,0.000,,,,2,1789724399.852,,
2773.466,64.488,65.734,57.438,69.000,60.000,61.000,63.000,60.000,59.000,81.000,57.000,59.000,81.000,60.000,65.969,50.875,35.000,39.969,34.996,41.969,42.949,40.516,17.287,0.124,23.394,2750.023,2546.401,2732.000,2530.000,0.000,,,,2,1789724400.853,,
2774.468,64.223,65.344,57.562,56.000,55.000,56.000,55.000,53.000,52.000,54.000,52.000,54.000,56.031,54.000,56.031,50.812,35.000,39.848,34.996,41.969,42.938,40.504,12.021,0.086,27.671,2733.900,2532.875,2725.000,2524.000,0.000,,,,2,1789724401.855,,
2775.472,64.371,65.426,57.438,64.000,61.000,62.000,61.000,57.000,57.000,56.000,57.000,56.000,64.828,59.000,64.828,50.750,35.000,39.730,34.996,41.973,42.926,40.488,21.530,0.149,26.650,2728.409,2516.831,2720.000,2519.000,0.000,,,,2,1789724402.860,,
2776.477,67.539,69.438,57.625,70.000,69.000,83.000,74.000,68.000,72.000,61.000,60.000,58.000,83.000,65.000,77.031,50.875,35.000,39.613,34.996,41.969,42.910,40.477,40.989,0.212,43.825,2728.947,2546.347,2712.000,2512.000,0.000,,,,2,1789724403.866,,
2777.477,69.305,71.543,58.125,71.000,67.000,70.000,71.000,63.000,63.000,60.000,59.000,58.000,74.609,64.000,74.609,51.000,35.000,39.453,34.996,41.969,42.898,40.461,41.015,0.217,53.486,2713.520,2511.599,2707.000,2507.000,0.000,,,,2,1789724404.904,,
2778.478,69.129,71.145,58.438,59.000,58.000,60.000,60.000,57.000,56.000,57.000,56.000,56.000,63.719,57.000,63.719,51.250,58.000,45.699,34.996,41.969,42.887,40.449,24.719,6.187,46.905,2708.111,2499.410,2701.000,2501.000,0.000,59.000,18.000,65.000,2,1789724405.865,,
2779.483,68.977,70.789,58.438,68.000,59.000,64.000,62.000,59.000,58.000,59.000,56.000,56.000,68.000,59.000,64.219,52.000,57.000,49.906,34.996,41.969,42.879,40.441,21.589,9.457,44.007,2702.906,2516.233,2696.000,2497.000,0.000,57.000,8.000,10.000,2,1789724406.870,,
2780.487,70.625,72.750,58.625,71.000,68.000,69.000,68.000,65.000,64.000,63.000,62.000,59.000,75.578,63.000,75.578,52.125,58.000,53.242,34.996,41.973,42.867,40.430,43.872,9.390,59.993,2698.550,2502.729,2690.000,2491.000,0.000,58.000,3.000,0.000,2,1789724407.875,,
2781.491,70.320,72.234,58.938,57.000,56.000,58.000,56.000,56.000,55.000,57.000,56.000,57.000,60.922,55.000,60.922,52.500,57.000,55.293,34.996,41.969,42.859,40.422,22.200,4.069,49.025,2693.905,2506.719,2685.000,2487.000,0.000,58.000,12.000,62.000,2,1789724408.882,,
2782.495,71.160,73.137,58.938,73.000,64.000,70.000,67.000,63.000,65.000,61.000,77.000,59.000,77.000,63.000,73.688,52.750,60.000,57.695,34.996,41.973,42.852,40.418,32.751,12.944,49.526,2693.603,2493.886,2680.000,2482.000,0.000,61.000,20.000,46.000,2,1789724409.882,,
2783.497,73.684,76.219,59.312,88.000,65.000,83.000,69.000,66.000,64.000,64.000,67.000,60.000,88.000,64.000,81.250,53.312,61.000,59.695,34.996,41.973,42.844,40.414,39.134,19.942,69.194,2678.133,2477.479,2676.000,2478.000,0.000,62.000,18.000,32.000,2,1789724410.884,,
2784.500,76.707,79.895,59.438,76.000,67.000,75.000,73.000,78.000,68.000,66.000,79.000,61.000,85.781,67.000,85.781,54.000,62.000,61.406,34.996,41.977,42.840,40.410,44.864,21.121,78.441,2668.584,2481.304,2673.000,2475.000,0.000,62.000,18.000,27.000,2,1789724411.888,,
2785.500,78.855,82.367,59.938,71.000,66.000,97.000,70.000,84.000,67.000,68.000,65.000,61.000,97.000,67.000,85.297,54.688,63.000,62.898,34.996,41.980,42.836,40.414,44.756,21.206,78.406,2688.594,2485.484,2668.000,2471.000,0.000,63.000,16.000,18.000,2,1789724412.902,,
2786.503,80.102,83.637,60.250,80.000,67.000,75.000,72.000,71.000,71.000,82.000,65.000,63.000,83.844,67.000,83.844,55.125,63.000,63.910,34.996,41.988,42.832,40.418,45.970,20.809,79.385,2659.182,2481.389,2665.000,2468.000,0.000,64.000,16.000,15.000,2,1789724413.904,,
2787.507,81.840,85.543,60.875,78.000,75.000,89.000,73.000,71.000,69.000,72.000,66.000,64.000,89.000,69.000,87.047,55.812,63.000,64.570,34.996,41.992,42.832,40.422,45.102,20.752,78.442,2668.802,2481.663,2663.000,2466.000,0.000,64.000,19.000,46.000,2,1789724414.905,,
2788.507,82.363,85.855,61.125,73.000,78.000,86.000,71.000,69.000,70.000,68.000,66.000,64.000,86.000,69.000,83.938,56.250,64.000,65.301,34.996,41.996,42.832,40.434,44.208,19.854,76.710,2649.552,2460.311,2660.000,2463.000,0.000,65.000,17.000,14.000,2,1789724415.906,,
2789.512,83.379,86.824,61.375,82.000,69.000,74.000,71.000,73.000,69.000,87.000,67.000,64.000,87.000,68.000,86.422,56.750,65.000,66.086,34.996,42.004,42.832,40.445,44.263,20.188,77.250,2684.083,2456.852,2657.000,2461.000,0.000,65.000,17.000,6.000,2,1789724416.907,,
2790.514,84.492,87.930,61.750,89.000,74.000,79.000,80.000,70.000,69.000,68.000,66.000,64.000,89.000,70.000,87.844,57.312,65.000,66.590,34.996,42.012,42.840,40.461,45.355,20.539,78.597,2649.455,2457.271,2657.000,2461.000,0.000,66.000,18.000,19.000,2,1789724417.902,,
2791.515,85.824,89.316,62.312,80.000,79.000,93.000,79.000,74.000,72.000,69.000,68.000,65.000,93.000,71.000,89.812,57.812,66.000,67.211,34.996,42.020,42.848,40.477,46.826,20.811,80.635,2664.614,2452.266,2657.000,2461.000,0.000,67.000,17.000,22.000,2,1789724418.904,,
2792.516,86.500,89.844,62.688,86.000,80.000,80.000,76.000,73.000,70.000,70.000,70.000,65.000,88.531,70.000,88.531,58.438,66.000,67.605,34.996,42.031,42.855,40.496,44.989,20.541,77.767,2649.377,2456.416,2657.000,2461.000,0.000,67.000,19.000,51.000,2,1789724419.909,,
2793.520,87.188,90.406,62.875,85.000,78.000,76.000,77.000,71.000,92.000,70.000,71.000,66.000,92.000,72.000,89.250,58.812,67.000,68.156,34.996,42.039,42.863,40.520,45.678,21.246,80.010,2649.767,2457.002,2657.000,2461.000,0.000,66.000,7.000,0.000,2,1789724420.910,,
2794.521,87.434,90.402,63.438,93.000,72.000,74.000,76.000,87.000,74.000,72.000,70.000,66.000,93.000,71.000,88.172,59.312,67.000,68.496,34.996,42.051,42.875,40.543,46.978,20.508,80.571,2635.065,2469.373,2658.000,2462.000,0.000,68.000,19.000,41.000,2,1789724421.909,,
2795.524,87.672,90.418,63.812,78.000,73.000,79.000,76.000,86.000,72.000,83.000,69.000,67.000,88.391,72.000,88.391,59.875,68.000,69.012,34.996,42.062,42.887,40.566,46.415,21.796,80.684,2649.474,2456.181,2660.000,2463.000,0.000,68.000,21.000,48.000,2,1789724422.911,,
2796.528,87.848,90.371,64.062,95.000,73.000,84.000,82.000,71.000,74.000,70.000,75.000,67.000,95.000,73.000,88.375,60.312,68.000,69.336,34.996,42.078,42.902,40.598,43.955,21.926,78.828,2654.280,2452.583,2663.000,2466.000,0.000,69.000,19.000,31.000,2,1789724423.916,,
2797.529,88.477,90.934,64.438,79.000,82.000,82.000,80.000,75.000,75.000,73.000,80.000,68.000,90.359,73.000,90.359,60.688,69.000,69.848,34.996,42.094,42.922,40.629,47.560,21.995,82.303,2674.353,2452.400,2666.000,2469.000,0.000,69.000,19.000,30.000,2,1789724424.918,,
2798.533,88.617,90.871,64.875,79.000,87.000,92.000,79.000,84.000,74.000,72.000,71.000,68.000,92.000,75.000,89.031,61.250,69.000,70.176,34.996,42.109,42.941,40.664,45.238,22.032,80.015,2683.803,2468.967,2670.000,2473.000,0.000,69.000,18.000,23.000,2,1789724425.921,,
2799.538,89.113,91.293,65.125,82.000,75.000,100.000,90.000,75.000,75.000,71.000,74.000,68.000,100.000,75.000,90.609,61.625,69.000,70.363,34.996,42.125,42.961,40.699,46.789,21.998,81.477,2664.239,2476.661,2674.000,2476.000,0.000,70.000,19.000,45.000,2,1789724426.950,,
2800.542,89.984,92.207,65.438,96.000,75.000,79.000,79.000,75.000,77.000,72.000,89.000,69.000,96.000,75.000,92.594,61.938,69.000,70.457,34.996,42.141,42.984,40.738,47.619,20.652,81.180,2668.525,2476.985,2679.000,2481.000,0.000,70.000,18.000,39.000,2,1789724427.951,,
2801.545,90.551,92.719,65.688,88.000,74.000,91.000,78.000,75.000,76.000,72.000,83.000,69.000,92.250,74.000,92.250,62.438,70.000,70.809,34.996,42.160,43.008,40.777,48.872,20.991,82.684,2688.313,2502.416,2735.000,2533.000,0.000,71.000,20.000,45.000,2,1789724428.933,,
2802.547,91.121,93.242,66.312,80.000,77.000,85.000,83.000,89.000,84.000,80.000,74.000,71.000,92.828,75.000,92.828,62.812,71.000,71.352,34.996,42.180,43.035,40.820,47.097,21.879,82.174,2724.796,2532.750,2806.000,2599.000,0.000,71.000,21.000,50.000,2,1789724429.935,,
2803.550,91.215,93.164,66.750,84.000,76.000,88.000,82.000,82.000,86.000,81.000,74.000,70.000,91.594,76.000,91.594,63.250,71.000,71.707,34.996,42.199,43.062,40.863,46.619,22.539,82.731,2782.308,2572.752,2830.000,2621.000,0.000,71.000,19.000,36.000,2,1789724430.939,,
2804.554,91.180,92.934,66.812,86.000,91.000,83.000,80.000,78.000,85.000,75.000,75.000,71.000,91.000,78.000,90.109,63.562,72.000,72.254,34.996,42.223,43.094,40.910,47.373,22.601,82.281,2776.450,2590.413,2782.000,2576.000,0.000,72.000,18.000,25.000,2,1789724431.942,,
2805.556,91.281,93.027,67.188,86.000,84.000,94.000,84.000,79.000,83.000,75.000,74.000,71.000,94.000,76.000,92.969,64.125,72.000,72.621,34.996,42.242,43.121,40.957,47.640,22.569,83.242,2775.722,2590.562,2801.000,2594.000,0.000,72.000,18.000,26.000,2,1789724432.945,,
2806.560,91.648,93.594,67.500,91.000,89.000,84.000,83.000,77.000,82.000,73.000,74.000,70.000,95.359,78.000,95.359,64.438,72.000,72.852,34.996,42.266,43.156,41.008,45.932,21.729,81.619,2808.353,2613.411,2872.000,2660.000,0.000,72.000,20.000,51.000,2,1789724433.956,,
2807.561,92.266,94.387,68.000,85.000,78.000,86.000,92.000,84.000,79.000,77.000,75.000,71.000,95.969,77.000,95.969,64.750,73.000,73.309,34.996,42.289,43.191,41.059,51.071,22.705,85.197,2875.583,2662.033,2944.000,2726.000,0.000,73.000,20.000,42.000,2,1789724434.948,,
2808.561,92.840,94.918,68.312,89.000,80.000,97.000,85.000,80.000,83.000,76.000,75.000,72.000,97.000,79.000,94.562,65.250,73.000,73.609,34.996,42.312,43.227,41.113,45.864,23.551,82.804,2915.901,2710.680,3015.000,2792.000,0.000,73.000,19.000,36.000,2,1789724435.958,,
2809.561,94.039,96.270,68.500,89.000,79.000,100.000,88.000,78.000,79.000,76.000,75.000,72.000,100.000,79.000,97.641,65.750,73.000,73.801,34.996,42.340,43.262,41.168,47.480,24.439,84.826,2994.510,2756.319,3086.000,2858.000,0.000,74.000,19.000,32.000,2,1789724436.959,,
2810.562,94.691,96.898,68.875,89.000,88.000,85.000,86.000,79.000,78.000,92.000,76.000,73.000,96.656,79.000,96.656,66.062,74.000,74.230,34.996,42.367,43.301,41.223,45.915,25.019,84.341,3045.221,2836.477,3157.000,2924.000,0.000,74.000,20.000,48.000,2,1789724437.952,,
2811.567,95.246,97.398,69.188,93.000,90.000,96.000,84.000,79.000,87.000,76.000,76.000,72.000,96.906,80.000,96.906,66.312,74.000,74.516,34.996,42.391,43.340,41.277,47.342,25.184,85.593,3110.930,2909.585,3229.000,2990.000,0.000,74.000,23.000,77.000,2,1789724438.962,,
2812.569,95.668,97.730,69.562,89.000,98.000,90.000,85.000,82.000,79.000,76.000,75.000,72.000,98.000,81.000,96.938,66.750,74.000,74.773,34.996,42.422,43.383,41.336,49.119,25.276,86.995,3170.772,2975.428,3300.000,3056.000,0.000,75.000,18.000,21.000,2,1789724439.957,,
2813.574,96.406,98.484,69.938,88.000,81.000,100.000,87.000,94.000,86.000,79.000,78.000,74.000,100.000,80.000,98.609,67.125,75.000,75.176,34.996,42.449,43.422,41.395,52.887,25.200,91.225,3249.449,3018.007,3328.000,3082.000,0.000,75.000,19.000,36.000,2,1789724440.961,,
2814.578,96.633,98.570,70.250,93.000,82.000,100.000,87.000,89.000,82.000,77.000,77.000,73.000,100.000,81.000,97.312,67.312,75.000,75.445,34.996,42.477,43.465,41.457,50.686,24.480,90.190,3279.406,3036.975,3356.000,3108.000,0.000,75.000,20.000,34.000,2,1789724441.966,,
2815.579,96.711,98.484,70.500,96.000,87.000,93.000,85.000,89.000,81.000,78.000,77.000,73.000,97.031,80.000,97.031,67.750,75.000,75.539,34.996,42.508,43.508,41.520,47.058,24.178,84.977,3316.200,3094.432,3384.000,3134.000,0.000,76.000,20.000,29.000,2,1789724442.966,,
2816.579,96.715,98.320,70.875,91.000,86.000,84.000,97.000,80.000,80.000,83.000,77.000,74.000,97.000,81.000,96.781,68.062,76.000,75.906,34.996,42.539,43.555,41.582,46.363,24.225,83.790,3370.597,3120.612,3412.000,3160.000,0.000,76.000,20.000,30.000,2,1789724443.967,,
2817.582,96.773,98.320,70.875,98.000,83.000,83.000,85.000,86.000,81.000,84.000,79.000,75.000,98.000,81.000,97.812,68.250,75.000,75.855,34.996,42.570,43.598,41.645,45.487,24.257,82.814,3393.537,3134.114,3440.000,3186.000,0.000,76.000,21.000,50.000,2,1789724444.969,,
2818.586,96.746,98.141,71.062,85.000,87.000,99.000,84.000,82.000,82.000,80.000,79.000,75.000,99.000,80.000,96.016,68.312,76.000,75.992,34.996,42.605,43.645,41.711,46.265,24.467,83.892,3418.576,3153.994,3468.000,3212.000,0.000,76.000,18.000,21.000,2,1789724445.974,,
2819.589,96.676,98.070,71.500,86.000,80.000,83.000,89.000,82.000,79.000,78.000,96.000,74.000,96.000,80.000,94.453,68.625,76.000,76.086,34.996,42.637,43.691,41.773,45.205,24.084,82.808,3458.911,3167.759,3497.000,3238.000,0.000,76.000,19.000,36.000,2,1789724446.977,,
2820.593,96.648,98.043,71.688,85.000,95.000,87.000,92.000,90.000,82.000,79.000,78.000,74.000,95.750,81.000,95.750,68.875,76.000,76.148,34.996,42.668,43.738,41.840,44.817,24.116,81.643,3483.545,3215.118,3525.000,3264.000,0.000,76.000,22.000,44.000,2,1789724447.980,,
2821.595,96.617,98.012,71.750,94.000,82.000,92.000,85.000,79.000,80.000,97.000,78.000,75.000,97.000,81.000,95.734,68.875,76.000,76.195,34.996,42.703,43.785,41.906,45.029,24.193,82.662,3491.790,3245.260,3553.000,3290.000,0.000,76.000,18.000,87.000,2,1789724449.005,,
2822.597,96.602,97.996,72.125,91.000,80.000,88.000,84.000,85.000,81.000,96.000,86.000,75.000,96.109,80.000,96.109,69.188,76.000,76.219,34.996,42.738,43.836,41.973,46.945,23.944,83.940,3534.367,3266.462,3581.000,3316.000,0.000,76.000,17.000,87.000,2,1789724450.006,,
2823.601,96.594,97.988,72.375,87.000,92.000,94.000,86.000,82.000,82.000,79.000,79.000,75.000,96.344,81.000,96.344,69.438,76.000,76.238,34.996,42.770,43.887,42.043,44.422,24.020,82.367,3577.498,3303.722,3609.000,3342.000,0.000,76.000,19.000,25.000,2,1789724450.988,,
2824.603,96.562,97.957,72.500,94.000,81.000,90.000,85.000,82.000,81.000,88.000,78.000,74.000,95.547,80.000,95.547,69.562,77.000,76.398,34.996,42.805,43.938,42.109,44.818,24.240,82.365,3595.182,3333.364,3637.000,3368.000,0.000,77.000,21.000,41.000,2,1789724451.992,,
2825.604,96.531,97.926,72.688,85.000,86.000,92.000,89.000,84.000,85.000,81.000,81.000,75.000,95.578,81.000,95.578,69.688,76.000,76.430,34.996,42.844,43.988,42.180,45.419,23.958,82.656,3604.506,3349.647,3665.000,3394.000,0.000,76.000,17.000,18.000,2,1789724453.009,,
2826.608,96.484,97.879,72.750,92.000,84.000,87.000,95.000,84.000,81.000,82.000,78.000,75.000,95.016,81.000,95.016,69.812,76.000,76.457,34.996,42.879,44.039,42.246,43.802,23.690,81.337,3649.302,3370.660,3693.000,3420.000,0.000,77.000,17.000,15.000,2,1789724454.011,,
2827.612,96.480,97.875,73.062,88.000,81.000,98.000,94.000,84.000,91.000,82.000,79.000,76.000,98.000,81.000,96.328,69.938,76.000,76.480,34.996,42.914,44.090,42.316,47.231,23.553,83.913,3658.425,3403.386,3721.000,3446.000,0.000,77.000,17.000,15.000,2,1789724455.000,,
2828.613,96.445,97.770,73.188,100.000,88.000,88.000,87.000,82.000,84.000,79.000,80.000,75.000,100.000,81.000,95.359,70.125,77.000,76.539,34.996,42.949,44.137,42.383,44.266,24.112,81.853,3715.515,3442.802,3749.000,3472.000,0.000,78.000,22.000,52.000,2,1789724456.003,,
2829.617,96.445,97.641,73.500,90.000,81.000,88.000,86.000,100.000,82.000,81.000,82.000,75.000,100.000,81.000,96.516,70.250,77.000,76.598,34.996,42.988,44.191,42.453,45.030,24.613,83.009,3743.410,3450.755,3777.000,3498.000,0.000,78.000,23.000,61.000,2,1789724457.006,,
2830.621,96.449,97.645,73.562,95.000,81.000,93.000,86.000,81.000,80.000,87.000,90.000,76.000,96.578,81.000,96.578,70.500,77.000,76.660,34.996,43.023,44.242,42.523,44.819,25.293,83.896,3743.410,3492.094,3805.000,3524.000,0.000,77.000,18.000,20.000,2,1789724458.014,,
2831.623,96.602,97.797,73.688,90.000,80.000,98.000,83.000,84.000,85.000,79.000,77.000,75.000,100.000,79.000,100.000,70.500,77.000,76.715,34.996,43.062,44.293,42.594,43.099,24.135,80.580,3812.388,3500.515,3840.000,3556.000,0.000,77.000,17.000,3.000,2,1789724459.015,,
2832.625,96.637,97.832,73.875,92.000,92.000,87.000,84.000,82.000,91.000,80.000,78.000,75.000,97.672,82.000,97.672,70.750,77.000,76.766,34.996,43.098,44.348,42.660,43.340,23.790,81.195,3802.362,3542.924,3875.000,3588.000,0.000,77.000,18.000,37.000,2,1789724460.015,,
2833.626,96.754,97.949,73.875,90.000,88.000,90.000,87.000,88.000,81.000,88.000,77.000,75.000,99.484,82.000,99.484,70.688,77.000,76.812,34.996,43.137,44.395,42.727,42.623,22.560,78.315,3851.627,3567.889,3909.000,3620.000,0.000,77.000,19.000,23.000,2,1789724461.014,,
2834.626,96.895,98.270,74.188,96.000,88.000,99.000,87.000,81.000,81.000,80.000,89.000,75.000,99.875,83.000,99.875,70.875,77.000,76.945,34.996,43.172,44.449,42.797,46.590,22.566,82.546,3883.998,3602.450,3944.000,3652.000,0.000,77.000,19.000,23.000,2,1789724462.013,,
2835.626,96.871,98.246,74.438,96.000,80.000,89.000,85.000,96.000,84.000,83.000,80.000,75.000,96.266,80.000,96.266,70.875,77.000,76.988,34.996,43.211,44.500,42.867,48.081,22.462,151.844,3914.235,3647.638,3978.000,3684.000,0.000,78.000,19.000,34.000,2,1789724463.014,,
2836.627,96.867,98.242,74.812,84.000,81.000,85.000,85.000,86.000,82.000,99.000,90.000,77.000,99.000,80.000,96.672,70.875,78.000,77.062,34.996,43.250,44.551,42.934,49.403,23.433,35.825,3947.325,3675.570,4013.000,3716.000,0.000,77.000,17.000,21.000,2,1789724464.014,,
2837.628,96.832,98.207,74.812,85.000,90.000,95.000,84.000,86.000,89.000,85.000,78.000,75.000,95.750,82.000,95.750,71.000,77.000,77.098,34.996,43.289,44.602,43.000,44.238,23.124,72.442,3957.001,3702.751,4047.000,3748.000,0.000,78.000,19.000,24.000,2,1789724465.016,,
2838.632,96.902,98.277,75.188,99.000,82.000,91.000,100.000,84.000,83.000,84.000,81.000,77.000,100.000,82.000,99.078,71.188,78.000,77.168,34.996,43.328,44.652,43.070,57.562,22.768,91.169,4022.976,3731.691,4082.000,3780.000,0.000,78.000,20.000,32.000,2,1789724466.020,,
2839.632,96.906,98.281,75.500,89.000,82.000,87.000,86.000,94.000,99.000,82.000,81.000,76.000,99.000,81.000,97.062,71.125,78.000,77.242,34.996,43.363,44.703,43.137,47.796,23.085,84.313,4078.997,3770.147,4116.000,3812.000,0.000,78.000,21.000,35.000,2,1789724467.019,,
2840.637,96.945,98.320,75.812,87.000,93.000,89.000,97.000,87.000,88.000,82.000,81.000,76.000,98.172,84.000,98.172,71.438,78.000,77.309,34.996,43.406,44.754,43.203,53.532,23.068,89.226,4091.932,3799.833,4151.000,3844.000,0.000,78.000,18.000,22.000,2,1789724468.026,,
2841.640,96.969,98.344,75.938,91.000,84.000,92.000,85.000,84.000,97.000,83.000,80.000,76.000,97.656,82.000,97.656,71.500,78.000,77.375,34.996,43.445,44.805,43.270,46.176,23.105,83.407,4114.380,3828.647,4186.000,3876.000,0.000,78.000,17.000,13.000,2,1789724469.031,,
2842.645,96.996,98.371,76.000,86.000,90.000,89.000,87.000,88.000,84.000,82.000,100.000,77.000,100.000,83.000,97.781,71.688,78.000,77.434,34.996,43.484,44.855,43.340,47.298,23.111,81.221,4150.382,3849.650,4220.000,3908.000,0.000,78.000,17.000,22.000,2,1789724470.034,,
2843.649,97.023,98.398,76.250,95.000,89.000,90.000,85.000,85.000,82.000,80.000,89.000,76.000,97.906,82.000,97.906,71.688,78.000,77.492,34.996,43.523,44.906,43.406,46.528,23.211,83.894,4185.170,3901.213,4255.000,3940.000,0.000,78.000,21.000,35.000,2,1789724471.038,,
2844.651,97.094,98.871,76.250,93.000,82.000,100.000,87.000,91.000,82.000,79.000,84.000,76.000,100.000,82.000,99.328,71.750,78.000,77.734,34.996,43.562,44.953,43.469,47.165,23.086,82.003,4222.923,3910.875,4289.000,3972.000,0.000,78.000,22.000,49.000,2,1789724472.039,,
2845.653,97.113,98.891,76.375,96.000,84.000,90.000,85.000,87.000,92.000,84.000,82.000,77.000,97.656,82.000,97.656,71.875,78.000,77.789,34.996,43.602,45.004,43.535,48.130,24.121,83.765,4273.200,3986.093,4324.000,4004.000,0.000,78.000,18.000,23.000,2,1789724473.062,,
2846.656,97.125,98.902,76.625,99.000,92.000,95.000,91.000,86.000,85.000,81.000,81.000,77.000,99.000,86.000,97.562,72.000,76.000,77.781,34.996,43.641,45.055,43.602,49.909,21.605,85.255,4284.439,3997.468,4365.000,4042.000,0.000,75.000,4.000,0.000,2,1789724474.047,,
2847.660,96.555,98.332,76.562,77.000,76.000,78.000,82.000,78.000,75.000,76.000,75.000,73.000,82.000,76.000,78.875,71.750,75.000,77.742,34.996,43.684,45.102,43.664,22.312,5.251,75.455,4348.036,4006.589,4406.000,4080.000,0.000,75.000,17.000,87.000,2,1789724475.047,,
2848.664,96.316,98.094,76.250,87.000,83.000,91.000,88.000,88.000,86.000,84.000,85.000,76.000,91.000,80.000,88.859,70.938,74.000,77.672,34.996,43.719,45.152,43.727,36.595,8.188,41.560,4402.270,4040.359,4447.000,4118.000,0.000,,,,2,1789724476.051,,
2849.668,96.156,97.934,76.375,89.000,81.000,98.000,91.000,83.000,80.000,80.000,80.000,75.000,98.000,80.000,91.266,70.375,35.000,77.672,34.996,43.758,45.199,43.785,41.943,1.986,52.968,4427.826,4108.229,4488.000,4156.000,0.000,,,,2,1789724477.054,,
2850.671,95.688,97.465,76.125,76.000,74.000,77.000,75.000,73.000,72.000,73.000,72.000,71.000,81.109,73.000,81.109,69.938,35.000,76.383,34.996,43.797,45.242,43.844,25.200,0.092,54.179,4482.909,4132.137,4529.000,4194.000,0.000,,,,2,1789724478.057,,
2851.672,95.066,96.844,75.938,72.000,71.000,74.000,71.000,71.000,70.000,71.000,70.000,71.000,75.766,71.000,75.766,69.250,35.000,75.137,34.996,43.836,45.289,43.895,21.119,0.091,36.362,4524.944,4178.709,4570.000,4232.000,0.000,,,,2,1789724479.062,,
2852.672,94.418,96.195,75.312,72.000,71.000,73.000,71.000,71.000,70.000,70.000,69.000,71.000,74.391,71.000,74.391,68.875,35.000,73.930,34.996,43.871,45.332,43.949,14.155,0.064,33.278,4511.504,4213.532,4611.000,4270.000,0.000,,,,2,1789724480.059,,
2853.674,93.805,95.582,74.938,71.000,70.000,72.000,70.000,70.000,69.000,70.000,69.000,71.000,74.812,70.000,74.812,68.312,35.000,72.758,34.996,43.902,45.371,43.992,20.301,0.084,25.839,4582.193,4250.446,4652.000,4308.000,0.000,,,,2,1789724481.062,,
2854.678,93.074,94.852,74.562,69.000,68.000,69.000,69.000,68.000,67.000,68.000,67.000,70.000,70.328,68.000,70.328,67.750,35.000,71.625,34.996,43.938,45.410,44.035,12.720,0.060,30.680,4595.999,4313.443,4693.000,4346.000,0.000,,,,2,1789724482.065,,
2855.681,92.359,94.137,74.125,70.000,68.000,69.000,68.000,68.000,66.000,68.000,67.000,69.000,70.234,68.000,70.234,67.188,35.000,70.527,34.996,43.973,45.445,44.074,15.500,0.066,23.986,4716.610,4300.870,4734.000,4384.000,0.000,,,,2,1789724483.067,,
2856.684,91.719,93.496,73.750,73.000,77.000,71.000,71.000,69.000,69.000,69.000,68.000,69.000,77.000,71.000,71.922,66.688,35.000,69.465,34.996,44.004,45.480,44.109,16.856,0.068,27.135,4716.116,4337.977,4775.000,4422.000,0.000,,,,2,1789724484.072,,
2857.686,91.074,92.852,73.438,68.000,68.000,68.000,68.000,70.000,66.000,67.000,67.000,68.000,71.078,68.000,71.078,66.062,35.000,68.434,34.996,44.035,45.512,44.145,24.606,0.073,27.241,4731.488,4417.774,4816.000,4460.000,0.000,,,,2,1789724485.072,,
2858.690,90.566,92.344,73.062,72.000,69.000,86.000,71.000,70.000,69.000,70.000,67.000,68.000,86.000,70.000,74.781,65.625,35.000,67.438,34.996,44.062,45.539,44.176,21.209,0.074,36.448,4794.119,4416.961,4857.000,4498.000,0.000,,,,2,1789724486.076,,
2859.694,90.152,91.930,73.062,71.000,70.000,71.000,70.000,68.000,67.000,68.000,67.000,67.000,77.359,69.000,77.359,65.125,35.000,66.469,34.996,44.090,45.566,44.199,32.841,0.094,33.860,4809.234,4457.708,4872.000,4512.000,0.000,,,,2,1789724487.081,,
2860.698,89.605,91.383,72.750,74.000,72.000,74.000,75.000,70.000,69.000,68.000,67.000,67.000,75.000,71.000,72.609,64.750,35.000,65.535,34.996,44.117,45.594,44.223,20.849,0.073,42.726,4825.284,4512.409,4889.000,4527.000,0.000,,,,2,1789724488.086,,
2861.702,88.934,90.711,72.500,67.000,66.000,67.000,66.000,66.000,64.000,66.000,64.000,66.000,68.062,65.000,68.062,64.375,35.000,64.625,34.996,44.145,45.617,44.246,16.839,0.070,34.300,4824.832,4498.819,4903.000,4540.000,0.000,,,,2,1789724489.089,,
2862.706,88.254,90.031,72.062,66.000,65.000,66.000,65.000,66.000,63.000,65.000,63.000,65.000,67.203,64.000,67.203,63.875,35.000,63.746,34.996,44.168,45.641,44.262,13.931,0.063,29.412,4858.234,4526.992,4917.000,4553.000,0.000,,,,2,1789724490.093,,
2863.707,87.617,89.395,71.625,66.000,66.000,67.000,65.000,64.000,63.000,64.000,63.000,65.000,67.875,65.000,67.875,63.562,35.000,62.895,34.996,44.195,45.660,44.277,15.043,0.069,24.120,4890.108,4555.462,4930.000,4565.000,0.000,,,,2,1789724491.094,,
2864.711,86.969,88.746,71.375,66.000,64.000,65.000,64.000,63.000,62.000,63.000,62.000,64.000,66.969,64.000,66.969,63.125,35.000,62.070,34.996,44.219,45.680,44.289,14.243,0.068,26.467,4940.237,4581.785,4943.000,4577.000,0.000,,,,2,1789724492.098,,
2865.712,86.289,88.066,70.938,66.000,64.000,65.000,64.000,63.000,62.000,63.000,62.000,64.000,66.000,64.000,65.188,62.500,35.000,61.270,34.996,44.234,45.691,44.297,11.460,0.063,25.979,4938.678,4568.528,4952.000,4586.000,0.000,,,,2,1789724493.099,,
2866.713,85.656,87.434,70.500,67.000,65.000,69.000,65.000,64.000,62.000,63.000,62.000,63.000,69.000,64.000,65.969,62.125,35.000,60.496,34.996,44.254,45.703,44.305,13.618,0.066,21.582,4938.881,4567.311,4962.000,4595.000,0.000,,,,2,1789724494.101,,
2867.718,84.977,86.754,70.188,64.000,62.000,64.000,62.000,62.000,61.000,62.000,61.000,63.000,64.000,62.000,63.953,61.812,35.000,59.746,34.996,44.273,45.711,44.309,11.529,0.063,25.120,4940.034,4567.890,4971.000,4603.000,0.000,,,,2,1789724495.107,,
2868.723,84.375,86.152,69.688,64.000,62.000,64.000,62.000,62.000,61.000,62.000,61.000,63.000,65.719,63.000,65.719,61.250,35.000,59.020,34.996,44.285,45.711,44.309,15.937,0.067,23.127,4938.746,4595.178,4975.000,4607.000,0.000,,,,2,1789724496.114,,
2869.725,83.723,85.500,69.312,63.000,62.000,63.000,61.000,62.000,60.000,61.000,61.000,62.000,63.484,61.000,63.484,60.938,35.000,58.316,34.996,44.305,45.719,44.309,12.994,0.064,26.191,4955.606,4582.193,4984.000,4615.000,0.000,,,,2,1789724497.114,,
2870.728,83.113,84.891,69.125,63.000,62.000,63.000,62.000,61.000,60.000,61.000,61.000,62.000,64.266,61.000,64.266,60.500,35.000,57.633,34.996,44.316,45.719,44.305,15.574,0.068,24.503,4956.016,4610.006,4989.000,4620.000,0.000,,,,2,1789724498.117,,
2871.729,82.547,84.324,68.812,64.000,64.000,66.000,64.000,63.000,63.000,63.000,62.000,63.000,66.000,63.000,64.984,60.250,35.000,56.973,34.996,44.328,45.715,44.297,15.730,0.065,27.370,4989.812,4610.892,4992.000,4623.000,0.000,,,,2,1789724499.115,,
2872.729,81.941,83.719,68.438,61.000,60.000,62.000,61.000,61.000,60.000,60.000,60.000,61.000,63.094,61.000,63.094,59.812,35.000,56.336,34.996,44.340,45.719,44.289,12.705,0.064,25.945,4990.504,4641.269,4999.000,4629.000,0.000,,,,2,1789724500.118,,
2873.733,81.336,83.113,67.938,62.000,61.000,63.000,61.000,62.000,60.000,60.000,59.000,60.000,63.000,61.000,62.641,59.500,35.000,55.715,34.996,44.348,45.711,44.273,10.093,0.060,24.107,4989.605,4611.896,5000.000,4630.000,0.000,,,,2,1789724501.122,,
2874.735,80.715,82.492,67.750,61.000,59.000,61.000,60.000,59.000,58.000,60.000,59.000,60.000,61.406,59.000,61.406,59.125,35.000,55.113,34.996,44.355,45.699,44.262,9.885,0.058,21.579,5025.056,4597.407,5000.000,4630.000,0.000,,,,2,1789724502.122,,
2875.739,80.109,81.887,67.312,60.000,60.000,61.000,60.000,59.000,58.000,59.000,59.000,59.000,61.328,59.000,61.328,58.625,35.000,54.531,34.996,44.367,45.695,44.246,9.648,0.057,20.241,4973.612,4611.896,5003.000,4633.000,0.000,,,,2,1789724503.125,,
2876.743,79.574,81.352,66.750,60.000,60.000,61.000,60.000,60.000,59.000,60.000,59.000,59.000,62.984,59.000,62.984,58.438,35.000,53.969,34.996,44.371,45.680,44.230,11.868,0.061,20.842,5007.650,4611.010,5002.000,4632.000,0.000,,,,2,1789724504.132,,
2877.745,78.984,80.762,66.562,59.000,58.000,61.000,60.000,59.000,58.000,59.000,59.000,59.000,61.000,59.000,60.797,58.000,35.000,53.422,34.996,44.375,45.664,44.211,9.898,0.057,23.461,5007.024,4610.833,5000.000,4630.000,0.000,,,,2,1789724505.131,,
2878.749,78.418,80.195,66.125,59.000,58.000,60.000,60.000,59.000,57.000,58.000,58.000,59.000,60.797,58.000,60.797,57.750,35.000,52.895,34.996,44.379,45.648,44.191,10.114,0.056,20.249,4991.058,4611.482,4998.000,4628.000,0.000,,,,2,1789724506.138,,
2879.752,77.840,79.617,65.750,59.000,58.000,59.000,58.000,58.000,57.000,58.000,57.000,58.000,59.938,58.000,59.938,57.438,35.000,52.379,34.996,44.383,45.625,44.168,9.084,0.066,21.386,4990.712,4612.192,4992.000,4623.000,0.000,,,,2,1789724507.139,,
2880.752,77.531,79.309,65.438,61.000,60.000,63.000,61.000,61.000,59.000,60.000,60.000,59.000,68.016,60.000,68.016,57.188,35.000,51.883,34.996,44.383,45.602,44.145,18.656,0.089,20.766,4990.919,4611.660,4988.000,4619.000,0.000,,,,2,1789724508.139,,
2881.755,76.973,78.750,65.188,59.000,59.000,60.000,59.000,57.000,56.000,57.000,58.000,58.000,60.000,59.000,59.609,57.000,35.000,51.402,34.996,44.387,45.582,44.117,9.078,0.059,29.008,4991.127,4610.892,4984.000,4615.000,0.000,,,,2,1789724509.143,,
2882.756,76.805,78.582,65.000,64.000,63.000,65.000,67.000,65.000,62.000,67.000,71.000,63.000,71.578,63.000,71.578,56.625,35.000,50.938,34.996,44.387,45.555,44.090,33.148,0.132,21.938,4990.643,4612.014,4977.000,4609.000,0.000,,,,2,1789724510.142,,
2883.756,76.426,78.203,64.938,63.000,61.000,63.000,62.000,60.000,59.000,60.000,60.000,61.000,64.688,61.000,64.688,56.500,35.000,50.488,34.996,44.383,45.531,44.062,24.755,0.109,44.637,4990.712,4612.073,4972.000,4604.000,0.000,,,,2,1789724511.144,,
2884.761,75.930,77.707,64.812,58.000,58.000,59.000,58.000,58.000,57.000,58.000,57.000,58.000,60.516,58.000,60.516,56.375,35.000,49.973,34.996,44.383,45.508,44.031,15.382,0.075,36.194,4956.902,4611.069,4966.000,4599.000,0.000,,,,2,1789724512.150,,
2885.762,75.434,77.211,64.438,59.000,58.000,60.000,60.000,58.000,57.000,58.000,58.000,60.000,60.156,59.000,60.156,56.250,35.000,49.547,34.996,44.387,45.484,44.000,14.657,0.066,28.183,4957.653,4596.762,4960.000,4593.000,0.000,,,,2,1789724513.152,,
2886.765,74.941,76.719,64.312,60.000,58.000,60.000,59.000,57.000,57.000,58.000,57.000,59.000,60.000,58.000,59.594,56.062,35.000,49.137,34.996,44.383,45.461,43.969,14.044,0.072,26.676,4958.473,4596.821,4955.000,4588.000,0.000,,,,2,1789724514.154,,
2887.769,74.543,76.320,63.938,59.000,58.000,61.000,59.000,59.000,58.000,58.000,59.000,58.000,62.203,58.000,62.203,55.688,35.000,48.738,34.996,44.379,45.430,43.934,16.055,0.072,24.403,4957.790,4596.645,4946.000,4580.000,0.000,,,,2,1789724515.156,,
2888.771,74.098,75.875,63.750,60.000,58.000,60.000,59.000,58.000,57.000,58.000,58.000,59.000,60.359,58.000,60.359,55.625,35.000,48.355,34.996,44.379,45.410,43.898,15.682,0.067,27.732,4957.790,4569.456,4942.000,4576.000,0.000,,,,2,1789724516.158,,
2889.774,73.703,75.480,63.500,58.000,58.000,59.000,58.000,58.000,56.000,57.000,57.000,58.000,61.484,57.000,61.484,55.500,35.000,47.980,34.996,44.375,45.379,43.863,15.163,0.071,27.674,4940.711,4567.774,4933.000,4568.000,0.000,,,,2,1789724517.163,,
2890.778,73.246,75.023,63.375,58.000,57.000,59.000,58.000,57.000,56.000,57.000,56.000,58.000,59.000,57.000,59.000,55.312,35.000,47.621,34.996,44.367,45.348,43.828,12.137,0.068,25.802,4941.729,4567.601,4923.000,4559.000,0.000,,,,2,1789724518.165,,
2891.782,73.176,74.773,63.125,78.000,64.000,81.000,68.000,65.000,64.000,70.000,62.000,62.000,81.000,63.000,70.984,55.062,35.000,47.270,34.996,44.363,45.316,43.789,23.388,0.111,24.453,4940.915,4598.347,4915.000,4551.000,0.000,,,,2,1789724519.169,,
2892.785,72.816,74.254,63.062,60.000,59.000,62.000,61.000,59.000,58.000,58.000,58.000,58.000,62.000,59.000,61.766,54.875,35.000,46.930,34.996,44.355,45.285,43.750,18.777,0.097,35.103,4909.314,4568.412,4905.000,4542.000,0.000,,,,2,1789724520.173,,
2893.789,72.441,73.879,63.000,60.000,58.000,60.000,60.000,58.000,57.000,57.000,57.000,59.000,60.703,58.000,60.703,54.688,35.000,46.602,34.996,44.348,45.254,43.711,19.213,0.087,30.841,4908.377,4555.002,4895.000,4533.000,0.000,,,,2,1789724521.176,,
2894.793,72.004,73.441,62.812,56.000,56.000,57.000,56.000,56.000,55.000,56.000,56.000,57.000,58.484,56.000,58.484,54.750,35.000,46.215,34.996,44.344,45.215,43.672,13.719,0.066,31.714,4908.042,4555.924,4882.000,4521.000,0.000,,,,2,1789724522.182,,
2895.796,71.555,72.992,62.500,57.000,57.000,58.000,55.000,55.000,54.000,56.000,56.000,56.000,58.000,56.000,57.641,54.438,35.000,45.906,34.996,44.332,45.184,43.629,10.750,0.060,25.655,4925.569,4526.936,4872.000,4512.000,0.000,,,,2,1789724523.185,,
2896.801,71.105,72.543,62.188,56.000,56.000,57.000,55.000,55.000,54.000,55.000,55.000,57.000,57.172,55.000,57.172,54.250,35.000,45.605,34.996,44.324,45.148,43.590,7.965,0.056,21.231,4892.368,4526.936,4862.000,4502.000,0.000,,,,2,1789724524.188,,
2897.802,70.859,72.297,61.938,59.000,58.000,59.000,61.000,57.000,57.000,57.000,56.000,57.000,63.266,57.000,63.266,54.062,35.000,45.316,34.996,44.316,45.113,43.551,10.503,0.066,19.576,4827.679,4472.605,4850.000,4491.000,0.000,,,,2,1789724525.191,,
2898.806,70.441,71.879,61.688,55.000,55.000,57.000,55.000,54.000,54.000,55.000,55.000,56.000,57.484,55.000,57.484,54.000,35.000,45.039,34.996,44.309,45.078,43.508,9.462,0.066,22.393,4843.462,4499.044,4839.000,4481.000,0.000,,,,2,1789724526.192,,
2899.806,70.070,71.508,61.375,57.000,57.000,57.000,57.000,55.000,55.000,56.000,55.000,58.000,58.547,56.000,58.547,53.625,35.000,44.766,34.996,44.301,45.047,43.465,15.750,0.080,20.815,4843.723,4499.269,4828.000,4471.000,0.000,,,,2,1789724527.193,,
2900.810,69.699,71.137,61.125,59.000,59.000,61.000,61.000,60.000,62.000,58.000,59.000,57.000,62.000,58.000,58.219,53.500,35.000,44.504,34.996,44.289,45.012,43.422,12.161,0.066,27.107,4843.592,4485.758,4817.000,4461.000,0.000,,,,2,1789724528.198,,
2901.813,69.477,70.914,61.125,63.000,61.000,62.000,61.000,63.000,59.000,57.000,56.000,57.000,63.000,59.000,62.547,53.312,35.000,44.246,34.996,44.277,44.973,43.379,25.003,0.136,25.916,4812.641,4459.033,4803.000,4448.000,0.000,,,,2,1789724529.199,,
2902.816,69.156,70.594,61.000,60.000,58.000,59.000,59.000,57.000,56.000,56.000,56.000,57.000,60.000,58.000,59.281,53.250,35.000,44.000,34.996,44.270,44.941,43.336,13.664,0.085,35.268,4812.255,4472.494,4794.000,4439.000,0.000,,,,2,1789724530.204,,
2903.820,68.824,70.262,60.812,58.000,56.000,57.000,57.000,56.000,55.000,56.000,55.000,58.000,58.516,56.000,58.516,53.125,35.000,43.762,34.996,44.262,44.910,43.289,17.274,0.085,27.063,4811.934,4443.951,4783.000,4429.000,0.000,,,,2,1789724531.208,,
2904.823,68.469,69.906,60.625,55.000,55.000,57.000,55.000,54.000,53.000,55.000,54.000,57.000,57.375,54.000,57.375,53.000,35.000,43.465,34.996,44.254,44.875,43.246,13.999,0.072,29.089,4780.496,4445.816,4771.000,4418.000,0.000,,,,2,1789724532.210,,
2905.827,68.121,69.559,60.500,58.000,56.000,58.000,56.000,55.000,54.000,56.000,55.000,57.000,58.000,55.000,57.359,52.750,35.000,43.238,34.996,44.242,44.844,43.199,11.164,0.071,24.705,4780.559,4443.731,4760.000,4408.000,0.000,,,,2,1789724533.215,,
2906.828,67.785,69.223,60.312,57.000,55.000,57.000,55.000,55.000,53.000,55.000,54.000,56.000,57.375,55.000,57.375,52.750,35.000,43.023,34.996,44.230,44.809,43.152,15.337,0.093,23.501,4780.686,4416.961,4748.000,4397.000,0.000,,,,2,1789724534.215,,
2907.829,67.484,68.922,60.125,56.000,57.000,58.000,56.000,58.000,55.000,56.000,54.000,57.000,58.156,56.000,58.156,52.500,35.000,42.812,34.996,44.219,44.770,43.105,17.811,0.104,27.826,4765.561,4404.047,4734.000,4384.000,0.000,,,,2,1789724535.217,,
2908.829,67.137,68.574,60.062,54.000,55.000,56.000,54.000,54.000,53.000,54.000,53.000,55.000,56.375,54.000,56.375,52.375,35.000,42.605,34.996,44.203,44.730,43.062,12.607,0.072,27.663,4734.911,4377.804,4721.000,4372.000,0.000,,,,2,1789724536.216,,
2909.832,66.789,68.227,59.938,57.000,55.000,56.000,55.000,54.000,53.000,54.000,53.000,56.000,57.000,54.000,56.062,52.250,35.000,42.410,34.996,44.195,44.699,43.016,9.130,0.066,24.400,4735.534,4379.295,4710.000,4362.000,0.000,,,,2,1789724537.220,,
2910.836,66.438,67.875,59.500,54.000,54.000,55.000,53.000,54.000,52.000,54.000,52.000,55.000,55.484,53.000,55.484,52.125,35.000,42.219,34.996,44.180,44.660,42.969,8.963,0.066,21.174,4719.578,4352.873,4695.000,4348.000,0.000,,,,2,1789724538.222,,
2911.840,66.445,67.758,59.375,61.000,70.000,65.000,65.000,62.000,67.000,59.000,59.000,58.000,70.000,61.000,66.625,51.812,35.000,42.031,34.996,44.164,44.617,42.922,25.076,0.171,24.414,4719.826,4327.339,4680.000,4334.000,0.000,,,,2,1789724539.227,,
2912.842,66.516,67.719,59.500,63.000,58.000,70.000,61.000,59.000,58.000,58.000,58.000,58.000,70.000,59.000,66.734,51.938,35.000,41.852,34.996,44.148,44.578,42.875,31.093,0.204,36.992,4689.332,4340.801,4666.000,4321.000,0.000,,,,2,1789724540.230,,
2913.847,66.363,67.445,59.625,65.000,64.000,60.000,59.000,57.000,56.000,62.000,60.000,57.000,65.000,58.000,61.734,51.812,35.000,41.680,34.996,44.133,44.535,42.828,24.579,0.149,42.118,4672.533,4314.219,4650.000,4306.000,0.000,,,,2,1789724541.235,,
2914.851,66.117,67.090,59.688,56.000,55.000,57.000,55.000,54.000,53.000,55.000,54.000,56.000,58.438,54.000,58.438,51.938,35.000,41.449,34.996,44.117,44.496,42.781,16.539,0.102,34.017,4674.232,4313.495,4636.000,4293.000,0.000,,,,2,1789724542.239,,
2915.854,65.844,66.816,59.562,57.000,55.000,57.000,56.000,55.000,54.000,55.000,54.000,57.000,57.391,55.000,57.391,51.750,35.000,41.285,34.996,44.102,44.457,42.738,15.884,0.080,27.808,4615.444,4313.547,4621.000,4279.000,0.000,,,,2,1789724543.243,,
2916.856,65.547,66.520,59.312,57.000,55.000,57.000,55.000,54.000,53.000,55.000,53.000,56.000,57.000,54.000,56.391,51.688,35.000,41.125,34.996,44.086,44.414,42.688,12.332,0.072,27.525,4614.438,4301.692,4605.000,4264.000,0.000,,,,2,1789724544.245,,
2917.860,65.258,66.230,59.125,54.000,54.000,55.000,54.000,54.000,52.000,54.000,53.000,55.000,56.188,53.000,56.188,51.688,35.000,40.973,34.996,44.066,44.375,42.641,14.051,0.085,23.330,4614.793,4277.109,4590.000,4250.000,0.000,,,,2,1789724545.248,,
2918.862,64.938,65.910,58.875,54.000,54.000,55.000,55.000,55.000,52.000,53.000,52.000,55.000,55.125,53.000,55.125,51.500,35.000,40.824,34.996,44.051,44.336,42.594,9.018,0.071,25.220,4586.571,4251.148,4575.000,4237.000,0.000,,,,2,1789724546.249,,
2919.864,64.664,65.637,58.750,56.000,54.000,56.000,54.000,53.000,53.000,54.000,52.000,56.000,56.156,54.000,56.156,51.375,35.000,40.680,34.996,44.035,44.297,42.547,13.612,0.081,21.316,4572.474,4264.544,4560.000,4223.000,0.000,,,,2,1789724547.252,,
2920.868,64.391,65.363,58.625,54.000,53.000,54.000,53.000,54.000,52.000,53.000,52.000,55.000,55.844,52.000,55.844,51.312,35.000,40.539,34.996,44.016,44.254,42.500,13.824,0.094,26.143,4543.217,4217.086,4544.000,4208.000,0.000,,,,2,1789724548.257,,
2921.872,64.070,65.043,58.438,53.000,53.000,54.000,53.000,53.000,52.000,53.000,52.000,54.000,54.156,52.000,54.156,51.188,35.000,40.406,34.996,44.000,44.219,42.457,7.062,0.058,24.932,4543.275,4215.704,4530.000,4195.000,0.000,,,,2,1789724549.261,,
2922.877,63.754,64.727,58.125,53.000,52.000,54.000,52.000,52.000,51.000,53.000,52.000,54.000,54.000,51.000,54.000,51.062,35.000,40.273,34.996,43.984,44.184,42.410,6.608,0.060,18.933,4528.758,4216.197,4517.000,4183.000,0.000,,,,2,1789724550.264,,
2923.881,63.465,64.438,57.750,53.000,53.000,54.000,53.000,53.000,51.000,53.000,51.000,53.000,54.438,52.000,54.438,50.688,35.000,40.148,34.996,43.965,44.141,42.363,7.982,0.065,18.754,4501.463,4167.728,4500.000,4167.000,0.000,,,,2,1789724551.270,,
2924.886,63.164,64.137,57.500,52.000,52.000,53.000,52.000,52.000,51.000,52.000,51.000,53.000,53.844,51.000,53.844,50.688,35.000,39.961,34.996,43.945,44.098,42.320,6.745,0.057,19.495,4501.688,4180.020,4484.000,4152.000,0.000,,,,2,1789724552.274,,
2925.889,62.871,63.844,57.250,53.000,52.000,54.000,52.000,52.000,50.000,52.000,51.000,53.000,54.000,52.000,53.797,50.438,35.000,39.844,34.996,43.930,44.059,42.273,6.792,0.060,18.640,4501.914,4167.293,4467.000,4137.000,0.000,,,,2,1789724553.276,,
2926.894,62.617,63.590,57.125,53.000,52.000,54.000,52.000,52.000,51.000,52.000,51.000,53.000,54.812,51.000,54.812,50.438,35.000,39.730,34.996,43.910,44.012,42.227,8.463,0.062,18.649,4488.442,4132.326,4449.000,4120.000,0.000,,,,2,1789724554.284,,
2927.895,62.320,63.293,56.875,52.000,51.000,52.000,51.000,51.000,50.000,52.000,51.000,53.000,53.109,51.000,53.109,50.188,35.000,39.617,34.996,43.891,43.973,42.184,6.828,0.060,20.266,4460.027,4119.747,4434.000,4106.000,0.000,,,,2,1789724555.283,,
2928.900,62.051,63.023,56.688,52.000,52.000,53.000,52.000,52.000,51.000,52.000,51.000,53.000,53.656,51.000,53.656,50.000,35.000,39.508,34.996,43.871,43.926,42.137,9.179,0.070,18.873,4460.635,4120.501,4415.000,4088.000,0.000,,,,2,1789724556.288,,
2929.904,61.762,62.734,56.500,51.000,51.000,52.000,51.000,51.000,50.000,51.000,51.000,52.000,52.766,50.000,52.766,49.875,35.000,39.402,34.996,43.855,43.887,42.090,6.796,0.061,20.807,4419.781,4109.495,4399.000,4074.000,0.000,,,,2,1789724557.291,,
2930.907,61.484,62.457,56.250,52.000,51.000,52.000,52.000,51.000,50.000,51.000,50.000,52.000,52.984,51.000,52.984,49.812,35.000,39.301,34.996,43.836,43.844,42.043,7.032,0.059,18.612,4392.922,4052.867,4382.000,4058.000,0.000,,,,2,1789724558.295,,
2931.912,61.238,62.211,55.875,54.000,52.000,53.000,53.000,52.000,51.000,52.000,51.000,54.000,54.000,52.000,53.547,49.688,35.000,39.203,34.996,43.820,43.805,41.996,9.102,0.066,18.929,4379.882,4086.637,4366.000,4043.000,0.000,,,,2,1789724559.300,,
2932.917,61.078,62.051,55.938,53.000,55.000,55.000,54.000,53.000,52.000,53.000,52.000,54.000,56.125,53.000,56.125,49.500,35.000,39.109,34.996,43.801,43.766,41.949,14.687,0.098,22.210,4379.509,4041.220,4350.000,4028.000,0.000,,,,2,1789724560.305,,
2933.920,60.918,61.891,55.688,54.000,54.000,60.000,55.000,53.000,52.000,53.000,54.000,54.000,60.000,53.000,55.922,49.438,35.000,39.016,34.996,43.781,43.719,41.902,17.157,0.104,26.791,4354.716,4020.819,4331.000,4011.000,0.000,,,,2,1789724561.308,,
2934.923,60.707,61.680,55.750,52.000,53.000,53.000,52.000,53.000,51.000,52.000,51.000,53.000,54.250,52.000,54.250,49.312,35.000,38.867,34.996,43.762,43.676,41.859,14.661,0.092,28.659,4367.183,4031.265,4313.000,3994.000,0.000,,,,2,1789724562.310,,
2935.927,60.477,61.449,55.688,52.000,52.000,53.000,53.000,52.000,50.000,52.000,51.000,53.000,53.266,52.000,53.266,49.312,35.000,38.781,34.996,43.742,43.641,41.812,11.032,0.067,26.014,4340.801,4008.016,4299.000,3981.000,0.000,,,,2,1789724563.315,,
2936.928,60.277,61.250,55.625,57.000,56.000,56.000,55.000,55.000,53.000,54.000,54.000,53.000,57.000,54.000,54.156,49.125,35.000,38.699,34.996,43.727,43.605,41.770,14.956,0.082,23.392,4289.698,3998.267,4284.000,3967.000,0.000,,,,2,1789724564.320,,
2937.930,60.094,61.066,55.500,56.000,53.000,56.000,54.000,54.000,52.000,54.000,53.000,53.000,56.000,53.000,54.344,49.125,35.000,38.617,34.996,43.703,43.562,41.727,15.703,0.097,27.449,4265.454,3986.402,4266.000,3950.000,0.000,,,,2,1789724565.316,,
2938.930,59.926,60.898,55.562,55.000,53.000,54.000,53.000,53.000,51.000,53.000,51.000,54.000,55.000,52.000,54.781,49.062,35.000,38.539,34.996,43.684,43.523,41.680,17.328,0.113,28.571,4277.617,3943.606,4249.000,3935.000,0.000,,,,2,1789724566.317,,
2939.930,59.738,60.711,55.500,55.000,54.000,54.000,54.000,53.000,52.000,54.000,55.000,53.000,55.000,53.000,53.938,49.125,35.000,38.461,34.996,43.664,43.488,41.637,14.623,0.085,28.362,4253.057,3943.606,4234.000,3921.000,0.000,,,,2,1789724567.316,,
2940.933,59.578,60.551,55.438,53.000,52.000,54.000,52.000,52.000,51.000,52.000,51.000,53.000,54.578,52.000,54.578,48.938,35.000,38.387,34.996,43.648,43.453,41.590,17.239,0.116,27.683,4227.734,3923.064,4219.000,3907.000,0.000,,,,2,1789724568.322,,
2941.936,59.406,60.328,55.438,52.000,52.000,54.000,52.000,51.000,51.000,52.000,51.000,52.000,54.094,52.000,54.094,49.062,35.000,38.316,34.996,43.625,43.414,41.543,13.336,0.079,28.058,4227.784,3902.058,4203.000,3892.000,0.000,,,,2,1789724569.323,,
2942.939,59.246,60.168,55.500,53.000,52.000,54.000,52.000,52.000,50.000,52.000,51.000,52.000,54.297,51.000,54.297,49.000,35.000,38.246,34.996,43.602,43.375,41.504,15.670,0.094,26.063,4228.181,3890.168,4187.000,3877.000,0.000,,,,2,1789724570.326,,
2943.944,59.090,60.012,55.312,54.000,52.000,54.000,53.000,52.000,51.000,52.000,51.000,53.000,54.188,52.000,54.188,48.938,35.000,38.180,34.996,43.586,43.340,41.457,14.920,0.089,27.256,4168.066,3901.213,4172.000,3863.000,0.000,,,,2,1789724571.331,,
2944.946,58.934,59.855,55.375,54.000,52.000,54.000,53.000,52.000,51.000,52.000,51.000,54.000,54.047,52.000,54.047,48.938,35.000,38.059,34.996,43.566,43.309,41.414,13.139,0.079,27.082,4204.085,3860.383,4158.000,3850.000,0.000,,,,2,1789724572.333,,
2945.950,58.789,59.711,55.375,53.000,53.000,55.000,53.000,52.000,51.000,52.000,51.000,54.000,55.000,52.000,54.297,48.812,35.000,37.996,34.996,43.543,43.270,41.371,16.392,0.097,25.582,4155.604,3839.795,4140.000,3834.000,0.000,,,,2,1789724573.339,,
2946.953,58.754,59.676,55.438,56.000,54.000,55.000,54.000,53.000,52.000,54.000,52.000,55.000,57.750,53.000,57.750,48.875,35.000,37.938,34.996,43.523,43.230,41.328,23.720,0.170,30.909,4131.709,3820.967,4123.000,3818.000,0.000,,,,2,1789724574.341,,
2947.957,58.637,59.559,55.312,55.000,53.000,54.000,53.000,53.000,51.000,53.000,51.000,55.000,55.016,53.000,55.016,48.875,35.000,37.879,34.996,43.500,43.191,41.281,17.291,0.112,34.178,4108.510,3810.653,4107.000,3803.000,0.000,,,,2,1789724575.343,,
2948.961,58.500,59.422,55.312,54.000,54.000,55.000,54.000,53.000,51.000,52.000,51.000,54.000,55.000,53.000,54.188,48.750,35.000,37.820,34.996,43.480,43.160,41.242,14.102,0.123,28.363,4121.068,3771.727,4093.000,3790.000,0.000,,,,2,1789724576.347,,
2949.964,58.434,59.355,55.312,56.000,54.000,56.000,56.000,53.000,52.000,53.000,52.000,54.000,56.469,54.000,56.469,48.812,35.000,37.766,34.996,43.461,43.129,41.199,10.985,0.076,27.288,4121.068,3791.429,4079.000,3777.000,0.000,,,,2,1789724577.353,,
2950.966,58.262,59.184,55.375,53.000,51.000,52.000,52.000,51.000,50.000,52.000,50.000,52.000,53.000,51.000,52.828,48.688,35.000,37.711,34.996,43.441,43.102,41.156,54.060,0.218,29.544,4109.683,3781.314,4066.000,3765.000,0.000,,,,2,1789724578.354,,
2951.966,63.035,65.297,55.500,76.000,68.000,78.000,74.000,78.000,73.000,76.000,73.000,61.000,78.000,63.000,77.359,48.562,35.000,37.660,34.996,43.422,43.066,41.117,54.164,0.322,47.597,4062.151,3763.368,4050.000,3750.000,0.000,,,,2,1789724579.353,,
2952.970,65.180,67.855,56.688,74.000,69.000,78.000,76.000,78.000,71.000,74.000,76.000,59.000,78.000,63.000,71.609,48.875,35.000,37.609,34.996,43.398,43.027,41.074,61.021,0.284,64.676,4085.570,3753.206,4032.000,3734.000,0.000,,,,2,1789724580.355,,
2953.971,67.059,70.031,57.500,65.000,61.000,69.000,67.000,63.000,60.000,60.000,59.000,58.000,72.703,60.000,72.703,49.375,35.000,37.559,34.996,43.379,42.992,41.035,67.161,0.259,77.261,4051.499,3754.067,4017.000,3720.000,0.000,,,,2,1789724581.357,,
2954.973,70.414,74.098,58.438,75.000,69.000,83.000,77.000,77.000,72.000,74.000,74.000,62.000,83.000,65.000,80.484,49.688,35.000,37.461,34.996,43.355,42.957,40.996,52.679,0.277,75.064,3995.383,3744.033,4001.000,3705.000,0.000,,,,2,1789724582.359,,
2955.973,71.871,75.621,59.125,76.000,69.000,79.000,75.000,78.000,72.000,77.000,74.000,62.000,79.000,64.000,76.234,50.250,35.000,37.414,34.996,43.340,42.930,40.953,61.756,0.278,66.511,3995.516,3723.239,3988.000,3693.000,0.000,,,,2,1789724583.359,,
2956.978,72.438,75.984,60.000,63.000,62.000,63.000,62.000,65.000,61.000,63.000,62.000,60.000,74.141,61.000,62.578,50.688,35.000,37.371,34.996,43.320,42.906,40.918,20.678,0.144,77.147,3984.769,3686.296,3976.000,3682.000,0.000,,,,2,1789724584.363,,
2957.981,72.129,75.320,59.812,59.000,58.000,60.000,60.000,59.000,57.000,59.000,57.000,57.000,63.000,58.000,62.062,50.938,35.000,37.328,34.996,43.301,42.883,40.883,26.842,0.188,40.773,3996.536,3687.429,3964.000,3671.000,0.000,,,,2,1789724585.368,,
2958.983,71.812,74.688,59.625,55.000,55.000,57.000,55.000,55.000,53.000,55.000,54.000,56.000,62.062,54.000,57.531,51.188,35.000,37.285,34.996,43.285,42.859,40.844,11.633,0.076,34.940,3995.649,3676.583,3953.000,3661.000,0.000,,,,2,1789724586.368,,
2959.986,71.367,74.242,59.062,58.000,56.000,57.000,56.000,55.000,54.000,55.000,54.000,57.000,57.531,55.000,58.938,51.250,35.000,37.246,34.996,43.270,42.840,40.805,18.168,0.121,34.477,3952.830,3659.169,3943.000,3651.000,0.000,,,,2,1789724587.373,,
2960.989,70.977,73.852,59.000,55.000,55.000,57.000,56.000,54.000,54.000,55.000,55.000,56.000,58.938,55.000,59.531,51.000,35.000,37.168,34.996,43.234,42.797,40.734,16.491,0.109,25.323,3951.918,3650.301,3932.000,3641.000,0.000,,,,2,1789724588.376,,
2961.989,70.621,73.496,58.875,54.000,54.000,55.000,54.000,54.000,52.000,54.000,54.000,55.000,59.531,54.000,56.547,51.062,35.000,37.133,34.996,43.223,42.777,40.703,11.872,0.093,29.264,3940.714,3651.115,3921.000,3631.000,0.000,,,,2,1789724589.377,,
2962.994,70.531,73.328,58.500,79.000,74.000,84.000,77.000,81.000,76.000,78.000,77.000,62.000,84.000,65.000,72.641,50.812,35.000,37.094,34.996,43.207,42.758,40.672,34.159,0.170,29.044,3920.031,3632.658,3910.000,3621.000,0.000,,,,2,1789724590.384,,
2963.995,70.945,73.586,59.562,64.000,59.000,65.000,62.000,60.000,60.000,59.000,60.000,58.000,72.188,59.000,72.188,50.938,35.000,37.012,34.996,43.188,42.742,40.637,55.199,0.253,39.550,3908.922,3622.933,3899.000,3611.000,0.000,,,,2,1789724591.383,,
2965.000,70.906,73.285,59.812,66.000,64.000,69.000,66.000,64.000,65.000,60.000,63.000,59.000,69.781,61.000,69.781,51.062,35.000,36.977,34.996,43.176,42.719,40.605,34.690,0.243,64.282,3888.067,3623.954,3891.000,3603.000,0.000,,,,2,1789724592.386,,
2966.003,73.398,76.285,60.062,80.000,75.000,86.000,80.000,86.000,81.000,80.000,80.000,62.000,86.000,66.000,80.875,51.375,35.000,36.945,34.996,43.160,42.703,40.578,57.642,0.277,48.677,3888.529,3605.950,3879.000,3592.000,0.000,,,,2,1789724593.390,,
2967.006,73.836,76.566,61.062,72.000,62.000,69.000,67.000,67.000,63.000,62.000,68.000,59.000,75.156,62.000,75.156,51.562,35.000,36.914,34.996,43.145,42.688,40.547,56.925,0.301,64.388,3888.151,3579.098,3870.000,3584.000,0.000,,,,2,1789724594.392,,
2968.010,73.805,76.262,61.375,70.000,61.000,65.000,67.000,62.000,60.000,61.000,61.000,59.000,72.906,61.000,72.906,51.938,35.000,36.883,34.996,43.133,42.672,40.520,36.898,0.269,71.713,3898.382,3570.756,3861.000,3575.000,0.000,,,,2,1789724595.397,,
2969.013,73.746,75.957,61.188,66.000,64.000,68.000,65.000,68.000,61.000,78.000,60.000,61.000,78.000,62.000,71.859,52.125,35.000,36.852,34.996,43.117,42.656,40.492,26.173,0.191,51.373,3857.777,3569.870,3852.000,3567.000,0.000,,,,2,1789724596.399,,
2970.016,73.301,75.512,61.062,57.000,56.000,58.000,56.000,55.000,55.000,56.000,55.000,57.000,59.547,55.000,59.547,52.188,35.000,36.824,34.996,43.105,42.641,40.465,15.012,0.110,41.211,3857.859,3569.587,3842.000,3558.000,0.000,,,,2,1789724597.405,,
2971.020,72.980,75.191,60.625,59.000,58.000,59.000,61.000,70.000,58.000,59.000,56.000,57.000,70.000,58.000,63.000,52.188,35.000,36.797,34.996,43.090,42.629,40.438,12.894,0.096,37.120,3837.094,3560.831,3834.000,3550.000,0.000,,,,2,1789724598.406,,
2972.021,72.496,74.707,60.375,56.000,55.000,56.000,55.000,55.000,53.000,55.000,54.000,56.000,57.500,55.000,57.500,52.000,35.000,36.770,34.996,43.078,42.613,40.414,9.928,0.077,25.512,3837.135,3543.796,3826.000,3543.000,0.000,,,,2,1789724599.408,,
2973.024,72.055,74.266,60.062,64.000,57.000,57.000,56.000,55.000,54.000,55.000,55.000,55.000,64.000,56.000,58.375,52.000,35.000,36.746,34.996,43.066,42.598,40.387,12.977,0.089,24.594,3826.042,3543.377,3816.000,3534.000,0.000,,,,2,1789724600.411,,
2974.028,71.582,73.793,59.688,55.000,55.000,56.000,55.000,54.000,53.000,55.000,54.000,55.000,57.000,54.000,57.000,51.750,35.000,36.672,34.996,43.051,42.586,40.363,10.285,0.080,21.714,3826.978,3510.448,3807.000,3525.000,0.000,,,,2,1789724601.420,,
2975.030,71.223,73.434,59.250,57.000,56.000,58.000,57.000,55.000,55.000,55.000,55.000,55.000,60.078,55.000,60.078,51.438,35.000,36.648,34.996,43.039,42.570,40.340,10.251,0.081,24.456,3806.785,3536.346,3799.000,3518.000,0.000,,,,2,1789724602.417,,
2976.033,70.746,72.957,59.000,54.000,54.000,55.000,54.000,54.000,52.000,54.000,53.000,55.000,55.953,54.000,55.953,51.312,35.000,36.625,34.996,43.027,42.555,40.320,9.022,0.073,22.097,3806.664,3502.320,3790.000,3510.000,0.000,,,,2,1789724603.422,,
2977.038,70.277,72.488,58.812,54.000,53.000,54.000,53.000,53.000,53.000,54.000,53.000,55.000,55.703,53.000,55.703,51.250,35.000,36.602,34.996,43.016,42.543,40.297,9.449,0.074,21.647,3817.158,3527.579,3781.000,3501.000,0.000,,,,2,1789724604.426,,
2978.041,69.934,72.145,58.500,56.000,56.000,57.000,57.000,54.000,54.000,55.000,54.000,55.000,59.250,55.000,59.250,50.938,35.000,36.578,34.996,43.000,42.527,40.273,11.531,0.088,20.735,3777.109,3510.894,3773.000,3494.000,0.000,,,,2,1789724605.428,,
2979.045,69.453,71.664,58.188,53.000,53.000,54.000,53.000,53.000,52.000,53.000,53.000,54.000,54.594,53.000,54.594,50.812,35.000,36.559,34.996,42.988,42.512,40.254,7.162,0.064,21.426,3777.465,3477.387,3763.000,3485.000,0.000,,,,2,1789724606.431,,
2980.049,69.008,71.219,58.062,54.000,54.000,55.000,54.000,54.000,53.000,55.000,54.000,54.000,55.203,53.000,55.203,50.688,35.000,36.539,34.996,42.977,42.496,40.234,10.195,0.079,22.811,3777.743,3493.416,3754.000,3476.000,0.000,,,,2,1789724607.437,,
2981.053,68.543,70.754,57.750,53.000,53.000,54.000,52.000,53.000,51.000,53.000,52.000,53.000,54.141,52.000,54.141,50.562,35.000,36.520,34.996,42.965,42.484,40.215,7.726,0.068,18.971,3777.228,3460.973,3745.000,3468.000,0.000,,,,2,1789724608.444,,
2982.057,68.098,70.309,57.688,53.000,53.000,54.000,53.000,53.000,51.000,52.000,52.000,53.000,54.281,51.000,54.281,50.250,35.000,36.500,34.996,42.953,42.469,40.191,8.982,0.071,21.613,3747.385,3468.977,3736.000,3460.000,0.000,,,,2,1789724609.454,,
2983.061,67.770,69.980,57.438,56.000,56.000,56.000,57.000,55.000,59.000,58.000,55.000,53.000,59.000,55.000,57.641,50.062,35.000,36.480,34.996,42.941,42.453,40.172,13.754,0.086,19.347,3737.891,3453.801,3727.000,3451.000,0.000,,,,2,1789724610.450,,
2984.064,67.395,69.605,57.375,53.000,53.000,54.000,53.000,53.000,51.000,53.000,52.000,53.000,55.766,52.000,55.766,50.062,35.000,36.418,34.996,42.930,42.434,40.152,12.253,0.091,22.861,3748.243,3461.905,3718.000,3443.000,0.000,,,,2,1789724611.452,,
2985.065,67.035,69.246,57.062,53.000,53.000,54.000,54.000,53.000,51.000,53.000,52.000,53.000,55.875,53.000,55.875,50.000,35.000,36.398,34.996,42.918,42.418,40.133,10.579,0.081,23.942,3728.908,3445.833,3706.000,3432.000,0.000,,,,2,1789724612.451,,
2986.070,66.777,68.988,57.000,56.000,56.000,56.000,56.000,55.000,53.000,54.000,53.000,53.000,58.812,55.000,58.812,49.812,35.000,36.383,34.996,42.906,42.402,40.113,12.535,0.097,23.633,3691.248,3428.865,3688.000,3415.000,0.000,,,,2,1789724613.458,,
2987.073,66.527,68.738,56.750,59.000,56.000,59.000,56.000,57.000,55.000,55.000,56.000,53.000,59.000,55.000,58.797,49.812,35.000,36.367,34.996,42.891,42.387,40.094,12.478,0.098,22.998,3700.696,3421.923,3678.000,3406.000,0.000,,,,2,1789724614.461,,
2988.073,66.125,68.336,56.500,53.000,51.000,54.000,52.000,52.000,50.000,52.000,51.000,53.000,54.000,52.000,53.609,49.562,35.000,36.352,34.996,42.879,42.371,40.074,8.205,0.072,24.284,3700.696,3422.671,3668.000,3397.000,0.000,,,,2,1789724615.457,,
2989.078,65.746,67.957,56.438,52.000,51.000,53.000,52.000,52.000,50.000,52.000,51.000,53.000,54.000,51.000,54.000,49.500,35.000,36.336,34.996,42.867,42.352,40.055,10.756,0.085,19.798,3691.361,3405.254,3657.000,3387.000,0.000,,,,2,1789724616.467,,
2990.080,65.574,67.785,56.375,57.000,55.000,58.000,56.000,54.000,54.000,55.000,53.000,53.000,60.250,54.000,60.250,49.375,35.000,36.320,34.996,42.855,42.336,40.035,13.735,0.104,23.182,3653.265,3390.214,3648.000,3378.000,0.000,,,,2,1789724617.467,,
2991.084,65.258,67.469,56.125,54.000,53.000,55.000,53.000,53.000,51.000,53.000,52.000,53.000,55.484,52.000,55.484,49.188,35.000,36.305,34.996,42.840,42.320,40.016,11.354,0.080,24.537,3672.495,3404.609,3638.000,3369.000,0.000,,,,2,1789724618.470,,
2992.087,64.898,67.109,55.875,52.000,53.000,53.000,52.000,52.000,51.000,52.000,51.000,52.000,53.719,52.000,53.719,49.250,35.000,36.289,34.996,42.828,42.301,39.996,9.409,0.071,23.108,3635.629,3405.479,3626.000,3358.000,0.000,,,,2,1789724619.474,,
2993.090,64.523,66.734,55.750,52.000,52.000,54.000,52.000,52.000,51.000,52.000,51.000,52.000,54.000,51.000,52.844,49.062,35.000,36.277,34.996,42.816,42.281,39.977,7.965,0.067,20.928,3617.509,3366.059,3615.000,3348.000,0.000,,,,2,1789724620.475,,
2994.090,64.250,66.461,55.562,53.000,51.000,54.000,53.000,52.000,51.000,52.000,51.000,52.000,55.797,52.000,55.797,48.938,35.000,36.223,34.996,42.805,42.262,39.957,13.672,0.105,20.724,3617.073,3358.240,3605.000,3338.000,0.000,,,,2,1789724621.477,,
2995.095,64.039,66.250,55.688,55.000,55.000,58.000,59.000,61.000,55.000,53.000,52.000,53.000,61.000,54.000,57.562,48.875,35.000,36.207,34.996,42.789,42.246,39.934,12.607,0.091,24.926,3625.670,3335.217,3594.000,3328.000,0.000,,,,2,1789724622.480,,
2996.099,63.836,65.828,55.375,56.000,55.000,65.000,58.000,58.000,56.000,55.000,54.000,53.000,65.000,54.000,57.547,48.750,35.000,36.195,34.996,42.777,42.227,39.918,15.518,0.117,25.151,3590.664,3326.957,3583.000,3318.000,0.000,,,,2,1789724623.484,,
2997.104,63.527,65.520,55.375,52.000,51.000,53.000,51.000,51.000,50.000,52.000,51.000,52.000,53.891,51.000,53.891,48.688,35.000,36.184,34.996,42.766,42.207,39.895,11.964,0.095,26.569,3599.640,3319.747,3572.000,3308.000,0.000,,,,2,1789724624.490,,
2998.105,63.195,65.188,55.250,51.000,51.000,53.000,52.000,51.000,50.000,51.000,51.000,52.000,53.000,51.000,52.906,48.688,35.000,36.172,34.996,42.750,42.188,39.875,9.105,0.069,22.992,3580.451,3304.814,3560.000,3297.000,0.000,,,,2,1789724625.491,,
2999.106,62.852,64.844,55.188,51.000,50.000,52.000,51.000,50.000,50.000,51.000,50.000,52.000,52.188,50.000,52.188,48.625,35.000,36.160,34.996,42.738,42.168,39.855,7.913,0.064,20.720,3572.846,3304.147,3549.000,3287.000,0.000,,,,2,1789724626.493,,
3000.106,62.523,64.516,54.875,51.000,50.000,52.000,51.000,51.000,50.000,51.000,50.000,51.000,52.359,50.000,52.359,48.438,35.000,36.148,34.996,42.723,42.148,39.836,8.550,0.069,19.525,3554.888,3289.504,3538.000,3276.000,0.000,,,,2,1789724627.494,,
3001.109,62.207,64.199,54.688,51.000,51.000,52.000,51.000,51.000,50.000,51.000,50.000,51.000,52.375,50.000,52.375,48.375,35.000,36.141,34.996,42.711,42.129,39.816,9.356,0.072,20.159,3521.265,3283.863,3526.000,3265.000,0.000,,,,2,1789724628.495,,
3002.113,62.516,64.402,54.688,74.000,67.000,78.000,71.000,76.000,73.000,73.000,72.000,56.000,78.000,60.000,63.453,48.438,35.000,36.129,34.996,42.695,42.105,39.797,20.915,0.141,30.370,3521.540,3282.575,3514.000,3254.000,0.000,,,,2,1789724629.500,,
3003.117,64.133,66.312,55.750,55.000,54.000,58.000,55.000,55.000,53.000,55.000,54.000,53.000,68.984,53.000,68.984,48.500,35.000,36.117,34.996,42.684,42.090,39.777,59.212,0.234,58.296,3520.989,3267.173,3503.000,3244.000,0.000,,,,2,1789724630.507,,
3004.120,64.730,66.871,55.875,62.000,57.000,61.000,60.000,59.000,57.000,56.000,55.000,54.000,66.516,57.000,66.516,48.750,35.000,36.066,34.996,42.668,42.070,39.758,27.541,0.222,43.028,3512.743,3261.106,3492.000,3234.000,0.000,,,,2,1789724631.509,,
3005.123,68.711,71.832,56.438,74.000,66.000,79.000,75.000,80.000,73.000,70.000,73.000,59.000,80.656,63.000,80.656,48.812,35.000,36.055,34.996,42.656,42.047,39.734,62.559,0.280,70.313,3496.028,3260.308,3479.000,3222.000,0.000,,,,2,1789724632.510,,
3006.128,68.645,71.453,57.125,59.000,57.000,61.000,60.000,60.000,58.000,58.000,57.000,55.000,66.594,57.000,66.594,49.125,35.000,36.047,34.996,42.641,42.031,39.719,30.004,0.213,45.931,3495.078,3238.662,3468.000,3212.000,0.000,,,,2,1789724633.515,,
3007.131,70.820,74.004,57.125,78.000,76.000,86.000,79.000,84.000,79.000,81.000,78.000,60.000,86.000,65.000,77.359,49.375,35.000,36.039,34.996,42.629,42.012,39.699,44.987,0.245,56.889,3470.549,3238.575,3457.000,3201.000,0.000,,,,2,1789724634.517,,
3008.135,70.633,73.496,58.250,58.000,56.000,59.000,56.000,57.000,55.000,56.000,55.000,55.000,64.891,55.000,64.891,49.625,35.000,36.031,34.996,42.613,41.996,39.680,44.574,0.217,54.934,3487.223,3195.938,3447.000,3192.000,0.000,,,,2,1789724635.524,,
3009.139,70.594,73.172,58.188,75.000,71.000,80.000,75.000,77.000,75.000,74.000,74.000,59.000,80.000,63.000,69.328,50.062,35.000,36.023,34.996,42.598,41.980,39.660,32.542,0.230,47.060,3462.104,3209.958,3437.000,3183.000,0.000,,,,2,1789724636.526,,
3010.141,71.391,73.949,58.812,59.000,58.000,63.000,60.000,61.000,58.000,59.000,58.000,57.000,73.781,57.000,73.781,50.250,35.000,36.016,34.996,42.586,41.965,39.641,60.573,0.277,65.551,3429.943,3182.095,3426.000,3173.000,0.000,,,,2,1789724637.527,,
3011.141,71.297,73.602,59.125,64.000,59.000,63.000,62.000,70.000,60.000,60.000,59.000,59.000,70.000,59.000,68.422,50.500,35.000,36.008,34.996,42.574,41.953,39.625,28.962,0.217,45.954,3430.042,3189.849,3418.000,3165.000,0.000,,,,2,1789724638.528,,
3012.146,74.027,76.922,59.438,74.000,67.000,76.000,75.000,81.000,72.000,69.000,68.000,63.000,82.219,65.000,82.219,50.625,35.000,36.000,34.996,42.559,41.941,39.605,64.674,0.278,72.898,3421.695,3175.471,3408.000,3156.000,0.000,,,,2,1789724639.532,,
3013.148,73.797,76.398,59.938,60.000,58.000,62.000,61.000,60.000,58.000,60.000,59.000,58.000,66.688,58.000,66.688,51.250,35.000,35.992,34.996,42.547,41.930,39.590,32.970,0.225,46.980,3422.086,3154.463,3399.000,3148.000,0.000,,,,2,1789724640.534,,
3014.152,75.434,78.270,60.062,80.000,73.000,86.000,79.000,82.000,79.000,81.000,81.000,64.000,86.000,67.000,80.344,51.188,35.000,35.949,34.996,42.535,41.918,39.574,51.623,0.259,64.258,3405.769,3155.985,3391.000,3140.000,0.000,,,,2,1789724641.540,,
3015.156,75.098,77.648,60.750,60.000,59.000,62.000,60.000,63.000,57.000,58.000,57.000,58.000,64.703,57.000,64.703,51.562,35.000,35.941,34.996,42.523,41.914,39.559,41.385,0.208,52.896,3405.995,3135.670,3384.000,3134.000,0.000,,,,2,1789724642.543,,
3016.161,74.797,77.348,60.688,58.000,57.000,60.000,58.000,58.000,57.000,58.000,57.000,58.000,65.562,57.000,65.562,51.812,35.000,35.934,34.996,42.512,41.906,39.543,27.240,0.201,38.560,3413.422,3134.687,3377.000,3127.000,0.000,,,,2,1789724643.547,,
3017.164,74.379,76.930,60.438,59.000,58.000,62.000,60.000,61.000,57.000,58.000,57.000,58.000,62.000,58.000,61.422,51.938,35.000,35.930,34.996,42.500,41.902,39.531,18.309,0.115,36.003,3382.282,3136.080,3370.000,3121.000,0.000,,,,2,1789724644.551,,
3018.169,73.902,76.453,60.062,68.000,57.000,60.000,59.000,57.000,57.000,57.000,56.000,56.000,68.000,57.000,59.109,51.812,35.000,35.922,34.996,42.488,41.902,39.520,14.042,0.079,28.791,3382.156,3148.174,3366.000,3117.000,0.000,,,,2,1789724645.556,,
3019.171,73.434,75.984,59.875,57.000,57.000,58.000,58.000,56.000,56.000,57.000,56.000,58.000,58.875,56.000,58.875,51.750,35.000,35.918,34.996,42.477,41.898,39.504,17.431,0.108,26.796,3373.724,3148.146,3359.000,3111.000,0.000,,,,2,1789724646.558,,
3020.172,72.969,75.520,59.688,58.000,57.000,58.000,57.000,56.000,55.000,57.000,55.000,57.000,58.547,56.000,58.547,51.688,35.000,35.910,34.996,42.465,41.895,39.492,15.727,0.099,28.819,3373.598,3089.042,3353.000,3105.000,0.000,,,,2,1789724647.559,,
3021.175,72.547,75.098,59.438,57.000,57.000,58.000,58.000,59.000,56.000,57.000,56.000,57.000,59.531,56.000,59.531,51.625,35.000,35.906,34.996,42.457,41.895,39.480,16.439,0.113,27.788,3357.708,3089.015,3348.000,3100.000,0.000,,,,2,1789724648.562,,
3022.178,72.086,74.637,59.312,56.000,57.000,57.000,56.000,55.000,54.000,57.000,55.000,56.000,57.781,55.000,57.781,51.375,35.000,35.898,34.996,42.445,41.895,39.473,15.669,0.095,28.204,3358.209,3140.731,3343.000,3096.000,0.000,,,,2,1789724649.565,,
3023.181,71.652,74.203,59.250,56.000,56.000,57.000,56.000,57.000,54.000,55.000,55.000,57.000,58.125,55.000,58.125,51.312,35.000,35.895,34.996,42.438,41.895,39.461,16.668,0.100,27.619,3357.802,3089.492,3338.000,3091.000,0.000,,,,2,1789724650.567,,
3024.183,71.164,73.715,59.125,54.000,55.000,55.000,54.000,54.000,53.000,54.000,53.000,55.000,56.125,53.000,56.125,51.188,35.000,35.852,34.996,42.426,41.891,39.449,11.378,0.082,28.174,3350.333,3089.413,3331.000,3085.000,0.000,,,,2,1789724651.570,,
3025.187,70.742,73.293,58.938,61.000,63.000,61.000,60.000,57.000,58.000,59.000,54.000,55.000,63.000,58.000,57.625,51.125,35.000,35.844,34.996,42.418,41.891,39.441,9.234,0.072,22.491,3342.339,3108.674,3327.000,3081.000,0.000,,,,2,1789724652.576,,
3026.191,70.344,72.895,58.688,54.000,55.000,56.000,55.000,54.000,53.000,55.000,53.000,55.000,57.953,54.000,57.953,50.938,35.000,35.840,34.996,42.410,41.891,39.430,16.449,0.122,22.786,3311.593,3096.108,3322.000,3076.000,0.000,,,,2,1789724653.579,,
3027.195,69.871,72.422,58.375,53.000,54.000,55.000,53.000,53.000,52.000,54.000,53.000,55.000,55.203,53.000,55.203,50.875,35.000,35.836,34.996,42.398,41.887,39.422,7.911,0.067,26.390,3327.080,3088.803,3315.000,3070.000,0.000,,,,2,1789724654.582,,
3028.199,69.402,71.953,58.062,53.000,54.000,54.000,53.000,53.000,52.000,54.000,52.000,54.000,54.938,53.000,54.938,50.750,35.000,35.832,34.996,42.391,41.883,39.414,8.539,0.071,19.684,3334.198,3075.793,3310.000,3065.000,0.000,,,,2,1789724655.585,,
3029.204,68.977,71.527,58.000,54.000,54.000,55.000,53.000,54.000,52.000,53.000,53.000,54.000,55.750,53.000,55.750,50.625,35.000,35.828,34.996,42.383,41.879,39.402,10.270,0.079,20.382,3318.707,3090.341,3303.000,3059.000,0.000,,,,2,1789724656.592,,
3030.209,68.535,71.086,57.750,53.000,53.000,54.000,58.000,53.000,53.000,53.000,52.000,53.000,58.000,53.000,54.875,50.438,35.000,35.824,34.996,42.371,41.879,39.398,8.017,0.072,21.819,3311.410,3063.152,3298.000,3054.000,0.000,,,,2,1789724657.601,,
3031.213,68.289,70.840,57.438,61.000,61.000,61.000,64.000,56.000,56.000,57.000,56.000,55.000,64.000,57.000,60.594,50.125,35.000,35.820,34.996,42.363,41.875,39.391,13.500,0.101,20.033,3281.258,3062.865,3291.000,3048.000,0.000,,,,2,1789724658.603,,
3032.217,67.867,70.418,57.312,53.000,52.000,54.000,52.000,53.000,51.000,53.000,52.000,53.000,54.797,52.000,54.797,50.000,35.000,35.816,34.996,42.355,41.871,39.383,9.393,0.079,25.105,3281.647,3049.839,3285.000,3042.000,0.000,,,,2,1789724659.605,,
3033.221,67.445,69.996,57.125,53.000,52.000,54.000,52.000,52.000,51.000,52.000,51.000,53.000,54.391,52.000,54.391,50.062,35.000,35.812,34.996,42.344,41.863,39.371,9.333,0.074,20.522,3281.977,3031.937,3277.000,3035.000,0.000,,,,2,1789724660.608,,
3034.223,68.117,70.613,57.000,76.000,67.000,83.000,73.000,76.000,75.000,73.000,68.000,58.000,83.000,62.000,70.141,49.875,35.000,35.773,34.996,42.336,41.859,39.367,29.452,0.172,27.821,3281.827,3043.419,3272.000,3030.000,0.000,,,,2,1789724661.611,,
3035.227,68.570,70.953,57.938,62.000,64.000,68.000,62.000,63.000,59.000,59.000,61.000,56.000,69.922,59.000,69.922,50.000,35.000,35.770,34.996,42.328,41.852,39.355,53.016,0.297,61.815,3274.365,3031.502,3263.000,3022.000,0.000,,,,2,1789724662.614,,
3036.231,69.898,72.441,58.750,62.000,59.000,68.000,62.000,62.000,64.000,60.000,60.000,58.000,73.891,59.000,73.891,50.312,35.000,35.766,34.996,42.320,41.844,39.348,62.446,0.297,72.892,3267.351,3037.513,3256.000,3015.000,0.000,,,,2,1789724663.618,,
3037.233,72.977,76.188,59.500,71.000,66.000,76.000,72.000,73.000,70.000,69.000,70.000,61.000,82.203,64.000,82.203,50.562,35.000,35.762,34.996,42.312,41.840,39.344,63.193,0.269,72.697,3244.909,3024.549,3250.000,3010.000,0.000,,,,2,1789724664.620,,
3038.238,75.570,79.242,60.312,77.000,74.000,80.000,75.000,79.000,76.000,72.000,74.000,62.000,83.359,66.000,83.359,51.000,35.000,35.758,34.996,42.305,41.832,39.332,56.507,0.291,68.942,3259.423,3012.981,3242.000,3002.000,0.000,,,,2,1789724665.624,,
3039.239,75.125,78.430,60.688,57.000,56.000,58.000,56.000,56.000,54.000,56.000,55.000,57.000,61.406,55.000,61.406,51.375,35.000,35.754,34.996,42.297,41.832,39.328,27.768,0.192,50.930,3259.423,3012.376,3237.000,2998.000,0.000,,,,2,1789724666.626,,
3040.243,74.641,77.613,60.312,56.000,56.000,58.000,56.000,55.000,54.000,56.000,55.000,56.000,59.609,55.000,59.609,51.625,35.000,35.750,34.996,42.289,41.828,39.320,10.034,0.078,28.615,3260.249,3000.700,3231.000,2992.000,0.000,,,,2,1789724667.632,,
3041.248,74.074,77.047,59.812,55.000,55.000,56.000,55.000,54.000,53.000,55.000,54.000,56.000,56.469,54.000,56.469,51.625,35.000,35.750,34.996,42.277,41.824,39.312,7.660,0.062,21.277,3230.786,3001.526,3224.000,2986.000,0.000,,,,2,1789724668.637,,
3042.253,73.504,76.477,59.438,55.000,55.000,55.000,54.000,54.000,53.000,55.000,54.000,55.000,55.844,53.000,55.844,51.375,35.000,35.746,34.996,42.270,41.820,39.305,8.502,0.071,19.114,3223.669,2975.871,3218.000,2980.000,0.000,,,,2,1789724669.642,,
3043.257,73.137,76.109,59.000,59.000,57.000,58.000,59.000,56.000,57.000,56.000,68.000,56.000,68.000,57.000,61.828,51.250,35.000,35.742,34.996,42.262,41.816,39.297,11.391,0.085,20.227,3222.861,3018.944,3211.000,2974.000,0.000,,,,2,1789724670.644,,
3044.262,72.625,75.598,58.875,54.000,54.000,55.000,54.000,53.000,53.000,54.000,54.000,55.000,56.672,54.000,56.672,51.188,35.000,35.711,34.996,42.254,41.816,39.293,12.438,0.089,23.504,3223.178,2969.832,3207.000,2970.000,0.000,,,,2,1789724671.649,,
3045.265,72.180,75.152,58.562,55.000,55.000,56.000,55.000,54.000,53.000,54.000,54.000,55.000,58.453,53.000,58.453,50.938,35.000,35.707,34.996,42.246,41.812,39.285,14.090,0.102,24.325,3208.413,2946.255,3201.000,2964.000,0.000,,,,2,1789724672.653,,
3046.267,71.664,74.637,58.438,54.000,54.000,55.000,54.000,53.000,52.000,54.000,53.000,55.000,55.578,53.000,55.578,50.875,35.000,35.703,34.996,42.242,41.809,39.277,9.190,0.074,24.517,3215.980,2965.282,3194.000,2958.000,0.000,,,,2,1789724673.656,,
3047.272,71.191,74.164,58.125,57.000,56.000,59.000,56.000,54.000,54.000,54.000,54.000,55.000,59.000,55.000,56.656,50.812,35.000,35.703,34.996,42.230,41.805,39.273,12.358,0.090,21.447,3173.428,2964.354,3188.000,2952.000,0.000,,,,2,1789724674.660,,
3048.272,70.824,73.797,58.000,60.000,58.000,59.000,59.000,58.000,66.000,57.000,56.000,57.000,66.000,57.000,59.406,50.562,35.000,35.699,34.996,42.223,41.801,39.266,17.390,0.103,24.133,3181.139,2952.199,3181.000,2946.000,0.000,,,,2,1789724675.658,,
3049.276,70.398,73.371,57.750,56.000,56.000,56.000,55.000,55.000,53.000,54.000,54.000,56.000,57.234,54.000,57.234,50.562,35.000,35.695,34.996,42.219,41.801,39.266,18.162,0.117,30.073,3180.914,2951.739,3177.000,2942.000,0.000,,,,2,1789724676.664,,
3050.281,70.309,73.281,57.812,58.000,66.000,60.000,60.000,57.000,58.000,57.000,58.000,56.000,67.406,59.000,67.406,50.562,35.000,35.695,34.996,42.211,41.801,39.258,22.004,0.146,30.527,3160.251,2957.778,3171.000,2937.000,0.000,,,,2,1789724677.667,,
3051.281,70.215,73.188,58.125,60.000,64.000,64.000,62.000,60.000,61.000,57.000,56.000,55.000,67.375,58.000,67.375,50.500,35.000,35.691,34.996,42.203,41.797,39.250,23.428,0.154,33.281,3167.118,2946.014,3165.000,2931.000,0.000,,,,2,1789724678.668,,
3052.284,72.965,76.465,58.438,79.000,74.000,86.000,79.000,85.000,81.000,80.000,77.000,61.000,86.000,66.000,81.219,50.438,35.000,35.691,34.996,42.195,41.793,39.246,51.531,0.221,58.595,3167.118,2940.648,3159.000,2925.000,0.000,,,,2,1789724679.671,,
3053.288,72.930,76.082,59.438,68.000,63.000,68.000,64.000,63.000,63.000,60.000,59.000,59.000,71.859,60.000,71.859,50.750,35.000,35.688,34.996,42.188,41.793,39.242,52.900,0.301,64.232,3180.690,2928.091,3153.000,2920.000,0.000,,,,2,1789724680.674,,
3054.291,72.500,75.336,59.500,58.000,56.000,57.000,56.000,55.000,54.000,56.000,54.000,57.000,59.172,55.000,59.172,51.000,35.000,35.656,34.996,42.180,41.793,39.234,20.250,0.139,41.510,3166.923,2921.983,3149.000,2916.000,0.000,,,,2,1789724681.678,,
3055.291,72.043,74.879,59.312,57.000,55.000,57.000,56.000,55.000,54.000,55.000,54.000,57.000,57.875,55.000,57.875,51.062,35.000,35.652,34.996,42.176,41.793,39.230,13.081,0.075,29.274,3166.282,2905.334,3143.000,2911.000,0.000,,,,2,1789724682.678,,
3056.296,71.562,74.398,58.938,55.000,55.000,56.000,54.000,54.000,53.000,55.000,54.000,55.000,56.672,54.000,56.672,51.062,35.000,35.652,34.996,42.168,41.793,39.227,12.688,0.073,24.733,3145.533,2928.615,3138.000,2906.000,0.000,,,,2,1789724683.683,,
3057.301,71.090,73.926,58.625,56.000,60.000,57.000,55.000,55.000,54.000,60.000,54.000,55.000,60.000,55.000,56.500,51.000,35.000,35.648,34.996,42.160,41.793,39.223,9.682,0.067,24.298,3118.638,2894.263,3134.000,2902.000,0.000,,,,2,1789724684.689,,
3058.304,70.664,73.500,58.500,55.000,54.000,56.000,54.000,53.000,53.000,54.000,53.000,55.000,57.391,53.000,57.391,50.875,35.000,35.648,34.996,42.152,41.793,39.219,11.637,0.085,21.643,3139.553,2905.405,3128.000,2897.000,0.000,,,,2,1789724685.690,,
3059.309,71.984,74.934,58.500,79.000,73.000,83.000,78.000,80.000,79.000,77.000,78.000,60.000,83.000,64.000,75.953,50.688,35.000,35.645,34.996,42.148,41.797,39.215,43.862,0.222,43.697,3139.334,2905.850,3125.000,2894.000,0.000,,,,2,1789724686.695,,
3060.312,72.809,75.711,59.438,72.000,64.000,67.000,66.000,64.000,62.000,62.000,64.000,60.000,75.281,62.000,75.281,50.812,35.000,35.645,34.996,42.141,41.793,39.211,58.037,0.307,66.014,3132.832,2893.728,3119.000,2888.000,0.000,,,,2,1789724687.699,,
3061.317,73.102,75.801,59.688,71.000,66.000,74.000,70.000,70.000,69.000,69.000,69.000,61.000,74.000,62.000,73.984,51.125,35.000,35.645,34.996,42.133,41.797,39.207,38.839,0.250,51.633,3125.787,2877.054,3115.000,2885.000,0.000,,,,2,1789724688.703,,
3062.321,73.320,75.816,60.000,65.000,66.000,65.000,64.000,66.000,62.000,61.000,60.000,58.000,73.969,61.000,73.969,51.375,35.000,35.641,34.996,42.129,41.797,39.203,38.720,0.248,53.116,3126.249,2888.017,3110.000,2880.000,0.000,,,,2,1789724689.709,,
3063.324,72.902,75.148,60.062,57.000,56.000,57.000,56.000,55.000,55.000,56.000,55.000,57.000,59.969,55.000,59.969,51.625,35.000,35.641,34.996,42.121,41.797,39.199,12.973,0.096,36.310,3118.395,2887.832,3105.000,2875.000,0.000,,,,2,1789724690.711,,
3064.329,72.473,74.719,59.812,56.000,55.000,57.000,56.000,55.000,54.000,55.000,54.000,56.000,59.156,54.000,59.156,51.500,35.000,35.605,34.996,42.113,41.797,39.195,12.330,0.100,25.074,3112.141,2875.514,3100.000,2871.000,0.000,,,,2,1789724691.715,,
3065.332,72.008,74.254,59.500,55.000,55.000,56.000,54.000,54.000,53.000,55.000,54.000,56.000,57.641,54.000,57.641,51.500,35.000,35.605,34.996,42.109,41.801,39.195,10.672,0.081,23.207,3091.535,2876.479,3096.000,2867.000,0.000,,,,2,1789724692.720,,
3066.336,71.555,73.801,59.188,55.000,55.000,56.000,54.000,54.000,53.000,55.000,54.000,55.000,57.547,53.000,57.547,51.375,35.000,35.605,34.996,42.102,41.801,39.191,10.722,0.083,22.626,3118.827,2865.238,3092.000,2863.000,0.000,,,,2,1789724693.724,,
3067.340,71.070,73.316,58.938,54.000,54.000,55.000,54.000,53.000,53.000,54.000,53.000,55.000,55.953,53.000,55.953,51.188,35.000,35.602,34.996,42.098,41.801,39.191,8.065,0.071,22.031,3092.040,2870.493,3086.000,2858.000,0.000,,,,2,1789724694.727,,
3068.343,70.625,72.871,58.562,56.000,55.000,56.000,55.000,54.000,53.000,55.000,53.000,55.000,56.859,54.000,56.859,51.125,35.000,35.602,34.996,42.094,41.801,39.188,9.859,0.076,19.755,3092.279,2859.730,3081.000,2853.000,0.000,,,,2,1789724695.732,,
3069.347,70.184,72.430,58.312,55.000,55.000,56.000,56.000,54.000,53.000,54.000,53.000,56.000,56.531,54.000,56.531,50.938,35.000,35.602,34.996,42.086,41.801,39.184,12.032,0.086,21.596,3078.791,2875.491,3076.000,2849.000,0.000,,,,2,1789724696.735,,
3070.352,69.738,71.984,58.062,54.000,54.000,55.000,54.000,53.000,53.000,54.000,52.000,55.000,55.953,53.000,55.953,50.938,35.000,35.598,34.996,42.082,41.797,39.180,13.263,0.081,23.418,3098.587,2880.876,3070.000,2843.000,0.000,,,,2,1789724697.739,,
3071.355,69.406,71.652,57.938,57.000,55.000,58.000,56.000,55.000,54.000,55.000,54.000,56.000,59.062,55.000,59.062,50.625,35.000,35.598,34.996,42.074,41.801,39.180,17.003,0.105,25.951,3052.555,2853.904,3067.000,2840.000,0.000,,,,2,1789724698.742,,
3072.356,68.969,71.215,58.000,54.000,53.000,54.000,53.000,53.000,52.000,53.000,52.000,54.000,55.422,53.000,55.422,50.562,35.000,35.598,34.996,42.070,41.801,39.176,11.882,0.078,27.785,3071.751,2859.708,3061.000,2835.000,0.000,,,,2,1789724699.743,,
3073.360,68.574,70.820,57.750,59.000,57.000,58.000,57.000,57.000,55.000,57.000,54.000,55.000,59.000,55.000,56.344,50.438,35.000,35.598,34.996,42.062,41.797,39.172,14.722,0.092,23.865,3085.256,2832.037,3055.000,2829.000,0.000,,,,2,1789724700.747,,
3074.364,68.199,70.445,57.812,54.000,54.000,56.000,55.000,53.000,53.000,55.000,54.000,54.000,56.531,53.000,56.531,50.312,35.000,35.566,34.996,42.059,41.801,39.172,15.058,0.088,25.999,3072.197,2831.680,3052.000,2826.000,0.000,,,,2,1789724701.750,,
3075.368,67.809,70.055,57.562,54.000,53.000,55.000,53.000,53.000,52.000,53.000,52.000,54.000,55.688,52.000,55.688,50.250,35.000,35.566,34.996,42.055,41.801,39.168,11.582,0.080,26.779,3059.871,2843.175,3046.000,2821.000,0.000,,,,2,1789724702.755,,
3076.373,67.402,69.648,57.438,54.000,53.000,54.000,53.000,53.000,51.000,53.000,52.000,53.000,54.875,52.000,54.875,50.188,35.000,35.566,34.996,42.047,41.801,39.168,8.994,0.073,23.270,3059.533,2799.792,3042.000,2817.000,0.000,,,,2,1789724703.760,,
3077.375,67.039,69.285,57.188,56.000,55.000,58.000,56.000,53.000,58.000,54.000,52.000,53.000,58.000,54.000,55.797,50.125,35.000,35.566,34.996,42.043,41.797,39.160,10.300,0.072,21.288,3051.856,2842.704,3035.000,2811.000,0.000,,,,2,1789724704.764,,
3078.379,66.633,68.879,56.938,53.000,52.000,54.000,52.000,52.000,51.000,52.000,51.000,53.000,54.062,52.000,54.062,50.000,35.000,35.562,34.996,42.039,41.797,39.160,8.567,0.069,21.730,3038.975,2828.432,3031.000,2807.000,0.000,,,,2,1789724705.767,,
3079.381,66.250,68.496,56.688,53.000,52.000,54.000,52.000,51.000,51.000,53.000,51.000,53.000,54.297,51.000,54.297,49.812,35.000,35.562,34.996,42.031,41.797,39.156,8.775,0.068,20.004,3033.393,2826.833,3026.000,2802.000,0.000,,,,2,1789724706.770,,
3080.383,65.859,68.105,56.562,52.000,52.000,54.000,52.000,52.000,51.000,52.000,51.000,54.000,54.000,51.000,53.766,49.688,35.000,35.562,34.996,42.027,41.793,39.152,7.544,0.063,20.113,3033.750,2799.770,3019.000,2796.000,0.000,,,,2,1789724707.769,,
3081.388,65.551,67.797,56.438,54.000,54.000,55.000,54.000,53.000,52.000,53.000,52.000,53.000,56.047,52.000,56.047,49.562,35.000,35.562,34.996,42.020,41.789,39.148,12.767,0.088,19.648,3008.348,2804.394,3014.000,2791.000,0.000,,,,2,1789724708.776,,
3082.388,65.238,67.484,56.312,53.000,53.000,54.000,53.000,52.000,51.000,52.000,51.000,53.000,55.547,52.000,55.547,49.562,35.000,35.559,34.996,42.016,41.785,39.145,9.541,0.074,23.748,3008.600,2783.706,3007.000,2785.000,0.000,,,,2,1789724709.775,,
3083.390,64.879,67.125,56.062,52.000,52.000,53.000,52.000,51.000,50.000,52.000,51.000,53.000,53.641,51.000,53.641,49.438,35.000,35.559,34.996,42.008,41.777,39.141,8.659,0.068,20.821,2995.357,2794.467,3000.000,2778.000,0.000,,,,2,1789724710.778,,
3084.391,64.527,66.773,56.000,52.000,53.000,53.000,52.000,51.000,51.000,52.000,51.000,53.000,53.703,51.000,53.703,49.312,35.000,35.531,34.996,42.004,41.773,39.137,9.237,0.069,20.126,2996.280,2788.903,2993.000,2772.000,0.000,,,,2,1789724711.778,,
3085.391,64.176,66.422,55.750,52.000,52.000,53.000,52.000,51.000,50.000,51.000,51.000,52.000,53.250,51.000,53.250,49.125,35.000,35.531,34.996,41.996,41.766,39.133,8.626,0.068,20.370,2996.354,2767.698,2986.000,2765.000,0.000,,,,2,1789724712.778,,
3086.391,63.828,66.074,55.625,52.000,52.000,53.000,52.000,51.000,50.000,51.000,50.000,51.000,53.000,50.000,53.000,49.062,35.000,35.531,34.996,41.988,41.762,39.129,8.639,0.067,20.192,2996.579,2762.516,2979.000,2759.000,0.000,,,,2,1789724713.778,,
3087.391,63.469,65.715,55.375,52.000,51.000,52.000,51.000,51.000,50.000,51.000,50.000,52.000,52.328,50.000,52.328,48.938,35.000,35.527,34.996,41.984,41.754,39.125,7.384,0.063,20.130,2989.835,2763.237,2972.000,2752.000,0.000,,,,2,1789724714.778,,
3088.391,63.137,65.383,55.125,54.000,53.000,53.000,52.000,52.000,50.000,51.000,50.000,51.000,54.000,51.000,52.844,48.875,35.000,35.527,34.996,41.977,41.746,39.117,8.599,0.069,18.926,2977.667,2748.113,2964.000,2745.000,0.000,,,,2,1789724715.778,,
3089.396,62.816,65.062,55.062,52.000,52.000,53.000,52.000,51.000,49.000,51.000,51.000,51.000,53.000,51.000,52.938,48.750,35.000,35.527,34.996,41.969,41.738,39.113,8.710,0.072,19.995,2971.376,2757.480,2957.000,2738.000,0.000,,,,2,1789724716.783,,
3090.399,62.602,64.848,54.875,60.000,56.000,56.000,54.000,53.000,52.000,61.000,52.000,53.000,61.000,53.000,55.906,48.688,35.000,35.527,34.996,41.961,41.730,39.105,12.262,0.098,20.973,2971.547,2741.771,2949.000,2731.000,0.000,,,,2,1789724717.787,,
3091.403,62.285,64.531,54.812,51.000,51.000,52.000,52.000,51.000,50.000,51.000,50.000,51.000,52.500,51.000,52.500,48.688,35.000,35.527,34.996,41.957,41.719,39.102,9.028,0.076,23.681,2952.974,2738.288,2940.000,2723.000,0.000,,,,2,1789724718.792,,
3092.405,61.965,64.211,54.688,51.000,51.000,52.000,51.000,51.000,50.000,50.000,50.000,52.000,52.047,50.000,52.047,48.438,35.000,35.527,34.996,41.949,41.711,39.094,7.258,0.066,20.084,2941.681,2736.893,2933.000,2716.000,0.000,,,,2,1789724719.792,,
3093.407,61.660,63.906,54.562,51.000,51.000,52.000,52.000,52.000,50.000,50.000,50.000,51.000,52.172,50.000,52.172,48.438,35.000,35.527,34.996,41.941,41.699,39.086,8.380,0.067,18.638,2930.236,2707.235,2924.000,2708.000,0.000,,,,2,1789724720.795,,
3094.410,61.398,63.645,54.500,52.000,51.000,53.000,53.000,51.000,51.000,51.000,50.000,51.000,53.281,51.000,53.281,48.312,35.000,35.500,34.996,41.934,41.691,39.082,10.437,0.077,19.957,2948.282,2716.735,2917.000,2701.000,0.000,,,,2,1789724721.797,,
3095.415,61.113,63.359,54.188,50.000,50.000,52.000,51.000,51.000,49.000,51.000,49.000,52.000,52.359,50.000,52.359,48.125,35.000,35.500,34.996,41.926,41.680,39.074,8.588,0.068,21.914,2941.729,2716.612,2908.000,2693.000,0.000,,,,2,1789724722.803,,
3096.419,60.859,63.105,54.188,51.000,50.000,53.000,51.000,51.000,50.000,51.000,50.000,51.000,53.000,50.000,52.953,48.188,35.000,35.500,34.996,41.918,41.668,39.066,8.527,0.069,20.031,2912.598,2707.622,2899.000,2685.000,0.000,,,,2,1789724723.805,,
3097.424,60.586,62.832,53.938,51.000,51.000,52.000,51.000,51.000,49.000,50.000,50.000,51.000,52.125,50.000,52.125,48.188,35.000,35.500,34.996,41.910,41.656,39.059,8.324,0.066,19.692,2912.975,2697.781,2891.000,2677.000,0.000,,,,2,1789724724.810,,
3098.426,60.324,62.570,53.750,51.000,51.000,52.000,52.000,51.000,49.000,50.000,50.000,51.000,52.250,50.000,52.250,48.000,35.000,35.500,34.996,41.902,41.645,39.055,9.155,0.067,19.774,2883.760,2686.828,2881.000,2668.000,0.000,,,,2,1789724725.816,,
3099.431,60.074,62.207,53.750,51.000,50.000,52.000,51.000,50.000,49.000,50.000,49.000,51.000,52.219,49.000,52.219,47.875,35.000,35.500,34.996,41.895,41.633,39.043,8.971,0.072,20.758,2900.676,2657.670,2872.000,2660.000,0.000,,,,2,1789724726.821,,
3100.432,59.938,62.070,53.562,52.000,51.000,54.000,52.000,51.000,50.000,51.000,50.000,51.000,55.734,51.000,55.734,47.875,35.000,35.500,34.996,41.887,41.621,39.039,10.965,0.087,20.884,2872.027,2662.702,2864.000,2652.000,0.000,,,,2,1789724727.820,,
3101.436,59.695,61.828,53.438,50.000,50.000,52.000,51.000,50.000,49.000,50.000,50.000,51.000,52.219,50.000,52.219,47.875,35.000,35.496,34.996,41.879,41.605,39.027,8.180,0.071,22.208,2860.458,2672.051,2853.000,2642.000,0.000,,,,2,1789724728.823,,
3102.440,59.465,61.598,53.625,50.000,50.000,52.000,50.000,50.000,49.000,50.000,49.000,51.000,52.297,49.000,52.297,47.875,35.000,35.496,34.996,41.871,41.598,39.020,11.111,0.089,19.881,2855.489,2643.152,2845.000,2635.000,0.000,,,,2,1789724729.827,,
3103.441,59.266,61.398,53.438,51.000,51.000,52.000,51.000,50.000,49.000,50.000,50.000,51.000,53.141,50.000,53.141,47.688,35.000,35.496,34.996,41.863,41.582,39.008,10.200,0.080,22.740,2843.804,2629.599,2836.000,2626.000,0.000,,,,2,1789724730.829,,
3104.446,59.035,61.168,53.312,50.000,49.000,51.000,51.000,50.000,49.000,50.000,49.000,50.000,51.875,49.000,51.875,47.625,35.000,35.473,34.996,41.852,41.570,39.000,8.679,0.070,21.213,2838.646,2629.830,2827.000,2618.000,0.000,,,,2,1789724731.834,,
3105.449,58.812,60.945,53.125,51.000,50.000,52.000,51.000,50.000,49.000,50.000,50.000,51.000,52.000,50.000,51.906,47.625,35.000,35.473,34.996,41.844,41.555,38.992,8.569,0.069,20.058,2837.998,2634.121,2816.000,2608.000,0.000,,,,2,1789724732.839,,
3106.453,58.594,60.727,53.000,51.000,49.000,51.000,50.000,50.000,49.000,50.000,49.000,50.000,51.766,49.000,51.766,47.625,35.000,35.473,34.996,41.836,41.543,38.980,8.121,0.068,20.105,2816.417,2606.165,2808.000,2600.000,0.000,,,,2,1789724733.841,,
3107.456,58.379,60.512,52.938,51.000,49.000,51.000,50.000,50.000,49.000,50.000,49.000,50.000,51.766,49.000,51.766,47.438,35.000,35.473,34.996,41.824,41.527,38.969,9.246,0.071,19.601,2827.432,2619.992,2797.000,2590.000,0.000,,,,2,1789724734.844,,
3108.460,58.332,60.250,52.875,62.000,54.000,56.000,59.000,52.000,52.000,52.000,51.000,52.000,62.000,53.000,56.812,47.500,35.000,35.473,34.996,41.816,41.512,38.961,12.685,0.093,21.533,2805.289,2592.595,2787.000,2581.000,0.000,,,,2,1789724735.848,,
3109.465,58.152,60.070,53.000,51.000,50.000,52.000,51.000,51.000,50.000,51.000,50.000,51.000,52.656,50.000,52.656,47.500,35.000,35.473,34.996,41.809,41.500,38.949,12.827,0.095,23.983,2784.460,2582.923,2778.000,2573.000,0.000,,,,2,1789724736.855,,
3110.469,57.969,59.887,52.875,51.000,50.000,52.000,51.000,50.000,49.000,50.000,49.000,50.000,52.297,50.000,52.297,47.375,35.000,35.473,34.996,41.797,41.488,38.941,9.455,0.073,23.988,2768.145,2592.166,2769.000,2564.000,0.000,,,,2,1789724737.859,,
3111.473,57.816,59.734,52.750,51.000,51.000,52.000,52.000,51.000,49.000,50.000,50.000,50.000,53.016,50.000,53.016,47.312,35.000,35.473,34.996,41.789,41.473,38.930,9.423,0.076,21.247,2773.690,2564.614,2759.000,2555.000,0.000,,,,2,1789724738.860,,
3112.474,57.621,59.539,52.750,50.000,49.000,51.000,51.000,50.000,49.000,50.000,49.000,51.000,51.562,49.000,51.562,47.188,35.000,35.469,34.996,41.777,41.457,38.918,8.669,0.072,20.306,2768.677,2565.034,2748.000,2545.000,0.000,,,,2,1789724739.861,,
3113.476,57.426,59.344,52.625,50.000,50.000,51.000,50.000,49.000,49.000,50.000,49.000,50.000,51.406,49.000,51.406,47.188,35.000,35.469,34.996,41.770,41.445,38.910,7.725,0.069,20.156,2763.406,2547.464,2739.000,2537.000,0.000,,,,2,1789724740.863,,
3114.478,57.250,59.070,52.500,54.000,53.000,54.000,52.000,50.000,50.000,50.000,50.000,50.000,54.000,50.000,51.844,47.250,35.000,35.445,34.996,41.758,41.430,38.898,8.426,0.069,19.015,2747.714,2547.122,2729.000,2527.000,0.000,,,,2,1789724741.867,,
3115.482,57.062,58.883,52.500,50.000,49.000,50.000,50.000,50.000,48.000,50.000,49.000,50.000,51.156,49.000,51.156,47.125,35.000,35.445,34.996,41.750,41.414,38.887,10.038,0.080,20.016,2726.694,2520.902,2719.000,2518.000,0.000,,,,2,1789724742.869,,
3116.485,56.879,58.699,52.375,50.000,49.000,51.000,51.000,50.000,48.000,49.000,49.000,50.000,51.203,49.000,51.203,47.062,35.000,35.445,34.996,41.738,41.402,38.879,8.133,0.067,21.286,2726.922,2525.695,2709.000,2509.000,0.000,,,,2,1789724743.875,,
3117.490,56.688,58.508,52.250,50.000,49.000,50.000,50.000,48.000,48.000,50.000,49.000,50.000,50.828,49.000,50.828,47.062,35.000,35.445,34.996,41.727,41.387,38.867,8.110,0.067,19.656,2732.137,2516.497,2700.000,2500.000,0.000,,,,2,1789724744.877,,
3118.493,56.496,58.316,52.312,50.000,50.000,51.000,50.000,49.000,48.000,50.000,49.000,50.000,51.000,49.000,50.469,47.000,35.000,35.445,34.996,41.719,41.371,38.855,7.668,0.064,19.425,2711.823,2507.470,2689.000,2490.000,0.000,,,,2,1789724745.879,,
3119.497,56.332,58.152,52.125,51.000,57.000,52.000,51.000,50.000,49.000,50.000,49.000,50.000,57.000,51.000,51.281,47.000,35.000,35.445,34.996,41.707,41.355,38.844,8.375,0.065,18.906,2686.748,2478.264,2678.000,2480.000,0.000,,,,2,1789724746.885,,
3120.500,56.172,57.992,52.062,50.000,49.000,50.000,49.000,49.000,48.000,49.000,49.000,50.000,51.172,49.000,51.172,46.812,35.000,35.445,34.996,41.699,41.344,38.832,11.287,0.087,20.217,2676.998,2499.427,2669.000,2472.000,0.000,,,,2,1789724747.887,,
3121.500,56.027,57.848,52.000,50.000,49.000,51.000,49.000,50.000,48.000,50.000,49.000,50.000,51.625,48.000,51.625,46.750,35.000,35.445,34.996,41.688,41.328,38.820,10.366,0.075,22.617,2676.600,2457.623,2658.000,2462.000,0.000,,,,2,1789724748.887,,
3122.504,55.875,57.695,52.000,50.000,49.000,50.000,50.000,49.000,48.000,50.000,49.000,50.000,51.078,49.000,51.078,46.750,35.000,35.445,34.996,41.676,41.312,38.812,8.915,0.070,21.577,2666.568,2456.868,2649.000,2453.000,0.000,,,,2,1789724749.891,,
3123.505,55.730,57.551,51.750,50.000,49.000,51.000,49.000,50.000,48.000,49.000,48.000,50.000,51.312,48.000,51.312,46.750,35.000,35.445,34.996,41.664,41.301,38.801,8.329,0.069,20.217,2652.461,2457.438,2639.000,2444.000,0.000,,,,2,1789724750.892,,
3124.507,55.586,57.316,51.875,50.000,49.000,50.000,50.000,49.000,48.000,49.000,49.000,50.000,51.094,49.000,51.094,46.750,35.000,35.422,34.996,41.652,41.281,38.789,8.753,0.068,19.619,2651.738,2448.880,2627.000,2433.000,0.000,,,,2,1789724751.893,,
3125.511,55.480,57.211,51.875,50.000,49.000,51.000,50.000,50.000,49.000,50.000,49.000,50.000,52.219,49.000,52.219,46.688,35.000,35.422,34.996,41.645,41.270,38.777,11.988,0.088,20.852,2623.257,2420.070,2619.000,2425.000,0.000,,,,2,1789724752.898,,
3126.515,55.324,57.055,51.750,50.000,49.000,50.000,49.000,49.000,48.000,49.000,49.000,50.000,50.453,49.000,50.453,46.750,35.000,35.422,34.996,41.633,41.254,38.766,7.955,0.065,23.164,2628.102,2429.609,2608.000,2415.000,0.000,,,,2,1789724753.902,,
3127.518,55.172,56.902,51.688,49.000,49.000,50.000,49.000,50.000,48.000,49.000,49.000,50.000,50.469,48.000,50.469,46.625,35.000,35.422,34.996,41.621,41.238,38.754,8.459,0.069,19.340,2608.923,2413.160,2597.000,2405.000,0.000,,,,2,1789724754.905,,
3128.522,55.023,56.754,51.438,50.000,49.000,50.000,49.000,49.000,48.000,49.000,49.000,50.000,50.453,48.000,50.453,46.688,35.000,35.418,34.996,41.613,41.223,38.742,8.588,0.069,19.813,2595.717,2425.092,2587.000,2396.000,0.000,,,,2,1789724755.911,,
3129.523,54.926,56.656,51.562,50.000,49.000,51.000,50.000,49.000,48.000,49.000,49.000,50.000,51.906,49.000,51.906,46.562,35.000,35.418,34.996,41.602,41.211,38.730,9.067,0.075,20.080,2586.430,2401.521,2577.000,2387.000,0.000,,,,2,1789724756.912,,
3130.523,54.789,56.520,51.375,49.000,49.000,51.000,49.000,50.000,48.000,49.000,48.000,49.000,51.000,48.000,50.547,46.438,35.000,35.418,34.996,41.590,41.195,38.719,7.903,0.064,20.166,2591.326,2405.099,2567.000,2377.000,0.000,,,,2,1789724757.910,,
3131.527,54.656,56.387,51.438,49.000,49.000,51.000,49.000,49.000,48.000,49.000,49.000,49.000,51.000,48.000,50.516,46.375,35.000,35.418,34.996,41.578,41.180,38.707,7.629,0.068,19.206,2577.061,2374.279,2557.000,2368.000,0.000,,,,2,1789724758.914,,
3132.532,54.527,56.258,51.438,49.000,49.000,51.000,49.000,49.000,48.000,48.000,49.000,49.000,51.000,48.000,50.547,46.438,35.000,35.418,34.996,41.566,41.164,38.695,8.231,0.067,18.848,2549.918,2373.903,2546.000,2358.000,0.000,,,,2,1789724759.919,,
3133.532,54.445,56.176,51.312,52.000,50.000,52.000,52.000,50.000,49.000,50.000,50.000,51.000,52.000,49.000,51.906,46.312,35.000,35.418,34.996,41.555,41.148,38.684,14.455,0.089,20.308,2540.830,2354.819,2535.000,2348.000,0.000,,,,2,1789724760.919,,
3134.534,54.391,56.035,51.375,51.000,53.000,52.000,52.000,51.000,50.000,50.000,50.000,52.000,53.000,50.000,52.688,46.438,35.000,35.398,34.996,41.543,41.137,38.672,16.101,0.099,26.286,2536.176,2363.523,2527.000,2340.000,0.000,,,,2,1789724761.924,,
3135.539,54.734,56.523,51.375,57.000,59.000,58.000,58.000,53.000,53.000,52.000,51.000,53.000,59.000,55.000,57.828,46.375,35.000,35.398,34.996,41.531,41.125,38.660,17.698,0.119,28.188,2532.144,2332.210,2517.000,2331.000,0.000,,,,2,1789724762.925,,
3136.543,60.348,63.641,52.375,68.000,63.000,73.000,68.000,71.000,67.000,67.000,68.000,58.000,77.188,60.000,77.188,46.562,35.000,35.398,34.996,41.523,41.113,38.648,76.466,0.245,77.114,2514.476,2339.531,2507.000,2322.000,0.000,,,,2,1789724763.930,,
3137.547,65.023,69.391,53.438,73.000,67.000,82.000,71.000,74.000,69.000,71.000,73.000,60.000,82.000,63.000,79.062,46.938,35.000,35.398,34.996,41.512,41.102,38.637,58.458,0.287,70.894,2510.215,2328.756,2499.000,2314.000,0.000,,,,2,1789724764.934,,
3138.550,67.273,71.879,54.688,72.000,67.000,76.000,70.000,72.000,72.000,74.000,73.000,60.000,76.000,62.000,74.016,47.438,35.000,35.398,34.996,41.500,41.090,38.625,60.634,0.283,71.973,2505.655,2328.710,2489.000,2305.000,0.000,,,,2,1789724765.937,,
3139.555,70.508,75.625,55.812,71.000,66.000,74.000,70.000,72.000,69.000,68.000,69.000,60.000,80.219,62.000,80.219,47.938,35.000,35.398,34.996,41.492,41.082,38.617,75.161,0.227,85.677,2497.000,2302.895,2480.000,2297.000,0.000,,,,2,1789724766.943,,
3140.556,70.352,74.957,56.250,66.000,65.000,69.000,64.000,60.000,59.000,61.000,57.000,59.000,69.000,59.000,65.625,48.500,35.000,35.398,34.996,41.480,41.074,38.605,29.312,0.217,46.813,2484.232,2325.161,2473.000,2290.000,0.000,,,,2,1789724767.943,,
3141.558,70.078,74.223,56.250,56.000,56.000,60.000,56.000,55.000,54.000,56.000,54.000,56.000,61.578,54.000,61.578,48.875,35.000,35.398,34.996,41.469,41.070,38.598,26.164,0.181,37.771,2458.932,2284.728,2465.000,2283.000,0.000,,,,2,1789724768.945,,
3142.561,69.656,73.387,56.125,54.000,54.000,56.000,55.000,56.000,52.000,55.000,53.000,56.000,56.516,54.000,56.516,49.188,35.000,35.398,34.996,41.461,41.066,38.586,14.249,0.076,33.209,2479.834,2281.571,2459.000,2277.000,0.000,,,,2,1789724769.948,,
3143.565,69.270,73.000,56.000,54.000,54.000,56.000,55.000,54.000,52.000,54.000,53.000,55.000,57.344,53.000,57.344,49.312,35.000,35.398,34.996,41.449,41.062,38.578,17.633,0.109,26.750,2471.797,2281.441,2451.000,2270.000,0.000,,,,2,1789724770.952,,
3144.567,68.816,72.547,55.750,54.000,53.000,54.000,53.000,53.000,51.000,53.000,53.000,54.000,54.719,52.000,54.719,49.188,35.000,35.379,34.996,41.441,41.062,38.570,11.184,0.079,28.368,2454.322,2267.245,2446.000,2265.000,0.000,,,,2,1789724771.956,,
3145.567,68.414,72.145,55.688,55.000,58.000,55.000,54.000,54.000,53.000,54.000,53.000,55.000,58.000,54.000,55.906,49.188,35.000,35.379,34.996,41.434,41.059,38.559,14.399,0.092,23.356,2438.364,2267.474,2438.000,2258.000,0.000,,,,2,1789724772.955,,
3146.573,68.062,71.793,55.438,56.000,55.000,55.000,55.000,54.000,53.000,54.000,53.000,55.000,57.172,54.000,57.172,49.188,35.000,35.379,34.996,41.426,41.059,38.551,16.221,0.117,27.010,2459.167,2267.288,2433.000,2253.000,0.000,,,,2,1789724773.959,,
3147.574,67.797,71.527,55.438,56.000,55.000,56.000,56.000,54.000,54.000,55.000,54.000,55.000,59.594,54.000,59.594,49.125,35.000,35.379,34.996,41.418,41.059,38.547,21.152,0.135,28.351,2438.066,2263.667,2426.000,2247.000,0.000,,,,2,1789724774.961,,
3148.579,67.441,71.172,55.438,57.000,54.000,55.000,57.000,54.000,53.000,54.000,52.000,55.000,57.000,54.000,56.375,49.062,35.000,35.379,34.996,41.410,41.062,38.539,12.104,0.087,31.597,2421.421,2263.297,2422.000,2243.000,0.000,,,,2,1789724775.965,,
3149.582,67.207,70.938,55.438,55.000,55.000,56.000,55.000,54.000,54.000,57.000,54.000,54.000,60.047,54.000,60.047,49.125,35.000,35.379,34.996,41.402,41.062,38.535,23.783,0.162,28.023,2429.937,2229.088,2415.000,2237.000,0.000,,,,2,1789724776.969,,
3150.587,67.008,70.738,55.625,61.000,56.000,58.000,58.000,56.000,56.000,56.000,55.000,56.000,61.000,55.000,60.781,49.250,35.000,35.379,34.996,41.395,41.062,38.531,21.040,0.144,33.797,2417.860,2246.420,2410.000,2232.000,0.000,,,,2,1789724777.974,,
3151.589,66.793,70.523,55.625,61.000,57.000,61.000,60.000,65.000,57.000,58.000,55.000,56.000,65.000,55.000,60.078,49.125,35.000,35.379,34.996,41.387,41.066,38.527,20.309,0.133,31.948,2417.730,2229.862,2406.000,2228.000,0.000,,,,2,1789724778.978,,
3152.593,66.469,70.199,55.750,54.000,53.000,55.000,54.000,53.000,52.000,54.000,52.000,54.000,56.453,52.000,56.453,49.000,35.000,35.379,34.996,41.379,41.066,38.523,12.825,0.090,29.680,2405.436,2229.530,2399.000,2222.000,0.000,,,,2,1789724779.982,,
3153.598,66.078,69.809,55.500,53.000,53.000,54.000,53.000,52.000,51.000,52.000,51.000,53.000,54.000,51.000,53.984,49.125,35.000,35.379,34.996,41.375,41.066,38.516,7.464,0.061,23.839,2389.423,2230.124,2394.000,2217.000,0.000,,,,2,1789724780.985,,
3154.600,65.695,69.426,55.375,53.000,53.000,54.000,53.000,53.000,51.000,52.000,51.000,53.000,54.000,51.000,53.844,49.062,35.000,35.359,34.996,41.367,41.070,38.516,9.067,0.067,19.178,2397.682,2229.875,2388.000,2212.000,0.000,,,,2,1789724781.987,,
3155.603,65.453,69.184,55.375,60.000,58.000,60.000,58.000,54.000,54.000,54.000,53.000,54.000,60.000,56.000,57.938,48.938,35.000,35.359,34.996,41.359,41.070,38.512,15.689,0.138,23.118,2381.913,2202.643,2383.000,2207.000,0.000,,,,2,1789724782.989,,
3156.606,65.254,68.984,55.438,56.000,55.000,58.000,56.000,54.000,53.000,55.000,54.000,54.000,59.141,54.000,59.141,49.000,35.000,35.359,34.996,41.355,41.074,38.512,23.840,0.216,28.479,2381.141,2202.468,2379.000,2203.000,0.000,,,,2,1789724783.994,,
3157.607,64.918,68.648,55.375,54.000,53.000,54.000,53.000,52.000,51.000,53.000,52.000,53.000,54.469,52.000,54.469,49.062,35.000,35.359,34.996,41.348,41.074,38.508,9.926,0.076,31.919,2377.948,2218.538,2372.000,2197.000,0.000,,,,2,1789724784.995,,
3158.607,64.695,68.426,55.250,59.000,56.000,58.000,59.000,55.000,55.000,64.000,53.000,55.000,64.000,55.000,57.781,48.938,35.000,35.359,34.996,41.344,41.078,38.508,12.347,0.094,22.919,2385.828,2192.462,2368.000,2193.000,0.000,,,,2,1789724785.994,,
3159.609,64.410,68.141,55.312,54.000,52.000,54.000,53.000,53.000,52.000,53.000,52.000,53.000,55.516,52.000,55.516,49.000,35.000,35.355,34.996,41.340,41.078,38.508,14.100,0.096,23.714,2377.933,2192.648,2363.000,2188.000,0.000,,,,2,1789724786.998,,
3160.612,64.109,67.840,55.062,56.000,56.000,57.000,58.000,54.000,55.000,53.000,53.000,53.000,58.000,54.000,54.812,48.812,35.000,35.355,34.996,41.332,41.082,38.508,10.595,0.074,24.764,2366.319,2192.635,2357.000,2183.000,0.000,,,,2,1789724788.000,,
3161.616,63.777,67.508,54.875,53.000,53.000,54.000,53.000,52.000,51.000,53.000,51.000,53.000,54.000,52.000,53.500,48.688,35.000,35.355,34.996,41.328,41.078,38.504,9.220,0.068,22.131,2358.398,2182.109,2351.000,2177.000,0.000,,,,2,1789724789.003,,
3162.620,63.488,67.219,54.875,53.000,52.000,54.000,53.000,53.000,51.000,53.000,52.000,53.000,54.531,52.000,54.531,48.625,35.000,35.355,34.996,41.320,41.078,38.500,10.104,0.072,20.841,2350.744,2186.828,2345.000,2172.000,0.000,,,,2,1789724790.006,,
3163.623,63.246,66.977,54.688,53.000,52.000,54.000,53.000,52.000,51.000,53.000,51.000,52.000,55.750,52.000,55.750,48.688,35.000,35.355,34.996,41.316,41.078,38.500,12.303,0.090,22.187,2346.867,2160.073,2339.000,2166.000,0.000,,,,2,1789724791.009,,
3164.626,62.977,66.707,54.688,53.000,57.000,53.000,54.000,54.000,52.000,59.000,51.000,53.000,59.000,53.000,54.625,48.562,35.000,35.336,34.996,41.312,41.078,38.500,9.574,0.065,23.301,2344.025,2173.441,2333.000,2161.000,0.000,,,,2,1789724792.013,,
3165.631,62.723,66.453,54.625,56.000,54.000,60.000,54.000,55.000,55.000,54.000,54.000,52.000,60.000,53.000,54.797,48.500,35.000,35.336,34.996,41.305,41.078,38.500,12.253,0.094,21.669,2343.247,2163.943,2328.000,2156.000,0.000,,,,2,1789724793.021,,
3166.633,62.441,66.172,54.500,52.000,51.000,52.000,52.000,51.000,50.000,52.000,51.000,52.000,53.797,51.000,53.797,48.500,35.000,35.336,34.996,41.301,41.078,38.496,12.489,0.093,23.617,2328.545,2153.728,2322.000,2150.000,0.000,,,,2,1789724794.020,,
3167.636,62.180,65.910,54.562,53.000,51.000,53.000,52.000,51.000,50.000,51.000,51.000,52.000,54.062,51.000,54.062,48.375,35.000,35.336,34.996,41.297,41.074,38.496,9.702,0.076,23.506,2331.727,2155.082,2315.000,2144.000,0.000,,,,2,1789724795.025,,
3168.640,61.875,65.605,54.250,51.000,51.000,52.000,52.000,51.000,50.000,51.000,50.000,52.000,52.359,51.000,52.359,48.438,35.000,35.336,34.996,41.289,41.078,38.496,7.629,0.066,20.842,2309.869,2132.095,2311.000,2140.000,0.000,,,,2,1789724796.028,,
3169.644,61.688,65.418,54.188,53.000,52.000,54.000,52.000,51.000,51.000,52.000,51.000,52.000,55.906,51.000,55.906,48.312,35.000,35.336,34.996,41.285,41.074,38.492,9.376,0.075,18.914,2309.750,2135.472,2304.000,2134.000,0.000,,,,2,1789724797.031,,
3170.647,61.410,65.141,53.938,53.000,51.000,60.000,53.000,51.000,50.000,51.000,50.000,52.000,60.000,52.000,52.781,48.125,35.000,35.336,34.996,41.281,41.074,38.496,7.629,0.064,20.534,2309.839,2135.244,2298.000,2128.000,0.000,,,,2,1789724798.034,,
3171.651,61.191,64.922,54.000,53.000,51.000,53.000,52.000,51.000,50.000,51.000,51.000,52.000,54.469,51.000,54.469,48.062,35.000,35.336,34.996,41.273,41.070,38.492,15.640,0.110,20.236,2306.214,2140.475,2291.000,2122.000,0.000,,,,2,1789724799.041,,
3172.656,60.910,64.641,53.875,52.000,50.000,52.000,52.000,51.000,50.000,51.000,50.000,52.000,52.188,50.000,52.188,48.188,35.000,35.336,34.996,41.270,41.070,38.492,8.032,0.067,25.694,2291.315,2123.130,2286.000,2117.000,0.000,,,,2,1789724800.044,,
3173.656,60.641,64.371,53.812,52.000,56.000,53.000,52.000,51.000,50.000,51.000,50.000,52.000,56.000,51.000,52.250,48.062,35.000,35.336,34.996,41.266,41.070,38.492,7.587,0.063,19.286,2284.278,2114.066,2279.000,2111.000,0.000,,,,2,1789724801.044,,
3174.656,60.371,64.102,53.562,51.000,51.000,52.000,51.000,50.000,49.000,51.000,49.000,51.000,52.016,50.000,52.016,48.000,35.000,35.320,34.996,41.262,41.066,38.492,7.709,0.067,18.724,2283.989,2116.775,2273.000,2105.000,0.000,,,,2,1789724802.044,,
3175.661,60.199,63.930,53.562,56.000,53.000,56.000,55.000,52.000,51.000,52.000,50.000,52.000,56.000,53.000,54.844,47.875,35.000,35.320,34.996,41.258,41.062,38.488,10.671,0.079,19.027,2280.776,2110.669,2266.000,2099.000,0.000,,,,2,1789724803.050,,
3176.666,59.949,63.680,53.562,51.000,50.000,52.000,51.000,50.000,49.000,51.000,50.000,51.000,52.234,50.000,52.234,47.812,35.000,35.320,34.996,41.250,41.059,38.488,8.943,0.072,22.101,2263.197,2111.028,2260.000,2093.000,0.000,,,,2,1789724804.055,,
3177.669,59.691,63.422,53.438,51.000,49.000,51.000,51.000,50.000,49.000,51.000,49.000,51.000,51.703,49.000,51.703,47.875,35.000,35.320,34.996,41.246,41.059,38.488,7.407,0.065,19.980,2252.097,2098.293,2253.000,2087.000,0.000,,,,2,1789724805.057,,
3178.670,59.449,63.180,53.250,51.000,50.000,52.000,50.000,50.000,49.000,50.000,50.000,51.000,52.000,50.000,51.938,47.875,35.000,35.320,34.996,41.242,41.055,38.484,7.947,0.065,18.626,2241.831,2092.889,2247.000,2081.000,0.000,,,,2,1789724806.059,,
3179.673,59.199,62.930,53.000,52.000,49.000,52.000,50.000,50.000,49.000,50.000,50.000,51.000,52.000,49.000,51.484,47.750,35.000,35.320,34.996,41.234,41.051,38.484,7.278,0.065,19.137,2241.496,2078.030,2241.000,2075.000,0.000,,,,2,1789724807.061,,
3180.674,58.984,62.715,52.938,52.000,50.000,52.000,51.000,50.000,49.000,50.000,50.000,51.000,52.312,50.000,52.312,47.562,35.000,35.320,34.996,41.230,41.047,38.480,8.374,0.070,18.511,2238.569,2077.287,2234.000,2069.000,0.000,,,,2,1789724808.062,,
3181.678,58.770,62.500,52.875,51.000,49.000,51.000,50.000,50.000,49.000,50.000,49.000,51.000,52.094,50.000,52.094,47.500,35.000,35.320,34.996,41.227,41.043,38.480,8.783,0.075,19.607,2221.619,2070.941,2226.000,2062.000,0.000,,,,2,1789724809.066,,
3182.682,58.758,62.113,52.750,59.000,56.000,59.000,59.000,56.000,58.000,54.000,64.000,53.000,64.000,56.000,58.453,47.625,35.000,35.320,34.996,41.219,41.039,38.480,13.261,0.109,20.499,2238.500,2054.513,2220.000,2056.000,0.000,,,,2,1789724810.070,,
3183.687,58.723,61.742,52.938,53.000,53.000,54.000,54.000,53.000,52.000,53.000,51.000,52.000,57.562,51.000,57.562,47.562,35.000,35.320,34.996,41.215,41.035,38.477,20.316,0.169,28.102,2221.399,2054.537,2214.000,2050.000,0.000,,,,2,1789724811.073,,
3184.690,58.691,61.410,52.938,53.000,52.000,54.000,53.000,53.000,51.000,52.000,52.000,52.000,57.719,51.000,57.719,47.562,35.000,35.305,34.996,41.207,41.031,38.473,12.830,0.092,27.969,2214.758,2045.710,2206.000,2043.000,0.000,,,,2,1789724812.077,,
3185.690,58.613,61.059,52.938,53.000,52.000,53.000,53.000,51.000,51.000,52.000,50.000,52.000,56.266,52.000,56.266,47.625,35.000,35.305,34.996,41.203,41.023,38.469,13.326,0.098,24.614,2190.674,2051.165,2198.000,2036.000,0.000,,,,2,1789724813.076,,
3186.693,62.438,65.789,53.000,76.000,70.000,86.000,76.000,78.000,75.000,75.000,76.000,59.000,86.000,63.000,73.922,47.562,35.000,35.305,34.996,41.199,41.020,38.469,41.573,0.185,41.765,2217.773,2045.873,2192.000,2030.000,0.000,,,,2,1789724814.079,,
3187.693,64.109,67.625,54.125,63.000,59.000,65.000,61.000,60.000,62.000,58.000,60.000,56.000,69.125,58.000,69.125,47.750,35.000,35.305,34.996,41.191,41.016,38.465,52.666,0.308,61.726,2194.306,2025.750,2185.000,2024.000,0.000,,,,2,1789724815.079,,
3188.695,64.000,67.164,54.438,60.000,57.000,60.000,60.000,55.000,56.000,55.000,54.000,54.000,60.625,56.000,60.625,48.250,35.000,35.305,34.996,41.188,41.012,38.465,17.339,0.121,40.373,2197.601,2009.220,2178.000,2017.000,0.000,,,,2,1789724816.081,,
3189.698,63.820,66.668,54.438,57.000,55.000,57.000,56.000,53.000,53.000,53.000,52.000,53.000,58.297,54.000,58.297,48.312,35.000,35.305,34.996,41.180,41.008,38.461,19.688,0.139,29.363,2184.135,2019.035,2171.000,2011.000,0.000,,,,2,1789724817.085,,
3190.703,63.773,66.336,54.312,58.000,57.000,59.000,60.000,59.000,63.000,55.000,54.000,54.000,63.000,56.000,62.266,48.438,35.000,35.305,34.996,41.176,41.004,38.457,19.784,0.135,32.573,2175.108,2006.108,2165.000,2005.000,0.000,,,,2,1789724818.090,,
3191.708,66.820,70.043,54.500,63.000,60.000,65.000,78.000,62.000,61.000,59.000,58.000,57.000,78.000,60.000,75.969,48.438,35.000,35.305,34.996,41.172,41.004,38.453,35.387,0.235,40.700,2168.165,2003.317,2160.000,2000.000,0.000,,,,2,1789724819.095,,
3192.711,68.520,71.930,54.875,86.000,59.000,63.000,63.000,59.000,58.000,57.000,56.000,56.000,86.000,60.000,73.609,48.625,35.000,35.305,34.996,41.168,41.000,38.453,33.503,0.235,45.122,2155.108,2017.327,2152.000,1993.000,0.000,,,,2,1789724820.098,,
3193.715,68.297,71.363,55.188,55.000,54.000,56.000,55.000,54.000,53.000,54.000,53.000,54.000,61.500,54.000,61.500,48.938,35.000,35.305,34.996,41.164,41.000,38.453,23.443,0.166,40.660,2154.979,2003.450,2147.000,1988.000,0.000,,,,2,1789724821.101,,
3194.717,67.879,70.641,55.125,53.000,53.000,54.000,53.000,53.000,51.000,52.000,52.000,53.000,54.844,52.000,54.844,49.000,35.000,35.289,34.996,41.160,41.000,38.449,10.054,0.078,32.424,2155.134,1978.750,2141.000,1983.000,0.000,,,,2,1789724822.105,,
3195.719,67.457,70.219,54.875,53.000,53.000,53.000,53.000,52.000,51.000,52.000,51.000,53.000,54.391,52.000,54.391,49.125,35.000,35.289,34.996,41.156,40.996,38.449,8.706,0.069,20.997,2154.953,1976.599,2135.000,1977.000,0.000,,,,2,1789724823.107,,
3196.723,67.086,69.848,54.812,54.000,54.000,55.000,55.000,54.000,52.000,53.000,52.000,53.000,55.547,53.000,55.547,49.062,35.000,35.289,34.996,41.152,40.996,38.449,9.576,0.076,19.933,2135.789,1984.236,2129.000,1972.000,0.000,,,,2,1789724824.110,,
3197.725,66.910,69.672,54.750,56.000,55.000,58.000,56.000,55.000,54.000,55.000,53.000,54.000,61.484,54.000,61.484,49.000,35.000,35.289,34.996,41.148,40.996,38.445,22.790,0.178,24.130,2126.528,1974.204,2123.000,1966.000,0.000,,,,2,1789724825.112,,
3198.727,66.617,69.379,54.812,55.000,54.000,55.000,54.000,53.000,52.000,54.000,52.000,53.000,57.531,53.000,57.531,48.938,35.000,35.289,34.996,41.145,40.996,38.445,12.774,0.094,31.669,2123.618,1962.944,2117.000,1961.000,0.000,,,,2,1789724826.115,,
3199.732,66.305,69.066,54.812,56.000,54.000,67.000,56.000,58.000,54.000,55.000,52.000,53.000,67.000,54.000,56.703,49.062,35.000,35.289,34.996,41.141,40.996,38.445,10.693,0.076,23.601,2117.224,1960.507,2112.000,1956.000,0.000,,,,2,1789724827.118,,
3200.736,66.098,68.859,54.875,54.000,54.000,56.000,54.000,53.000,52.000,53.000,52.000,53.000,59.578,53.000,59.578,48.938,35.000,35.289,34.996,41.137,40.996,38.445,21.265,0.157,25.068,2117.622,1960.784,2107.000,1951.000,0.000,,,,2,1789724828.125,,
3201.737,65.746,68.508,55.000,53.000,53.000,54.000,53.000,52.000,51.000,52.000,51.000,53.000,54.906,52.000,54.906,49.000,35.000,35.289,34.996,41.133,41.000,38.449,10.693,0.072,30.061,2107.901,1957.639,2102.000,1947.000,0.000,,,,2,1789724829.126,,
3202.741,65.391,68.152,54.812,57.000,58.000,62.000,56.000,53.000,54.000,53.000,51.000,53.000,62.000,54.000,54.375,48.938,35.000,35.289,34.996,41.129,41.000,38.449,9.936,0.071,22.148,2108.074,1955.512,2096.000,1941.000,0.000,,,,2,1789724830.127,,
3203.744,65.141,67.902,54.688,58.000,57.000,59.000,58.000,54.000,54.000,54.000,53.000,54.000,59.000,55.000,57.391,48.938,35.000,35.289,34.996,41.125,41.000,38.449,12.942,0.091,21.709,2114.364,1950.205,2090.000,1936.000,0.000,,,,2,1789724831.132,,
3204.749,64.824,67.586,54.562,53.000,55.000,54.000,53.000,53.000,51.000,53.000,51.000,53.000,55.000,52.000,54.984,48.938,35.000,35.273,34.996,41.121,41.000,38.449,11.805,0.090,24.444,2092.658,1934.818,2085.000,1931.000,0.000,,,,2,1789724832.137,,
3205.752,64.578,67.340,54.750,56.000,55.000,58.000,57.000,54.000,53.000,54.000,53.000,53.000,58.000,54.000,57.031,48.875,35.000,35.273,34.996,41.117,41.004,38.453,13.629,0.099,23.259,2098.636,1939.969,2081.000,1927.000,0.000,,,,2,1789724833.141,,
3206.757,64.238,67.000,54.500,53.000,52.000,53.000,52.000,52.000,51.000,52.000,51.000,53.000,53.656,51.000,53.656,48.875,35.000,35.273,34.996,41.117,41.004,38.453,9.489,0.070,24.326,2092.658,1919.683,2075.000,1922.000,0.000,,,,2,1789724834.145,,
3207.761,63.918,66.680,54.375,53.000,53.000,54.000,53.000,52.000,51.000,53.000,51.000,53.000,54.000,52.000,53.984,48.875,35.000,35.273,34.996,41.113,41.008,38.453,10.522,0.076,20.642,2083.635,1924.640,2071.000,1918.000,0.000,,,,2,1789724835.148,,
3208.766,63.621,66.383,54.250,53.000,53.000,55.000,53.000,52.000,51.000,52.000,51.000,53.000,55.000,52.000,54.375,48.750,35.000,35.273,34.996,41.109,41.008,38.457,9.624,0.070,21.817,2065.879,1924.136,2066.000,1913.000,0.000,,,,2,1789724836.152,,
3209.770,63.715,66.477,54.438,64.000,60.000,68.000,67.000,62.000,61.000,61.000,60.000,58.000,68.000,60.000,66.609,48.750,35.000,35.273,34.996,41.105,41.008,38.457,32.028,0.229,32.595,2074.689,1899.576,2059.000,1907.000,0.000,,,,2,1789724837.157,,
3210.773,63.715,66.199,54.625,63.000,61.000,63.000,61.000,59.000,63.000,58.000,57.000,56.000,63.719,58.000,63.719,48.625,35.000,35.273,34.996,41.102,41.008,38.457,25.346,0.185,38.135,2042.657,1911.772,2054.000,1902.000,0.000,,,,2,1789724838.161,,
3211.776,68.484,72.152,55.625,81.000,73.000,87.000,80.000,84.000,79.000,79.000,80.000,61.000,87.000,66.000,82.797,49.000,35.000,35.273,34.996,41.098,41.016,38.461,77.329,0.249,81.967,2054.466,1899.796,2050.000,1899.000,0.000,,,,2,1789724839.163,,
3212.778,72.246,76.676,56.750,82.000,75.000,88.000,82.000,89.000,81.000,83.000,82.000,62.000,89.000,67.000,83.531,49.250,35.000,35.273,34.996,41.098,41.020,38.461,65.893,0.288,77.782,2054.150,1904.480,2046.000,1895.000,0.000,,,,2,1789724840.165,,
3213.782,72.988,77.199,58.062,65.000,63.000,70.000,64.000,63.000,62.000,61.000,69.000,60.000,75.219,61.000,75.219,50.000,35.000,35.273,34.996,41.094,41.027,38.465,61.377,0.292,72.140,2068.704,1899.305,2043.000,1892.000,0.000,,,,2,1789724841.169,,
3214.787,72.621,76.410,58.250,58.000,57.000,59.000,58.000,57.000,55.000,57.000,55.000,58.000,61.266,56.000,61.266,50.562,35.000,35.262,34.996,41.094,41.031,38.465,24.391,0.187,42.201,2036.314,1914.191,2039.000,1888.000,0.000,,,,2,1789724842.174,,
3215.792,72.402,75.812,58.062,61.000,59.000,64.000,61.000,60.000,59.000,59.000,58.000,59.000,65.609,59.000,65.609,50.688,35.000,35.262,34.996,41.090,41.039,38.469,23.936,0.167,36.790,2036.579,1877.876,2035.000,1885.000,0.000,,,,2,1789724843.179,,
3216.795,72.012,75.082,57.938,58.000,58.000,63.000,58.000,57.000,56.000,58.000,55.000,57.000,63.000,57.000,59.922,50.875,35.000,35.262,34.996,41.090,41.051,38.477,18.733,0.123,32.874,2045.152,1889.228,2033.000,1883.000,0.000,,,,2,1789724844.181,,
3217.800,71.691,74.453,57.750,60.000,66.000,62.000,60.000,58.000,58.000,57.000,57.000,57.000,66.000,59.000,61.781,50.875,35.000,35.262,34.996,41.090,41.062,38.477,14.993,0.097,29.608,2036.268,1899.335,2031.000,1881.000,0.000,,,,2,1789724845.186,,
3218.800,71.566,74.051,57.875,69.000,61.000,68.000,64.000,61.000,60.000,59.000,58.000,58.000,69.000,61.000,67.672,50.812,35.000,35.262,34.996,41.086,41.070,38.484,25.044,0.191,29.868,2033.588,1889.417,2028.000,1878.000,0.000,,,,2,1789724846.186,,
3219.803,71.461,73.699,58.062,64.000,61.000,68.000,63.000,59.000,60.000,58.000,58.000,58.000,68.203,60.000,68.203,51.000,35.000,35.262,34.996,41.086,41.082,38.488,32.103,0.242,40.162,2036.648,1885.162,2026.000,1876.000,0.000,,,,2,1789724847.189,,
3220.805,71.406,73.422,58.250,67.000,60.000,65.000,64.000,62.000,62.000,67.000,59.000,60.000,69.672,60.000,69.672,51.250,35.000,35.262,34.996,41.086,41.094,38.492,33.141,0.253,45.684,2028.375,1867.753,2023.000,1874.000,0.000,,,,2,1789724848.192,,
3221.808,71.031,73.047,58.375,58.000,56.000,58.000,56.000,55.000,55.000,57.000,55.000,57.000,59.500,56.000,59.500,51.125,35.000,35.262,34.996,41.086,41.105,38.500,18.440,0.130,38.406,2045.176,1875.195,2021.000,1872.000,0.000,,,,2,1789724849.196,,
3222.810,70.645,72.660,58.188,59.000,57.000,58.000,58.000,55.000,63.000,55.000,55.000,56.000,63.000,57.000,58.625,51.500,35.000,35.262,34.996,41.086,41.117,38.504,12.096,0.075,28.217,2019.431,1861.023,2019.000,1870.000,0.000,,,,2,1789724850.197,,
3223.813,70.254,72.270,58.062,57.000,56.000,58.000,56.000,55.000,54.000,56.000,56.000,56.000,58.094,55.000,58.094,51.250,35.000,35.262,34.996,41.090,41.133,38.512,12.098,0.079,23.669,2011.162,1860.994,2018.000,1869.000,0.000,,,,2,1789724851.199,,
3224.818,70.023,72.039,57.875,62.000,59.000,61.000,61.000,58.000,58.000,58.000,56.000,57.000,62.859,59.000,62.859,51.250,35.000,35.250,34.996,41.090,41.148,38.520,16.205,0.113,25.591,2011.038,1877.552,2017.000,1868.000,0.000,,,,2,1789724852.205,,
3225.820,69.641,71.656,57.875,55.000,56.000,57.000,56.000,54.000,54.000,55.000,54.000,56.000,57.812,55.000,57.812,51.125,35.000,35.250,34.996,41.090,41.160,38.523,14.748,0.100,26.945,2010.735,1892.207,2015.000,1866.000,0.000,,,,2,1789724853.208,,
3226.824,69.250,71.266,57.875,56.000,55.000,58.000,56.000,55.000,54.000,55.000,54.000,55.000,58.000,55.000,57.141,51.125,35.000,35.250,34.996,41.094,41.172,38.531,9.448,0.070,25.325,2010.241,1865.527,2013.000,1864.000,0.000,,,,2,1789724854.211,,
3227.825,68.859,70.875,57.625,56.000,55.000,56.000,55.000,54.000,53.000,55.000,54.000,55.000,56.750,54.000,56.750,51.000,35.000,35.250,34.996,41.094,41.188,38.539,9.768,0.074,20.686,2019.364,1865.942,2012.000,1863.000,0.000,,,,2,1789724855.212,,
3228.830,68.473,70.488,57.375,56.000,54.000,56.000,55.000,54.000,52.000,55.000,54.000,55.000,56.453,54.000,56.453,50.938,35.000,35.250,34.996,41.094,41.199,38.547,10.347,0.072,21.149,1983.438,1865.565,2009.000,1861.000,0.000,,,,2,1789724856.216,,
3229.833,68.277,70.293,57.312,59.000,58.000,61.000,60.000,57.000,57.000,56.000,56.000,56.000,62.219,57.000,62.219,50.812,35.000,35.250,34.996,41.098,41.211,38.559,20.021,0.143,24.816,2010.994,1863.972,2007.000,1859.000,0.000,,,,2,1789724857.220,,
3230.837,67.953,69.969,57.312,55.000,54.000,57.000,55.000,54.000,53.000,55.000,54.000,55.000,58.016,54.000,58.016,50.812,35.000,35.250,34.996,41.102,41.223,38.566,13.975,0.102,29.419,1994.471,1851.938,2006.000,1858.000,0.000,,,,2,1789724858.226,,
3231.840,67.609,69.625,57.188,56.000,55.000,56.000,55.000,54.000,54.000,55.000,54.000,55.000,56.922,55.000,56.922,50.750,35.000,35.250,34.996,41.102,41.234,38.574,10.381,0.077,25.076,1991.602,1865.536,2004.000,1856.000,0.000,,,,2,1789724859.229,,
3232.844,67.238,69.254,57.125,54.000,54.000,55.000,54.000,54.000,52.000,54.000,54.000,55.000,55.656,53.000,55.656,50.688,35.000,35.250,34.996,41.105,41.246,38.582,9.050,0.070,21.575,2010.477,1835.555,2002.000,1854.000,0.000,,,,2,1789724860.231,,
3233.848,66.867,68.883,56.938,55.000,54.000,55.000,54.000,54.000,52.000,54.000,53.000,54.000,55.422,53.000,55.422,50.562,35.000,35.250,34.996,41.109,41.254,38.590,8.930,0.066,20.448,2002.381,1863.769,1999.000,1851.000,0.000,,,,2,1789724861.238,,
3234.850,66.523,68.539,56.812,55.000,54.000,55.000,54.000,53.000,52.000,53.000,52.000,54.000,55.844,53.000,55.844,50.562,35.000,35.234,34.996,41.109,41.266,38.598,12.066,0.087,20.630,2004.745,1851.366,1998.000,1850.000,0.000,,,,2,1789724862.237,,
3235.851,66.184,68.199,56.688,55.000,53.000,56.000,54.000,53.000,52.000,54.000,52.000,54.000,56.000,54.000,55.688,50.500,35.000,35.234,34.996,41.109,41.273,38.609,9.527,0.074,23.362,1996.816,1835.704,1994.000,1847.000,0.000,,,,2,1789724863.240,,
3236.853,65.828,67.844,56.500,54.000,53.000,54.000,53.000,53.000,52.000,53.000,52.000,54.000,54.812,53.000,54.812,50.312,35.000,35.234,34.996,41.117,41.289,38.613,8.355,0.066,22.282,1999.145,1856.311,1993.000,1846.000,0.000,,,,2,1789724864.243,,
3237.857,65.512,67.527,56.375,54.000,53.000,55.000,54.000,53.000,52.000,54.000,53.000,53.000,55.672,53.000,55.672,50.250,35.000,35.234,34.996,41.121,41.297,38.625,10.343,0.074,19.975,2007.651,1861.177,1991.000,1844.000,0.000,,,,2,1789724865.244,,
3238.858,65.203,67.219,56.188,56.000,55.000,58.000,55.000,54.000,53.000,54.000,54.000,54.000,58.000,55.000,55.609,50.250,35.000,35.234,34.996,41.121,41.309,38.633,9.506,0.070,21.761,1991.040,1831.297,1989.000,1842.000,0.000,,,,2,1789724866.245,,
3239.862,64.883,66.898,56.125,54.000,53.000,55.000,54.000,53.000,52.000,53.000,52.000,54.000,55.000,53.000,54.953,50.125,35.000,35.234,34.996,41.121,41.312,38.641,9.703,0.068,20.771,2001.802,1853.979,1986.000,1839.000,0.000,,,,2,1789724867.249,,
3240.867,64.547,66.562,55.875,53.000,53.000,54.000,53.000,52.000,51.000,53.000,52.000,53.000,54.156,52.000,54.156,50.062,35.000,35.234,34.996,41.129,41.324,38.648,7.920,0.063,21.076,1999.533,1854.017,1983.000,1837.000,0.000,,,,2,1789724868.255,,
3241.870,64.215,66.230,55.812,53.000,53.000,54.000,53.000,53.000,52.000,52.000,52.000,53.000,54.000,52.000,53.984,50.000,35.000,35.234,34.996,41.129,41.332,38.656,7.811,0.066,19.079,1988.170,1821.659,1980.000,1834.000,0.000,,,,2,1789724869.258,,
3242.874,63.973,65.988,55.625,56.000,55.000,56.000,56.000,53.000,53.000,53.000,52.000,53.000,56.453,54.000,56.453,49.875,35.000,35.234,34.996,41.133,41.344,38.664,9.766,0.076,18.896,1977.446,1840.293,1979.000,1833.000,0.000,,,,2,1789724870.262,,
3243.876,63.664,65.680,55.562,54.000,53.000,54.000,53.000,53.000,52.000,52.000,52.000,53.000,54.047,53.000,54.047,49.688,35.000,35.234,34.996,41.137,41.352,38.672,8.487,0.071,21.023,1977.544,1843.007,1976.000,1830.000,0.000,,,,2,1789724871.262,,
3244.877,63.477,65.492,55.562,58.000,55.000,58.000,58.000,55.000,53.000,55.000,52.000,54.000,58.000,55.000,57.703,49.625,35.000,35.223,34.996,41.137,41.359,38.680,11.847,0.080,20.155,1977.490,1837.766,1974.000,1828.000,0.000,,,,2,1789724872.264,,
3245.882,63.188,65.203,55.375,53.000,52.000,54.000,53.000,53.000,51.000,52.000,51.000,53.000,54.234,52.000,54.234,49.500,35.000,35.223,34.996,41.145,41.367,38.688,8.493,0.065,23.054,1977.772,1828.572,1971.000,1825.000,0.000,,,,2,1789724873.270,,
3246.886,62.891,64.906,55.188,52.000,52.000,53.000,52.000,52.000,51.000,52.000,51.000,53.000,53.688,52.000,53.688,49.562,35.000,35.223,34.996,41.145,41.371,38.691,8.317,0.066,19.774,1969.613,1833.283,1967.000,1822.000,0.000,,,,2,1789724874.273,,
3247.891,62.633,64.648,55.188,54.000,53.000,54.000,53.000,52.000,51.000,52.000,51.000,53.000,54.641,53.000,54.641,49.500,35.000,35.223,34.996,41.145,41.375,38.699,9.864,0.071,19.478,1966.977,1817.108,1963.000,1818.000,0.000,,,,2,1789724875.277,,
3248.895,62.488,64.504,55.188,59.000,55.000,60.000,57.000,54.000,54.000,59.000,54.000,54.000,60.000,55.000,57.969,49.438,35.000,35.223,34.996,41.145,41.379,38.703,13.839,0.089,21.269,1961.842,1807.982,1960.000,1815.000,0.000,,,,2,1789724876.282,,
3249.900,62.426,64.238,55.188,57.000,56.000,58.000,56.000,55.000,54.000,55.000,54.000,54.000,60.500,55.000,60.500,49.375,35.000,35.223,34.996,41.148,41.383,38.711,21.659,0.198,28.478,1961.821,1814.434,1956.000,1812.000,0.000,,,,2,1789724877.286,,
3250.901,62.348,63.980,55.438,54.000,55.000,56.000,55.000,53.000,52.000,53.000,53.000,54.000,59.859,54.000,59.859,49.438,35.000,35.223,34.996,41.148,41.387,38.715,23.525,0.185,35.358,1945.967,1816.952,1952.000,1808.000,0.000,,,,2,1789724878.289,,
3251.907,62.172,63.805,55.438,53.000,53.000,55.000,53.000,53.000,52.000,53.000,52.000,54.000,56.781,54.000,56.781,49.562,35.000,35.223,34.996,41.148,41.391,38.719,18.736,0.116,31.966,1940.418,1814.800,1949.000,1805.000,0.000,,,,2,1789724879.295,,
3252.908,61.984,63.617,55.438,54.000,54.000,58.000,54.000,53.000,52.000,54.000,53.000,55.000,58.000,54.000,56.125,49.500,35.000,35.223,34.996,41.152,41.402,38.723,15.766,0.084,30.310,1945.893,1807.755,1947.000,1803.000,0.000,,,,2,1789724880.295,,
3253.911,61.875,63.508,55.500,55.000,55.000,56.000,55.000,55.000,53.000,54.000,53.000,55.000,58.547,54.000,58.547,49.500,35.000,35.223,34.996,41.156,41.414,38.730,21.893,0.143,29.122,1945.788,1795.010,1946.000,1802.000,0.000,,,,2,1789724881.298,,
3254.913,61.812,63.281,55.688,71.000,58.000,59.000,58.000,55.000,56.000,57.000,55.000,57.000,71.000,57.000,59.891,49.688,35.000,35.211,34.996,41.156,41.418,38.734,19.954,0.121,31.738,1943.372,1803.463,1942.000,1799.000,0.000,,,,2,1789724882.299,,
3255.917,61.758,63.078,55.750,65.000,60.000,63.000,61.000,59.000,58.000,55.000,56.000,55.000,65.000,58.000,60.062,49.750,35.000,35.211,34.996,41.160,41.430,38.738,17.816,0.123,31.798,1943.246,1807.946,1940.000,1797.000,0.000,,,,2,1789724883.303,,
3256.919,61.730,62.918,55.750,57.000,57.000,59.000,59.000,55.000,55.000,55.000,54.000,55.000,60.875,57.000,60.875,49.625,35.000,35.211,34.996,41.160,41.438,38.742,22.946,0.143,31.704,1958.747,1790.528,1938.000,1795.000,0.000,,,,2,1789724884.306,,
3257.924,61.543,62.613,55.812,56.000,54.000,55.000,53.000,54.000,52.000,53.000,52.000,55.000,56.000,54.000,55.750,49.812,35.000,35.211,34.996,41.160,41.445,38.746,12.538,0.075,32.014,1927.608,1799.325,1936.000,1793.000,0.000,,,,2,1789724885.311,,
3258.926,61.379,62.449,55.875,54.000,53.000,55.000,53.000,53.000,52.000,54.000,52.000,54.000,56.234,53.000,56.234,49.750,35.000,35.211,34.996,41.164,41.453,38.754,11.544,0.080,24.063,1927.566,1803.661,1933.000,1790.000,0.000,,,,2,1789724886.312,,
3259.930,61.230,62.301,55.688,61.000,62.000,61.000,60.000,59.000,57.000,57.000,57.000,56.000,62.000,57.000,56.688,49.750,35.000,35.211,34.996,41.164,41.465,38.758,13.207,0.087,23.106,1919.816,1790.795,1932.000,1789.000,0.000,,,,2,1789724887.316,,
3260.933,61.238,62.309,55.812,61.000,57.000,59.000,59.000,55.000,55.000,55.000,54.000,56.000,61.500,57.000,61.500,49.750,35.000,35.211,34.996,41.164,41.469,38.762,24.732,0.175,28.587,1950.966,1789.923,1928.000,1786.000,0.000,,,,2,1789724888.322,,
3261.937,61.168,62.133,55.875,62.000,61.000,65.000,63.000,60.000,58.000,55.000,56.000,55.000,65.000,57.000,59.016,49.812,35.000,35.211,34.996,41.168,41.477,38.766,18.663,0.116,35.200,1927.370,1768.859,1925.000,1783.000,0.000,,,,2,1789724889.323,,
3262.941,61.234,62.184,56.062,58.000,56.000,58.000,56.000,55.000,55.000,58.000,55.000,57.000,62.062,55.000,62.062,49.812,35.000,35.211,34.996,41.172,41.488,38.770,32.204,0.233,37.838,1927.401,1775.533,1924.000,1782.000,0.000,,,,2,1789724890.328,,
3263.945,63.586,65.145,56.438,68.000,64.000,70.000,67.000,69.000,67.000,68.000,67.000,60.000,70.641,61.000,70.641,49.938,35.000,35.211,34.996,41.172,41.492,38.773,43.500,0.268,51.464,1925.000,1788.162,1921.000,1779.000,0.000,,,,2,1789724891.331,,
3264.949,65.039,66.879,56.875,65.000,61.000,67.000,65.000,63.000,63.000,70.000,59.000,61.000,70.000,61.000,69.406,50.312,35.000,35.203,34.996,41.172,41.500,38.777,45.057,0.337,56.764,1917.627,1777.462,1919.000,1777.000,0.000,,,,2,1789724892.336,,
3265.954,64.969,66.625,57.312,61.000,59.000,60.000,60.000,57.000,56.000,57.000,56.000,58.000,62.797,58.000,62.797,50.562,35.000,35.203,34.996,41.180,41.512,38.781,30.119,0.215,48.112,1917.270,1781.984,1917.000,1775.000,0.000,,,,2,1789724893.342,,
3266.959,64.781,66.273,57.250,56.000,56.000,59.000,56.000,55.000,54.000,56.000,54.000,57.000,59.000,56.000,59.000,50.688,35.000,35.203,34.996,41.184,41.523,38.789,16.220,0.096,36.127,1935.078,1786.476,1915.000,1774.000,0.000,,,,2,1789724894.346,,
3267.962,64.621,66.113,57.375,60.000,57.000,59.000,58.000,57.000,56.000,57.000,56.000,58.000,60.000,57.000,59.734,50.938,35.000,35.203,34.996,41.188,41.535,38.793,19.627,0.118,28.796,1924.722,1772.875,1914.000,1773.000,0.000,,,,2,1789724895.350,,
3268.966,64.566,66.059,57.500,66.000,59.000,63.000,62.000,60.000,59.000,58.000,58.000,58.000,66.000,59.000,62.812,50.938,35.000,35.203,34.996,41.191,41.551,38.797,21.044,0.136,32.834,1924.578,1769.216,1914.000,1773.000,0.000,,,,2,1789724896.353,,
3269.971,64.477,65.820,57.500,63.000,62.000,61.000,69.000,61.000,58.000,57.000,56.000,59.000,69.000,59.000,61.672,51.000,35.000,35.203,34.996,41.195,41.570,38.805,16.515,0.113,35.538,1919.529,1772.823,1914.000,1773.000,0.000,,,,2,1789724897.358,,
3270.979,64.289,65.633,57.625,57.000,59.000,58.000,58.000,57.000,55.000,57.000,55.000,55.000,59.000,56.000,58.547,50.938,35.000,35.203,34.996,41.199,41.582,38.809,10.481,0.081,32.855,1912.493,1768.607,1913.000,1772.000,0.000,,,,2,1789724898.366,,
3271.982,64.047,65.391,57.562,56.000,54.000,57.000,55.000,54.000,53.000,54.000,54.000,55.000,57.000,54.000,56.297,51.000,35.000,35.203,34.996,41.203,41.590,38.812,8.818,0.069,27.457,1924.671,1783.547,1911.000,1770.000,0.000,,,,2,1789724899.370,,
3272.987,63.805,65.148,57.375,55.000,54.000,56.000,54.000,54.000,53.000,54.000,54.000,55.000,56.297,54.000,56.641,51.000,35.000,35.203,34.996,41.207,41.605,38.816,10.215,0.076,21.685,1912.076,1767.097,1911.000,1770.000,0.000,,,,2,1789724900.375,,
3273.993,63.582,64.926,57.188,54.000,54.000,55.000,54.000,53.000,52.000,54.000,53.000,55.000,56.641,53.000,55.125,50.875,35.000,35.203,34.996,41.211,41.621,38.824,7.944,0.067,20.479,1919.529,1770.939,1911.000,1770.000,0.000,,,,2,1789724901.383,,
3274.998,63.316,64.660,56.938,55.000,54.000,55.000,54.000,54.000,53.000,54.000,53.000,55.000,55.125,54.000,57.438,50.750,35.000,35.191,34.996,41.219,41.633,38.828,12.649,0.097,21.710,1909.460,1766.360,1910.000,1769.000,0.000,,,,2,1789724902.385,,
3276.004,63.133,64.477,56.875,55.000,54.000,55.000,54.000,53.000,52.000,54.000,52.000,54.000,57.438,53.000,55.859,50.625,35.000,35.191,34.996,41.223,41.648,38.836,10.813,0.085,19.822,1904.258,1768.512,1910.000,1769.000,0.000,,,,2,1789724903.392,,
3277.010,62.906,64.250,56.688,60.000,57.000,61.000,58.000,57.000,55.000,58.000,55.000,55.000,55.859,56.000,56.438,50.688,35.000,35.191,34.996,41.223,41.652,38.840,11.147,0.076,24.193,1904.238,1754.420,1907.000,1766.000,0.000,,,,2,1789724904.394,,
3278.016,63.070,64.941,56.750,71.000,60.000,63.000,63.000,60.000,60.000,58.000,58.000,57.000,71.000,60.000,69.719,50.562,35.000,35.191,34.996,41.234,41.672,38.852,30.354,0.256,22.340,1891.700,1764.568,1905.000,1764.000,0.000,,,,2,1789724905.402,,
3279.021,64.395,66.477,57.188,69.000,64.000,63.000,64.000,60.000,59.000,65.000,57.000,57.000,69.000,60.000,68.375,50.562,35.000,35.191,34.996,41.234,41.680,38.859,31.621,0.240,28.614,1891.690,1758.036,1904.000,1763.000,0.000,,,,2,1789724906.408,,
3280.024,64.324,66.199,57.312,59.000,65.000,62.000,61.000,63.000,58.000,62.000,57.000,57.000,65.000,58.000,62.188,50.688,35.000,35.191,34.996,41.234,41.684,38.863,24.387,0.181,41.842,1896.963,1764.862,1901.000,1761.000,0.000,,,,2,1789724907.410,,
3281.026,66.504,68.848,57.375,73.000,68.000,83.000,72.000,72.000,73.000,71.000,68.000,59.000,83.000,64.000,73.047,50.938,35.000,35.191,34.996,41.242,41.695,38.871,33.786,0.233,40.169,1909.389,1764.645,1898.000,1758.000,0.000,,,,2,1789724908.414,,
3282.030,66.523,68.637,57.938,59.000,58.000,61.000,60.000,59.000,57.000,57.000,56.000,57.000,66.578,58.000,66.578,51.062,35.000,35.191,34.996,41.242,41.699,38.875,33.874,0.226,44.201,1889.635,1762.753,1897.000,1757.000,0.000,,,,2,1789724909.419,,
3283.035,66.281,68.184,57.812,56.000,56.000,57.000,56.000,55.000,54.000,55.000,56.000,56.000,58.859,55.000,58.859,51.188,35.000,35.191,34.996,41.246,41.703,38.883,12.828,0.092,45.181,1914.497,1745.565,1894.000,1754.000,0.000,,,,2,1789724910.423,,
3284.040,66.070,67.973,57.750,56.000,56.000,58.000,56.000,56.000,55.000,56.000,55.000,56.000,59.500,56.000,59.500,51.250,35.000,35.184,34.996,41.250,41.715,38.891,13.402,0.093,35.371,1886.614,1739.576,1891.000,1751.000,0.000,,,,2,1789724911.426,,
3285.045,65.832,67.734,57.625,59.000,59.000,62.000,58.000,57.000,55.000,56.000,55.000,56.000,62.000,56.000,58.391,51.250,35.000,35.184,34.996,41.258,41.727,38.895,13.372,0.085,24.249,1884.067,1752.720,1890.000,1750.000,0.000,,,,2,1789724912.432,,
3286.049,65.551,67.453,57.500,55.000,55.000,58.000,55.000,54.000,53.000,55.000,54.000,55.000,58.000,54.000,56.922,51.250,35.000,35.184,34.996,41.262,41.738,38.902,11.262,0.078,24.786,1886.921,1737.452,1888.000,1749.000,0.000,,,,2,1789724913.436,,
3287.053,65.289,67.191,57.375,56.000,56.000,57.000,55.000,54.000,53.000,55.000,54.000,55.000,57.141,55.000,57.141,51.062,35.000,35.184,34.996,41.266,41.750,38.906,10.727,0.072,24.558,1886.911,1755.815,1888.000,1749.000,0.000,,,,2,1789724914.440,,
3288.057,65.008,66.910,57.312,54.000,55.000,56.000,54.000,54.000,53.000,55.000,53.000,55.000,56.344,54.000,56.344,51.062,35.000,35.184,34.996,41.270,41.754,38.914,11.124,0.084,22.317,1891.849,1758.422,1887.000,1748.000,0.000,,,,2,1789724915.444,,
3289.060,64.730,66.633,57.062,55.000,54.000,56.000,54.000,54.000,53.000,54.000,53.000,55.000,56.141,54.000,56.141,51.125,35.000,35.184,34.996,41.270,41.758,38.922,8.782,0.068,22.410,1889.129,1745.979,1884.000,1745.000,0.000,,,,2,1789724916.448,,
3290.064,64.551,66.453,57.000,65.000,58.000,63.000,60.000,58.000,56.000,55.000,54.000,55.000,65.000,57.000,58.875,51.062,35.000,35.184,34.996,41.277,41.770,38.926,10.712,0.075,23.505,1874.697,1731.369,1881.000,1742.000,0.000,,,,2,1789724917.451,,
3291.069,64.312,66.215,56.812,54.000,54.000,55.000,54.000,53.000,53.000,54.000,53.000,55.000,56.953,54.000,56.953,50.812,35.000,35.184,34.996,41.277,41.770,38.930,14.971,0.111,20.349,1898.944,1726.909,1880.000,1741.000,0.000,,,,2,1789724918.458,,
3292.072,64.121,66.023,56.812,56.000,55.000,57.000,56.000,55.000,54.000,55.000,54.000,54.000,58.250,55.000,58.250,50.750,35.000,35.184,34.996,41.281,41.777,38.938,11.154,0.082,22.712,1901.081,1733.177,1877.000,1738.000,0.000,,,,2,1789724919.459,,
3293.078,63.895,65.797,56.812,55.000,53.000,57.000,55.000,54.000,53.000,54.000,53.000,54.000,57.000,53.000,56.828,50.688,35.000,35.184,34.996,41.285,41.789,38.945,9.074,0.069,26.283,1874.122,1729.339,1874.000,1736.000,0.000,,,,2,1789724920.465,,
3294.083,63.762,65.664,56.625,56.000,55.000,57.000,56.000,55.000,53.000,55.000,54.000,55.000,59.688,54.000,59.688,50.625,35.000,35.172,34.996,41.289,41.797,38.953,14.691,0.104,21.869,1884.363,1732.894,1873.000,1735.000,0.000,,,,2,1789724921.472,,
3295.087,63.500,65.402,56.500,54.000,53.000,55.000,53.000,53.000,52.000,54.000,53.000,55.000,55.328,53.000,55.328,50.625,35.000,35.172,34.996,41.293,41.801,38.957,8.399,0.067,21.882,1874.551,1733.720,1871.000,1733.000,0.000,,,,2,1789724922.475,,
3296.090,63.316,65.219,56.375,57.000,56.000,58.000,56.000,56.000,56.000,57.000,56.000,55.000,58.000,55.000,57.688,50.562,35.000,35.172,34.996,41.293,41.801,38.965,11.660,0.083,24.210,1877.249,1733.620,1869.000,1731.000,0.000,,,,2,1789724923.478,,
3297.094,63.105,65.008,56.375,54.000,53.000,55.000,53.000,53.000,52.000,54.000,53.000,54.000,56.469,53.000,56.469,50.500,35.000,35.172,34.996,41.297,41.809,38.969,14.775,0.104,20.311,1874.902,1733.436,1865.000,1727.000,0.000,,,,2,1789724924.482,,
3298.098,62.863,64.766,56.312,54.000,54.000,55.000,53.000,54.000,52.000,53.000,53.000,54.000,55.422,53.000,55.422,50.500,35.000,35.172,34.996,41.301,41.812,38.977,9.686,0.067,23.312,1877.033,1726.818,1864.000,1726.000,0.000,,,,2,1789724925.486,,
3299.100,62.617,64.520,56.125,54.000,53.000,54.000,53.000,53.000,52.000,53.000,53.000,53.000,55.016,53.000,55.016,50.375,35.000,35.172,34.996,41.301,41.816,38.980,8.189,0.065,24.947,1858.093,1723.205,1860.000,1723.000,0.000,,,,2,1789724926.487,,
3300.102,62.367,64.270,56.062,54.000,53.000,55.000,52.000,53.000,52.000,53.000,52.000,54.000,55.000,52.000,54.562,50.375,35.000,35.172,34.996,41.305,41.820,38.984,7.688,0.066,20.810,1877.180,1724.485,1857.000,1720.000,0.000,,,,2,1789724927.491,,
3301.107,62.223,64.125,55.875,57.000,55.000,58.000,56.000,54.000,53.000,54.000,54.000,54.000,58.000,55.000,57.719,50.250,35.000,35.172,34.996,41.309,41.828,38.992,10.669,0.079,19.216,1862.804,1716.755,1855.000,1718.000,0.000,,,,2,1789724928.493,,
3302.109,62.008,63.910,55.812,55.000,54.000,56.000,54.000,54.000,52.000,53.000,52.000,53.000,56.000,53.000,55.391,50.062,35.000,35.172,34.996,41.312,41.832,38.996,10.645,0.079,18.806,1843.743,1716.599,1853.000,1716.000,0.000,,,,2,1789724929.497,,
3303.113,61.863,63.766,55.625,54.000,54.000,56.000,55.000,54.000,52.000,53.000,52.000,53.000,57.375,54.000,57.375,50.188,35.000,35.172,34.996,41.316,41.836,39.000,12.153,0.081,21.853,1843.318,1719.025,1850.000,1713.000,0.000,,,,2,1789724930.501,,
3304.117,61.641,63.543,55.750,54.000,54.000,54.000,53.000,53.000,52.000,53.000,52.000,54.000,54.703,53.000,54.703,50.000,35.000,35.164,34.996,41.320,41.844,39.008,9.259,0.071,22.093,1839.137,1709.166,1845.000,1709.000,0.000,,,,2,1789724931.504,,
3305.118,61.508,63.410,55.625,57.000,59.000,59.000,59.000,55.000,54.000,54.000,52.000,55.000,59.000,56.000,57.375,49.875,35.000,35.164,34.996,41.324,41.848,39.008,11.844,0.084,23.025,1867.452,1701.050,1843.000,1707.000,0.000,,,,2,1789724932.504,,
3306.123,61.328,63.230,55.688,58.000,57.000,59.000,57.000,58.000,57.000,58.000,57.000,54.000,59.000,54.000,55.797,49.875,35.000,35.164,34.996,41.328,41.855,39.016,15.616,0.113,20.973,1850.605,1693.393,1841.000,1705.000,0.000,,,,2,1789724933.509,,
3307.128,61.133,63.035,55.625,57.000,57.000,59.000,57.000,58.000,56.000,58.000,57.000,53.000,59.000,54.000,55.125,49.875,35.000,35.164,34.996,41.328,41.859,39.020,12.259,0.080,27.529,1848.372,1701.146,1839.000,1703.000,0.000,,,,2,1789724934.515,,
3308.131,60.973,62.875,55.688,53.000,53.000,54.000,53.000,53.000,52.000,53.000,52.000,54.000,56.016,52.000,56.016,49.938,35.000,35.164,34.996,41.332,41.867,39.023,13.301,0.095,23.272,1827.300,1697.193,1837.000,1701.000,0.000,,,,2,1789724935.518,,
3309.135,60.793,62.695,55.625,53.000,52.000,54.000,53.000,53.000,51.000,53.000,52.000,53.000,55.156,52.000,55.156,49.875,35.000,35.164,34.996,41.332,41.863,39.027,11.330,0.088,22.694,1839.099,1706.776,1836.000,1700.000,0.000,,,,2,1789724936.522,,
3310.140,60.586,62.488,55.375,53.000,53.000,54.000,53.000,52.000,51.000,52.000,52.000,53.000,54.219,52.000,54.219,49.875,35.000,35.164,34.996,41.336,41.871,39.031,8.177,0.070,21.921,1841.508,1696.896,1836.000,1700.000,0.000,,,,2,1789724937.526,,
3311.144,60.375,62.277,55.188,53.000,52.000,53.000,52.000,52.000,51.000,52.000,51.000,53.000,53.828,52.000,53.828,49.812,35.000,35.164,34.996,41.340,41.871,39.035,7.693,0.065,19.307,1836.969,1699.195,1836.000,1700.000,0.000,,,,2,1789724938.530,,
3312.147,60.426,62.328,55.188,59.000,57.000,58.000,58.000,55.000,55.000,55.000,54.000,55.000,61.984,57.000,61.984,49.688,35.000,35.164,34.996,41.340,41.871,39.035,16.180,0.104,19.698,1827.254,1697.193,1836.000,1700.000,0.000,,,,2,1789724939.533,,
3313.151,60.242,62.145,55.250,53.000,52.000,54.000,52.000,52.000,51.000,52.000,52.000,53.000,54.562,52.000,54.562,49.625,35.000,35.164,34.996,41.344,41.875,39.039,9.571,0.074,27.018,1839.146,1705.175,1836.000,1700.000,0.000,,,,2,1789724940.540,,
3314.155,60.055,61.957,55.125,52.000,51.000,54.000,52.000,52.000,51.000,52.000,52.000,53.000,54.203,51.000,54.203,49.625,35.000,35.156,34.996,41.344,41.875,39.043,8.989,0.071,20.781,1850.938,1697.409,1836.000,1700.000,0.000,,,,2,1789724941.542,,
3315.159,59.879,61.781,55.000,53.000,53.000,55.000,53.000,53.000,51.000,53.000,52.000,53.000,55.000,52.000,54.453,49.625,35.000,35.156,34.996,41.344,41.871,39.043,8.805,0.073,20.136,1839.203,1700.648,1836.000,1700.000,0.000,,,,2,1789724942.548,,
3316.163,59.848,61.559,55.000,59.000,55.000,67.000,59.000,55.000,55.000,63.000,53.000,54.000,67.000,55.000,58.922,49.438,35.000,35.156,34.996,41.348,41.875,39.047,13.787,0.091,19.943,1834.442,1707.205,1836.000,1700.000,0.000,,,,2,1789724943.550,,
3317.166,59.699,61.410,54.938,52.000,52.000,54.000,52.000,52.000,51.000,52.000,51.000,53.000,55.094,51.000,55.094,49.500,35.000,35.156,34.996,41.348,41.871,39.047,13.477,0.095,26.252,1829.891,1696.888,1836.000,1700.000,0.000,,,,2,1789724944.554,,
3318.171,59.551,61.262,54.875,53.000,53.000,54.000,53.000,52.000,51.000,52.000,51.000,53.000,54.875,52.000,54.875,49.500,35.000,35.156,34.996,41.352,41.871,39.047,8.817,0.070,24.022,1827.235,1696.505,1836.000,1700.000,0.000,,,,2,1789724945.558,,
3319.173,59.461,61.172,54.688,54.000,55.000,56.000,56.000,54.000,53.000,53.000,52.000,53.000,56.719,54.000,56.719,49.500,35.000,35.156,34.996,41.352,41.875,39.047,9.653,0.076,19.864,1838.789,1696.777,1836.000,1700.000,0.000,,,,2,1789724946.560,,
3320.175,61.469,63.613,54.625,69.000,70.000,78.000,69.000,63.000,62.000,59.000,63.000,55.000,78.000,62.000,67.500,49.375,35.000,35.156,34.996,41.352,41.871,39.051,19.766,0.135,23.034,1841.093,1706.930,1836.000,1700.000,0.000,,,,2,1789724947.561,,
3321.175,63.980,66.664,55.125,65.000,63.000,72.000,70.000,64.000,61.000,65.000,59.000,57.000,72.000,60.000,71.516,49.375,35.000,35.156,34.996,41.355,41.871,39.055,42.374,0.315,42.008,1839.344,1696.833,1836.000,1700.000,0.000,,,,2,1789724948.562,,
3322.180,65.895,68.883,55.562,68.000,61.000,67.000,65.000,65.000,61.000,58.000,59.000,56.000,71.641,60.000,71.641,49.688,35.000,35.156,34.996,41.355,41.875,39.051,37.447,0.265,51.288,1832.434,1696.849,1836.000,1700.000,0.000,,,,2,1789724949.566,,
3323.181,67.094,70.145,56.062,65.000,58.000,62.000,62.000,60.000,59.000,58.000,58.000,56.000,70.688,59.000,70.688,49.938,35.000,35.156,34.996,41.359,41.875,39.055,37.026,0.269,48.740,1843.856,1693.353,1836.000,1700.000,0.000,,,,2,1789724950.568,,
3324.181,66.852,69.598,56.438,54.000,54.000,55.000,54.000,54.000,53.000,55.000,54.000,55.000,59.391,54.000,59.391,50.250,35.000,35.148,34.996,41.363,41.875,39.055,21.625,0.150,43.723,1832.164,1697.505,1836.000,1700.000,0.000,,,,2,1789724951.568,,
3325.185,66.492,69.238,56.188,54.000,54.000,55.000,53.000,53.000,52.000,54.000,54.000,55.000,55.375,53.000,55.375,50.312,35.000,35.148,34.996,41.363,41.879,39.055,7.409,0.064,28.891,1827.346,1697.337,1836.000,1700.000,0.000,,,,2,1789724952.573,,
3326.188,66.137,68.883,56.000,53.000,54.000,55.000,53.000,53.000,52.000,53.000,53.000,54.000,55.141,53.000,55.141,50.250,35.000,35.148,34.996,41.363,41.875,39.059,6.913,0.062,18.442,1834.161,1706.954,1836.000,1700.000,0.000,,,,2,1789724953.577,,
3327.193,65.770,68.516,55.750,53.000,53.000,54.000,53.000,53.000,51.000,53.000,52.000,55.000,55.000,52.000,54.328,50.188,35.000,35.148,34.996,41.367,41.875,39.059,6.994,0.061,18.009,1827.699,1699.115,1836.000,1700.000,0.000,,,,2,1789724954.581,,
3328.198,65.402,68.148,55.500,52.000,52.000,54.000,52.000,53.000,52.000,52.000,52.000,54.000,54.062,52.000,54.062,50.188,35.000,35.148,34.996,41.367,41.879,39.059,6.145,0.059,18.029,1829.901,1709.272,1836.000,1700.000,0.000,,,,2,1789724955.587,,
3329.201,65.051,67.797,55.438,53.000,52.000,54.000,52.000,53.000,51.000,52.000,52.000,54.000,54.109,52.000,54.109,50.125,35.000,35.148,34.996,41.371,41.883,39.059,6.700,0.063,18.364,1848.296,1701.002,1836.000,1700.000,0.000,,,,2,1789724956.590,,
3330.205,64.836,67.582,55.250,54.000,54.000,55.000,55.000,54.000,53.000,54.000,54.000,54.000,58.156,54.000,58.156,49.938,35.000,35.148,34.996,41.371,41.887,39.062,10.892,0.080,18.362,1838.996,1698.802,1836.000,1700.000,0.000,,,,2,1789724957.592,,
3331.209,64.645,67.391,55.375,57.000,56.000,58.000,56.000,54.000,54.000,54.000,54.000,54.000,58.781,55.000,58.781,49.938,35.000,35.148,34.996,41.375,41.887,39.062,17.923,0.099,23.390,1834.273,1697.033,1836.000,1700.000,0.000,,,,2,1789724958.595,,
3332.210,64.340,67.086,55.250,53.000,53.000,54.000,53.000,53.000,51.000,53.000,52.000,54.000,54.922,53.000,54.922,49.938,35.000,35.148,34.996,41.375,41.887,39.062,10.646,0.073,28.328,1838.921,1697.217,1836.000,1700.000,0.000,,,,2,1789724959.600,,
3333.213,64.125,66.871,55.188,56.000,55.000,56.000,55.000,54.000,53.000,54.000,54.000,54.000,57.406,54.000,57.406,49.812,35.000,35.148,34.996,41.379,41.891,39.062,10.559,0.074,22.127,1835.012,1710.872,1836.000,1700.000,0.000,,,,2,1789724960.600,,
3334.216,63.883,66.629,55.062,56.000,54.000,55.000,53.000,53.000,52.000,54.000,54.000,54.000,56.359,54.000,56.359,49.812,35.000,35.141,34.996,41.383,41.891,39.066,9.599,0.073,21.370,1834.685,1706.792,1836.000,1700.000,0.000,,,,2,1789724961.604,,
3335.220,63.594,66.340,55.000,54.000,53.000,54.000,53.000,53.000,52.000,53.000,52.000,53.000,54.703,52.000,54.703,49.750,35.000,35.141,34.996,41.383,41.895,39.066,9.918,0.072,20.588,1839.212,1698.971,1836.000,1700.000,0.000,,,,2,1789724962.607,,
3336.224,63.320,66.066,55.125,53.000,52.000,54.000,52.000,53.000,51.000,52.000,52.000,53.000,54.812,52.000,54.812,49.812,35.000,35.141,34.996,41.387,41.898,39.070,11.189,0.078,21.132,1827.606,1707.156,1836.000,1700.000,0.000,,,,2,1789724963.611,,
3337.224,63.043,65.789,54.938,53.000,53.000,54.000,53.000,53.000,51.000,53.000,52.000,53.000,54.438,52.000,54.438,49.812,35.000,35.141,34.996,41.387,41.898,39.070,11.257,0.084,22.719,1827.541,1693.042,1836.000,1700.000,0.000,,,,2,1789724964.613,,
3338.225,62.957,65.703,54.875,54.000,53.000,55.000,54.000,53.000,52.000,53.000,52.000,53.000,60.344,53.000,60.344,49.750,35.000,35.141,34.996,41.391,41.898,39.070,12.630,0.084,22.516,1834.358,1713.282,1836.000,1700.000,0.000,,,,2,1789724965.612,,
3339.227,62.656,65.402,54.750,52.000,51.000,53.000,52.000,52.000,51.000,52.000,51.000,53.000,53.328,52.000,53.328,49.625,35.000,35.141,34.996,41.391,41.902,39.074,6.052,0.062,23.429,1832.136,1702.780,1836.000,1700.000,0.000,,,,2,1789724966.616,,
3340.231,62.375,65.121,54.562,53.000,52.000,54.000,52.000,52.000,51.000,52.000,51.000,53.000,54.000,52.000,53.656,49.625,35.000,35.141,34.996,41.391,41.902,39.074,7.558,0.062,17.404,1827.569,1697.009,1836.000,1700.000,0.000,,,,2,1789724967.617,,
3341.232,62.109,64.855,54.562,52.000,52.000,53.000,52.000,52.000,51.000,52.000,51.000,53.000,53.875,51.000,53.875,49.438,35.000,35.141,34.996,41.395,41.902,39.074,9.227,0.071,18.692,1855.584,1707.521,1836.000,1700.000,0.000,,,,2,1789724968.620,,
3342.237,61.840,64.586,54.438,51.000,53.000,53.000,52.000,51.000,50.000,52.000,51.000,53.000,53.375,52.000,53.375,49.438,35.000,35.141,34.996,41.395,41.902,39.074,7.554,0.066,20.022,1830.021,1697.041,1836.000,1700.000,0.000,,,,2,1789724969.626,,
3343.237,61.918,64.664,54.312,60.000,57.000,59.000,58.000,55.000,55.000,55.000,55.000,54.000,64.234,56.000,64.234,49.438,35.000,35.141,34.996,41.395,41.898,39.074,20.292,0.135,21.899,1828.042,1697.113,1836.000,1700.000,0.000,,,,2,1789724970.628,,
3344.240,61.969,64.488,54.812,58.000,54.000,58.000,55.000,55.000,56.000,57.000,54.000,54.000,62.484,55.000,62.484,49.375,35.000,35.133,34.996,41.395,41.898,39.078,31.777,0.186,37.272,1839.306,1707.432,1836.000,1700.000,0.000,,,,2,1789724971.626,,
3345.243,61.824,64.094,55.125,53.000,53.000,55.000,53.000,53.000,52.000,53.000,52.000,54.000,57.438,53.000,57.438,49.562,35.000,35.133,34.996,41.395,41.898,39.078,16.930,0.109,35.711,1838.930,1697.497,1836.000,1700.000,0.000,,,,2,1789724972.630,,
3346.247,61.652,63.922,54.938,53.000,53.000,55.000,53.000,53.000,52.000,52.000,52.000,54.000,56.250,52.000,56.250,49.625,35.000,35.133,34.996,41.398,41.898,39.078,13.385,0.088,27.600,1827.393,1697.313,1836.000,1700.000,0.000,,,,2,1789724973.634,,
3347.251,61.504,63.773,54.938,54.000,54.000,55.000,53.000,53.000,52.000,53.000,52.000,53.000,56.906,53.000,56.906,49.562,35.000,35.133,34.996,41.398,41.898,39.078,11.226,0.081,24.090,1839.080,1697.425,1836.000,1700.000,0.000,,,,2,1789724974.637,,
3348.254,61.281,63.551,54.938,56.000,54.000,55.000,54.000,53.000,52.000,53.000,52.000,53.000,56.000,53.000,54.422,49.562,35.000,35.133,34.996,41.402,41.902,39.078,8.947,0.073,22.255,1841.602,1697.913,1836.000,1700.000,0.000,,,,2,1789724975.644,,
3349.257,61.047,63.316,54.562,52.000,53.000,54.000,52.000,51.000,51.000,52.000,52.000,53.000,54.000,52.000,53.781,49.500,35.000,35.133,34.996,41.398,41.902,39.078,6.789,0.066,20.035,1834.386,1709.564,1836.000,1700.000,0.000,,,,2,1789724976.645,,
3350.261,60.824,63.094,54.500,53.000,53.000,54.000,52.000,52.000,51.000,52.000,51.000,53.000,54.000,52.000,53.922,49.438,35.000,35.133,34.996,41.402,41.902,39.082,8.694,0.067,17.846,1834.451,1706.768,1836.000,1700.000,0.000,,,,2,1789724977.647,,
3351.265,60.707,62.750,54.500,66.000,55.000,60.000,56.000,54.000,55.000,54.000,52.000,54.000,66.000,54.000,57.078,49.375,35.000,35.133,34.996,41.402,41.902,39.082,13.450,0.089,20.221,1841.583,1697.585,1836.000,1700.000,0.000,,,,2,1789724978.651,,
3352.267,64.648,67.672,54.688,68.000,61.000,68.000,65.000,61.000,60.000,75.000,58.000,58.000,76.484,61.000,76.484,49.438,35.000,35.133,34.996,41.402,41.902,39.078,34.880,0.246,32.637,1846.220,1697.353,1836.000,1700.000,0.000,,,,2,1789724979.656,,
3353.268,65.641,68.656,55.125,66.000,58.000,61.000,66.000,59.000,58.000,57.000,56.000,55.000,68.609,59.000,68.609,49.625,35.000,35.133,34.996,41.402,41.902,39.078,31.478,0.189,44.032,1827.801,1697.217,1836.000,1700.000,0.000,,,,2,1789724980.655,,
3354.270,66.391,69.332,55.500,68.000,67.000,75.000,67.000,67.000,63.000,60.000,68.000,57.000,75.000,61.000,68.641,49.688,35.000,35.129,34.996,41.406,41.902,39.078,27.234,0.181,41.575,1834.077,1713.527,1836.000,1700.000,0.000,,,,2,1789724981.659,,
3355.270,66.320,68.965,55.688,72.000,61.000,64.000,65.000,71.000,61.000,67.000,70.000,56.000,72.000,59.000,64.219,49.812,35.000,35.129,34.996,41.406,41.902,39.078,19.045,0.123,37.003,1822.803,1701.412,1836.000,1700.000,0.000,,,,2,1789724982.657,,
3356.274,66.105,68.488,55.750,57.000,56.000,58.000,56.000,55.000,54.000,55.000,54.000,55.000,59.438,55.000,59.438,50.000,35.000,35.129,34.996,41.406,41.902,39.078,19.289,0.147,30.152,1834.470,1709.759,1836.000,1700.000,0.000,,,,2,1789724983.660,,
3357.274,66.035,68.180,55.812,56.000,55.000,57.000,56.000,55.000,54.000,55.000,55.000,55.000,63.828,55.000,63.828,50.062,35.000,35.129,34.996,41.406,41.906,39.078,24.864,0.147,33.442,1853.559,1697.305,1836.000,1700.000,0.000,,,,2,1789724984.666,,
3358.276,65.898,67.828,55.812,56.000,56.000,58.000,56.000,55.000,54.000,56.000,55.000,58.000,61.641,55.000,61.641,50.188,35.000,35.129,34.996,41.406,41.906,39.082,32.187,0.177,37.487,1827.662,1697.201,1836.000,1700.000,0.000,,,,2,1789724985.664,,
3359.278,65.867,67.602,56.188,59.000,57.000,60.000,61.000,58.000,57.000,57.000,56.000,57.000,64.922,57.000,64.922,50.312,35.000,35.129,34.996,41.410,41.910,39.082,26.547,0.125,41.121,1834.984,1700.962,1836.000,1700.000,0.000,,,,2,1789724986.666,,
3360.283,65.590,67.324,56.312,54.000,55.000,56.000,54.000,54.000,53.000,55.000,54.000,55.000,57.047,54.000,57.047,50.438,35.000,35.129,34.996,41.410,41.914,39.082,12.422,0.082,34.716,1839.334,1697.441,1836.000,1700.000,0.000,,,,2,1789724987.673,,
3361.284,65.340,67.074,56.000,57.000,56.000,57.000,56.000,55.000,54.000,55.000,54.000,56.000,57.500,55.000,57.500,50.500,35.000,35.129,34.996,41.410,41.918,39.082,11.037,0.071,23.364,1827.829,1697.009,1836.000,1700.000,0.000,,,,2,1789724988.671,,
3362.284,65.109,66.844,56.062,58.000,57.000,59.000,57.000,55.000,54.000,55.000,59.000,55.000,59.000,56.000,58.062,50.562,35.000,35.129,34.996,41.410,41.922,39.082,12.266,0.077,22.302,1832.695,1696.961,1836.000,1700.000,0.000,,,,2,1789724989.673,,
3363.285,65.242,66.977,56.250,63.000,63.000,65.000,64.000,63.000,62.000,61.000,59.000,59.000,69.359,60.000,69.359,50.438,35.000,35.129,34.996,41.414,41.926,39.086,37.990,0.217,34.176,1814.159,1701.106,1836.000,1700.000,0.000,,,,2,1789724990.671,,
3364.289,65.105,66.840,56.812,62.000,61.000,61.000,61.000,58.000,57.000,57.000,56.000,58.000,62.000,58.000,60.766,50.562,35.000,35.121,34.996,41.414,41.930,39.086,26.289,0.146,42.835,1848.998,1703.134,1836.000,1700.000,0.000,,,,2,1789724991.676,,
3365.294,64.965,66.699,56.750,58.000,57.000,58.000,60.000,56.000,66.000,56.000,56.000,58.000,66.000,58.000,60.672,50.625,35.000,35.121,34.996,41.414,41.941,39.086,20.455,0.087,35.091,1827.912,1709.450,1836.000,1700.000,0.000,,,,2,1789724992.681,,
3366.299,64.762,66.496,56.750,56.000,55.000,60.000,55.000,54.000,53.000,55.000,54.000,56.000,60.000,55.000,58.422,50.750,35.000,35.121,34.996,41.418,41.949,39.090,18.113,0.108,32.723,1834.909,1697.297,1836.000,1700.000,0.000,,,,2,1789724993.686,,
3367.303,64.605,66.340,56.625,58.000,58.000,60.000,58.000,58.000,57.000,57.000,57.000,56.000,60.000,56.000,59.750,50.875,35.000,35.121,34.996,41.418,41.953,39.090,14.570,0.088,29.151,1827.782,1696.713,1836.000,1700.000,0.000,,,,2,1789724994.691,,
3368.305,64.406,66.141,56.688,57.000,56.000,57.000,57.000,55.000,54.000,55.000,54.000,55.000,58.234,55.000,58.234,50.750,35.000,35.121,34.996,41.422,41.961,39.090,12.834,0.077,24.996,1830.291,1701.050,1836.000,1700.000,0.000,,,,2,1789724995.693,,
3369.307,64.180,65.914,56.750,55.000,57.000,57.000,56.000,54.000,54.000,55.000,54.000,55.000,57.219,54.000,57.219,50.812,35.000,35.121,34.996,41.422,41.973,39.098,12.439,0.090,24.024,1831.921,1697.033,1836.000,1700.000,0.000,,,,2,1789724996.695,,
3370.309,63.910,65.645,56.625,54.000,55.000,55.000,54.000,53.000,53.000,54.000,53.000,55.000,55.547,54.000,55.547,50.812,35.000,35.121,34.996,41.426,41.977,39.098,9.901,0.074,24.383,1839.409,1702.828,1836.000,1700.000,0.000,,,,2,1789724997.697,,
3371.313,64.141,65.875,56.438,61.000,59.000,62.000,62.000,60.000,60.000,71.000,59.000,58.000,71.297,59.000,71.297,50.688,35.000,35.121,34.996,41.426,41.980,39.102,26.062,0.180,25.749,1836.950,1700.801,1836.000,1700.000,0.000,,,,2,1789724998.700,,
3372.318,63.973,65.707,56.750,56.000,55.000,57.000,56.000,57.000,54.000,55.000,54.000,55.000,58.688,55.000,58.688,50.750,35.000,35.121,34.996,41.430,41.988,39.105,14.072,0.089,32.826,1841.385,1696.777,1836.000,1700.000,0.000,,,,2,1789724999.704,,
3373.319,63.809,65.543,56.938,55.000,55.000,56.000,54.000,54.000,53.000,54.000,54.000,55.000,58.797,54.000,58.797,50.688,35.000,35.121,34.996,41.430,41.996,39.105,20.810,0.126,28.962,1831.875,1696.593,1836.000,1700.000,0.000,,,,2,1789725000.706,,
3374.323,63.590,65.324,56.750,55.000,55.000,56.000,55.000,54.000,53.000,54.000,54.000,55.000,56.750,54.000,56.750,50.750,35.000,35.113,34.996,41.434,42.000,39.105,9.985,0.072,28.379,1836.575,1702.619,1836.000,1700.000,0.000,,,,2,1789725001.711,,
3375.328,63.414,65.148,56.625,56.000,55.000,57.000,56.000,54.000,53.000,55.000,54.000,55.000,57.984,54.000,57.984,50.688,35.000,35.113,34.996,41.438,42.004,39.109,12.567,0.082,21.295,1839.156,1711.694,1836.000,1700.000,0.000,,,,2,1789725002.715,,
3376.330,63.242,64.977,56.500,58.000,57.000,57.000,57.000,55.000,54.000,55.000,54.000,55.000,58.000,55.000,57.891,50.625,35.000,35.113,34.996,41.438,42.012,39.109,12.228,0.086,23.729,1834.329,1707.075,1836.000,1700.000,0.000,,,,2,1789725003.717,,
3377.334,63.422,65.156,56.500,64.000,59.000,62.000,67.000,60.000,59.000,57.000,56.000,56.000,68.562,60.000,68.562,50.750,35.000,35.113,34.996,41.438,42.008,39.113,22.836,0.138,25.158,1839.062,1710.775,1836.000,1700.000,0.000,,,,2,1789725004.723,,
3378.334,63.324,65.059,56.688,58.000,59.000,58.000,58.000,56.000,55.000,55.000,55.000,55.000,60.391,56.000,60.391,50.688,35.000,35.113,34.996,41.434,42.004,39.113,17.590,0.113,33.583,1839.428,1696.825,1836.000,1700.000,0.000,,,,2,1789725005.721,,
3379.334,63.086,64.820,56.562,54.000,53.000,55.000,54.000,54.000,52.000,54.000,53.000,55.000,55.656,53.000,55.656,50.750,35.000,35.113,34.996,41.438,42.012,39.117,9.259,0.066,28.765,1834.544,1696.585,1836.000,1700.000,0.000,,,,2,1789725006.722,,
3380.335,62.844,64.578,56.438,54.000,54.000,55.000,54.000,53.000,52.000,53.000,52.000,55.000,55.344,53.000,55.344,50.562,35.000,35.113,34.996,41.441,42.016,39.117,8.718,0.064,20.916,1839.184,1696.881,1836.000,1700.000,0.000,,,,2,1789725007.725,,
3381.336,62.641,64.375,56.188,54.000,54.000,56.000,54.000,54.000,52.000,54.000,53.000,54.000,56.297,54.000,56.297,50.375,35.000,35.113,34.996,41.441,42.012,39.121,9.327,0.067,20.372,1827.569,1696.449,1836.000,1700.000,0.000,,,,2,1789725008.724,,
3382.340,63.426,65.930,56.250,62.000,60.000,67.000,69.000,60.000,62.000,58.000,58.000,57.000,72.859,60.000,72.859,50.438,35.000,35.113,34.996,41.445,42.020,39.121,31.666,0.231,29.570,1839.325,1714.784,1836.000,1700.000,0.000,,,,2,1789725009.727,,
3383.343,63.445,65.723,56.750,57.000,55.000,57.000,56.000,55.000,54.000,55.000,54.000,55.000,63.656,54.000,63.656,50.438,35.000,35.113,34.996,41.445,42.020,39.129,23.820,0.149,37.897,1846.078,1697.193,1836.000,1700.000,0.000,,,,2,1789725010.729,,
3384.345,63.246,65.523,56.750,54.000,53.000,55.000,54.000,54.000,52.000,54.000,54.000,55.000,57.078,53.000,57.078,50.562,35.000,35.109,34.996,41.441,42.012,39.129,14.143,0.099,34.468,1839.419,1701.066,1836.000,1700.000,0.000,,,,2,1789725011.733,,
3385.348,63.047,65.324,56.562,57.000,55.000,60.000,56.000,54.000,54.000,54.000,54.000,55.000,60.000,54.000,56.922,50.625,35.000,35.109,34.996,41.445,42.020,39.133,9.322,0.069,25.275,1841.960,1707.375,1836.000,1700.000,0.000,,,,2,1789725012.736,,
3386.353,62.836,65.113,56.375,53.000,53.000,55.000,53.000,53.000,52.000,54.000,53.000,54.000,56.359,53.000,56.359,50.562,35.000,35.109,34.996,41.449,42.023,39.133,12.392,0.082,22.722,1827.829,1709.134,1836.000,1700.000,0.000,,,,2,1789725013.739,,
3387.358,62.629,64.906,56.250,54.000,53.000,55.000,54.000,53.000,52.000,54.000,53.000,54.000,56.188,53.000,56.188,50.500,35.000,35.109,34.996,41.445,42.020,39.137,12.024,0.078,25.678,1860.696,1703.424,1836.000,1700.000,0.000,,,,2,1789725014.746,,
3388.363,62.520,64.797,56.000,57.000,56.000,57.000,56.000,54.000,54.000,54.000,54.000,54.000,59.062,55.000,59.062,50.312,35.000,35.109,34.996,41.445,42.020,39.137,11.629,0.075,23.035,1827.764,1696.905,1836.000,1700.000,0.000,,,,2,1789725015.752,,
3389.368,62.262,64.539,56.000,53.000,53.000,54.000,53.000,53.000,51.000,53.000,52.000,53.000,54.250,52.000,54.250,50.125,35.000,35.109,34.996,41.445,42.012,39.141,7.093,0.061,23.386,1846.428,1711.271,1836.000,1700.000,0.000,,,,2,1789725016.759,,
3390.370,62.051,64.328,55.875,53.000,52.000,54.000,53.000,53.000,51.000,53.000,52.000,53.000,55.531,52.000,55.531,50.188,35.000,35.109,34.996,41.441,42.012,39.141,10.092,0.075,19.094,1827.745,1696.593,1836.000,1700.000,0.000,,,,2,1789725017.762,,
3391.373,61.820,64.098,55.750,52.000,53.000,54.000,53.000,53.000,51.000,52.000,51.000,53.000,54.703,52.000,54.703,49.938,35.000,35.109,34.996,41.441,42.008,39.145,9.840,0.070,21.619,1839.221,1696.697,1836.000,1700.000,0.000,,,,2,1789725018.762,,
3392.377,61.590,63.867,55.625,53.000,53.000,54.000,53.000,52.000,51.000,53.000,51.000,53.000,54.500,52.000,54.500,49.938,35.000,35.109,34.996,41.441,42.004,39.145,8.062,0.059,20.932,1832.658,1697.497,1836.000,1700.000,0.000,,,,2,1789725019.764,,
3393.380,61.352,63.629,55.562,52.000,53.000,54.000,52.000,52.000,51.000,52.000,52.000,53.000,54.000,52.000,53.906,49.875,35.000,35.109,34.996,41.441,42.000,39.148,7.283,0.059,19.575,1827.782,1697.153,1836.000,1700.000,0.000,,,,2,1789725020.770,,
3394.384,61.168,63.445,55.312,53.000,53.000,55.000,53.000,53.000,52.000,52.000,52.000,53.000,55.469,52.000,55.469,49.750,35.000,35.105,34.996,41.441,42.000,39.148,10.027,0.068,18.899,1851.252,1697.161,1836.000,1700.000,0.000,,,,2,1789725021.771,,
3395.386,60.992,63.270,55.188,64.000,53.000,56.000,55.000,53.000,53.000,53.000,56.000,54.000,64.000,54.000,55.500,49.500,35.000,35.105,34.996,41.438,41.992,39.148,8.883,0.064,21.511,1827.801,1697.121,1836.000,1700.000,0.000,,,,2,1789725022.775,,
3396.389,60.809,63.086,55.250,52.000,51.000,54.000,52.000,52.000,51.000,52.000,51.000,53.000,55.125,51.000,55.125,49.625,35.000,35.105,34.996,41.438,41.988,39.148,13.391,0.083,20.867,1827.838,1693.249,1836.000,1700.000,0.000,,,,2,1789725023.776,,
3397.389,60.703,62.980,55.188,54.000,53.000,55.000,54.000,53.000,52.000,52.000,52.000,53.000,57.453,53.000,57.453,49.438,35.000,35.105,34.996,41.434,41.980,39.148,12.491,0.082,25.043,1841.913,1697.353,1836.000,1700.000,0.000,,,,2,1789725024.778,,
3398.390,60.469,62.746,54.938,52.000,51.000,53.000,52.000,51.000,50.000,52.000,51.000,52.000,53.203,51.000,53.203,49.375,35.000,35.105,34.996,41.434,41.977,39.148,7.167,0.058,24.699,1827.912,1717.197,1836.000,1700.000,0.000,,,,2,1789725025.778,,
3399.394,60.246,62.523,54.875,52.000,51.000,53.000,52.000,52.000,50.000,52.000,51.000,52.000,53.344,51.000,53.344,49.375,35.000,35.105,34.996,41.434,41.969,39.148,7.791,0.060,18.702,1846.646,1697.641,1836.000,1700.000,0.000,,,,2,1789725026.781,,
3400.397,60.109,62.387,54.938,63.000,54.000,54.000,55.000,53.000,52.000,53.000,52.000,53.000,63.000,54.000,55.859,49.125,35.000,35.105,34.996,41.430,41.965,39.148,14.001,0.086,19.641,1837.531,1697.409,1836.000,1700.000,0.000,,,,2,1789725027.787,,
3401.401,59.918,62.195,54.625,52.000,51.000,54.000,52.000,52.000,50.000,51.000,51.000,53.000,54.078,52.000,54.078,49.188,35.000,35.105,34.996,41.430,41.957,39.148,10.369,0.069,25.302,1828.237,1697.705,1836.000,1700.000,0.000,,,,2,1789725028.788,,
3402.405,59.809,62.086,54.688,52.000,51.000,54.000,52.000,53.000,51.000,52.000,51.000,53.000,56.328,52.000,56.328,49.000,35.000,35.105,34.996,41.426,41.949,39.145,14.578,0.093,22.344,1841.941,1711.385,1836.000,1700.000,0.000,,,,2,1789725029.796,,
3403.409,59.629,61.906,54.688,52.000,51.000,54.000,52.000,52.000,51.000,52.000,51.000,52.000,54.062,52.000,54.062,49.000,35.000,35.105,34.996,41.426,41.941,39.145,9.209,0.065,26.804,1828.144,1699.933,1836.000,1700.000,0.000,,,,2,1789725030.798,,
3404.410,59.422,61.699,54.500,51.000,51.000,52.000,51.000,51.000,50.000,51.000,51.000,52.000,52.984,51.000,52.984,48.938,35.000,35.098,34.996,41.422,41.934,39.145,9.805,0.072,20.796,1842.026,1697.393,1836.000,1700.000,0.000,,,,2,1789725031.798,,
3405.414,59.195,61.473,54.375,52.000,51.000,52.000,51.000,51.000,50.000,51.000,51.000,51.000,52.234,51.000,52.234,48.750,35.000,35.098,34.996,41.418,41.926,39.141,7.033,0.060,21.134,1830.412,1711.441,1836.000,1700.000,0.000,,,,2,1789725032.803,,
3406.417,59.004,61.281,54.188,51.000,52.000,53.000,52.000,51.000,50.000,51.000,51.000,52.000,53.094,51.000,53.094,48.812,35.000,35.098,34.996,41.418,41.914,39.137,8.616,0.066,18.587,1839.870,1697.041,1836.000,1700.000,0.000,,,,2,1789725033.804,,
3407.419,58.898,61.176,54.125,55.000,53.000,60.000,58.000,53.000,52.000,53.000,52.000,53.000,60.000,53.000,55.625,48.625,35.000,35.098,34.996,41.414,41.910,39.137,10.698,0.069,20.279,1827.857,1687.329,1836.000,1700.000,0.000,,,,2,1789725034.809,,
3408.419,58.699,60.977,54.062,51.000,50.000,52.000,51.000,51.000,50.000,50.000,50.000,52.000,52.516,51.000,52.516,48.562,35.000,35.098,34.996,41.410,41.898,39.133,8.020,0.061,22.096,1834.862,1683.746,1836.000,1700.000,0.000,,,,2,1789725035.809,,
3409.419,58.504,60.781,54.000,51.000,51.000,52.000,51.000,51.000,50.000,50.000,50.000,51.000,52.422,51.000,52.422,48.438,35.000,35.098,34.996,41.410,41.891,39.129,8.411,0.059,19.485,1832.854,1695.626,1836.000,1700.000,0.000,,,,2,1789725036.807,,
3410.424,58.520,60.797,53.812,52.000,52.000,54.000,52.000,53.000,51.000,52.000,51.000,52.000,59.047,51.000,59.047,48.375,35.000,35.098,34.996,41.402,41.879,39.125,12.545,0.074,20.518,1839.710,1700.986,1836.000,1700.000,0.000,,,,2,1789725037.812,,
3411.429,58.328,60.605,53.812,50.000,51.000,52.000,51.000,51.000,50.000,50.000,50.000,51.000,52.344,50.000,52.344,48.250,35.000,35.098,34.996,41.402,41.871,39.121,7.888,0.059,24.025,1835.096,1696.857,1836.000,1700.000,0.000,,,,2,1789725038.815,,
3412.431,58.273,60.551,53.812,52.000,51.000,53.000,52.000,52.000,50.000,51.000,51.000,52.000,56.594,51.000,56.594,48.188,35.000,35.098,34.996,41.398,41.859,39.117,16.260,0.087,20.953,1837.907,1697.033,1836.000,1700.000,0.000,,,,2,1789725039.821,,
3413.435,58.082,60.359,53.688,51.000,50.000,52.000,51.000,51.000,49.000,50.000,50.000,51.000,52.125,50.000,52.125,48.188,35.000,35.098,34.996,41.395,41.852,39.113,6.926,0.058,26.889,1828.274,1711.181,1836.000,1700.000,0.000,,,,2,1789725040.825,,
3414.436,57.887,60.164,53.500,50.000,50.000,52.000,50.000,50.000,49.000,49.000,50.000,51.000,52.000,50.000,51.891,48.125,35.000,35.094,34.996,41.391,41.840,39.105,6.985,0.059,18.248,1839.804,1701.428,1836.000,1700.000,0.000,,,,2,1789725041.825,,
3415.436,57.703,59.980,53.500,51.000,49.000,52.000,50.000,50.000,49.000,50.000,49.000,51.000,52.000,49.000,51.984,48.000,35.000,35.094,34.996,41.387,41.828,39.102,8.040,0.062,18.373,1835.040,1707.172,1836.000,1700.000,0.000,,,,2,1789725042.825,,
3416.439,57.500,59.777,53.250,50.000,49.000,51.000,50.000,50.000,49.000,50.000,49.000,51.000,51.250,49.000,51.250,47.875,35.000,35.094,34.996,41.383,41.820,39.094,6.493,0.061,19.504,1839.898,1697.521,1836.000,1700.000,0.000,,,,2,1789725043.830,,
3417.442,57.438,59.715,53.250,51.000,51.000,53.000,52.000,53.000,50.000,50.000,51.000,51.000,55.438,50.000,55.438,47.938,35.000,35.094,34.996,41.375,41.805,39.090,11.112,0.072,18.101,1849.426,1697.409,1836.000,1700.000,0.000,,,,2,1789725044.829,,
3418.446,57.301,59.578,53.188,53.000,51.000,53.000,52.000,51.000,57.000,51.000,50.000,51.000,57.000,51.000,53.047,47.938,35.000,35.094,34.996,41.371,41.793,39.082,11.327,0.074,22.699,1828.692,1705.717,1836.000,1700.000,0.000,,,,2,1789725045.835,,
3419.450,57.117,59.395,53.188,50.000,49.000,51.000,49.000,50.000,49.000,50.000,49.000,50.000,51.500,49.000,51.500,47.750,35.000,35.094,34.996,41.367,41.781,39.074,9.188,0.069,22.855,1830.915,1689.538,1836.000,1700.000,0.000,,,,2,1789725046.838,,
3420.451,57.090,59.367,52.938,52.000,51.000,52.000,52.000,50.000,50.000,50.000,50.000,51.000,56.156,52.000,56.156,47.688,35.000,35.094,34.996,41.359,41.766,39.066,11.106,0.078,21.055,1828.497,1697.609,1836.000,1700.000,0.000,,,,2,1789725047.839,,
3421.452,56.926,59.203,53.000,50.000,49.000,51.000,50.000,50.000,49.000,50.000,49.000,50.000,51.922,50.000,51.922,47.625,35.000,35.094,34.996,41.355,41.754,39.062,8.149,0.064,22.954,1837.822,1697.489,1836.000,1700.000,0.000,,,,2,1789725048.841,,
3422.453,56.742,59.020,52.875,50.000,49.000,51.000,49.000,49.000,48.000,49.000,49.000,50.000,51.000,49.000,51.000,47.500,35.000,35.094,34.996,41.352,41.742,39.055,6.623,0.056,19.771,1828.395,1697.529,1836.000,1700.000,0.000,,,,2,1789725049.840,,
3423.453,56.582,58.859,52.875,50.000,49.000,52.000,50.000,50.000,49.000,50.000,49.000,51.000,52.000,50.000,51.641,47.375,35.000,35.094,34.996,41.344,41.730,39.047,9.443,0.067,18.105,1849.445,1703.191,1836.000,1700.000,0.000,,,,2,1789725050.841,,
3424.454,56.449,58.727,52.688,50.000,49.000,51.000,50.000,50.000,49.000,50.000,49.000,50.000,52.312,50.000,52.312,47.312,35.000,35.090,34.996,41.340,41.715,39.035,9.436,0.070,21.205,1828.739,1697.961,1836.000,1700.000,0.000,,,,2,1789725051.843,,
3425.459,56.258,58.535,52.500,50.000,48.000,50.000,49.000,49.000,48.000,49.000,49.000,50.000,50.328,49.000,50.328,47.500,35.000,35.090,34.996,41.332,41.703,39.031,6.525,0.053,20.477,1828.757,1697.737,1836.000,1700.000,0.000,,,,2,1789725052.847,,
3426.462,56.113,58.391,52.438,50.000,49.000,51.000,49.000,50.000,48.000,50.000,49.000,50.000,51.672,49.000,51.672,47.312,35.000,35.090,34.996,41.324,41.688,39.020,8.842,0.068,17.968,1842.705,1695.921,1836.000,1700.000,0.000,,,,2,1789725053.850,,
3427.466,55.969,58.246,52.375,50.000,49.000,51.000,50.000,49.000,49.000,49.000,49.000,50.000,51.391,49.000,51.391,47.250,35.000,35.090,34.996,41.320,41.672,39.012,10.156,0.071,21.627,1840.510,1697.136,1836.000,1700.000,0.000,,,,2,1789725054.854,,
3428.468,55.883,58.160,52.438,50.000,49.000,51.000,51.000,50.000,49.000,50.000,49.000,50.000,53.297,50.000,53.297,47.125,35.000,35.090,34.996,41.312,41.660,39.004,15.328,0.098,22.620,1835.461,1698.297,1836.000,1700.000,0.000,,,,2,1789725055.856,,
3429.470,55.738,58.016,52.312,50.000,48.000,50.000,49.000,49.000,49.000,49.000,49.000,50.000,51.234,48.000,51.234,47.125,35.000,35.090,34.996,41.305,41.645,38.996,8.568,0.067,26.945,1840.077,1711.482,1836.000,1700.000,0.000,,,,2,1789725056.857,,
3430.473,55.570,57.848,52.312,50.000,49.000,50.000,49.000,49.000,48.000,49.000,49.000,50.000,50.344,48.000,50.344,47.125,35.000,35.090,34.996,41.301,41.629,38.988,6.646,0.060,19.819,1840.510,1705.409,1836.000,1700.000,0.000,,,,2,1789725057.860,,
3431.476,55.402,57.680,52.188,50.000,49.000,50.000,49.000,49.000,48.000,49.000,49.000,50.000,50.250,48.000,50.250,47.000,35.000,35.090,34.996,41.293,41.613,38.977,7.017,0.058,17.972,1826.234,1701.524,1836.000,1700.000,0.000,,,,2,1789725058.863,,
3432.480,55.371,57.648,52.062,50.000,50.000,53.000,51.000,50.000,49.000,50.000,50.000,51.000,54.406,50.000,54.406,46.938,35.000,35.090,34.996,41.285,41.598,38.965,14.307,0.085,18.680,1833.582,1697.401,1836.000,1700.000,0.000,,,,2,1789725059.867,,
3433.480,55.223,57.500,52.000,50.000,48.000,50.000,49.000,48.000,48.000,49.000,49.000,50.000,50.578,49.000,50.578,46.875,35.000,35.090,34.996,41.277,41.586,38.957,7.373,0.060,25.622,1842.356,1697.569,1836.000,1700.000,0.000,,,,2,1789725060.870,,
3434.485,55.066,57.344,52.062,50.000,49.000,50.000,49.000,48.000,48.000,49.000,49.000,50.000,50.266,49.000,50.266,46.812,35.000,35.086,34.996,41.270,41.570,38.945,7.412,0.064,18.700,1828.423,1697.865,1836.000,1700.000,0.000,,,,2,1789725061.876,,
3435.486,54.926,57.203,51.812,50.000,48.000,50.000,49.000,48.000,48.000,49.000,48.000,50.000,50.562,48.000,50.562,46.750,35.000,35.086,34.996,41.262,41.551,38.934,7.882,0.063,18.805,1842.959,1707.658,1836.000,1700.000,0.000,,,,2,1789725062.875,,
3436.490,55.113,57.391,51.875,56.000,53.000,59.000,55.000,53.000,52.000,52.000,52.000,51.000,59.125,53.000,59.125,46.812,35.000,35.086,34.996,41.254,41.539,38.926,19.522,0.123,20.704,1845.302,1711.458,1836.000,1700.000,0.000,,,,2,1789725063.879,,
3437.494,55.023,57.070,52.062,50.000,50.000,60.000,51.000,50.000,49.000,50.000,49.000,50.000,60.000,50.000,52.266,46.750,35.000,35.086,34.996,41.246,41.523,38.914,10.301,0.070,29.904,1842.837,1698.017,1836.000,1700.000,0.000,,,,2,1789725064.881,,
3438.497,55.832,57.918,52.188,51.000,51.000,53.000,52.000,53.000,50.000,51.000,51.000,51.000,58.266,50.000,58.266,46.812,35.000,35.086,34.996,41.238,41.508,38.906,24.368,0.132,24.602,1843.054,1707.755,1836.000,1700.000,0.000,,,,2,1789725065.884,,
3439.502,56.430,58.488,52.250,52.000,51.000,53.000,52.000,54.000,51.000,52.000,50.000,51.000,58.219,51.000,58.219,46.812,35.000,35.086,34.996,41.230,41.492,38.895,22.779,0.130,35.822,1835.995,1697.497,1836.000,1700.000,0.000,,,,2,1789725066.890,,
3440.503,56.391,58.242,52.312,56.000,57.000,58.000,53.000,59.000,52.000,51.000,50.000,51.000,59.000,53.000,55.297,47.000,35.000,35.086,34.996,41.223,41.477,38.883,12.616,0.081,33.748,1836.051,1689.911,1836.000,1700.000,0.000,,,,2,1789725067.890,,
3441.508,56.250,57.918,52.500,50.000,49.000,51.000,50.000,50.000,49.000,50.000,49.000,50.000,51.812,50.000,51.812,46.938,35.000,35.086,34.996,41.215,41.461,38.875,11.217,0.066,23.344,1852.633,1697.513,1836.000,1700.000,0.000,,,,2,1789725068.896,,
3442.509,56.117,57.785,52.438,51.000,50.000,52.000,51.000,50.000,49.000,50.000,50.000,50.000,52.078,50.000,52.078,46.938,35.000,35.086,34.996,41.207,41.445,38.859,9.353,0.064,22.650,1843.252,1698.249,1836.000,1700.000,0.000,,,,2,1789725069.896,,
3443.511,56.082,57.750,52.375,51.000,50.000,52.000,52.000,51.000,50.000,51.000,49.000,51.000,54.969,50.000,54.969,46.875,35.000,35.086,34.996,41.199,41.430,38.852,14.197,0.081,21.203,1840.547,1697.713,1836.000,1700.000,0.000,,,,2,1789725070.897,,
3444.515,55.930,57.598,52.312,50.000,49.000,50.000,50.000,49.000,48.000,49.000,49.000,50.000,51.156,49.000,51.156,47.000,35.000,35.082,34.996,41.191,41.414,38.840,8.573,0.066,25.402,1815.559,1699.556,1836.000,1700.000,0.000,,,,2,1789725071.904,,
3445.518,55.766,57.434,52.062,52.000,52.000,52.000,51.000,53.000,49.000,50.000,50.000,50.000,53.000,50.000,50.703,46.938,35.000,35.082,34.996,41.184,41.398,38.828,7.165,0.063,19.945,1829.380,1699.428,1836.000,1700.000,0.000,,,,2,1789725072.905,,
3446.520,59.102,61.602,52.375,64.000,58.000,62.000,61.000,67.000,58.000,60.000,55.000,53.000,69.109,56.000,69.109,46.812,35.000,35.082,34.996,41.176,41.383,38.816,33.540,0.217,24.774,1840.745,1701.653,1836.000,1700.000,0.000,,,,2,1789725073.906,,
3447.523,61.449,64.406,52.625,57.000,55.000,60.000,58.000,56.000,56.000,57.000,54.000,53.000,68.500,54.000,68.500,46.938,35.000,35.082,34.996,41.168,41.371,38.805,28.995,0.157,44.617,1829.417,1715.593,1836.000,1700.000,0.000,,,,2,1789725074.910,,
3448.526,61.312,63.973,52.875,53.000,51.000,54.000,58.000,51.000,52.000,51.000,50.000,52.000,58.000,52.000,57.156,47.062,35.000,35.082,34.996,41.160,41.355,38.793,18.206,0.105,36.322,1842.997,1704.142,1836.000,1700.000,0.000,,,,2,1789725075.914,,
3449.531,61.066,63.461,52.875,52.000,51.000,53.000,53.000,62.000,50.000,52.000,50.000,51.000,62.000,52.000,53.406,47.250,35.000,35.082,34.996,41.148,41.340,38.781,9.095,0.070,29.257,1829.073,1691.984,1836.000,1700.000,0.000,,,,2,1789725076.920,,
3450.535,60.867,63.020,52.750,51.000,50.000,52.000,52.000,51.000,49.000,51.000,49.000,51.000,54.656,50.000,54.656,47.312,35.000,35.082,34.996,41.141,41.324,38.770,16.965,0.105,21.484,1840.933,1692.159,1836.000,1700.000,0.000,,,,2,1789725077.922,,
3451.537,60.625,62.777,52.750,51.000,50.000,51.000,51.000,51.000,49.000,50.000,49.000,51.000,53.141,50.000,53.141,47.250,35.000,35.082,34.996,41.133,41.309,38.758,10.973,0.074,29.302,1836.276,1697.649,1836.000,1700.000,0.000,,,,2,1789725078.925,,
3452.540,60.332,62.484,52.688,50.000,49.000,51.000,49.000,50.000,49.000,50.000,49.000,50.000,51.266,49.000,51.266,47.125,35.000,35.082,34.996,41.125,41.297,38.750,6.919,0.060,22.449,1815.504,1707.755,1836.000,1700.000,0.000,,,,2,1789725079.928,,
3453.543,60.078,62.230,52.438,51.000,50.000,52.000,51.000,51.000,49.000,50.000,50.000,51.000,52.250,50.000,52.250,47.125,35.000,35.082,34.996,41.117,41.281,38.738,8.641,0.067,18.328,1843.271,1693.679,1836.000,1700.000,0.000,,,,2,1789725080.931,,
3454.547,59.816,61.969,52.312,50.000,50.000,51.000,50.000,50.000,49.000,50.000,49.000,50.000,51.609,49.000,51.609,47.188,35.000,35.078,34.996,41.109,41.270,38.727,7.929,0.065,19.962,1833.937,1697.481,1836.000,1700.000,0.000,,,,2,1789725081.937,,
3455.549,59.621,61.773,52.188,57.000,52.000,60.000,54.000,51.000,51.000,50.000,50.000,52.000,60.000,52.000,53.609,47.000,35.000,35.078,34.996,41.102,41.254,38.715,8.746,0.067,19.274,1843.441,1697.937,1836.000,1700.000,0.000,,,,2,1789725082.937,,
3456.553,59.363,61.516,52.125,50.000,49.000,51.000,49.000,50.000,49.000,50.000,49.000,50.000,51.391,49.000,51.391,47.000,35.000,35.078,34.996,41.094,41.242,38.707,9.426,0.071,20.134,1843.280,1713.804,1836.000,1700.000,0.000,,,,2,1789725083.940,,
3457.556,59.668,62.191,52.125,64.000,61.000,63.000,66.000,60.000,59.000,55.000,56.000,53.000,66.000,57.000,65.500,46.938,35.000,35.078,34.996,41.086,41.230,38.695,23.737,0.163,25.758,1833.778,1693.950,1836.000,1700.000,0.000,,,,2,1789725084.942,,
3458.561,61.504,64.324,52.500,57.000,54.000,60.000,56.000,65.000,54.000,56.000,52.000,53.000,67.016,54.000,67.016,47.000,35.000,35.078,34.996,41.078,41.215,38.684,28.991,0.167,34.555,1829.324,1698.057,1836.000,1700.000,0.000,,,,2,1789725085.948,,
3459.564,61.453,63.992,52.625,59.000,56.000,61.000,60.000,56.000,56.000,63.000,54.000,54.000,63.000,55.000,59.906,47.000,35.000,35.078,34.996,41.070,41.203,38.676,16.656,0.110,39.495,1829.566,1707.755,1836.000,1700.000,0.000,,,,2,1789725086.951,,
3460.569,61.234,63.520,52.812,51.000,50.000,52.000,55.000,50.000,50.000,50.000,50.000,51.000,55.000,51.000,54.484,47.188,35.000,35.078,34.996,41.062,41.191,38.664,15.568,0.106,28.886,1843.545,1695.889,1836.000,1700.000,0.000,,,,2,1789725087.956,,
3461.570,60.977,63.262,52.688,50.000,49.000,52.000,51.000,50.000,49.000,50.000,50.000,51.000,53.016,50.000,53.016,47.125,35.000,35.078,34.996,41.055,41.180,38.656,9.810,0.075,26.062,1836.266,1691.849,1836.000,1700.000,0.000,,,,2,1789725088.956,,
3462.571,60.781,63.066,52.625,51.000,51.000,52.000,51.000,50.000,49.000,51.000,50.000,51.000,54.703,50.000,54.703,47.188,35.000,35.078,34.996,41.047,41.168,38.645,13.754,0.088,21.548,1829.333,1703.432,1836.000,1700.000,0.000,,,,2,1789725089.961,,
3463.575,60.504,62.789,52.625,50.000,49.000,51.000,50.000,50.000,49.000,50.000,49.000,50.000,51.844,49.000,51.844,47.188,35.000,35.078,34.996,41.039,41.152,38.633,8.367,0.064,25.589,1848.078,1692.055,1836.000,1700.000,0.000,,,,2,1789725090.964,,
3464.578,60.211,62.496,52.438,50.000,49.000,51.000,49.000,50.000,48.000,50.000,49.000,51.000,51.234,50.000,51.234,47.188,35.000,35.074,34.996,41.031,41.141,38.625,7.031,0.061,21.127,1829.259,1700.134,1836.000,1700.000,0.000,,,,2,1789725091.965,,
3465.583,63.074,65.992,52.438,77.000,62.000,69.000,69.000,64.000,64.000,61.000,60.000,57.000,77.000,61.000,71.672,47.062,35.000,35.074,34.996,41.027,41.129,38.613,36.393,0.186,29.904,1843.431,1692.350,1836.000,1700.000,0.000,,,,2,1789725092.971,,
3466.586,62.824,65.449,52.875,53.000,52.000,55.000,53.000,53.000,53.000,53.000,51.000,52.000,55.109,51.000,55.109,47.188,35.000,35.074,34.996,41.020,41.117,38.605,14.607,0.104,39.223,1855.412,1703.682,1836.000,1700.000,0.000,,,,2,1789725093.975,,
3467.591,62.496,65.121,52.875,51.000,49.000,52.000,50.000,50.000,49.000,50.000,50.000,51.000,52.359,50.000,52.359,47.312,35.000,35.074,34.996,41.012,41.105,38.594,9.045,0.065,27.365,1843.790,1705.959,1836.000,1700.000,0.000,,,,2,1789725094.980,,
3468.595,62.180,64.805,52.812,50.000,50.000,52.000,52.000,51.000,50.000,51.000,50.000,51.000,52.406,50.000,52.406,47.188,35.000,35.074,34.996,41.004,41.098,38.586,8.757,0.073,20.206,1831.604,1709.686,1836.000,1700.000,0.000,,,,2,1789725095.984,,
3469.600,61.848,64.473,52.625,50.000,50.000,52.000,50.000,51.000,49.000,51.000,49.000,51.000,52.000,50.000,51.562,47.250,35.000,35.074,34.996,40.996,41.082,38.574,8.533,0.071,20.153,1843.790,1691.872,1836.000,1700.000,0.000,,,,2,1789725096.990,,
3470.604,61.531,64.156,52.500,50.000,49.000,51.000,50.000,50.000,49.000,50.000,49.000,50.000,51.688,49.000,51.688,47.188,35.000,35.074,34.996,40.984,41.062,38.566,8.358,0.063,19.816,1829.352,1686.349,1836.000,1700.000,0.000,,,,2,1789725097.994,,
3471.606,61.289,63.914,52.375,51.000,51.000,53.000,52.000,53.000,50.000,50.000,55.000,50.000,55.000,51.000,53.766,47.062,35.000,35.074,34.996,40.980,41.055,38.559,10.590,0.072,19.661,1838.789,1688.025,1836.000,1700.000,0.000,,,,2,1789725098.993,,
3472.609,61.023,63.648,52.562,50.000,49.000,52.000,51.000,50.000,49.000,50.000,49.000,50.000,52.844,49.000,52.844,46.875,35.000,35.074,34.996,40.973,41.043,38.547,13.362,0.082,22.043,1843.611,1701.870,1836.000,1700.000,0.000,,,,2,1789725099.998,,
3473.610,60.766,63.391,52.375,50.000,49.000,52.000,50.000,50.000,49.000,50.000,49.000,51.000,52.766,49.000,52.766,47.000,35.000,35.074,34.996,40.965,41.031,38.539,12.674,0.080,26.023,1836.360,1692.294,1836.000,1700.000,0.000,,,,2,1789725100.998,,
3474.613,60.543,63.168,52.250,50.000,49.000,52.000,51.000,50.000,49.000,50.000,50.000,50.000,53.609,50.000,53.609,46.875,35.000,35.070,34.996,40.961,41.023,38.527,10.542,0.071,24.242,1829.575,1707.723,1836.000,1700.000,0.000,,,,2,1789725102.002,,
3475.613,60.238,62.863,52.250,50.000,49.000,50.000,49.000,49.000,49.000,50.000,49.000,50.000,50.750,49.000,50.750,46.938,35.000,35.070,34.996,40.949,41.012,38.520,7.730,0.062,21.640,1843.431,1703.312,1836.000,1700.000,0.000,,,,2,1789725103.000,,
3476.614,60.027,62.652,52.062,51.000,51.000,51.000,58.000,50.000,51.000,50.000,50.000,51.000,58.000,51.000,53.562,46.812,35.000,35.070,34.996,40.945,41.000,38.508,11.318,0.076,19.393,1841.197,1696.313,1836.000,1700.000,0.000,,,,2,1789725104.000,,
3477.616,59.836,62.461,52.062,55.000,59.000,54.000,53.000,52.000,51.000,54.000,50.000,52.000,59.000,53.000,53.797,46.938,35.000,35.070,34.996,40.938,40.988,38.500,9.730,0.071,22.503,1855.096,1699.829,1836.000,1700.000,0.000,,,,2,1789725105.004,,
3478.619,59.617,62.242,52.000,50.000,49.000,52.000,51.000,50.000,49.000,50.000,49.000,50.000,52.906,49.000,52.906,46.812,35.000,35.070,34.996,40.930,40.977,38.492,15.057,0.094,21.405,1840.990,1697.681,1836.000,1700.000,0.000,,,,2,1789725106.006,,
3479.620,59.398,62.023,52.000,50.000,49.000,52.000,50.000,50.000,49.000,50.000,49.000,50.000,52.656,50.000,52.656,46.688,35.000,35.070,34.996,40.922,40.965,38.480,10.031,0.072,27.292,1831.427,1692.365,1836.000,1700.000,0.000,,,,2,1789725107.011,,
3480.620,59.113,61.738,52.000,49.000,49.000,50.000,49.000,50.000,48.000,50.000,49.000,50.000,50.281,49.000,50.281,46.812,35.000,35.070,34.996,40.914,40.957,38.473,6.795,0.057,21.136,1829.352,1700.206,1836.000,1700.000,0.000,,,,2,1789725108.006,,
3481.623,58.902,61.527,51.812,49.000,49.000,51.000,49.000,49.000,49.000,49.000,49.000,50.000,52.250,49.000,52.250,46.562,35.000,35.070,34.996,40.906,40.945,38.465,9.634,0.065,18.059,1838.808,1714.065,1836.000,1700.000,0.000,,,,2,1789725109.012,,
3482.627,58.633,61.258,51.688,49.000,49.000,50.000,49.000,48.000,48.000,49.000,49.000,50.000,50.312,49.000,50.312,46.625,35.000,35.070,34.996,40.902,40.934,38.457,7.133,0.059,20.846,1829.482,1704.497,1836.000,1700.000,0.000,,,,2,1789725110.016,,
3483.631,58.375,61.000,51.562,50.000,49.000,50.000,49.000,49.000,48.000,49.000,49.000,50.000,50.391,49.000,50.391,46.562,35.000,35.070,34.996,40.891,40.922,38.445,7.493,0.064,18.308,1833.703,1697.977,1836.000,1700.000,0.000,,,,2,1789725111.018,,
3484.631,58.273,60.898,51.562,55.000,53.000,53.000,54.000,53.000,52.000,51.000,63.000,51.000,63.000,52.000,55.078,46.500,35.000,35.066,34.996,40.887,40.914,38.438,13.659,0.083,19.228,1834.544,1692.445,1836.000,1700.000,0.000,,,,2,1789725112.023,,
3485.633,58.039,60.664,51.625,50.000,49.000,50.000,49.000,49.000,48.000,49.000,49.000,50.000,50.875,49.000,50.875,46.312,35.000,35.066,34.996,40.879,40.898,38.430,10.050,0.071,25.015,1840.990,1703.384,1836.000,1700.000,0.000,,,,2,1789725113.020,,
3486.637,57.836,60.461,51.438,49.000,49.000,52.000,49.000,50.000,49.000,49.000,49.000,50.000,52.000,49.000,51.547,46.562,35.000,35.066,34.996,40.871,40.891,38.422,8.704,0.063,22.097,1834.031,1701.436,1836.000,1700.000,0.000,,,,2,1789725114.025,,
3487.638,57.598,60.223,51.375,49.000,48.000,50.000,49.000,48.000,48.000,49.000,48.000,49.000,50.125,49.000,50.125,46.438,35.000,35.066,34.996,40.863,40.879,38.410,7.450,0.060,19.953,1827.198,1709.759,1836.000,1700.000,0.000,,,,2,1789725115.028,,
3488.641,57.363,59.988,51.312,49.000,49.000,50.000,49.000,48.000,47.000,49.000,48.000,50.000,50.188,49.000,50.188,46.250,35.000,35.066,34.996,40.852,40.863,38.402,7.285,0.062,18.656,1840.867,1711.889,1836.000,1700.000,0.000,,,,2,1789725116.030,,
3489.644,57.141,59.766,51.062,49.000,48.000,50.000,49.000,48.000,48.000,48.000,48.000,49.000,50.156,48.000,50.156,46.250,35.000,35.066,34.996,40.848,40.848,38.395,7.330,0.063,18.498,1836.519,1701.798,1836.000,1700.000,0.000,,,,2,1789725117.032,,
3490.648,56.918,59.543,51.125,49.000,48.000,50.000,49.000,49.000,48.000,48.000,49.000,49.000,50.016,48.000,50.016,46.188,35.000,35.066,34.996,40.836,40.836,38.383,7.260,0.060,18.608,1855.364,1708.153,1836.000,1700.000,0.000,,,,2,1789725118.037,,
3491.652,56.676,59.301,51.000,48.000,48.000,50.000,49.000,48.000,47.000,48.000,48.000,49.000,50.000,48.000,49.203,46.125,35.000,35.066,34.996,40.828,40.816,38.375,6.670,0.058,18.464,1841.234,1701.862,1836.000,1700.000,0.000,,,,2,1789725119.043,,
3492.656,56.449,59.074,50.875,49.000,48.000,50.000,49.000,48.000,47.000,48.000,48.000,49.000,50.000,47.000,49.469,46.062,35.000,35.066,34.996,40.816,40.801,38.367,7.365,0.060,17.901,1829.863,1718.090,1836.000,1700.000,0.000,,,,2,1789725120.043,,
3493.658,56.391,58.754,50.812,57.000,54.000,67.000,54.000,52.000,55.000,50.000,50.000,50.000,67.000,52.000,54.578,45.938,35.000,35.066,34.996,40.809,40.785,38.359,13.486,0.083,19.222,1834.217,1700.439,1836.000,1700.000,0.000,,,,2,1789725121.047,,
3494.661,56.293,58.418,51.000,50.000,50.000,53.000,51.000,50.000,49.000,50.000,49.000,49.000,53.188,49.000,53.188,45.875,35.000,35.062,34.996,40.797,40.770,38.348,15.593,0.111,26.002,1855.488,1686.767,1836.000,1700.000,0.000,,,,2,1789725122.049,,
3495.663,56.164,58.289,51.062,51.000,49.000,52.000,50.000,50.000,49.000,50.000,50.000,49.000,52.250,49.000,52.250,45.938,35.000,35.062,34.996,40.789,40.750,38.336,10.728,0.063,26.956,1841.347,1690.411,1836.000,1700.000,0.000,,,,2,1789725123.051,,
3496.668,56.441,58.438,51.250,59.000,55.000,63.000,59.000,59.000,58.000,56.000,61.000,52.000,63.000,54.000,57.281,46.000,35.000,35.062,34.996,40.777,40.734,38.328,18.489,0.105,23.416,1827.578,1697.921,1836.000,1700.000,0.000,,,,2,1789725124.057,,
3497.669,56.691,58.562,51.375,58.000,62.000,61.000,59.000,59.000,55.000,54.000,55.000,51.000,62.000,55.000,57.438,46.000,35.000,35.062,34.996,40.766,40.719,38.320,22.495,0.134,30.419,1834.152,1701.927,1836.000,1700.000,0.000,,,,2,1789725125.057,,
3498.674,57.387,59.281,51.688,59.000,56.000,61.000,60.000,58.000,55.000,59.000,54.000,52.000,61.000,53.000,59.469,46.125,35.000,35.062,34.996,40.754,40.699,38.309,30.992,0.188,38.565,1829.584,1714.180,1836.000,1700.000,0.000,,,,2,1789725126.061,,
3499.676,58.359,60.355,51.875,58.000,66.000,59.000,60.000,55.000,55.000,53.000,52.000,52.000,66.000,57.000,61.281,46.312,35.000,35.062,34.996,40.742,40.680,38.301,25.331,0.182,40.166,1841.347,1685.898,1836.000,1700.000,0.000,,,,2,1789725127.064,,
3500.680,58.137,59.934,52.000,50.000,49.000,51.000,49.000,49.000,49.000,50.000,49.000,50.000,51.281,49.000,51.281,46.438,35.000,35.062,34.996,40.734,40.664,38.293,10.507,0.076,33.975,1841.432,1699.468,1836.000,1700.000,0.000,,,,2,1789725128.068,,
3501.685,57.902,59.699,51.812,50.000,49.000,51.000,50.000,50.000,49.000,49.000,49.000,50.000,51.000,49.000,50.609,46.438,35.000,35.062,34.996,40.723,40.648,38.281,6.793,0.058,21.596,1841.413,1707.634,1836.000,1700.000,0.000,,,,2,1789725129.071,,
3502.689,57.863,59.480,51.688,60.000,55.000,70.000,59.000,54.000,53.000,52.000,51.000,52.000,70.000,53.000,56.734,46.500,35.000,35.062,34.996,40.711,40.633,38.273,14.540,0.099,18.714,1841.310,1692.270,1836.000,1700.000,0.000,,,,2,1789725130.076,,
3503.693,57.723,59.176,51.625,51.000,49.000,52.000,51.000,51.000,49.000,50.000,49.000,50.000,53.312,50.000,53.312,46.562,35.000,35.062,34.996,40.699,40.617,38.266,12.697,0.080,25.471,1827.077,1697.833,1836.000,1700.000,0.000,,,,2,1789725131.082,,
3504.696,57.590,59.043,51.750,51.000,51.000,52.000,52.000,51.000,50.000,50.000,49.000,50.000,53.453,51.000,53.453,46.375,35.000,35.059,34.996,40.691,40.602,38.254,13.861,0.089,26.040,1829.770,1692.270,1836.000,1700.000,0.000,,,,2,1789725132.082,,
3505.698,57.602,59.055,51.625,57.000,55.000,57.000,58.000,54.000,55.000,53.000,52.000,51.000,58.000,54.000,58.000,46.375,35.000,35.059,34.996,40.680,40.590,38.246,21.897,0.143,26.559,1829.659,1695.889,1836.000,1700.000,0.000,,,,2,1789725133.087,,
3506.702,57.430,58.883,51.750,50.000,49.000,51.000,50.000,50.000,48.000,50.000,49.000,50.000,52.078,50.000,52.078,46.562,35.000,35.059,34.996,40.672,40.578,38.238,13.055,0.085,33.753,1841.451,1694.158,1836.000,1700.000,0.000,,,,2,1789725134.089,,
3507.706,57.258,58.711,51.750,50.000,49.000,51.000,51.000,50.000,49.000,50.000,49.000,50.000,51.969,50.000,51.969,46.500,35.000,35.059,34.996,40.660,40.562,38.227,9.446,0.067,24.308,1829.975,1698.001,1836.000,1700.000,0.000,,,,2,1789725135.093,,
3508.709,57.090,58.543,51.812,50.000,49.000,52.000,51.000,50.000,49.000,50.000,49.000,50.000,52.000,49.000,51.844,46.500,35.000,35.059,34.996,40.652,40.551,38.219,10.064,0.067,21.148,1843.412,1704.021,1836.000,1700.000,0.000,,,,2,1789725136.095,,
3509.713,56.941,58.395,51.562,51.000,50.000,52.000,52.000,50.000,50.000,50.000,58.000,50.000,58.000,50.000,52.344,46.438,35.000,35.059,34.996,40.645,40.539,38.211,8.797,0.063,21.863,1829.538,1698.289,1836.000,1700.000,0.000,,,,2,1789725137.106,,
3510.715,56.828,58.281,51.438,51.000,50.000,52.000,51.000,50.000,50.000,50.000,50.000,50.000,53.328,50.000,53.328,46.438,35.000,35.059,34.996,40.633,40.523,38.203,12.883,0.082,19.587,1841.310,1707.626,1836.000,1700.000,0.000,,,,2,1789725138.104,,
3511.719,56.719,58.172,51.500,57.000,53.000,59.000,54.000,52.000,51.000,50.000,50.000,50.000,59.000,52.000,53.328,46.562,35.000,35.059,34.996,40.625,40.508,38.191,11.041,0.072,24.055,1841.545,1692.358,1836.000,1700.000,0.000,,,,2,1789725139.106,,
3512.723,60.770,63.293,51.812,73.000,67.000,68.000,66.000,77.000,63.000,61.000,69.000,55.000,77.000,60.000,72.922,46.375,35.000,35.059,34.996,40.613,40.492,38.184,42.098,0.209,34.785,1829.668,1709.775,1836.000,1700.000,0.000,,,,2,1789725140.110,,
3513.725,63.918,67.137,52.312,68.000,57.000,78.000,62.000,78.000,61.000,60.000,56.000,54.000,78.000,57.000,73.375,46.688,35.000,35.059,34.996,40.602,40.477,38.176,34.580,0.212,48.254,1840.952,1701.910,1836.000,1700.000,0.000,,,,2,1789725141.113,,
3514.728,63.586,66.480,52.625,51.000,50.000,52.000,51.000,50.000,49.000,50.000,50.000,51.000,53.297,50.000,53.297,46.812,35.000,35.055,34.996,40.594,40.465,38.168,12.322,0.084,41.499,1834.358,1702.578,1836.000,1700.000,0.000,,,,2,1789725142.117,,
3515.730,63.270,65.875,52.438,51.000,50.000,52.000,51.000,51.000,50.000,51.000,50.000,51.000,53.500,50.000,53.500,46.875,35.000,35.055,34.996,40.582,40.453,38.160,11.185,0.068,24.464,1820.738,1705.967,1836.000,1700.000,0.000,,,,2,1789725143.118,,
3516.732,62.934,65.539,52.375,51.000,49.000,52.000,50.000,50.000,49.000,50.000,49.000,51.000,52.562,50.000,52.562,46.938,35.000,35.055,34.996,40.574,40.441,38.156,14.026,0.084,23.281,1832.070,1698.121,1836.000,1700.000,0.000,,,,2,1789725144.118,,
3517.737,62.746,65.352,52.312,56.000,54.000,57.000,58.000,52.000,52.000,51.000,51.000,52.000,58.000,53.000,56.906,46.938,35.000,35.055,34.996,40.566,40.430,38.148,15.195,0.082,26.497,1843.790,1702.538,1836.000,1700.000,0.000,,,,2,1789725145.128,,
3518.739,62.484,65.090,52.562,51.000,50.000,52.000,51.000,50.000,49.000,51.000,50.000,51.000,54.422,49.000,54.422,46.938,35.000,35.055,34.996,40.555,40.418,38.141,18.786,0.106,26.575,1834.451,1694.604,1836.000,1700.000,0.000,,,,2,1789725146.128,,
3519.744,62.254,64.859,52.500,51.000,50.000,52.000,51.000,50.000,49.000,50.000,50.000,51.000,55.016,50.000,55.016,47.000,35.000,35.055,34.996,40.547,40.410,38.133,13.232,0.082,32.804,1834.498,1693.615,1836.000,1700.000,0.000,,,,2,1789725147.133,,
3520.745,61.914,64.520,52.375,50.000,49.000,51.000,50.000,50.000,49.000,49.000,49.000,50.000,51.453,49.000,51.453,46.875,35.000,35.055,34.996,40.539,40.398,38.125,7.895,0.065,26.117,1841.649,1708.128,1836.000,1700.000,0.000,,,,2,1789725148.134,,
3521.747,61.578,64.184,52.312,50.000,49.000,51.000,50.000,50.000,49.000,50.000,49.000,50.000,51.172,49.000,51.172,46.875,35.000,35.055,34.996,40.531,40.387,38.117,8.355,0.064,20.254,1834.339,1711.742,1836.000,1700.000,0.000,,,,2,1789725149.136,,
3522.747,61.461,64.066,52.250,51.000,50.000,52.000,51.000,51.000,50.000,52.000,50.000,51.000,57.797,51.000,57.797,46.875,35.000,35.055,34.996,40.523,40.379,38.113,23.249,0.136,21.514,1829.491,1701.951,1836.000,1700.000,0.000,,,,2,1789725150.136,,
3523.747,61.164,63.770,52.375,50.000,49.000,51.000,50.000,50.000,49.000,50.000,49.000,50.000,51.922,50.000,51.922,46.812,35.000,35.055,34.996,40.520,40.367,38.105,9.150,0.064,32.549,1843.969,1690.101,1836.000,1700.000,0.000,,,,2,1789725151.136,,
3524.751,60.844,63.449,52.250,51.000,49.000,51.000,51.000,50.000,49.000,50.000,49.000,50.000,51.000,50.000,50.969,46.812,35.000,35.055,34.996,40.512,40.359,38.102,8.483,0.066,20.669,1829.780,1692.899,1836.000,1700.000,0.000,,,,2,1789725152.139,,
3525.755,60.668,63.273,52.375,51.000,50.000,52.000,52.000,51.000,50.000,51.000,50.000,50.000,55.188,51.000,55.188,46.812,35.000,35.055,34.996,40.504,40.348,38.094,17.377,0.110,21.108,1841.470,1690.331,1836.000,1700.000,0.000,,,,2,1789725153.143,,
3526.756,60.387,62.992,52.312,50.000,49.000,51.000,50.000,50.000,49.000,50.000,49.000,50.000,51.703,49.000,51.703,46.875,35.000,35.055,34.996,40.496,40.340,38.090,8.956,0.064,28.506,1813.648,1690.800,1836.000,1700.000,0.000,,,,2,1789725154.142,,
3527.756,60.195,62.801,52.250,52.000,50.000,53.000,53.000,52.000,51.000,51.000,51.000,51.000,54.219,51.000,54.219,46.750,35.000,35.055,34.996,40.484,40.328,38.082,11.610,0.075,20.944,1832.098,1697.705,1836.000,1700.000,0.000,,,,2,1789725155.142,,
3528.757,60.500,63.367,52.062,56.000,55.000,60.000,57.000,57.000,54.000,55.000,62.000,53.000,65.703,55.000,65.703,46.750,35.000,35.055,34.996,40.480,40.320,38.078,23.624,0.133,24.734,1841.291,1711.962,1836.000,1700.000,0.000,,,,2,1789725156.143,,
3529.758,60.270,63.137,52.312,51.000,50.000,51.000,50.000,50.000,49.000,50.000,50.000,51.000,53.203,50.000,53.203,46.750,35.000,35.055,34.996,40.473,40.309,38.070,13.080,0.086,33.357,1843.733,1696.377,1836.000,1700.000,0.000,,,,2,1789725157.145,,
3530.759,60.023,62.891,52.250,51.000,49.000,51.000,51.000,50.000,49.000,50.000,49.000,51.000,52.375,49.000,52.375,46.938,35.000,35.055,34.996,40.465,40.301,38.066,10.347,0.062,24.057,1841.131,1704.392,1836.000,1700.000,0.000,,,,2,1789725158.146,,
3531.761,59.781,62.648,52.188,52.000,51.000,54.000,52.000,51.000,50.000,51.000,50.000,50.000,54.000,50.000,52.250,46.875,35.000,35.055,34.996,40.457,40.293,38.062,8.579,0.059,21.974,1829.752,1712.361,1836.000,1700.000,0.000,,,,2,1789725159.150,,
3532.762,59.520,62.387,52.125,50.000,49.000,50.000,50.000,50.000,49.000,49.000,49.000,50.000,51.391,49.000,51.391,46.688,35.000,35.055,34.996,40.449,40.281,38.055,10.579,0.068,20.144,1829.464,1700.022,1836.000,1700.000,0.000,,,,2,1789725160.150,,
3533.765,59.258,62.125,52.062,50.000,49.000,50.000,49.000,49.000,48.000,49.000,49.000,50.000,51.156,49.000,51.156,46.688,35.000,35.055,34.996,40.441,40.273,38.047,10.014,0.062,21.896,1830.133,1698.426,1836.000,1700.000,0.000,,,,2,1789725161.152,,
3534.768,59.051,61.918,52.062,51.000,49.000,51.000,50.000,50.000,49.000,50.000,49.000,51.000,52.656,50.000,52.656,46.750,35.000,35.051,34.996,40.434,40.266,38.043,12.532,0.073,21.631,1836.744,1698.081,1836.000,1700.000,0.000,,,,2,1789725162.157,,
3535.769,58.828,61.695,51.812,50.000,49.000,52.000,50.000,50.000,49.000,50.000,49.000,50.000,52.000,49.000,51.875,46.562,35.000,35.051,34.996,40.426,40.254,38.039,9.995,0.063,24.816,1834.264,1698.474,1836.000,1700.000,0.000,,,,2,1789725163.161,,
3536.772,58.605,61.473,51.875,50.000,50.000,51.000,57.000,49.000,49.000,50.000,49.000,50.000,57.000,50.000,51.812,46.625,35.000,35.051,34.996,40.418,40.246,38.035,7.871,0.057,21.307,1834.077,1712.369,1836.000,1700.000,0.000,,,,2,1789725164.160,,
3537.773,58.422,61.289,51.812,50.000,49.000,52.000,51.000,50.000,49.000,50.000,49.000,50.000,52.656,50.000,52.656,46.625,35.000,35.051,34.996,40.414,40.238,38.027,13.546,0.075,19.807,1840.933,1698.378,1836.000,1700.000,0.000,,,,2,1789725165.161,,
3538.773,58.328,61.195,52.125,50.000,50.000,52.000,51.000,50.000,49.000,50.000,49.000,51.000,55.484,50.000,55.484,46.500,35.000,35.051,34.996,40.402,40.230,38.023,23.196,0.154,27.497,1829.426,1694.413,1836.000,1700.000,0.000,,,,2,1789725166.159,,
3539.775,58.367,61.031,52.125,56.000,56.000,59.000,56.000,57.000,54.000,53.000,53.000,52.000,59.219,54.000,59.219,46.750,35.000,35.051,34.996,40.398,40.223,38.020,23.605,0.138,33.754,1834.227,1679.308,1836.000,1700.000,0.000,,,,2,1789725167.162,,
3540.780,58.910,61.473,52.125,66.000,59.000,64.000,69.000,60.000,59.000,54.000,54.000,53.000,69.000,58.000,60.547,46.688,35.000,35.051,34.996,40.391,40.211,38.012,19.643,0.135,34.686,1829.659,1712.174,1836.000,1700.000,0.000,,,,2,1789725168.166,,
3541.784,59.727,62.277,52.438,58.000,55.000,58.000,58.000,53.000,54.000,53.000,52.000,53.000,62.172,55.000,62.172,46.750,35.000,35.051,34.996,40.383,40.207,38.012,31.182,0.211,34.051,1841.545,1710.409,1836.000,1700.000,0.000,,,,2,1789725169.172,,
3542.788,59.527,61.824,52.562,52.000,51.000,53.000,52.000,51.000,49.000,50.000,50.000,51.000,53.359,51.000,53.359,46.875,35.000,35.051,34.996,40.375,40.195,38.004,10.654,0.074,40.906,1834.470,1702.933,1836.000,1700.000,0.000,,,,2,1789725170.175,,
3543.788,59.273,61.570,52.375,50.000,49.000,51.000,50.000,50.000,49.000,50.000,49.000,50.000,51.406,49.000,51.406,46.938,35.000,35.051,34.996,40.367,40.191,38.000,7.320,0.064,22.395,1841.837,1686.562,1836.000,1700.000,0.000,,,,2,1789725171.177,,
3544.789,59.020,61.316,52.188,50.000,49.000,51.000,50.000,49.000,49.000,49.000,49.000,50.000,51.188,49.000,51.188,46.938,35.000,35.047,34.996,40.363,40.184,37.996,7.781,0.065,18.931,1830.059,1691.928,1836.000,1700.000,0.000,,,,2,1789725172.176,,
3545.794,58.785,61.082,52.188,50.000,49.000,50.000,50.000,49.000,48.000,50.000,49.000,50.000,51.516,49.000,51.516,46.750,35.000,35.047,34.996,40.355,40.176,37.992,10.524,0.075,19.536,1829.622,1679.042,1836.000,1700.000,0.000,,,,2,1789725173.181,,
3546.797,58.562,60.859,52.000,50.000,51.000,52.000,51.000,53.000,49.000,50.000,49.000,50.000,53.000,50.000,51.703,46.812,35.000,35.047,34.996,40.348,40.168,37.984,8.427,0.065,22.269,1834.582,1694.796,1836.000,1700.000,0.000,,,,2,1789725174.185,,
3547.800,58.316,60.613,52.062,50.000,49.000,51.000,49.000,49.000,48.000,49.000,49.000,50.000,51.000,49.000,50.609,46.688,35.000,35.047,34.996,40.344,40.160,37.984,8.772,0.066,20.039,1834.582,1691.102,1836.000,1700.000,0.000,,,,2,1789725175.188,,
3548.800,58.078,60.375,51.875,51.000,49.000,51.000,51.000,50.000,49.000,50.000,49.000,50.000,51.000,50.000,50.781,46.688,35.000,35.047,34.996,40.336,40.152,37.977,9.112,0.069,20.320,1841.573,1694.293,1836.000,1700.000,0.000,,,,2,1789725176.189,,
3549.800,57.867,60.164,51.875,50.000,49.000,51.000,49.000,49.000,48.000,49.000,49.000,50.000,51.266,49.000,51.266,46.688,35.000,35.047,34.996,40.328,40.145,37.973,9.565,0.070,20.873,1853.129,1698.955,1836.000,1700.000,0.000,,,,2,1789725177.189,,
3550.804,57.730,60.027,51.750,50.000,49.000,51.000,51.000,50.000,49.000,50.000,49.000,50.000,53.453,49.000,53.453,46.438,35.000,35.047,34.996,40.320,40.137,37.969,13.557,0.079,21.413,1834.703,1702.772,1836.000,1700.000,0.000,,,,2,1789725178.192,,
3551.809,57.500,59.797,51.812,50.000,50.000,50.000,49.000,49.000,50.000,49.000,49.000,49.000,50.469,49.000,50.469,46.562,35.000,35.047,34.996,40.312,40.129,37.965,7.104,0.060,24.958,1829.789,1692.365,1836.000,1700.000,0.000,,,,2,1789725179.197,,
3552.814,57.277,59.574,51.625,49.000,48.000,50.000,49.000,48.000,48.000,49.000,49.000,50.000,50.312,48.000,50.312,46.500,35.000,35.047,34.996,40.305,40.121,37.961,8.103,0.064,18.297,1830.170,1704.868,1836.000,1700.000,0.000,,,,2,1789725180.202,,
3553.814,57.074,59.371,51.562,49.000,49.000,51.000,49.000,49.000,48.000,49.000,48.000,49.000,51.000,49.000,50.828,46.438,35.000,35.047,34.996,40.297,40.113,37.953,8.741,0.064,19.359,1841.291,1712.337,1836.000,1700.000,0.000,,,,2,1789725181.203,,
3554.817,56.855,59.152,51.500,49.000,48.000,49.000,49.000,48.000,47.000,48.000,48.000,49.000,50.078,48.000,50.078,46.375,35.000,35.047,34.996,40.289,40.105,37.953,7.477,0.063,20.300,1841.687,1698.241,1836.000,1700.000,0.000,,,,2,1789725182.204,,
3555.822,56.652,58.949,51.250,50.000,49.000,50.000,49.000,49.000,48.000,49.000,48.000,49.000,50.312,48.000,50.312,46.250,35.000,35.047,34.996,40.281,40.098,37.945,7.536,0.065,18.693,1836.697,1706.541,1836.000,1700.000,0.000,,,,2,1789725183.210,,
3556.822,56.441,58.738,51.062,49.000,48.000,50.000,49.000,49.000,47.000,48.000,48.000,49.000,50.000,48.000,49.922,46.188,35.000,35.047,34.996,40.277,40.086,37.941,7.079,0.060,18.732,1834.741,1708.396,1836.000,1700.000,0.000,,,,2,1789725184.210,,
3557.823,56.219,58.516,51.062,49.000,48.000,49.000,49.000,48.000,47.000,48.000,48.000,49.000,49.297,48.000,49.297,46.250,35.000,35.047,34.996,40.270,40.078,37.938,7.094,0.061,18.321,1832.555,1684.849,1836.000,1700.000,0.000,,,,2,1789725185.212,,
3558.823,56.027,58.324,51.000,49.000,48.000,50.000,48.000,48.000,47.000,48.000,48.000,49.000,50.141,48.000,50.141,46.000,35.000,35.047,34.996,40.262,40.070,37.934,8.230,0.066,18.278,1832.434,1706.355,1836.000,1700.000,0.000,,,,2,1789725186.213,,
3559.823,55.820,58.117,50.938,49.000,48.000,49.000,48.000,48.000,47.000,48.000,47.000,49.000,49.344,47.000,49.344,46.125,35.000,35.047,34.996,40.254,40.062,37.930,6.959,0.064,19.470,1836.894,1698.025,1836.000,1700.000,0.000,,,,2,1789725187.212,,
3560.828,55.656,57.953,50.875,49.000,55.000,49.000,50.000,49.000,48.000,49.000,48.000,49.000,55.000,50.000,50.594,45.812,35.000,35.047,34.996,40.246,40.055,37.926,8.867,0.068,18.161,1851.023,1703.900,1836.000,1700.000,0.000,,,,2,1789725188.216,,
3561.832,55.469,57.766,50.812,49.000,48.000,50.000,50.000,48.000,48.000,48.000,47.000,49.000,50.000,49.000,49.594,46.000,35.000,35.047,34.996,40.238,40.043,37.918,7.117,0.062,20.314,1829.919,1708.031,1836.000,1700.000,0.000,,,,2,1789725189.220,,
3562.832,55.301,57.598,50.750,49.000,48.000,49.000,49.000,48.000,47.000,48.000,48.000,49.000,50.156,48.000,50.156,45.812,35.000,35.047,34.996,40.230,40.035,37.914,11.601,0.087,18.686,1830.273,1698.025,1836.000,1700.000,0.000,,,,2,1789725190.219,,
3563.837,55.109,57.406,50.688,48.000,48.000,49.000,48.000,48.000,47.000,48.000,47.000,48.000,49.109,47.000,49.109,46.000,35.000,35.047,34.996,40.223,40.027,37.910,7.002,0.062,22.626,1832.611,1694.843,1836.000,1700.000,0.000,,,,2,1789725191.224,,
3564.839,55.082,57.379,50.625,51.000,51.000,53.000,52.000,51.000,50.000,50.000,49.000,49.000,54.281,50.000,54.281,45.750,35.000,35.043,34.996,40.219,40.016,37.902,12.302,0.078,18.554,1837.232,1700.399,1836.000,1700.000,0.000,,,,2,1789725192.227,,
3565.840,54.945,57.242,50.625,49.000,49.000,52.000,49.000,49.000,48.000,49.000,49.000,49.000,52.000,49.000,50.672,45.688,35.000,35.043,34.996,40.211,40.008,37.898,8.378,0.064,23.336,1841.875,1714.465,1836.000,1700.000,0.000,,,,2,1789725193.228,,
3566.840,54.773,57.070,50.625,48.000,48.000,49.000,48.000,48.000,47.000,48.000,47.000,49.000,49.547,47.000,49.547,45.688,35.000,35.043,34.996,40.203,39.996,37.891,10.200,0.070,20.210,1830.552,1698.770,1836.000,1700.000,0.000,,,,2,1789725194.231,,
3567.843,54.605,56.902,50.438,48.000,48.000,49.000,48.000,50.000,47.000,48.000,47.000,49.000,50.000,48.000,49.312,45.688,35.000,35.043,34.996,40.191,39.984,37.887,8.419,0.066,20.955,1841.630,1698.858,1836.000,1700.000,0.000,,,,2,1789725195.233,,
3568.846,54.484,56.781,50.438,49.000,49.000,51.000,49.000,49.000,48.000,48.000,47.000,49.000,51.000,48.000,50.797,45.562,35.000,35.043,34.996,40.188,39.977,37.883,8.969,0.066,19.474,1841.828,1702.281,1836.000,1700.000,0.000,,,,2,1789725196.236,,
3569.849,54.324,56.504,50.312,48.000,48.000,49.000,48.000,48.000,46.000,48.000,47.000,49.000,49.312,47.000,49.312,45.688,35.000,35.043,34.996,40.180,39.969,37.875,7.220,0.062,20.276,1830.431,1704.667,1836.000,1700.000,0.000,,,,2,1789725197.237,,
3570.849,54.184,56.363,50.312,48.000,48.000,49.000,48.000,48.000,47.000,48.000,47.000,48.000,49.875,48.000,49.875,45.625,35.000,35.043,34.996,40.168,39.957,37.871,7.334,0.065,18.536,1837.091,1694.277,1836.000,1700.000,0.000,,,,2,1789725198.238,,
3571.852,54.090,56.270,50.250,49.000,48.000,50.000,49.000,48.000,48.000,49.000,48.000,49.000,51.125,48.000,51.125,45.438,35.000,35.043,34.996,40.160,39.949,37.863,11.526,0.076,18.657,1830.282,1684.297,1836.000,1700.000,0.000,,,,2,1789725199.243,,
3572.856,54.000,56.180,50.125,49.000,49.000,49.000,49.000,48.000,47.000,49.000,48.000,49.000,51.250,48.000,51.250,45.375,35.000,35.043,34.996,40.156,39.938,37.859,9.931,0.066,22.737,1842.252,1700.495,1836.000,1700.000,0.000,,,,2,1789725200.243,,
3573.860,53.934,56.113,50.188,49.000,48.000,50.000,50.000,49.000,48.000,49.000,49.000,49.000,51.891,48.000,51.891,45.438,35.000,35.043,34.996,40.145,39.926,37.852,9.720,0.070,21.483,1841.847,1694.708,1836.000,1700.000,0.000,,,,2,1789725201.255,,
3574.863,53.887,56.066,50.125,53.000,54.000,54.000,53.000,53.000,50.000,51.000,49.000,50.000,54.000,51.000,52.391,45.312,35.000,35.039,34.996,40.137,39.918,37.848,10.691,0.072,21.017,1830.412,1700.584,1836.000,1700.000,0.000,,,,2,1789725202.251,,
3575.865,53.836,56.016,50.250,49.000,48.000,50.000,49.000,49.000,47.000,48.000,48.000,49.000,52.250,48.000,52.250,45.500,35.000,35.039,34.996,40.129,39.906,37.840,13.623,0.082,21.700,1830.021,1716.452,1836.000,1700.000,0.000,,,,2,1789725203.253,,
3576.869,53.707,55.887,50.188,48.000,47.000,49.000,48.000,47.000,47.000,48.000,47.000,49.000,49.719,48.000,49.719,45.375,35.000,35.039,34.996,40.121,39.895,37.832,7.936,0.064,24.933,1832.723,1694.373,1836.000,1700.000,0.000,,,,2,1789725204.258,,
3577.874,53.586,55.766,50.000,48.000,48.000,49.000,49.000,48.000,47.000,48.000,47.000,49.000,49.781,47.000,49.781,45.375,35.000,35.039,34.996,40.113,39.887,37.828,7.835,0.062,19.068,1842.007,1700.640,1836.000,1700.000,0.000,,,,2,1789725205.261,,
3578.875,53.453,55.633,50.000,48.000,48.000,50.000,49.000,48.000,47.000,48.000,47.000,49.000,50.000,47.000,49.422,45.375,35.000,35.039,34.996,40.105,39.875,37.820,7.897,0.063,19.052,1829.910,1698.834,1836.000,1700.000,0.000,,,,2,1789725206.262,,
3579.880,53.328,55.398,49.875,48.000,47.000,49.000,49.000,47.000,46.000,48.000,47.000,49.000,49.391,47.000,49.391,45.250,35.000,35.039,34.996,40.094,39.863,37.812,7.914,0.062,19.153,1830.059,1712.565,1836.000,1700.000,0.000,,,,2,1789725207.267,,
3580.883,53.207,55.277,49.812,48.000,47.000,49.000,48.000,48.000,46.000,48.000,47.000,49.000,49.469,47.000,49.469,45.250,35.000,35.039,34.996,40.086,39.855,37.809,7.653,0.062,19.190,1841.932,1698.610,1836.000,1700.000,0.000,,,,2,1789725208.270,,
3581.883,53.082,55.152,49.812,48.000,47.000,49.000,48.000,47.000,46.000,47.000,47.000,49.000,49.266,47.000,49.266,45.125,35.000,35.039,34.996,40.078,39.844,37.801,7.004,0.058,18.846,1837.222,1708.582,1836.000,1700.000,0.000,,,,2,1789725209.269,,
3582.886,52.969,55.039,49.688,48.000,47.000,49.000,49.000,47.000,47.000,47.000,47.000,49.000,49.422,47.000,49.422,45.188,35.000,35.039,34.996,40.070,39.832,37.793,7.593,0.061,18.105,1842.337,1702.852,1836.000,1700.000,0.000,,,,2,1789725210.273,,
3583.889,52.980,55.051,49.438,49.000,48.000,51.000,49.000,49.000,47.000,48.000,47.000,49.000,53.375,48.000,53.375,45.062,35.000,35.039,34.996,40.062,39.820,37.785,10.517,0.069,18.950,1825.789,1708.842,1836.000,1700.000,0.000,,,,2,1789725211.276,,
3584.892,52.879,54.949,49.562,48.000,47.000,49.000,48.000,47.000,46.000,47.000,47.000,48.000,49.734,47.000,49.734,45.125,35.000,35.039,34.996,40.051,39.812,37.781,7.505,0.059,21.709,1830.496,1708.509,1836.000,1700.000,0.000,,,,2,1789725212.279,,
3585.897,52.758,54.828,49.500,48.000,47.000,49.000,48.000,47.000,46.000,47.000,47.000,48.000,49.000,47.000,48.953,45.000,35.000,35.039,34.996,40.043,39.801,37.770,7.122,0.058,18.685,1842.233,1704.295,1836.000,1700.000,0.000,,,,2,1789725213.284,,
3586.898,52.641,54.711,49.438,48.000,47.000,48.000,48.000,47.000,46.000,48.000,46.000,48.000,49.062,46.000,49.062,45.062,35.000,35.039,34.996,40.035,39.789,37.762,8.127,0.061,18.438,1837.578,1698.634,1836.000,1700.000,0.000,,,,2,1789725214.286,,
3587.898,52.539,54.609,49.438,48.000,48.000,49.000,49.000,47.000,47.000,47.000,47.000,49.000,49.375,47.000,49.375,44.938,35.000,35.039,34.996,40.027,39.777,37.758,8.191,0.060,19.186,1837.569,1687.028,1836.000,1700.000,0.000,,,,2,1789725215.286,,
3588.901,52.457,54.527,49.312,48.000,48.000,50.000,49.000,48.000,47.000,48.000,47.000,49.000,50.000,47.000,49.875,45.000,35.000,35.039,34.996,40.016,39.766,37.750,7.599,0.064,19.662,1842.318,1694.947,1836.000,1700.000,0.000,,,,2,1789725216.289,,
3589.906,52.406,54.395,49.188,49.000,48.000,51.000,49.000,48.000,47.000,48.000,47.000,48.000,51.000,48.000,50.812,44.875,35.000,35.039,34.996,40.008,39.754,37.742,9.795,0.066,18.754,1837.654,1702.764,1836.000,1700.000,0.000,,,,2,1789725217.296,,
3590.907,52.312,54.301,49.312,48.000,47.000,49.000,48.000,47.000,46.000,48.000,47.000,48.000,49.453,47.000,49.453,44.938,35.000,35.039,34.996,40.000,39.742,37.734,9.186,0.068,21.444,1837.625,1698.642,1836.000,1700.000,0.000,,,,2,1789725218.296,,
3591.911,52.207,54.195,49.312,48.000,47.000,49.000,48.000,48.000,46.000,47.000,47.000,48.000,49.000,48.000,48.984,44.812,35.000,35.039,34.996,39.988,39.730,37.727,7.251,0.061,19.869,1830.840,1695.123,1836.000,1700.000,0.000,,,,2,1789725219.299,,
3592.915,52.117,54.105,49.125,48.000,47.000,49.000,48.000,47.000,46.000,47.000,46.000,49.000,49.250,47.000,49.250,44.750,35.000,35.039,34.996,39.980,39.719,37.719,8.181,0.065,18.453,1830.906,1692.604,1836.000,1700.000,0.000,,,,2,1789725220.303,,
3593.919,52.086,54.074,49.062,49.000,48.000,50.000,49.000,48.000,47.000,48.000,48.000,48.000,51.109,47.000,51.109,44.750,35.000,35.039,34.996,39.973,39.707,37.711,10.492,0.071,19.551,1830.366,1703.876,1836.000,1700.000,0.000,,,,2,1789725221.306,,
3594.920,52.105,54.094,49.125,52.000,54.000,51.000,51.000,49.000,50.000,48.000,47.000,48.000,54.000,50.000,52.609,44.750,35.000,35.035,34.996,39.965,39.699,37.703,11.218,0.083,22.407,1830.384,1708.307,1836.000,1700.000,0.000,,,,2,1789725222.307,,
3595.920,52.242,54.234,49.438,49.000,48.000,50.000,49.000,50.000,47.000,48.000,48.000,49.000,54.297,48.000,54.297,44.688,35.000,35.035,34.996,39.957,39.684,37.695,19.710,0.109,22.605,1842.441,1707.999,1836.000,1700.000,0.000,,,,2,1789725223.308,,
3596.921,52.516,54.391,49.375,52.000,53.000,53.000,53.000,58.000,50.000,50.000,49.000,50.000,58.000,52.000,53.344,44.812,35.000,35.035,34.996,39.945,39.676,37.688,12.671,0.081,31.825,1837.644,1697.937,1836.000,1700.000,0.000,,,,2,1789725224.309,,
3597.924,53.031,54.875,49.688,49.000,48.000,50.000,49.000,48.000,48.000,48.000,47.000,49.000,54.578,48.000,54.578,44.938,35.000,35.035,34.996,39.938,39.660,37.680,17.034,0.090,24.309,1842.252,1693.209,1836.000,1700.000,0.000,,,,2,1789725225.311,,
3598.926,53.156,54.867,49.625,49.000,49.000,51.000,50.000,49.000,49.000,49.000,47.000,49.000,53.672,49.000,53.672,44.875,35.000,35.035,34.996,39.930,39.652,37.672,12.344,0.073,28.354,1837.635,1688.777,1836.000,1700.000,0.000,,,,2,1789725226.312,,
3599.930,53.078,54.617,49.562,50.000,49.000,52.000,52.000,52.000,49.000,48.000,47.000,48.000,52.000,48.000,50.719,45.000,35.000,35.035,34.996,39.926,39.641,37.664,8.704,0.064,23.413,1830.664,1700.520,1836.000,1700.000,0.000,,,,2,1789725227.316,,
