t,TC0E,TC0F,TC0P,TC1C,TC2C,TC3C,TC4C,TC5C,TC6C,TC7C,TC8C,TCGC,TCMX,TCSA,TCXC,TG0P,TGDD,TGDF,Ts0P,Ts0S,Ts1S,Ts2S,PC0R,PG0R,PSTR,F0Ac,F1Ac,F0Tg,F1Tg,F0Md,ioreg.gpu.temp,ioreg.gpu.power,ioreg.gpu.activity,ioreg.gpu.pcipower,sys.wall,sys.speed_limit,sys.on_ac
0.000,43.441,44.461,41.688,40.000,40.000,41.000,42.000,40.000,40.000,40.000,41.000,41.000,42.000,40.000,53.438,38.625,35.000,35.812,27.996,32.887,33.559,31.918,13.603,0.148,14.037,1841.413,1700.246,1836.000,1700.000,0.000,,,,2,1789717900.307,100,0
1.003,45.938,47.602,41.750,44.000,41.000,43.000,43.000,41.000,41.000,41.000,41.000,42.000,59.000,42.000,45.484,38.625,35.000,35.812,27.996,32.887,33.551,31.910,12.745,0.141,22.350,1839.259,1710.433,1836.000,1700.000,0.000,,,,2,1789717901.313,100,0
2.004,45.922,47.422,41.875,41.000,41.000,43.000,43.000,40.000,41.000,41.000,41.000,42.000,45.484,41.000,43.094,38.812,35.000,35.812,27.996,32.887,33.543,31.902,7.460,0.100,20.068,1836.510,1694.700,1836.000,1700.000,0.000,,,,2,1789717902.315,100,0
3.005,45.832,47.180,42.062,49.000,44.000,52.000,47.000,45.000,43.000,45.000,43.000,44.000,43.094,44.000,44.016,38.812,35.000,35.812,27.996,32.883,33.539,31.895,8.701,0.126,15.464,1835.087,1694.652,1836.000,1700.000,0.000,,,,2,1789717903.314,100,0
4.010,45.777,46.992,42.062,42.000,41.000,43.000,42.000,41.000,41.000,41.000,41.000,42.000,43.625,41.000,43.625,38.812,35.000,35.809,27.996,32.883,33.527,31.875,12.723,0.177,18.498,1839.062,1714.351,1836.000,1700.000,0.000,,,,2,1789717904.322,100,0
5.012,45.711,46.805,42.125,40.000,41.000,42.000,41.000,41.000,40.000,41.000,41.000,42.000,42.109,41.000,42.109,38.875,35.000,35.770,27.996,32.879,33.520,31.871,5.401,0.112,20.248,1848.704,1702.586,1836.000,1700.000,0.000,,,,2,1789717905.324,100,0
6.012,45.598,46.691,42.062,44.000,43.000,44.000,44.000,43.000,42.000,42.000,43.000,42.000,46.734,43.000,46.734,38.938,35.000,35.770,27.996,32.879,33.516,31.863,13.060,0.160,13.236,1832.098,1700.439,1836.000,1700.000,0.000,,,,2,1789717906.323,100,0
7.012,45.637,46.730,42.000,42.000,41.000,42.000,42.000,41.000,41.000,41.000,42.000,42.000,42.812,41.000,42.812,38.875,35.000,35.770,27.996,32.879,33.508,31.855,6.924,0.129,21.385,1846.050,1702.433,1836.000,1700.000,0.000,,,,2,1789717907.324,100,0
8.013,45.547,46.641,42.062,42.000,41.000,43.000,42.000,41.000,41.000,41.000,41.000,42.000,43.672,42.000,43.672,39.000,35.000,35.770,27.996,32.879,33.500,31.848,9.629,0.147,14.937,1825.132,1696.073,1836.000,1700.000,0.000,,,,2,1789717908.324,100,0
9.018,45.383,46.477,41.938,41.000,41.000,42.000,42.000,41.000,40.000,41.000,41.000,42.000,42.156,41.000,42.156,38.812,35.000,35.770,27.996,32.879,33.496,31.836,5.805,0.125,17.798,1836.669,1704.344,1836.000,1700.000,0.000,,,,2,1789717909.333,100,0
10.019,45.277,46.371,42.000,41.000,41.000,42.000,42.000,40.000,40.000,41.000,41.000,42.000,42.031,41.000,42.031,39.000,35.000,35.770,27.996,32.875,33.492,31.832,5.624,0.122,13.439,1845.453,1694.867,1836.000,1700.000,0.000,,,,2,1789717910.333,100,0
11.020,45.238,46.332,42.000,43.000,42.000,43.000,42.000,41.000,41.000,41.000,42.000,43.000,43.969,42.000,43.969,38.875,35.000,35.770,27.996,32.875,33.484,31.824,13.365,0.160,14.133,1832.024,1710.368,1836.000,1700.000,0.000,,,,2,1789717911.332,100,0
12.020,45.195,46.289,42.062,42.000,41.000,42.000,42.000,41.000,41.000,41.000,41.000,44.000,44.000,41.000,43.844,38.812,35.000,35.770,27.996,32.875,33.480,31.816,10.744,0.128,23.151,1843.894,1706.622,1836.000,1700.000,0.000,,,,2,1789717912.332,100,0
13.020,45.141,46.234,42.125,42.000,41.000,43.000,42.000,41.000,41.000,41.000,42.000,43.000,43.453,41.000,43.453,38.875,35.000,35.770,27.996,32.875,33.477,31.809,11.126,0.137,19.354,1823.117,1694.596,1836.000,1700.000,0.000,,,,2,1789717913.332,100,0
14.021,45.086,46.180,42.188,42.000,42.000,43.000,42.000,40.000,41.000,41.000,41.000,43.000,43.406,42.000,43.406,38.875,35.000,35.770,27.996,32.875,33.473,31.801,8.874,0.133,18.237,1836.753,1694.429,1836.000,1700.000,0.000,,,,2,1789717914.332,100,0
15.021,45.047,46.141,42.062,42.000,41.000,43.000,42.000,41.000,40.000,41.000,42.000,44.000,44.000,42.000,43.859,38.938,35.000,35.730,27.996,32.871,33.461,31.793,10.781,0.128,17.671,1832.667,1694.708,1836.000,1700.000,0.000,,,,2,1789717915.332,100,0
16.021,44.996,46.090,42.250,41.000,41.000,43.000,42.000,40.000,41.000,41.000,41.000,42.000,43.453,41.000,43.453,38.875,35.000,35.730,27.996,32.871,33.465,31.785,9.822,0.126,18.704,1848.381,1699.292,1836.000,1700.000,0.000,,,,2,1789717916.332,100,0
17.021,44.949,46.043,42.312,42.000,42.000,43.000,41.000,41.000,41.000,41.000,42.000,44.000,44.000,42.000,43.484,39.000,35.000,35.730,27.996,32.867,33.461,31.777,8.077,0.124,16.902,1834.647,1686.997,1836.000,1700.000,0.000,,,,2,1789717917.332,100,0
18.021,44.926,46.020,42.250,42.000,42.000,43.000,42.000,41.000,41.000,41.000,42.000,44.000,44.125,42.000,44.125,39.000,35.000,35.730,27.996,32.867,33.461,31.773,10.907,0.124,15.430,1836.819,1703.989,1836.000,1700.000,0.000,,,,2,1789717918.333,100,0
19.021,44.887,45.980,42.312,42.000,42.000,43.000,42.000,40.000,41.000,41.000,41.000,43.000,43.719,41.000,43.719,38.875,35.000,35.730,27.996,32.867,33.457,31.762,10.470,0.128,18.617,1825.410,1702.401,1836.000,1700.000,0.000,,,,2,1789717919.333,100,0
20.022,44.844,45.938,42.312,42.000,41.000,42.000,43.000,41.000,41.000,41.000,41.000,44.000,44.000,42.000,43.453,39.000,35.000,35.730,27.996,32.863,33.457,31.758,8.635,0.131,18.600,1834.769,1704.239,1836.000,1700.000,0.000,,,,2,1789717920.332,100,0
21.022,45.195,46.285,42.438,56.000,51.000,51.000,50.000,59.000,45.000,46.000,44.000,46.000,59.000,47.000,46.250,38.938,35.000,35.730,27.996,32.863,33.457,31.750,13.730,0.143,15.838,1829.882,1706.129,1836.000,1700.000,0.000,,,,2,1789717921.332,100,0
22.024,45.777,46.934,42.812,43.000,43.000,45.000,44.000,43.000,42.000,42.000,43.000,44.000,47.531,44.000,47.531,39.188,35.000,35.730,27.996,32.863,33.457,31.742,25.855,0.234,18.886,1825.003,1694.445,1836.000,1700.000,0.000,,,,2,1789717922.336,100,0
23.026,45.762,46.801,42.938,46.000,44.000,46.000,45.000,44.000,44.000,44.000,44.000,44.000,46.000,44.000,45.344,39.312,35.000,35.730,27.996,32.859,33.457,31.738,12.135,0.152,36.315,1832.136,1703.787,1836.000,1700.000,0.000,,,,2,1789717923.336,100,0
24.027,46.617,47.809,43.188,62.000,54.000,59.000,56.000,64.000,51.000,49.000,47.000,47.000,64.000,51.000,49.188,39.250,35.000,35.730,27.996,32.859,33.457,31.730,19.348,0.200,18.698,1836.604,1692.167,1836.000,1700.000,0.000,,,,2,1789717924.340,100,0
25.027,46.586,47.660,43.375,43.000,43.000,44.000,43.000,42.000,41.000,43.000,43.000,44.000,45.703,42.000,45.703,39.438,35.000,35.695,27.996,32.859,33.453,31.723,16.576,0.168,26.016,1836.360,1688.682,1836.000,1700.000,0.000,,,,2,1789717925.339,100,0
26.029,46.520,47.484,43.375,43.000,42.000,43.000,43.000,42.000,42.000,42.000,42.000,45.000,45.000,42.000,44.422,39.500,35.000,35.695,27.996,32.859,33.457,31.715,8.733,0.128,27.605,1838.977,1704.069,1836.000,1700.000,0.000,,,,2,1789717926.339,100,0
27.029,46.520,47.484,43.375,45.000,44.000,45.000,44.000,43.000,43.000,43.000,43.000,46.000,46.531,44.000,46.531,39.438,35.000,35.695,27.996,32.859,33.457,31.711,15.181,0.154,16.266,1839.118,1704.005,1836.000,1700.000,0.000,,,,2,1789717927.340,100,0
28.029,46.602,47.566,43.500,45.000,46.000,46.000,46.000,44.000,43.000,44.000,44.000,45.000,48.672,44.000,48.672,39.375,35.000,35.695,27.996,32.859,33.461,31.703,21.670,0.207,22.445,1836.707,1699.829,1836.000,1700.000,0.000,,,,2,1789717928.341,100,0
29.029,46.582,47.547,43.562,44.000,44.000,45.000,44.000,43.000,42.000,43.000,44.000,46.000,46.078,43.000,46.078,39.688,35.000,35.695,27.996,32.859,33.457,31.695,11.726,0.159,29.486,1841.423,1688.357,1836.000,1700.000,0.000,,,,2,1789717929.340,100,0
30.034,46.574,47.539,43.625,43.000,44.000,44.000,44.000,42.000,42.000,43.000,43.000,46.000,46.281,43.000,46.281,39.688,35.000,35.695,27.996,32.855,33.461,31.691,14.872,0.162,19.121,1843.847,1699.813,1836.000,1700.000,0.000,,,,2,1789717930.346,100,0
31.036,46.527,47.492,43.688,43.000,42.000,44.000,43.000,42.000,42.000,43.000,43.000,44.000,45.047,43.000,45.047,39.688,35.000,35.695,27.996,32.855,33.465,31.688,12.081,0.149,22.666,1837.053,1710.092,1836.000,1700.000,0.000,,,,2,1789717931.347,100,0
32.036,46.566,47.531,43.688,47.000,45.000,47.000,47.000,45.000,43.000,44.000,44.000,46.000,47.828,45.000,47.828,39.750,35.000,35.695,27.996,32.855,33.469,31.684,13.064,0.163,19.806,1836.903,1712.337,1836.000,1700.000,0.000,,,,2,1789717932.347,100,0
33.040,47.711,49.039,43.875,58.000,48.000,49.000,50.000,47.000,46.000,45.000,45.000,47.000,58.000,49.000,52.297,39.812,35.000,35.695,27.996,32.855,33.473,31.676,19.553,0.189,20.364,1834.731,1692.413,1836.000,1700.000,0.000,,,,2,1789717933.350,100,0
34.043,50.918,53.074,44.188,52.000,49.000,54.000,52.000,72.000,51.000,50.000,48.000,48.000,72.000,50.000,60.547,39.875,35.000,35.691,27.996,32.855,33.473,31.672,29.265,0.230,27.107,1846.163,1709.791,1836.000,1700.000,0.000,,,,2,1789717934.354,100,0
35.044,51.328,53.395,44.625,46.000,45.000,47.000,47.000,45.000,44.000,45.000,45.000,48.000,52.562,45.000,52.562,40.125,35.000,35.656,27.996,32.859,33.480,31.668,26.596,0.219,36.440,1846.031,1692.238,1836.000,1700.000,0.000,,,,2,1789717935.354,100,0
36.045,52.422,54.609,45.000,47.000,47.000,49.000,48.000,47.000,46.000,47.000,47.000,49.000,55.703,47.000,55.703,40.375,35.000,35.656,27.996,32.859,33.484,31.664,35.898,0.220,35.406,1832.238,1693.894,1836.000,1700.000,0.000,,,,2,1789717936.357,100,0
37.045,52.258,54.227,45.062,44.000,44.000,45.000,44.000,44.000,43.000,44.000,44.000,46.000,47.172,44.000,47.172,40.500,35.000,35.656,27.996,32.859,33.484,31.656,13.371,0.145,44.458,1841.432,1708.396,1836.000,1700.000,0.000,,,,2,1789717937.357,100,0
38.048,52.109,54.078,45.125,45.000,45.000,46.000,45.000,44.000,43.000,44.000,44.000,46.000,47.609,45.000,47.609,40.625,35.000,35.656,27.996,32.863,33.492,31.656,13.183,0.151,21.138,1836.781,1696.473,1836.000,1700.000,0.000,,,,2,1789717938.359,100,0
39.051,52.012,53.980,45.188,52.000,52.000,52.000,51.000,49.000,47.000,46.000,46.000,47.000,52.000,48.000,48.922,40.562,35.000,35.656,27.996,32.863,33.500,31.652,14.404,0.148,20.777,1841.460,1704.045,1836.000,1700.000,0.000,,,,2,1789717939.362,100,0
40.052,51.867,53.836,45.250,44.000,45.000,45.000,44.000,44.000,43.000,44.000,44.000,46.000,47.469,44.000,47.469,40.688,35.000,35.656,27.996,32.863,33.504,31.648,15.668,0.170,21.645,1829.752,1700.463,1836.000,1700.000,0.000,,,,2,1789717940.363,100,0
41.054,51.863,53.832,45.312,51.000,47.000,55.000,50.000,47.000,47.000,46.000,46.000,48.000,55.000,48.000,51.672,40.750,35.000,35.656,27.996,32.863,33.508,31.648,22.661,0.231,23.322,1841.470,1694.006,1836.000,1700.000,0.000,,,,2,1789717941.366,100,0
42.058,51.812,53.582,45.375,50.000,47.000,71.000,50.000,47.000,47.000,45.000,45.000,47.000,71.000,48.000,50.203,40.875,35.000,35.656,27.996,32.867,33.516,31.645,13.091,0.148,32.168,1829.649,1711.702,1836.000,1700.000,0.000,,,,2,1789717942.369,100,0
43.060,51.707,53.301,45.562,45.000,45.000,46.000,44.000,44.000,44.000,45.000,44.000,46.000,48.469,44.000,48.469,41.000,35.000,35.656,27.996,32.867,33.523,31.641,19.914,0.173,21.561,1845.737,1705.700,1836.000,1700.000,0.000,,,,2,1789717943.372,100,0
44.062,51.527,53.121,45.562,45.000,44.000,46.000,44.000,44.000,43.000,44.000,44.000,46.000,46.031,44.000,46.031,41.000,35.000,35.656,27.996,32.871,33.527,31.641,8.000,0.118,28.189,1840.943,1705.911,1836.000,1700.000,0.000,,,,2,1789717944.373,100,0
45.062,51.367,52.961,45.500,44.000,45.000,46.000,44.000,44.000,43.000,45.000,44.000,46.000,46.375,44.000,46.375,41.125,35.000,35.625,27.996,32.875,33.539,31.641,10.304,0.124,16.035,1841.413,1706.024,1836.000,1700.000,0.000,,,,2,1789717945.373,100,0
46.062,51.203,52.797,45.312,44.000,44.000,45.000,44.000,43.000,43.000,44.000,44.000,45.000,46.031,44.000,46.031,40.812,35.000,35.625,27.996,32.875,33.543,31.637,10.104,0.124,18.228,1843.800,1696.505,1836.000,1700.000,0.000,,,,2,1789717946.373,100,0
47.062,51.066,52.660,45.438,45.000,45.000,46.000,45.000,44.000,43.000,44.000,44.000,46.000,46.844,45.000,46.844,40.875,35.000,35.625,27.996,32.879,33.551,31.637,14.482,0.156,18.184,1841.225,1694.476,1836.000,1700.000,0.000,,,,2,1789717947.372,100,0
48.066,50.965,52.559,45.438,47.000,46.000,47.000,47.000,44.000,44.000,45.000,45.000,48.000,48.000,46.000,47.797,41.062,35.000,35.625,27.996,32.883,33.559,31.637,15.995,0.171,23.092,1829.287,1702.570,1836.000,1700.000,0.000,,,,2,1789717948.377,100,0
49.068,50.832,52.426,45.562,45.000,45.000,45.000,45.000,44.000,43.000,44.000,44.000,46.000,46.766,44.000,46.766,40.812,35.000,35.625,27.996,32.887,33.570,31.637,14.087,0.159,24.146,1838.789,1702.273,1836.000,1700.000,0.000,,,,2,1789717949.380,100,0
50.072,50.688,52.281,45.500,45.000,45.000,46.000,45.000,45.000,43.000,44.000,44.000,47.000,47.000,45.000,46.266,41.000,35.000,35.625,27.996,32.891,33.574,31.637,10.106,0.150,21.468,1836.519,1706.412,1836.000,1700.000,0.000,,,,2,1789717950.382,100,0
51.076,50.566,52.160,45.438,44.000,44.000,44.000,44.000,44.000,43.000,44.000,44.000,47.000,47.000,44.000,46.719,41.000,35.000,35.625,27.996,32.891,33.586,31.637,12.982,0.143,18.137,1831.623,1709.938,1836.000,1700.000,0.000,,,,2,1789717951.387,100,0
52.077,50.418,52.012,45.438,45.000,45.000,45.000,45.000,44.000,43.000,44.000,44.000,46.000,46.000,44.000,45.875,41.000,35.000,35.625,27.996,32.895,33.594,31.637,10.910,0.136,21.085,1838.724,1702.353,1836.000,1700.000,0.000,,,,2,1789717952.388,100,0
53.078,50.277,51.871,45.375,44.000,44.000,45.000,44.000,44.000,43.000,44.000,44.000,46.000,46.000,44.000,45.938,40.875,35.000,35.625,27.996,32.898,33.602,31.641,10.645,0.144,18.709,1834.386,1686.246,1836.000,1700.000,0.000,,,,2,1789717953.389,100,0
54.078,50.172,51.766,45.438,45.000,46.000,46.000,46.000,44.000,43.000,45.000,44.000,47.000,47.000,45.000,46.891,40.875,35.000,35.625,27.996,32.898,33.609,31.641,12.706,0.142,18.697,1831.819,1706.080,1836.000,1700.000,0.000,,,,2,1789717954.389,100,0
55.083,50.055,51.648,45.375,44.000,44.000,45.000,44.000,43.000,43.000,44.000,44.000,46.000,46.391,43.000,46.391,40.875,35.000,35.594,27.996,32.902,33.617,31.641,12.745,0.147,21.140,1834.442,1709.832,1836.000,1700.000,0.000,,,,2,1789717955.394,100,0
56.085,49.918,51.512,45.438,44.000,44.000,45.000,44.000,43.000,42.000,44.000,44.000,46.000,46.000,44.000,45.656,40.938,35.000,35.594,27.996,32.906,33.629,31.645,7.716,0.121,20.291,1824.984,1694.285,1836.000,1700.000,0.000,,,,2,1789717956.396,100,0
57.086,49.809,51.402,45.438,44.000,45.000,44.000,47.000,44.000,43.000,44.000,44.000,47.000,47.000,44.000,46.438,40.938,35.000,35.594,27.996,32.910,33.637,31.645,11.922,0.135,16.346,1846.012,1694.453,1836.000,1700.000,0.000,,,,2,1789717957.397,100,0
58.086,49.695,51.289,45.375,46.000,44.000,46.000,45.000,44.000,43.000,44.000,44.000,45.000,46.234,44.000,46.234,40.688,35.000,35.594,27.996,32.914,33.645,31.648,12.807,0.139,20.016,1829.501,1693.711,1836.000,1700.000,0.000,,,,2,1789717958.398,100,0
59.087,49.586,51.180,45.500,45.000,44.000,45.000,44.000,43.000,43.000,44.000,44.000,46.000,46.094,44.000,46.094,40.812,35.000,35.594,27.996,32.918,33.652,31.648,11.155,0.132,20.283,1836.135,1696.361,1836.000,1700.000,0.000,,,,2,1789717959.397,100,0
60.088,49.488,51.082,45.438,45.000,46.000,46.000,46.000,44.000,43.000,44.000,44.000,48.000,48.000,45.000,46.547,40.812,35.000,35.594,27.996,32.918,33.656,31.648,13.351,0.153,19.526,1829.361,1710.108,1836.000,1700.000,0.000,,,,2,1789717960.399,100,0
61.093,49.387,50.980,45.438,44.000,44.000,45.000,44.000,44.000,42.000,44.000,44.000,45.000,46.172,44.000,46.172,40.938,35.000,35.594,27.996,32.922,33.664,31.648,12.890,0.152,22.000,1843.422,1706.315,1836.000,1700.000,0.000,,,,2,1789717961.405,100,0
62.095,49.266,50.859,45.375,44.000,44.000,44.000,43.000,43.000,43.000,44.000,44.000,46.000,46.000,43.000,45.594,40.938,35.000,35.594,27.996,32.922,33.672,31.652,7.893,0.119,20.313,1829.696,1702.224,1836.000,1700.000,0.000,,,,2,1789717962.407,100,0
63.099,49.164,50.758,45.312,43.000,44.000,44.000,44.000,43.000,42.000,44.000,44.000,45.000,45.922,43.000,45.922,40.938,35.000,35.594,27.996,32.930,33.680,31.656,10.301,0.121,16.162,1843.186,1700.696,1836.000,1700.000,0.000,,,,2,1789717963.411,100,0
64.102,49.039,50.633,45.250,44.000,43.000,44.000,43.000,43.000,42.000,43.000,44.000,45.000,45.266,43.000,45.266,40.812,35.000,35.594,27.996,32.930,33.688,31.656,9.792,0.127,18.372,1829.185,1702.112,1836.000,1700.000,0.000,,,,2,1789717964.413,100,0
65.104,48.930,50.523,45.188,44.000,44.000,45.000,44.000,43.000,42.000,43.000,44.000,46.000,46.000,43.000,45.484,40.812,35.000,35.562,27.996,32.934,33.695,31.660,8.178,0.122,17.820,1829.408,1700.118,1836.000,1700.000,0.000,,,,2,1789717965.414,100,0
66.104,48.918,50.512,45.125,47.000,46.000,46.000,46.000,45.000,44.000,45.000,45.000,46.000,48.578,45.000,48.578,40.750,35.000,35.562,27.996,32.938,33.699,31.660,14.636,0.151,16.781,1824.781,1700.439,1836.000,1700.000,0.000,,,,2,1789717966.414,100,0
67.104,48.863,50.457,45.375,45.000,44.000,45.000,44.000,44.000,43.000,44.000,45.000,45.000,47.188,44.000,47.188,40.812,35.000,35.562,27.996,32.941,33.707,31.660,14.340,0.164,23.010,1824.512,1694.564,1836.000,1700.000,0.000,,,,2,1789717967.417,100,0
68.104,48.762,50.273,45.250,44.000,44.000,44.000,44.000,43.000,42.000,44.000,43.000,46.000,46.000,43.000,45.562,40.688,35.000,35.562,27.996,32.945,33.715,31.664,8.304,0.125,21.708,1835.658,1700.881,1836.000,1700.000,0.000,,,,2,1789717968.415,100,0
69.104,48.684,50.195,45.312,46.000,47.000,46.000,46.000,45.000,43.000,44.000,44.000,47.000,47.000,45.000,46.234,40.750,35.000,35.562,27.996,32.949,33.723,31.668,12.417,0.139,15.925,1829.445,1710.401,1836.000,1700.000,0.000,,,,2,1789717969.414,100,0
70.105,48.605,50.117,45.312,45.000,45.000,46.000,45.000,44.000,43.000,44.000,44.000,46.000,46.234,45.000,46.234,40.812,35.000,35.562,27.996,32.949,33.730,31.672,13.035,0.149,19.863,1850.281,1696.425,1836.000,1700.000,0.000,,,,2,1789717970.414,100,0
71.110,48.520,50.031,45.188,44.000,45.000,45.000,44.000,44.000,43.000,44.000,44.000,46.000,46.000,44.000,45.859,40.750,35.000,35.562,27.996,32.953,33.734,31.672,10.112,0.145,21.558,1842.997,1695.362,1836.000,1700.000,0.000,,,,2,1789717971.420,100,0
72.114,48.441,49.953,45.188,44.000,44.000,45.000,43.000,44.000,42.000,44.000,44.000,46.000,46.016,43.000,46.016,40.875,35.000,35.562,27.996,32.957,33.742,31.672,11.419,0.134,18.261,1838.545,1688.231,1836.000,1700.000,0.000,,,,2,1789717972.426,100,0
73.117,48.363,49.875,45.312,44.000,43.000,44.000,44.000,43.000,42.000,43.000,44.000,45.000,45.984,43.000,45.984,40.562,35.000,35.562,27.996,32.961,33.750,31.676,10.696,0.131,19.797,1822.508,1698.530,1836.000,1700.000,0.000,,,,2,1789717973.429,100,0
74.119,48.289,49.801,45.188,44.000,44.000,45.000,44.000,43.000,43.000,44.000,44.000,46.000,46.000,44.000,45.984,40.688,35.000,35.562,27.996,32.965,33.754,31.676,9.075,0.132,16.948,1831.688,1700.214,1836.000,1700.000,0.000,,,,2,1789717974.431,100,0
75.123,48.215,49.727,45.188,44.000,44.000,44.000,44.000,43.000,42.000,44.000,44.000,46.000,46.000,43.000,45.906,40.750,35.000,35.535,27.996,32.965,33.758,31.676,10.197,0.123,18.288,1831.316,1710.206,1836.000,1700.000,0.000,,,,2,1789717975.433,100,0
76.126,48.129,49.641,45.188,44.000,44.000,44.000,43.000,43.000,42.000,44.000,43.000,45.000,45.453,43.000,45.453,40.625,35.000,35.535,27.996,32.969,33.766,31.680,9.630,0.124,17.685,1824.827,1700.375,1836.000,1700.000,0.000,,,,2,1789717976.438,100,0
77.128,48.043,49.555,44.938,44.000,44.000,44.000,43.000,43.000,42.000,44.000,43.000,45.000,45.344,43.000,45.344,40.562,35.000,35.535,27.996,32.973,33.773,31.684,7.716,0.114,15.203,1842.865,1705.870,1836.000,1700.000,0.000,,,,2,1789717977.439,100,0
78.128,47.977,49.414,44.938,44.000,44.000,44.000,43.000,44.000,42.000,43.000,44.000,46.000,46.000,43.000,45.938,40.688,35.000,35.535,27.996,32.977,33.777,31.684,10.422,0.124,18.319,1850.253,1710.133,1836.000,1700.000,0.000,,,,2,1789717978.438,100,0
79.128,47.906,49.344,44.875,44.000,44.000,45.000,44.000,43.000,42.000,43.000,44.000,44.000,45.703,43.000,45.703,40.562,35.000,35.535,27.996,32.980,33.777,31.684,11.294,0.140,19.318,1845.198,1700.399,1836.000,1700.000,0.000,,,,2,1789717979.439,100,0
80.133,47.836,49.273,45.000,44.000,44.000,45.000,44.000,43.000,42.000,44.000,44.000,46.000,46.000,43.000,45.672,40.625,35.000,35.535,27.996,32.980,33.785,31.684,10.149,0.143,18.055,1845.463,1694.484,1836.000,1700.000,0.000,,,,2,1789717980.443,100,0
81.136,47.793,49.230,45.000,44.000,44.000,45.000,44.000,43.000,43.000,44.000,44.000,46.000,46.484,43.000,46.484,40.562,35.000,35.535,27.996,32.984,33.789,31.688,13.426,0.146,21.336,1838.357,1691.936,1836.000,1700.000,0.000,,,,2,1789717981.447,100,0
82.136,47.809,49.246,45.000,45.000,45.000,46.000,45.000,45.000,44.000,44.000,45.000,45.000,48.234,44.000,48.234,40.500,35.000,35.535,27.996,32.988,33.793,31.688,14.465,0.158,22.474,1829.352,1692.453,1836.000,1700.000,0.000,,,,2,1789717982.447,100,0
83.138,47.738,49.176,45.000,44.000,44.000,44.000,43.000,43.000,42.000,44.000,44.000,46.000,46.000,43.000,45.594,40.562,35.000,35.535,27.996,32.988,33.797,31.691,8.546,0.122,16.412,1826.577,1700.688,1836.000,1700.000,0.000,,,,2,1789717983.447,100,0
84.143,47.684,49.121,44.875,44.000,45.000,46.000,45.000,43.000,43.000,44.000,44.000,46.000,46.016,44.000,46.016,40.500,35.000,35.535,27.996,32.992,33.801,31.691,11.365,0.134,19.622,1833.657,1706.420,1836.000,1700.000,0.000,,,,2,1789717984.451,100,0
85.145,47.617,49.055,45.062,44.000,43.000,44.000,44.000,43.000,42.000,44.000,44.000,44.000,45.547,43.000,45.547,40.625,35.000,35.508,27.996,32.996,33.809,31.691,11.889,0.143,20.434,1824.374,1700.367,1836.000,1700.000,0.000,,,,2,1789717985.455,100,0
86.150,47.547,48.984,45.000,44.000,43.000,44.000,43.000,42.000,42.000,44.000,43.000,46.000,46.000,43.000,45.375,40.500,35.000,35.508,27.996,32.996,33.812,31.695,7.555,0.120,15.520,1838.179,1682.911,1836.000,1700.000,0.000,,,,2,1789717986.461,100,0
87.152,47.496,48.934,45.000,43.000,43.000,44.000,43.000,43.000,42.000,44.000,44.000,46.000,46.000,43.000,45.938,40.500,35.000,35.508,27.996,33.000,33.816,31.695,10.327,0.125,18.561,1828.776,1710.084,1836.000,1700.000,0.000,,,,2,1789717987.462,100,0
88.155,47.434,48.820,45.000,44.000,44.000,44.000,43.000,43.000,42.000,43.000,43.000,45.000,45.422,43.000,45.422,40.688,35.000,35.508,27.996,33.004,33.820,31.695,9.998,0.129,18.241,1864.155,1700.696,1836.000,1700.000,0.000,,,,2,1789717988.467,100,0
89.159,47.355,48.742,44.750,42.000,43.000,44.000,43.000,43.000,42.000,43.000,43.000,46.000,46.000,43.000,44.984,40.562,35.000,35.508,27.996,33.004,33.824,31.699,7.538,0.123,15.338,1838.442,1694.134,1836.000,1700.000,0.000,,,,2,1789717989.470,100,0
90.161,47.305,48.691,44.812,44.000,43.000,44.000,44.000,43.000,42.000,43.000,44.000,45.000,45.719,43.000,45.719,40.438,35.000,35.508,27.996,33.008,33.824,31.699,10.124,0.120,18.157,1835.976,1701.790,1836.000,1700.000,0.000,,,,2,1789717990.471,100,0
91.161,47.250,48.637,44.750,44.000,43.000,45.000,44.000,44.000,43.000,44.000,44.000,44.000,45.547,43.000,45.547,40.438,35.000,35.508,27.996,33.008,33.828,31.699,12.206,0.139,20.549,1850.253,1694.046,1836.000,1700.000,0.000,,,,2,1789717991.472,100,0
92.165,47.199,48.586,44.875,45.000,45.000,46.000,45.000,45.000,43.000,44.000,44.000,46.000,46.000,44.000,45.672,40.500,35.000,35.508,27.996,33.012,33.832,31.699,11.002,0.143,18.911,1824.725,1693.998,1836.000,1700.000,0.000,,,,2,1789717992.476,100,0
93.168,47.168,48.555,44.812,43.000,44.000,44.000,44.000,44.000,43.000,44.000,43.000,46.000,46.172,43.000,46.172,40.562,35.000,35.508,27.996,33.016,33.836,31.703,13.352,0.151,21.445,1840.990,1693.775,1836.000,1700.000,0.000,,,,2,1789717993.479,100,0
94.171,47.137,48.523,44.938,44.000,44.000,45.000,44.000,43.000,43.000,44.000,44.000,45.000,46.141,44.000,46.141,40.500,35.000,35.508,27.996,33.016,33.840,31.703,14.481,0.170,22.828,1828.971,1701.854,1836.000,1700.000,0.000,,,,2,1789717994.481,100,0
95.171,47.094,48.480,44.875,45.000,44.000,45.000,44.000,44.000,43.000,44.000,44.000,47.000,47.000,43.000,45.812,40.562,35.000,35.480,27.996,33.020,33.844,31.703,9.666,0.146,17.807,1828.915,1693.902,1836.000,1700.000,0.000,,,,2,1789717995.481,100,0
96.171,47.070,48.457,44.875,45.000,46.000,46.000,45.000,44.000,43.000,44.000,44.000,46.000,46.344,45.000,46.344,40.562,35.000,35.480,27.996,33.023,33.848,31.703,14.205,0.164,22.423,1852.081,1694.253,1836.000,1700.000,0.000,,,,2,1789717996.481,100,0
97.173,47.051,48.438,45.062,44.000,44.000,45.000,43.000,43.000,43.000,44.000,44.000,45.000,46.406,43.000,46.406,40.688,35.000,35.480,27.996,33.023,33.852,31.707,17.225,0.172,25.351,1831.632,1706.291,1836.000,1700.000,0.000,,,,2,1789717997.483,100,0
98.176,47.062,48.398,45.062,46.000,45.000,47.000,46.000,45.000,43.000,45.000,44.000,46.000,47.438,45.000,47.438,40.750,35.000,35.480,27.996,33.027,33.855,31.707,14.267,0.183,22.626,1830.980,1712.003,1836.000,1700.000,0.000,,,,2,1789717998.499,100,0
99.178,47.422,49.090,45.562,50.000,48.000,52.000,51.000,49.000,48.000,47.000,47.000,48.000,52.109,48.000,52.109,40.750,35.000,35.480,27.996,33.027,33.855,31.707,37.272,0.290,47.052,1842.780,1693.894,1836.000,1700.000,0.000,,,,2,1789717999.490,100,0
100.183,47.383,49.051,45.625,44.000,44.000,45.000,44.000,44.000,43.000,44.000,44.000,45.000,46.266,44.000,46.266,40.875,35.000,35.480,27.996,33.031,33.859,31.707,10.006,0.134,17.612,1847.698,1704.037,1836.000,1700.000,0.000,,,,2,1789718000.495,100,0
101.186,47.336,49.004,45.562,44.000,44.000,45.000,44.000,44.000,43.000,44.000,44.000,46.000,46.000,43.000,45.828,40.938,35.000,35.480,27.996,33.035,33.863,31.707,7.865,0.124,15.912,1822.056,1700.616,1836.000,1700.000,0.000,,,,2,1789718001.497,100,0
102.190,47.297,48.965,45.500,44.000,44.000,44.000,44.000,44.000,43.000,44.000,44.000,46.000,46.156,44.000,46.156,40.938,35.000,35.480,27.996,33.039,33.867,31.711,10.191,0.126,18.538,1836.360,1699.845,1836.000,1700.000,0.000,,,,2,1789718002.500,100,0
103.190,47.457,49.125,45.562,48.000,47.000,47.000,48.000,45.000,45.000,46.000,45.000,46.000,50.984,47.000,50.984,40.875,35.000,35.480,27.996,33.043,33.871,31.707,17.491,0.190,25.264,1836.079,1694.094,1836.000,1700.000,0.000,,,,2,1789718003.501,100,0
104.193,47.527,49.180,45.438,48.000,46.000,47.000,48.000,45.000,48.000,45.000,46.000,46.000,49.016,46.000,49.016,41.000,35.000,35.480,27.996,33.043,33.875,31.711,9.966,0.132,18.176,1842.856,1696.225,1836.000,1700.000,0.000,,,,2,1789718004.504,100,0
105.197,47.516,49.000,45.562,48.000,51.000,49.000,49.000,50.000,45.000,46.000,52.000,48.000,52.000,46.000,47.266,40.938,35.000,35.457,27.996,33.047,33.879,31.711,13.032,0.148,23.055,1840.350,1693.910,1836.000,1700.000,0.000,,,,2,1789718005.508,100,0
106.200,48.887,50.637,45.438,60.000,56.000,62.000,55.000,51.000,51.000,47.000,51.000,47.000,62.000,51.000,53.000,41.062,35.000,35.457,27.996,33.051,33.883,31.715,17.751,0.222,24.104,1837.766,1692.262,1836.000,1700.000,0.000,,,,2,1789718006.519,100,0
107.205,48.766,50.340,45.625,44.000,43.000,44.000,43.000,43.000,42.000,44.000,44.000,45.000,45.031,43.000,45.031,41.000,35.000,35.457,27.996,33.051,33.887,31.715,5.284,0.107,12.793,1829.101,1702.458,1836.000,1700.000,0.000,,,,2,1789718007.518,100,0
108.205,51.242,53.402,45.562,70.000,56.000,62.000,60.000,69.000,56.000,54.000,53.000,49.000,70.000,54.000,58.672,41.062,35.000,35.457,27.996,33.055,33.887,31.715,25.569,0.243,38.714,1831.241,1700.046,1836.000,1700.000,0.000,,,,2,1789718008.516,100,0
109.205,54.133,56.945,46.188,49.000,49.000,50.000,52.000,49.000,48.000,48.000,47.000,47.000,62.812,49.000,62.812,41.250,35.000,35.457,27.996,33.059,33.887,31.715,43.301,0.270,48.476,1829.045,1700.094,1836.000,1700.000,0.000,,,,2,1789718009.515,100,0
110.209,53.961,56.492,46.438,46.000,46.000,47.000,47.000,45.000,44.000,45.000,46.000,46.000,48.672,45.000,48.672,41.500,35.000,35.457,27.996,33.062,33.891,31.719,9.910,0.130,17.630,1828.952,1706.541,1836.000,1700.000,0.000,,,,2,1789718010.521,100,0
111.211,53.750,56.027,46.438,45.000,45.000,46.000,45.000,44.000,44.000,45.000,44.000,46.000,47.188,44.000,47.188,41.438,35.000,35.457,27.996,33.062,33.895,31.719,9.138,0.135,17.014,1830.999,1693.615,1836.000,1700.000,0.000,,,,2,1789718011.528,100,0
112.211,58.422,61.871,46.688,68.000,63.000,70.000,71.000,70.000,67.000,61.000,65.000,55.000,72.438,58.000,72.438,41.562,35.000,35.457,27.996,33.070,33.895,31.723,54.501,0.242,70.858,1840.698,1707.788,1836.000,1700.000,0.000,,,,2,1789718012.523,100,0
113.212,62.633,67.004,48.062,72.000,64.000,77.000,71.000,73.000,71.000,67.000,70.000,55.000,77.000,59.000,75.266,41.938,35.000,35.457,27.996,33.070,33.895,31.723,76.856,0.240,86.527,1834.040,1703.981,1836.000,1700.000,0.000,,,,2,1789718013.523,100,0
114.216,66.828,72.020,49.500,73.000,59.000,89.000,72.000,62.000,64.000,58.000,78.000,55.000,89.000,59.000,79.422,42.438,35.000,35.457,27.996,33.078,33.898,31.727,76.643,0.255,85.223,1831.250,1700.311,1836.000,1700.000,0.000,,,,2,1789718014.527,100,0
115.217,70.457,76.219,50.750,77.000,71.000,82.000,76.000,79.000,77.000,71.000,76.000,58.000,82.000,63.000,81.344,43.188,35.000,35.434,27.996,33.082,33.902,31.727,82.706,0.316,92.818,1838.188,1694.540,1836.000,1700.000,0.000,,,,2,1789718015.529,100,0
116.221,72.434,78.211,51.938,72.000,66.000,81.000,68.000,68.000,69.000,62.000,68.000,56.000,81.000,61.000,78.359,43.875,35.000,35.434,28.996,33.090,33.910,31.738,69.417,0.426,75.935,1833.395,1693.839,1836.000,1700.000,0.000,,,,2,1789718016.531,100,0
117.226,72.215,77.414,52.438,57.000,55.000,57.000,56.000,54.000,53.000,54.000,52.000,53.000,65.438,54.000,65.438,44.625,35.000,35.434,28.996,33.098,33.918,31.746,38.657,0.299,44.359,1821.918,1701.669,1836.000,1700.000,0.000,,,,2,1789718017.537,100,0
118.226,71.656,76.336,52.125,51.000,51.000,52.000,52.000,51.000,51.000,51.000,53.000,51.000,54.391,50.000,54.391,45.062,35.000,35.434,28.996,33.105,33.926,31.762,14.635,0.180,21.143,1835.517,1717.615,1836.000,1700.000,0.000,,,,2,1789718018.537,100,0
119.228,71.363,75.574,51.750,69.000,70.000,71.000,65.000,59.000,59.000,55.000,54.000,53.000,71.000,61.000,62.344,45.125,35.000,35.434,28.996,33.113,33.934,31.770,16.528,0.180,19.704,1833.171,1712.304,1836.000,1700.000,0.000,,,,2,1789718019.538,100,0
120.228,70.848,75.059,51.812,55.000,53.000,53.000,52.000,52.000,50.000,51.000,50.000,52.000,55.000,52.000,54.797,45.250,35.000,35.434,28.996,33.125,33.945,31.785,22.729,0.230,36.648,1831.083,1686.799,1836.000,1700.000,0.000,,,,2,1789718020.538,100,0
121.228,70.531,74.742,51.750,63.000,59.000,62.000,59.000,56.000,57.000,54.000,53.000,53.000,63.000,56.000,60.781,45.375,35.000,35.434,28.996,33.137,33.969,31.801,32.717,0.318,41.018,1826.169,1710.409,1836.000,1700.000,0.000,,,,2,1789718021.538,100,0
122.229,70.266,74.477,51.625,56.000,54.000,56.000,56.000,55.000,53.000,53.000,52.000,53.000,61.938,54.000,61.938,45.500,35.000,35.434,28.996,33.145,33.980,31.812,23.603,0.233,31.334,1835.611,1694.158,1836.000,1700.000,0.000,,,,2,1789718022.539,100,0
123.229,69.832,74.043,51.688,52.000,52.000,54.000,53.000,52.000,51.000,52.000,51.000,53.000,56.453,51.000,56.453,45.625,35.000,35.434,28.996,33.156,33.996,31.828,19.394,0.207,30.140,1842.978,1682.557,1836.000,1700.000,0.000,,,,2,1789718023.539,100,0
124.233,69.578,73.789,51.562,55.000,54.000,58.000,56.000,54.000,53.000,53.000,52.000,52.000,61.641,54.000,61.641,45.688,35.000,35.434,28.996,33.168,34.012,31.844,19.888,0.209,26.850,1835.274,1697.865,1836.000,1700.000,0.000,,,,2,1789718024.546,100,0
125.234,69.090,73.301,51.875,52.000,50.000,52.000,51.000,50.000,49.000,50.000,50.000,50.000,54.062,50.000,54.062,45.688,35.000,35.414,28.996,33.180,34.027,31.859,18.473,0.239,29.965,1842.205,1713.690,1836.000,1700.000,0.000,,,,2,1789718025.547,100,0
126.234,68.598,72.809,51.750,51.000,52.000,52.000,52.000,51.000,49.000,50.000,50.000,51.000,53.297,50.000,53.297,45.688,35.000,35.414,28.996,33.195,34.047,31.879,11.430,0.148,19.381,1837.719,1692.159,1836.000,1700.000,0.000,,,,2,1789718026.546,100,0
127.238,68.246,72.457,51.625,69.000,58.000,63.000,65.000,68.000,60.000,54.000,54.000,52.000,69.000,56.000,57.359,45.688,35.000,35.414,28.996,33.207,34.066,31.895,13.192,0.137,18.520,1834.909,1696.153,1836.000,1700.000,0.000,,,,2,1789718027.551,100,0
128.242,67.750,71.961,51.688,50.000,50.000,52.000,50.000,50.000,49.000,50.000,49.000,50.000,52.391,49.000,52.391,45.562,35.000,35.414,28.996,33.223,34.086,31.914,13.030,0.152,23.837,1839.955,1694.006,1836.000,1700.000,0.000,,,,2,1789718028.554,100,0
129.246,67.273,71.484,51.562,55.000,53.000,57.000,55.000,54.000,55.000,61.000,53.000,51.000,61.000,52.000,52.406,45.625,35.000,35.414,28.996,33.238,34.109,31.930,9.794,0.135,16.444,1839.842,1694.357,1836.000,1700.000,0.000,,,,2,1789718029.556,100,0
130.250,66.977,71.188,51.625,56.000,55.000,57.000,54.000,55.000,55.000,54.000,54.000,51.000,57.812,52.000,57.812,45.500,35.000,35.414,28.996,33.250,34.125,31.949,34.147,0.289,44.395,1853.826,1688.563,1836.000,1700.000,0.000,,,,2,1789718030.561,100,0
131.255,66.484,70.695,51.562,49.000,49.000,50.000,49.000,50.000,48.000,49.000,49.000,50.000,51.188,48.000,51.188,45.562,35.000,35.414,28.996,33.262,34.141,31.969,10.426,0.168,19.385,1839.607,1702.007,1836.000,1700.000,0.000,,,,2,1789718031.570,100,0
132.259,65.969,70.180,51.250,49.000,48.000,50.000,49.000,48.000,48.000,49.000,48.000,50.000,50.000,49.000,50.000,45.562,35.000,35.414,28.996,33.277,34.164,31.984,6.447,0.117,13.994,1841.828,1693.807,1836.000,1700.000,0.000,,,,2,1789718032.570,100,0
133.263,65.461,69.672,51.062,48.000,48.000,50.000,49.000,48.000,48.000,48.000,48.000,50.000,50.000,48.000,49.734,45.438,35.000,35.414,28.996,33.289,34.184,32.008,7.858,0.122,15.863,1828.135,1702.160,1836.000,1700.000,0.000,,,,2,1789718033.573,100,0
134.267,65.008,69.219,50.812,49.000,48.000,50.000,49.000,48.000,48.000,48.000,48.000,49.000,50.953,48.000,50.953,45.250,35.000,35.414,28.996,33.305,34.207,32.027,13.733,0.171,22.065,1835.124,1707.650,1836.000,1700.000,0.000,,,,2,1789718034.579,100,0
135.268,64.543,68.754,50.625,49.000,48.000,49.000,49.000,48.000,47.000,48.000,48.000,49.000,50.094,48.000,50.094,45.250,35.000,35.395,28.996,33.316,34.223,32.047,8.829,0.133,16.987,1853.835,1701.564,1836.000,1700.000,0.000,,,,2,1789718035.580,100,0
136.269,64.062,68.273,50.625,49.000,48.000,48.000,48.000,47.000,47.000,48.000,47.000,49.000,49.172,47.000,49.172,45.312,35.000,35.395,28.996,33.332,34.246,32.066,7.328,0.122,15.793,1839.438,1707.415,1836.000,1700.000,0.000,,,,2,1789718036.583,100,0
137.270,63.594,67.805,50.375,48.000,48.000,49.000,49.000,47.000,46.000,48.000,48.000,49.000,49.156,48.000,49.156,44.938,35.000,35.395,28.996,33.348,34.270,32.090,7.914,0.124,15.992,1839.503,1693.926,1836.000,1700.000,0.000,,,,2,1789718037.582,100,0
138.272,63.145,67.355,50.188,48.000,48.000,49.000,49.000,48.000,47.000,49.000,47.000,49.000,49.219,48.000,49.219,44.938,35.000,35.395,28.996,33.363,34.293,32.109,7.594,0.118,15.423,1835.021,1699.861,1836.000,1700.000,0.000,,,,2,1789718038.584,100,0
139.276,62.777,66.988,50.062,51.000,51.000,53.000,52.000,51.000,50.000,50.000,49.000,49.000,53.000,50.000,51.406,44.812,35.000,35.395,28.996,33.379,34.312,32.129,9.534,0.161,17.379,1828.014,1695.562,1836.000,1700.000,0.000,,,,2,1789718039.588,100,0
140.277,62.367,66.578,49.938,48.000,48.000,49.000,47.000,46.000,47.000,47.000,47.000,48.000,49.562,47.000,49.562,44.750,35.000,35.395,28.996,33.391,34.336,32.148,8.446,0.139,17.136,1834.947,1707.828,1836.000,1700.000,0.000,,,,2,1789718040.588,100,0
141.278,61.969,66.180,49.812,48.000,48.000,48.000,47.000,47.000,47.000,47.000,47.000,48.000,49.625,47.000,49.625,44.688,35.000,35.395,28.996,33.406,34.355,32.168,8.017,0.136,16.418,1837.269,1704.198,1836.000,1700.000,0.000,,,,2,1789718041.590,100,0
142.280,61.543,65.754,49.625,48.000,48.000,48.000,49.000,46.000,46.000,47.000,47.000,48.000,49.000,48.000,48.359,44.500,35.000,35.395,28.996,33.422,34.375,32.188,6.391,0.123,14.596,1844.055,1694.126,1836.000,1700.000,0.000,,,,2,1789718042.591,100,0
143.283,61.316,65.527,49.500,57.000,54.000,58.000,54.000,50.000,49.000,49.000,49.000,49.000,58.000,52.000,54.297,44.500,35.000,35.395,28.996,33.438,34.395,32.207,15.773,0.197,25.188,1832.443,1688.136,1836.000,1700.000,0.000,,,,2,1789718043.594,100,0
144.284,61.035,65.246,49.688,50.000,50.000,50.000,51.000,48.000,48.000,48.000,47.000,48.000,52.281,49.000,52.281,44.438,35.000,35.395,28.996,33.449,34.414,32.227,15.913,0.207,25.859,1837.091,1699.612,1836.000,1700.000,0.000,,,,2,1789718044.594,100,0
145.286,60.793,65.004,49.562,51.000,50.000,52.000,52.000,48.000,48.000,48.000,48.000,49.000,53.281,50.000,53.281,44.375,35.000,35.371,28.996,33.461,34.426,32.246,15.226,0.201,24.991,1841.960,1691.817,1836.000,1700.000,0.000,,,,2,1789718045.596,100,0
146.288,60.500,64.711,49.562,51.000,50.000,51.000,51.000,48.000,48.000,48.000,48.000,48.000,51.453,50.000,51.453,44.250,35.000,35.371,28.996,33.477,34.441,32.266,13.454,0.176,23.315,1827.829,1699.596,1836.000,1700.000,0.000,,,,2,1789718046.598,100,0
147.292,60.180,64.391,49.500,49.000,50.000,50.000,50.000,47.000,47.000,48.000,47.000,48.000,50.281,49.000,50.281,44.312,35.000,35.371,28.996,33.492,34.457,32.285,11.102,0.136,20.921,1836.969,1699.974,1836.000,1700.000,0.000,,,,2,1789718047.602,100,0
148.295,59.867,64.078,49.500,50.000,48.000,49.000,50.000,47.000,47.000,47.000,47.000,48.000,50.109,48.000,50.109,44.375,35.000,35.371,28.996,33.508,34.473,32.301,11.031,0.141,20.831,1825.650,1691.229,1836.000,1700.000,0.000,,,,2,1789718048.605,100,0
149.296,59.594,63.805,49.312,51.000,51.000,51.000,52.000,47.000,48.000,48.000,48.000,48.000,52.000,49.000,51.188,44.188,35.000,35.371,28.996,33.523,34.492,32.316,12.474,0.157,22.412,1837.241,1699.901,1836.000,1700.000,0.000,,,,2,1789718049.607,100,0
150.300,59.309,63.520,49.312,49.000,48.000,49.000,49.000,47.000,47.000,47.000,47.000,48.000,50.516,48.000,50.516,44.188,35.000,35.371,28.996,33.539,34.504,32.336,12.048,0.156,21.851,1839.184,1693.831,1836.000,1700.000,0.000,,,,2,1789718050.610,100,0
151.300,59.004,63.215,49.250,49.000,48.000,49.000,49.000,47.000,47.000,47.000,47.000,48.000,49.438,48.000,49.438,44.312,35.000,35.371,28.996,33.559,34.520,32.355,10.612,0.138,20.501,1834.255,1703.827,1836.000,1700.000,0.000,,,,2,1789718051.610,100,0
152.300,60.820,65.156,49.125,53.000,51.000,59.000,56.000,62.000,53.000,52.000,52.000,50.000,66.281,51.000,66.281,44.188,35.000,35.371,28.996,33.574,34.535,32.371,18.651,0.175,28.145,1846.050,1707.901,1836.000,1700.000,0.000,,,,2,1789718052.612,100,0
153.301,64.254,69.188,49.438,63.000,56.000,54.000,57.000,54.000,53.000,64.000,52.000,53.000,74.547,55.000,74.547,44.125,35.000,35.371,28.996,33.590,34.551,32.387,29.445,0.179,37.959,1829.817,1687.993,1836.000,1700.000,0.000,,,,2,1789718053.612,100,0
154.306,67.934,73.477,49.688,85.000,56.000,60.000,60.000,53.000,54.000,52.000,52.000,51.000,85.000,56.000,78.969,44.312,35.000,35.371,28.996,33.602,34.562,32.402,31.950,0.193,39.712,1836.997,1705.409,1836.000,1700.000,0.000,,,,2,1789718054.617,100,0
155.310,70.430,76.168,49.938,80.000,54.000,62.000,58.000,54.000,55.000,52.000,54.000,52.000,80.000,54.000,77.922,44.438,35.000,35.355,28.996,33.617,34.578,32.418,32.320,0.241,40.586,1857.786,1699.516,1836.000,1700.000,0.000,,,,2,1789718055.621,100,0
156.310,71.426,76.891,50.438,59.000,63.000,62.000,60.000,59.000,57.000,61.000,55.000,54.000,74.422,56.000,74.422,44.750,35.000,35.355,28.996,33.633,34.590,32.434,35.555,0.278,44.062,1832.219,1705.951,1836.000,1700.000,0.000,,,,2,1789718056.621,100,0
157.311,71.176,76.094,50.625,62.000,53.000,55.000,55.000,52.000,51.000,51.000,51.000,51.000,63.453,53.000,63.453,44.938,35.000,35.355,28.996,33.648,34.605,32.449,26.843,0.284,34.504,1834.245,1695.873,1836.000,1700.000,0.000,,,,2,1789718057.620,100,0
158.312,70.883,75.309,50.750,59.000,57.000,60.000,58.000,54.000,54.000,52.000,52.000,52.000,61.859,56.000,61.859,45.188,35.000,35.355,28.996,33.660,34.621,32.465,25.119,0.341,34.810,1829.594,1707.505,1836.000,1700.000,0.000,,,,2,1789718058.623,100,0
159.317,70.664,74.648,50.938,64.000,58.000,63.000,64.000,55.000,57.000,54.000,54.000,53.000,64.000,57.000,63.875,45.250,35.000,35.355,28.996,33.672,34.637,32.480,30.650,0.327,39.889,1822.600,1699.556,1836.000,1700.000,0.000,,,,2,1789718059.627,100,0
160.317,70.488,74.074,51.000,59.000,58.000,57.000,60.000,56.000,75.000,54.000,55.000,53.000,75.000,57.000,64.984,45.438,35.000,35.355,28.996,33.688,34.652,32.496,29.761,0.313,38.364,1836.950,1699.893,1836.000,1700.000,0.000,,,,2,1789718060.628,100,0
161.318,74.551,78.996,51.500,58.000,57.000,80.000,62.000,58.000,60.000,57.000,65.000,56.000,86.750,57.000,86.750,45.500,35.000,35.355,28.996,33.699,34.668,32.512,36.454,0.231,45.343,1848.467,1698.987,1836.000,1700.000,0.000,,,,2,1789718061.629,100,0
162.323,74.801,78.875,51.875,63.000,58.000,72.000,61.000,60.000,58.000,57.000,55.000,55.000,75.547,58.000,75.547,45.812,35.000,35.355,28.996,33.711,34.684,32.531,39.022,0.278,46.434,1836.585,1699.685,1836.000,1700.000,0.000,,,,2,1789718062.633,100,0
163.327,74.559,78.227,52.000,63.000,57.000,59.000,61.000,57.000,65.000,55.000,55.000,54.000,67.141,58.000,67.141,46.250,35.000,35.355,28.996,33.727,34.699,32.543,32.939,0.294,41.449,1827.411,1709.515,1836.000,1700.000,0.000,,,,2,1789718063.638,100,0
164.329,74.082,77.383,52.312,53.000,54.000,54.000,53.000,52.000,52.000,52.000,52.000,52.000,59.328,52.000,59.328,46.312,35.000,35.355,28.996,33.738,34.715,32.562,26.197,0.244,34.501,1841.395,1697.425,1836.000,1700.000,0.000,,,,2,1789718064.642,100,0
165.333,73.441,76.742,52.375,53.000,51.000,53.000,52.000,51.000,50.000,51.000,50.000,51.000,53.531,51.000,53.531,46.438,35.000,35.336,28.996,33.754,34.734,32.578,9.824,0.134,17.946,1831.930,1702.144,1836.000,1700.000,0.000,,,,2,1789718065.643,100,0
166.337,73.000,76.301,52.438,55.000,53.000,59.000,55.000,54.000,52.000,53.000,52.000,52.000,59.328,53.000,59.328,46.500,35.000,35.336,28.996,33.766,34.750,32.594,29.826,0.252,39.599,1834.442,1699.661,1836.000,1700.000,0.000,,,,2,1789718066.650,100,0
167.342,72.473,75.773,52.688,52.000,52.000,54.000,53.000,52.000,53.000,52.000,52.000,51.000,56.094,52.000,56.094,46.438,35.000,35.336,28.996,33.777,34.770,32.609,17.105,0.225,25.264,1843.526,1706.056,1836.000,1700.000,0.000,,,,2,1789718067.652,100,0
168.347,72.508,75.809,52.562,66.000,67.000,69.000,74.000,64.000,61.000,76.000,59.000,57.000,76.000,60.000,73.656,46.625,35.000,35.336,28.996,33.793,34.785,32.625,31.599,0.279,43.048,1848.353,1699.749,1836.000,1700.000,0.000,,,,2,1789718068.660,100,0
169.350,72.879,76.188,52.875,62.000,74.000,62.000,65.000,59.000,63.000,57.000,59.000,56.000,76.250,61.000,76.250,46.688,35.000,35.336,28.996,33.805,34.805,32.645,45.364,0.330,52.986,1834.535,1705.757,1836.000,1700.000,0.000,,,,2,1789718069.664,100,0
170.351,74.406,77.844,53.438,61.000,77.000,64.000,64.000,59.000,60.000,57.000,59.000,56.000,79.000,61.000,79.000,47.000,35.000,35.336,28.996,33.820,34.824,32.660,39.483,0.301,48.354,1839.212,1700.014,1836.000,1700.000,0.000,,,,2,1789718070.661,100,0
171.351,75.219,78.555,53.750,76.000,70.000,77.000,72.000,75.000,72.000,68.000,75.000,59.000,77.656,64.000,77.656,47.375,35.000,35.336,28.996,33.836,34.848,32.680,54.602,0.343,69.542,1834.105,1699.267,1836.000,1700.000,0.000,,,,2,1789718071.661,100,0
172.353,76.773,80.242,54.812,90.000,64.000,72.000,67.000,62.000,62.000,60.000,58.000,57.000,90.000,63.000,81.438,47.688,35.000,35.336,28.996,33.848,34.867,32.695,52.502,0.328,66.892,1834.320,1699.612,1836.000,1700.000,0.000,,,,2,1789718072.666,100,0
173.358,77.277,80.551,55.062,72.000,65.000,76.000,77.000,66.000,65.000,63.000,69.000,58.000,78.781,63.000,78.781,48.000,35.000,35.336,28.996,33.867,34.887,32.715,49.151,0.316,56.118,1848.410,1699.917,1836.000,1700.000,0.000,,,,2,1789718073.670,100,0
174.362,77.266,80.211,55.438,69.000,76.000,67.000,67.000,62.000,63.000,59.000,62.000,58.000,76.922,63.000,76.922,48.312,35.000,35.336,28.996,33.883,34.910,32.734,42.575,0.346,53.191,1843.639,1699.420,1836.000,1700.000,0.000,,,,2,1789718074.673,100,0
175.365,77.230,79.883,55.688,68.000,66.000,67.000,66.000,62.000,64.000,60.000,80.000,58.000,80.000,63.000,76.141,48.688,35.000,35.320,28.996,33.898,34.930,32.754,40.788,0.357,49.858,1843.629,1699.203,1836.000,1700.000,0.000,,,,2,1789718075.679,100,0
176.366,77.098,79.484,55.875,74.000,60.000,66.000,64.000,64.000,61.000,59.000,62.000,58.000,74.000,61.000,73.000,48.938,35.000,35.320,28.996,33.918,34.953,32.770,38.901,0.368,49.368,1831.604,1723.222,1836.000,1700.000,0.000,,,,2,1789718076.676,100,0
177.369,77.023,79.172,56.312,75.000,65.000,79.000,70.000,66.000,65.000,60.000,65.000,58.000,79.000,64.000,74.797,49.188,35.000,35.320,28.996,33.934,34.977,32.789,43.623,0.360,52.084,1831.269,1693.624,1836.000,1700.000,0.000,,,,2,1789718077.679,100,0
178.369,76.969,78.902,56.625,70.000,74.000,78.000,71.000,61.000,63.000,58.000,60.000,58.000,78.000,66.000,75.172,49.438,35.000,35.320,28.996,33.953,35.004,32.812,42.016,0.333,51.540,1842.978,1701.597,1836.000,1700.000,0.000,,,,2,1789718078.679,100,0
179.369,78.207,80.316,57.000,78.000,76.000,82.000,75.000,67.000,67.000,63.000,62.000,60.000,82.000,68.000,81.922,49.688,35.000,35.320,28.996,33.969,35.027,32.832,55.027,0.455,63.924,1826.706,1700.198,1836.000,1700.000,0.000,,,,2,1789718079.679,100,0
180.369,78.926,81.043,57.500,78.000,69.000,77.000,72.000,77.000,72.000,70.000,71.000,61.000,81.094,66.000,81.094,49.938,35.000,35.320,28.996,33.988,35.055,32.852,48.481,0.387,56.079,1829.296,1700.279,1836.000,1700.000,0.000,,,,2,1789718080.679,100,0
181.369,79.328,81.352,58.000,74.000,68.000,85.000,74.000,70.000,67.000,62.000,62.000,59.000,85.000,67.000,80.531,50.438,35.000,35.320,28.996,34.008,35.082,32.879,53.021,0.397,64.263,1836.285,1699.661,1836.000,1700.000,0.000,,,,2,1789718081.680,100,0
182.373,79.395,81.238,58.438,65.000,62.000,66.000,65.000,63.000,63.000,61.000,61.000,59.000,79.594,62.000,79.594,50.688,35.000,35.320,28.996,34.027,35.109,32.902,49.818,0.326,60.531,1836.397,1701.757,1836.000,1700.000,0.000,,,,2,1789718082.685,100,0
183.377,78.801,80.645,58.375,58.000,58.000,58.000,58.000,57.000,56.000,57.000,57.000,57.000,60.484,57.000,60.484,51.062,35.000,35.320,28.996,34.047,35.137,32.926,11.600,0.177,20.422,1831.334,1705.595,1836.000,1700.000,0.000,,,,2,1789718083.688,100,0
184.381,78.227,80.070,58.000,58.000,58.000,60.000,60.000,58.000,57.000,57.000,57.000,57.000,60.453,58.000,60.453,51.062,35.000,35.320,28.996,34.066,35.168,32.949,15.284,0.207,22.997,1836.051,1709.499,1836.000,1700.000,0.000,,,,2,1789718084.691,100,0
185.385,77.656,79.500,57.812,58.000,57.000,58.000,58.000,57.000,56.000,57.000,56.000,57.000,59.953,57.000,59.953,50.875,35.000,35.305,28.996,34.086,35.195,32.973,15.510,0.208,23.934,1836.210,1715.274,1836.000,1700.000,0.000,,,,2,1789718085.696,100,0
186.388,77.074,78.918,57.688,57.000,57.000,58.000,57.000,56.000,55.000,55.000,55.000,56.000,59.016,56.000,59.016,50.875,35.000,35.305,28.996,34.109,35.227,32.996,14.060,0.197,21.830,1836.238,1699.781,1836.000,1700.000,0.000,,,,2,1789718086.700,100,0
187.392,76.488,78.332,57.438,56.000,56.000,58.000,57.000,55.000,54.000,55.000,55.000,56.000,58.328,55.000,58.328,50.750,35.000,35.305,28.996,34.129,35.258,33.023,12.940,0.180,21.448,1831.465,1699.460,1836.000,1700.000,0.000,,,,2,1789718087.702,100,0
188.394,75.910,77.754,57.250,56.000,55.000,57.000,56.000,55.000,54.000,55.000,55.000,55.000,58.000,55.000,58.000,50.625,35.000,35.305,28.996,34.148,35.289,33.051,14.206,0.190,22.232,1836.023,1699.516,1836.000,1700.000,0.000,,,,2,1789718088.705,100,0
189.397,75.512,77.355,57.125,64.000,62.000,67.000,64.000,60.000,59.000,57.000,57.000,57.000,67.000,60.000,63.109,50.688,35.000,35.305,28.996,34.168,35.320,33.078,21.534,0.236,29.683,1840.105,1699.829,1836.000,1700.000,0.000,,,,2,1789718089.706,100,0
190.402,75.219,77.062,57.188,65.000,62.000,65.000,62.000,61.000,59.000,58.000,58.000,57.000,66.109,60.000,66.109,50.312,35.000,35.305,28.996,34.188,35.352,33.105,31.681,0.332,42.063,1840.227,1681.771,1836.000,1700.000,0.000,,,,2,1789718090.711,100,0
191.402,74.762,76.605,57.375,57.000,57.000,58.000,56.000,55.000,54.000,56.000,55.000,56.000,60.641,55.000,60.641,50.438,35.000,35.305,28.996,34.211,35.387,33.133,24.747,0.295,34.483,1847.063,1701.613,1836.000,1700.000,0.000,,,,2,1789718091.711,100,0
192.403,74.512,76.355,57.250,67.000,64.000,67.000,67.000,63.000,62.000,58.000,59.000,57.000,67.000,61.000,66.703,50.500,35.000,35.305,28.996,34.230,35.418,33.160,26.193,0.292,34.070,1837.982,1699.821,1836.000,1700.000,0.000,,,,2,1789718092.714,100,0
193.405,74.227,76.070,57.375,58.000,58.000,60.000,60.000,58.000,57.000,57.000,57.000,56.000,65.469,58.000,65.469,50.438,35.000,35.305,28.996,34.254,35.445,33.188,30.072,0.330,39.836,1835.920,1699.556,1836.000,1700.000,0.000,,,,2,1789718093.716,100,0
194.406,73.746,75.590,57.438,57.000,56.000,57.000,56.000,55.000,55.000,55.000,55.000,56.000,58.797,56.000,58.797,50.562,35.000,35.305,28.996,34.273,35.480,33.215,14.882,0.219,23.460,1835.751,1699.380,1836.000,1700.000,0.000,,,,2,1789718094.716,100,0
195.409,73.527,75.371,57.375,59.000,58.000,60.000,59.000,59.000,57.000,57.000,57.000,56.000,66.719,58.000,66.719,50.562,35.000,35.289,28.996,34.297,35.512,33.242,30.983,0.314,40.166,1833.526,1705.054,1836.000,1700.000,0.000,,,,2,1789718095.720,100,0
196.411,72.988,74.832,57.312,55.000,54.000,55.000,55.000,54.000,53.000,55.000,54.000,55.000,56.328,54.000,56.328,50.562,35.000,35.289,28.996,34.320,35.543,33.270,8.576,0.150,16.956,1844.442,1689.895,1836.000,1700.000,0.000,,,,2,1789718096.721,100,0
197.414,72.438,74.281,57.062,55.000,54.000,55.000,54.000,53.000,53.000,54.000,54.000,55.000,55.328,54.000,55.328,50.438,35.000,35.289,28.996,34.344,35.574,33.301,7.848,0.136,15.642,1835.433,1695.426,1836.000,1700.000,0.000,,,,2,1789718097.724,100,0
198.416,71.895,73.738,56.938,54.000,53.000,55.000,53.000,53.000,52.000,53.000,53.000,54.000,55.141,53.000,55.141,50.250,35.000,35.289,28.996,34.363,35.602,33.324,8.040,0.145,16.431,1835.630,1701.339,1836.000,1700.000,0.000,,,,2,1789718098.729,100,0
199.416,71.457,73.301,56.312,61.000,59.000,63.000,62.000,59.000,59.000,57.000,59.000,55.000,63.000,59.000,57.891,50.062,35.000,35.289,28.996,34.387,35.637,33.355,11.077,0.157,19.408,1835.611,1699.693,1836.000,1700.000,0.000,,,,2,1789718099.726,100,0
200.417,71.133,72.977,56.500,57.000,56.000,59.000,58.000,55.000,55.000,55.000,55.000,55.000,61.109,56.000,61.109,49.938,35.000,35.289,28.996,34.410,35.664,33.379,26.465,0.314,35.716,1842.573,1700.150,1836.000,1700.000,0.000,,,,2,1789718100.727,100,0
201.417,70.770,72.613,56.625,57.000,57.000,57.000,57.000,55.000,54.000,55.000,54.000,55.000,59.469,56.000,59.469,49.938,35.000,35.289,28.996,34.430,35.695,33.410,25.223,0.289,34.733,1830.375,1709.791,1836.000,1700.000,0.000,,,,2,1789718101.727,100,0
202.417,70.559,72.402,56.625,57.000,56.000,58.000,58.000,55.000,55.000,56.000,56.000,55.000,64.016,56.000,64.016,49.938,35.000,35.289,28.996,34.453,35.727,33.438,34.349,0.330,43.651,1835.162,1699.636,1836.000,1700.000,0.000,,,,2,1789718102.728,100,0
203.422,70.121,71.965,56.688,54.000,54.000,55.000,55.000,54.000,52.000,54.000,53.000,54.000,56.547,54.000,56.547,49.938,35.000,35.289,28.996,34.473,35.754,33.465,12.287,0.184,20.512,1818.981,1699.733,1836.000,1700.000,0.000,,,,2,1789718103.734,100,0
204.425,69.742,71.586,56.625,56.000,55.000,57.000,56.000,54.000,53.000,54.000,54.000,55.000,57.984,55.000,57.984,49.938,35.000,35.289,28.996,34.496,35.781,33.492,14.083,0.203,22.374,1837.485,1705.442,1836.000,1700.000,0.000,,,,2,1789718104.736,100,0
205.425,69.535,71.379,56.438,57.000,56.000,58.000,57.000,55.000,54.000,55.000,55.000,55.000,63.141,55.000,63.141,49.938,35.000,35.273,28.996,34.516,35.809,33.516,23.359,0.231,31.598,1835.180,1694.038,1836.000,1700.000,0.000,,,,2,1789718105.736,100,0
206.427,69.086,70.930,56.375,55.000,54.000,55.000,53.000,53.000,52.000,53.000,52.000,54.000,55.125,54.000,55.125,49.875,35.000,35.273,28.996,34.539,35.840,33.543,8.625,0.146,17.196,1856.244,1687.614,1836.000,1700.000,0.000,,,,2,1789718106.739,100,0
207.428,68.621,70.465,56.062,53.000,53.000,54.000,53.000,53.000,51.000,53.000,53.000,54.000,54.188,53.000,54.188,49.688,35.000,35.273,28.996,34.559,35.863,33.570,8.029,0.128,16.117,1846.324,1695.290,1836.000,1700.000,0.000,,,,2,1789718107.739,100,0
208.429,68.148,69.992,55.688,53.000,52.000,53.000,52.000,52.000,51.000,52.000,52.000,53.000,53.500,52.000,53.500,49.625,35.000,35.273,28.996,34.578,35.891,33.594,7.005,0.123,14.477,1846.959,1695.362,1836.000,1700.000,0.000,,,,2,1789718108.741,100,0
209.433,67.688,69.531,55.625,53.000,53.000,53.000,53.000,52.000,51.000,52.000,52.000,53.000,53.484,52.000,53.484,49.500,35.000,35.273,28.996,34.598,35.918,33.621,6.786,0.125,15.102,1825.947,1709.751,1836.000,1700.000,0.000,,,,2,1789718109.745,100,0
210.434,67.242,69.086,55.375,52.000,53.000,53.000,52.000,51.000,51.000,52.000,51.000,53.000,53.406,52.000,53.406,49.375,35.000,35.273,28.996,34.617,35.941,33.645,7.713,0.132,15.794,1834.601,1699.235,1836.000,1700.000,0.000,,,,2,1789718110.745,100,0
211.437,66.805,68.648,55.125,52.000,52.000,53.000,53.000,51.000,50.000,51.000,51.000,52.000,53.234,52.000,53.234,49.188,35.000,35.273,28.996,34.637,35.965,33.668,8.170,0.141,15.998,1847.044,1703.755,1836.000,1700.000,0.000,,,,2,1789718111.749,100,0
212.441,66.375,68.219,54.812,51.000,52.000,52.000,52.000,51.000,51.000,51.000,51.000,52.000,53.031,51.000,53.031,48.812,35.000,35.273,28.996,34.656,35.984,33.691,7.201,0.128,14.794,1835.078,1703.432,1836.000,1700.000,0.000,,,,2,1789718112.752,100,0
213.441,65.934,67.777,54.750,51.000,51.000,52.000,52.000,51.000,50.000,51.000,51.000,52.000,52.312,50.000,52.312,48.812,35.000,35.273,28.996,34.676,36.012,33.711,6.652,0.121,13.997,1842.346,1691.396,1836.000,1700.000,0.000,,,,2,1789718113.752,100,0
214.442,65.504,67.348,54.500,51.000,51.000,52.000,52.000,50.000,50.000,51.000,51.000,52.000,52.094,51.000,52.094,48.562,35.000,35.273,28.996,34.691,36.031,33.734,6.635,0.120,14.219,1837.438,1703.328,1836.000,1700.000,0.000,,,,2,1789718114.753,100,0
215.445,65.082,66.926,54.375,51.000,51.000,52.000,51.000,50.000,50.000,51.000,50.000,51.000,52.062,51.000,52.062,48.688,35.000,35.262,28.996,34.711,36.051,33.758,6.609,0.120,14.494,1835.106,1691.229,1836.000,1700.000,0.000,,,,2,1789718115.755,100,0
216.449,64.676,66.520,54.000,51.000,51.000,52.000,51.000,50.000,50.000,50.000,50.000,51.000,52.047,51.000,52.047,48.375,35.000,35.262,28.996,34.727,36.070,33.777,6.689,0.119,14.730,1834.601,1712.769,1836.000,1700.000,0.000,,,,2,1789718116.761,100,0
217.453,64.281,66.125,53.750,51.000,51.000,52.000,51.000,50.000,50.000,51.000,50.000,51.000,52.094,50.000,52.094,48.312,35.000,35.262,28.996,34.742,36.090,33.801,7.652,0.139,15.494,1834.881,1703.392,1836.000,1700.000,0.000,,,,2,1789718117.765,100,0
218.456,63.887,65.730,53.562,50.000,50.000,51.000,51.000,50.000,49.000,50.000,50.000,51.000,51.594,50.000,51.594,48.062,35.000,35.262,28.996,34.762,36.105,33.824,6.834,0.120,14.782,1841.969,1693.608,1836.000,1700.000,0.000,,,,2,1789718118.766,100,0
219.456,63.805,65.465,53.438,74.000,67.000,75.000,71.000,72.000,70.000,68.000,70.000,55.000,75.000,60.000,61.281,48.062,35.000,35.262,28.996,34.777,36.125,33.844,18.424,0.204,32.086,1830.282,1688.286,1836.000,1700.000,0.000,,,,2,1789718119.767,100,0
220.456,64.012,65.566,53.750,65.000,63.000,67.000,65.000,65.000,64.000,64.000,66.000,55.000,67.000,59.000,64.641,47.875,35.000,35.262,28.996,34.793,36.141,33.863,35.858,0.551,41.859,1837.250,1707.869,1836.000,1700.000,0.000,,,,2,1789718120.770,100,0
221.459,64.277,65.758,54.312,65.000,58.000,64.000,62.000,62.000,62.000,61.000,59.000,56.000,65.078,58.000,65.078,48.062,35.000,35.262,28.996,34.809,36.156,33.883,39.035,0.509,44.631,1834.432,1707.326,1836.000,1700.000,0.000,,,,2,1789718121.769,100,0
222.462,64.223,65.555,54.625,80.000,58.000,61.000,62.000,62.000,61.000,57.000,56.000,55.000,80.000,57.000,62.594,48.125,35.000,35.262,28.996,34.824,36.172,33.902,20.269,0.263,26.613,1818.834,1703.207,1836.000,1700.000,0.000,,,,2,1789718122.773,100,0
223.466,64.145,65.344,54.562,58.000,57.000,58.000,61.000,56.000,57.000,55.000,72.000,54.000,72.000,56.000,61.688,48.312,35.000,35.262,28.996,34.840,36.188,33.918,17.812,0.170,27.464,1832.518,1687.574,1836.000,1700.000,0.000,,,,2,1789718123.777,100,0
224.468,66.387,68.141,54.625,82.000,65.000,68.000,65.000,62.000,59.000,57.000,57.000,56.000,82.000,62.000,73.125,48.375,35.000,35.262,28.996,34.855,36.203,33.938,35.517,0.297,45.364,1834.956,1693.496,1836.000,1700.000,0.000,,,,2,1789718124.783,100,0
225.472,69.070,71.453,54.938,74.000,69.000,78.000,70.000,68.000,65.000,61.000,69.000,57.000,78.000,63.000,77.109,48.500,35.000,35.246,28.996,34.867,36.215,33.953,50.473,0.343,58.320,1834.947,1701.476,1836.000,1700.000,0.000,,,,2,1789718125.785,100,0
226.476,70.891,73.582,55.812,67.000,60.000,64.000,62.000,62.000,61.000,59.000,64.000,56.000,76.359,59.000,76.359,48.750,35.000,35.246,28.996,34.883,36.230,33.969,52.103,0.388,64.020,1839.438,1712.924,1836.000,1700.000,0.000,,,,2,1789718126.786,100,0
227.477,71.445,74.031,56.250,68.000,59.000,61.000,61.000,57.000,57.000,57.000,56.000,56.000,73.109,59.000,73.109,49.250,35.000,35.246,28.996,34.898,36.246,33.984,43.363,0.337,53.120,1834.582,1709.093,1836.000,1700.000,0.000,,,,2,1789718127.787,100,0
228.480,71.324,73.652,56.438,63.000,58.000,61.000,59.000,58.000,57.000,57.000,56.000,56.000,67.609,57.000,67.609,49.500,35.000,35.246,28.996,34.914,36.262,34.004,25.728,0.287,34.449,1834.825,1695.761,1836.000,1700.000,0.000,,,,2,1789718128.790,100,0
229.484,75.438,78.766,56.562,89.000,72.000,86.000,71.000,63.000,63.000,60.000,60.000,59.000,89.000,68.000,87.781,49.688,35.000,35.246,28.996,34.926,36.277,34.020,46.667,0.300,52.596,1834.759,1685.370,1836.000,1700.000,0.000,,,,2,1789718129.799,100,0
230.489,77.141,80.648,57.062,75.000,67.000,81.000,71.000,73.000,67.000,67.000,68.000,60.000,82.250,65.000,82.250,49.750,35.000,35.246,28.996,34.945,36.293,34.035,58.719,0.305,66.085,1825.512,1687.368,1836.000,1700.000,0.000,,,,2,1789718130.800,100,0
231.492,77.008,80.164,57.562,68.000,64.000,68.000,65.000,62.000,61.000,60.000,63.000,58.000,72.891,61.000,72.891,50.312,35.000,35.246,28.996,34.961,36.312,34.051,44.794,0.402,56.539,1848.647,1693.926,1836.000,1700.000,0.000,,,,2,1789718131.802,100,0
232.493,76.488,79.328,57.625,58.000,57.000,58.000,57.000,55.000,54.000,55.000,55.000,56.000,60.469,57.000,60.469,50.562,35.000,35.246,28.996,34.973,36.328,34.066,13.307,0.169,23.579,1834.675,1699.725,1836.000,1700.000,0.000,,,,2,1789718132.803,100,0
233.493,75.984,78.824,57.562,61.000,58.000,62.000,61.000,61.000,59.000,59.000,59.000,56.000,62.000,58.000,60.391,50.500,35.000,35.246,28.996,34.992,36.348,34.082,13.214,0.186,19.741,1825.484,1694.285,1836.000,1700.000,0.000,,,,2,1789718133.803,100,0
234.493,75.762,78.602,57.438,70.000,64.000,72.000,67.000,65.000,63.000,63.000,66.000,62.000,72.000,62.000,68.828,50.562,35.000,35.246,28.996,35.008,36.367,34.102,31.003,0.241,38.866,1821.051,1707.845,1836.000,1700.000,0.000,,,,2,1789718134.803,100,0
235.497,75.457,78.297,57.688,60.000,59.000,61.000,60.000,60.000,57.000,58.000,57.000,57.000,65.969,59.000,65.969,50.750,35.000,35.234,28.996,35.027,36.387,34.113,36.493,0.345,48.368,1846.362,1695.658,1836.000,1700.000,0.000,,,,2,1789718135.807,100,0
236.500,75.078,77.918,57.625,62.000,60.000,61.000,62.000,57.000,58.000,57.000,56.000,57.000,63.328,60.000,63.328,50.750,35.000,35.234,28.996,35.043,36.406,34.133,23.819,0.233,33.756,1835.078,1701.372,1836.000,1700.000,0.000,,,,2,1789718136.810,100,0
237.505,74.746,77.586,57.625,64.000,61.000,63.000,62.000,58.000,58.000,57.000,56.000,57.000,64.531,60.000,64.531,50.812,35.000,35.234,28.996,35.059,36.426,34.148,27.547,0.243,37.891,1846.021,1693.305,1836.000,1700.000,0.000,,,,2,1789718137.816,100,0
238.505,74.469,77.309,57.625,73.000,67.000,73.000,70.000,75.000,73.000,70.000,73.000,61.000,75.000,63.000,65.875,50.875,35.000,35.234,28.996,35.074,36.445,34.168,23.642,0.205,30.162,1832.667,1695.746,1836.000,1700.000,0.000,,,,2,1789718138.816,100,0
239.505,74.383,77.223,57.812,66.000,64.000,74.000,70.000,61.000,63.000,60.000,60.000,59.000,74.000,64.000,71.656,51.062,35.000,35.234,28.996,35.094,36.469,34.184,40.818,0.360,52.895,1841.639,1725.179,1836.000,1700.000,0.000,,,,2,1789718139.815,100,0
240.505,74.078,76.918,57.750,64.000,61.000,65.000,64.000,59.000,58.000,57.000,56.000,58.000,65.000,61.000,64.688,51.125,35.000,35.234,28.996,35.109,36.488,34.203,22.572,0.260,32.967,1818.494,1711.433,1836.000,1700.000,0.000,,,,2,1789718140.816,100,0
241.509,74.078,76.637,57.875,79.000,67.000,74.000,71.000,70.000,67.000,66.000,64.000,61.000,79.000,65.000,73.984,51.125,35.000,35.234,28.996,35.129,36.512,34.219,37.032,0.399,45.379,1850.757,1692.954,1836.000,1700.000,0.000,,,,2,1789718141.819,100,0
242.509,73.961,76.520,58.188,60.000,59.000,62.000,61.000,59.000,59.000,59.000,58.000,58.000,70.344,60.000,70.344,51.188,35.000,35.234,28.996,35.148,36.531,34.238,29.788,0.415,41.094,1846.192,1691.356,1836.000,1700.000,0.000,,,,2,1789718142.820,100,0
243.511,73.488,76.047,58.125,57.000,57.000,58.000,57.000,55.000,55.000,56.000,57.000,57.000,58.859,56.000,58.859,51.312,35.000,35.234,28.996,35.164,36.555,34.258,11.206,0.159,19.545,1845.974,1710.376,1836.000,1700.000,0.000,,,,2,1789718143.823,100,0
244.516,72.961,75.520,57.938,56.000,55.000,55.000,55.000,54.000,53.000,55.000,54.000,56.000,56.578,55.000,56.578,51.375,35.000,35.234,28.996,35.184,36.574,34.277,7.245,0.129,15.234,1846.201,1692.970,1836.000,1700.000,0.000,,,,2,1789718144.829,100,0
245.521,72.438,74.996,57.625,55.000,55.000,56.000,55.000,54.000,54.000,55.000,54.000,56.000,56.203,54.000,56.203,51.250,35.000,35.223,28.996,35.199,36.594,34.293,7.284,0.126,15.016,1838.911,1710.848,1836.000,1700.000,0.000,,,,2,1789718145.833,100,0
246.521,72.012,74.570,57.375,57.000,57.000,59.000,58.000,59.000,56.000,57.000,58.000,56.000,59.000,57.000,58.828,50.938,35.000,35.223,28.996,35.219,36.617,34.312,11.233,0.158,18.962,1832.192,1693.329,1836.000,1700.000,0.000,,,,2,1789718146.834,100,0
247.525,71.492,74.051,57.250,55.000,54.000,55.000,54.000,53.000,53.000,54.000,54.000,55.000,55.359,54.000,55.359,50.875,35.000,35.223,28.996,35.238,36.637,34.328,7.481,0.123,15.476,1831.614,1712.475,1836.000,1700.000,0.000,,,,2,1789718147.838,100,0
248.527,70.969,73.527,56.750,54.000,54.000,54.000,54.000,53.000,52.000,53.000,52.000,55.000,55.000,53.000,54.859,50.812,35.000,35.223,28.996,35.254,36.656,34.352,6.056,0.116,13.727,1834.834,1693.376,1836.000,1700.000,0.000,,,,2,1789718148.839,100,0
249.530,70.457,73.016,56.562,54.000,54.000,55.000,54.000,53.000,52.000,53.000,52.000,54.000,55.000,54.000,54.562,50.625,35.000,35.223,28.996,35.270,36.676,34.367,6.171,0.116,13.464,1834.451,1693.464,1836.000,1700.000,0.000,,,,2,1789718149.845,100,0
250.533,69.953,72.512,56.312,53.000,53.000,54.000,53.000,52.000,52.000,53.000,52.000,54.000,54.328,53.000,54.328,50.500,35.000,35.223,28.996,35.289,36.695,34.391,7.862,0.128,15.770,1820.526,1704.820,1836.000,1700.000,0.000,,,,2,1789718150.845,100,0
251.533,69.461,72.020,56.062,52.000,53.000,54.000,52.000,52.000,52.000,52.000,52.000,54.000,54.172,52.000,54.172,50.250,35.000,35.223,28.996,35.305,36.715,34.406,6.941,0.123,14.701,1841.253,1696.313,1836.000,1700.000,0.000,,,,2,1789718151.846,100,0
252.538,68.965,71.523,55.812,53.000,53.000,53.000,52.000,52.000,51.000,52.000,52.000,53.000,53.609,52.000,53.609,50.125,35.000,35.223,29.996,35.320,36.734,34.434,5.853,0.111,13.642,1843.790,1696.713,1836.000,1700.000,0.000,,,,2,1789718152.851,100,0
253.539,68.480,71.039,55.438,52.000,52.000,53.000,52.000,52.000,51.000,52.000,51.000,53.000,53.500,52.000,53.500,49.938,35.000,35.223,29.996,35.336,36.754,34.457,5.978,0.114,13.291,1836.304,1695.155,1836.000,1700.000,0.000,,,,2,1789718153.851,100,0
254.539,68.047,70.605,55.312,53.000,53.000,54.000,53.000,53.000,52.000,53.000,52.000,53.000,54.516,53.000,54.516,49.812,35.000,35.223,29.996,35.352,36.770,34.480,9.609,0.151,17.653,1845.785,1698.746,1836.000,1700.000,0.000,,,,2,1789718154.854,100,0
255.539,67.602,70.160,55.312,53.000,53.000,53.000,52.000,52.000,51.000,52.000,51.000,53.000,53.797,52.000,53.797,49.562,35.000,35.211,29.996,35.367,36.785,34.508,8.841,0.138,17.357,1850.862,1693.114,1836.000,1700.000,0.000,,,,2,1789718155.850,100,0
256.541,67.172,69.730,55.062,52.000,52.000,53.000,52.000,52.000,51.000,52.000,51.000,52.000,53.891,52.000,53.891,49.500,35.000,35.211,29.996,35.383,36.801,34.531,7.133,0.117,15.510,1836.323,1698.642,1836.000,1700.000,0.000,,,,2,1789718156.852,100,0
257.542,66.730,69.289,54.812,51.000,51.000,52.000,52.000,51.000,51.000,52.000,51.000,52.000,53.031,51.000,53.031,49.375,35.000,35.211,29.996,35.402,36.820,34.555,8.875,0.139,17.594,1833.956,1698.730,1836.000,1700.000,0.000,,,,2,1789718157.861,100,0
258.546,66.316,68.875,54.562,54.000,55.000,54.000,53.000,52.000,51.000,52.000,51.000,53.000,55.000,53.000,53.453,49.125,35.000,35.211,29.996,35.418,36.836,34.578,6.269,0.108,14.721,1831.828,1704.868,1836.000,1700.000,0.000,,,,2,1789718158.859,100,0
259.551,65.973,68.531,54.500,54.000,54.000,54.000,54.000,53.000,52.000,52.000,52.000,53.000,55.391,53.000,55.391,49.125,35.000,35.211,29.996,35.434,36.855,34.598,10.762,0.152,18.976,1834.292,1706.412,1836.000,1700.000,0.000,,,,2,1789718159.860,100,0
260.552,65.656,68.215,54.375,55.000,54.000,60.000,57.000,53.000,57.000,54.000,53.000,52.000,60.000,54.000,55.844,49.000,35.000,35.211,29.996,35.449,36.867,34.617,13.544,0.192,21.911,1841.338,1700.978,1836.000,1700.000,0.000,,,,2,1789718160.861,100,0
261.556,65.367,67.926,54.250,54.000,55.000,58.000,55.000,55.000,52.000,53.000,55.000,53.000,58.000,53.000,56.422,48.938,35.000,35.211,29.996,35.465,36.879,34.641,17.322,0.231,25.193,1851.204,1712.826,1836.000,1700.000,0.000,,,,2,1789718161.866,100,0
262.557,65.289,67.590,54.375,62.000,59.000,62.000,62.000,60.000,59.000,56.000,57.000,54.000,62.844,57.000,62.844,48.812,35.000,35.211,29.996,35.477,36.895,34.660,25.087,0.288,34.536,1827.439,1698.706,1836.000,1700.000,0.000,,,,2,1789718162.868,100,0
263.561,65.043,67.113,54.625,54.000,53.000,54.000,54.000,53.000,53.000,53.000,52.000,53.000,57.453,53.000,57.453,48.812,35.000,35.211,29.996,35.492,36.902,34.680,24.711,0.307,33.129,1834.105,1693.520,1836.000,1700.000,0.000,,,,2,1789718163.871,100,0
264.565,64.941,66.805,54.688,56.000,55.000,58.000,57.000,55.000,55.000,55.000,56.000,54.000,61.703,54.000,61.703,49.000,35.000,35.211,29.996,35.504,36.914,34.699,25.838,0.303,34.647,1833.928,1702.852,1836.000,1700.000,0.000,,,,2,1789718164.875,100,0
265.569,64.699,66.379,54.938,54.000,54.000,55.000,55.000,54.000,53.000,54.000,53.000,53.000,57.219,53.000,57.219,48.875,35.000,35.203,29.996,35.523,36.934,34.719,18.288,0.243,27.276,1820.434,1700.568,1836.000,1700.000,0.000,,,,2,1789718165.879,100,0
266.570,64.754,66.281,54.938,66.000,60.000,66.000,64.000,60.000,60.000,57.000,57.000,55.000,66.000,60.000,64.922,49.000,35.000,35.203,29.996,35.539,36.953,34.738,27.927,0.296,37.839,1820.480,1701.404,1836.000,1700.000,0.000,,,,2,1789718166.884,100,0
267.576,64.480,65.855,54.938,53.000,53.000,54.000,53.000,53.000,52.000,53.000,52.000,53.000,56.062,53.000,56.062,49.000,35.000,35.203,29.996,35.555,36.965,34.754,13.813,0.198,21.782,1834.114,1693.146,1836.000,1700.000,0.000,,,,2,1789718167.887,100,0
268.577,64.152,65.527,54.875,53.000,52.000,53.000,53.000,52.000,51.000,52.000,52.000,53.000,54.016,52.000,54.016,49.062,35.000,35.203,29.996,35.574,36.984,34.773,8.845,0.139,16.941,1834.096,1699.284,1836.000,1700.000,0.000,,,,2,1789718168.888,100,0
269.577,63.930,65.305,54.625,61.000,60.000,62.000,61.000,59.000,58.000,56.000,56.000,54.000,62.000,57.000,57.000,49.000,35.000,35.203,29.996,35.590,37.000,34.789,13.256,0.174,24.180,1831.791,1699.300,1836.000,1700.000,0.000,,,,2,1789718169.888,100,0
270.578,63.738,65.113,54.750,57.000,54.000,55.000,55.000,56.000,55.000,54.000,53.000,53.000,57.828,54.000,57.828,48.938,35.000,35.203,29.996,35.605,37.008,34.805,23.509,0.300,31.007,1834.152,1700.399,1836.000,1700.000,0.000,,,,2,1789718170.889,100,0
271.580,63.562,64.938,54.750,56.000,54.000,56.000,56.000,56.000,54.000,54.000,54.000,54.000,58.062,54.000,58.062,48.938,35.000,35.203,29.996,35.621,37.023,34.824,18.294,0.268,26.613,1834.105,1698.754,1836.000,1700.000,0.000,,,,2,1789718171.890,100,0
272.584,63.316,64.691,54.688,54.000,56.000,54.000,55.000,55.000,53.000,54.000,55.000,53.000,56.000,53.000,55.734,48.938,35.000,35.203,29.996,35.637,37.039,34.840,14.497,0.216,22.863,1838.414,1698.947,1836.000,1700.000,0.000,,,,2,1789718172.895,100,0
273.584,63.078,64.453,54.625,56.000,54.000,55.000,55.000,54.000,53.000,55.000,55.000,53.000,56.000,53.000,55.656,48.875,35.000,35.203,29.996,35.652,37.055,34.852,14.153,0.211,22.168,1846.220,1699.372,1836.000,1700.000,0.000,,,,2,1789718173.894,100,0
274.588,62.855,64.230,54.562,54.000,54.000,59.000,56.000,57.000,53.000,56.000,53.000,53.000,59.000,54.000,56.016,49.000,35.000,35.203,29.996,35.668,37.074,34.871,14.737,0.215,22.789,1830.068,1690.966,1836.000,1700.000,0.000,,,,2,1789718174.898,100,0
275.589,62.688,64.062,54.625,54.000,55.000,56.000,55.000,55.000,55.000,56.000,54.000,53.000,57.406,54.000,57.406,48.688,35.000,35.191,29.996,35.684,37.086,34.883,19.362,0.259,27.434,1834.283,1698.386,1836.000,1700.000,0.000,,,,2,1789718175.899,100,0
276.589,62.492,63.867,54.812,56.000,54.000,56.000,55.000,56.000,53.000,55.000,55.000,53.000,56.422,54.000,56.422,48.812,35.000,35.191,29.996,35.695,37.102,34.898,16.165,0.238,24.580,1834.292,1698.658,1836.000,1700.000,0.000,,,,2,1789718176.899,100,0
277.593,62.340,63.645,54.625,57.000,55.000,56.000,57.000,55.000,53.000,54.000,55.000,54.000,57.641,54.000,57.641,48.875,35.000,35.191,29.996,35.711,37.113,34.910,18.888,0.267,26.778,1838.667,1712.924,1836.000,1700.000,0.000,,,,2,1789718177.904,100,0
278.597,62.156,63.461,54.562,56.000,55.000,55.000,56.000,54.000,54.000,53.000,53.000,54.000,56.531,54.000,56.531,48.812,35.000,35.191,29.996,35.727,37.129,34.926,16.073,0.239,23.967,1838.508,1700.512,1836.000,1700.000,0.000,,,,2,1789718178.907,100,0
279.601,62.055,63.359,54.750,56.000,54.000,55.000,56.000,54.000,53.000,54.000,55.000,54.000,58.859,54.000,58.859,48.938,35.000,35.191,29.996,35.742,37.145,34.938,25.293,0.300,33.553,1855.297,1700.761,1836.000,1700.000,0.000,,,,2,1789718179.913,100,0
280.602,61.801,63.105,54.688,52.000,53.000,53.000,53.000,52.000,51.000,52.000,51.000,53.000,53.906,52.000,53.906,49.062,35.000,35.191,29.996,35.754,37.156,34.949,8.962,0.148,17.934,1834.432,1708.169,1836.000,1700.000,0.000,,,,2,1789718180.912,100,0
281.603,61.637,62.941,54.625,53.000,53.000,54.000,53.000,53.000,52.000,52.000,52.000,53.000,56.609,53.000,56.609,48.875,35.000,35.191,29.996,35.770,37.168,34.965,12.690,0.164,20.491,1834.002,1690.792,1836.000,1700.000,0.000,,,,2,1789718181.916,100,0
282.607,61.535,62.840,54.375,55.000,54.000,56.000,56.000,54.000,53.000,54.000,53.000,53.000,58.391,54.000,58.391,48.688,35.000,35.191,29.996,35.781,37.184,34.977,16.175,0.233,24.051,1834.395,1698.746,1836.000,1700.000,0.000,,,,2,1789718182.918,100,0
283.611,61.359,62.664,54.438,54.000,53.000,55.000,53.000,52.000,52.000,53.000,52.000,54.000,55.828,53.000,55.828,48.875,35.000,35.191,29.996,35.797,37.195,34.988,14.759,0.261,23.393,1833.974,1699.219,1836.000,1700.000,0.000,,,,2,1789718183.921,100,0
284.612,61.105,62.410,54.250,53.000,51.000,53.000,52.000,51.000,50.000,52.000,51.000,52.000,53.281,52.000,53.281,48.750,35.000,35.191,29.996,35.809,37.207,35.000,8.591,0.147,17.255,1843.573,1698.530,1836.000,1700.000,0.000,,,,2,1789718184.923,100,0
285.612,60.848,62.152,54.125,51.000,51.000,52.000,52.000,51.000,50.000,52.000,51.000,52.000,52.875,51.000,52.875,48.562,35.000,35.184,29.996,35.820,37.215,35.012,7.309,0.135,15.023,1845.699,1698.810,1836.000,1700.000,0.000,,,,2,1789718185.923,100,0
286.617,60.590,61.895,53.938,51.000,51.000,52.000,52.000,51.000,50.000,51.000,51.000,52.000,52.594,51.000,52.594,48.500,35.000,35.184,29.996,35.836,37.227,35.023,7.316,0.132,15.387,1841.244,1712.736,1836.000,1700.000,0.000,,,,2,1789718186.928,100,0
287.618,60.328,61.633,53.812,52.000,51.000,52.000,51.000,50.000,50.000,51.000,50.000,51.000,52.250,51.000,52.250,48.438,35.000,35.184,29.996,35.848,37.238,35.035,7.530,0.136,15.371,1836.529,1720.586,1836.000,1700.000,0.000,,,,2,1789718187.929,100,0
288.618,60.082,61.387,53.562,52.000,51.000,52.000,52.000,51.000,50.000,51.000,50.000,52.000,52.438,52.000,52.438,48.375,35.000,35.184,29.996,35.859,37.246,35.043,7.441,0.131,14.909,1845.889,1698.610,1836.000,1700.000,0.000,,,,2,1789718188.929,100,0
289.621,59.844,61.148,53.438,51.000,51.000,52.000,51.000,51.000,50.000,50.000,50.000,51.000,52.438,51.000,52.438,48.250,35.000,35.184,29.996,35.871,37.254,35.055,8.363,0.147,16.244,1838.742,1698.722,1836.000,1700.000,0.000,,,,2,1789718189.935,100,0
290.625,59.906,61.211,53.500,53.000,53.000,54.000,53.000,53.000,52.000,52.000,52.000,53.000,61.781,53.000,61.781,48.188,35.000,35.184,29.996,35.883,37.266,35.066,26.844,0.203,35.153,1833.984,1698.618,1836.000,1700.000,0.000,,,,2,1789718190.938,100,0
291.629,59.770,61.074,53.500,57.000,59.000,56.000,55.000,53.000,53.000,52.000,52.000,53.000,59.000,55.000,55.594,48.125,35.000,35.184,29.996,35.895,37.270,35.074,10.985,0.164,18.077,1841.103,1698.666,1836.000,1700.000,0.000,,,,2,1789718191.940,100,0
292.634,59.582,60.887,53.375,51.000,52.000,52.000,52.000,51.000,50.000,51.000,50.000,51.000,53.766,52.000,53.766,48.125,35.000,35.184,29.996,35.906,37.281,35.086,10.284,0.142,19.125,1833.937,1698.305,1836.000,1700.000,0.000,,,,2,1789718192.950,100,0
293.634,59.344,60.648,53.250,50.000,50.000,52.000,51.000,50.000,49.000,50.000,50.000,51.000,52.000,51.000,51.906,48.125,35.000,35.184,29.996,35.918,37.285,35.094,5.618,0.110,14.052,1841.272,1698.121,1836.000,1700.000,0.000,,,,2,1789718193.947,100,0
294.635,59.152,60.457,53.125,52.000,51.000,52.000,51.000,51.000,50.000,51.000,51.000,51.000,53.203,51.000,53.203,48.000,35.000,35.184,29.996,35.930,37.293,35.102,9.097,0.121,16.976,1840.961,1698.690,1836.000,1700.000,0.000,,,,2,1789718194.948,100,0
295.637,58.953,60.258,53.125,51.000,51.000,53.000,51.000,50.000,50.000,51.000,50.000,51.000,53.000,51.000,52.812,47.938,35.000,35.172,29.996,35.941,37.301,35.109,8.746,0.109,16.817,1846.040,1698.858,1836.000,1700.000,0.000,,,,2,1789718195.951,100,0
296.639,58.750,60.055,52.938,50.000,53.000,51.000,52.000,50.000,49.000,50.000,50.000,51.000,53.000,51.000,52.422,47.875,35.000,35.172,29.996,35.949,37.305,35.117,7.689,0.086,16.222,1836.519,1708.088,1836.000,1700.000,0.000,,,,2,1789718196.952,100,0
297.644,58.543,59.848,52.875,51.000,51.000,51.000,51.000,51.000,49.000,51.000,49.000,50.000,52.141,50.000,52.141,47.625,35.000,35.172,29.996,35.961,37.309,35.129,7.690,0.090,15.310,1820.204,1698.209,1836.000,1700.000,0.000,,,,2,1789718197.954,100,0
298.647,58.359,59.664,52.875,50.000,50.000,51.000,51.000,50.000,50.000,52.000,50.000,51.000,52.688,50.000,52.688,47.625,35.000,35.172,29.996,35.973,37.316,35.137,9.106,0.095,16.764,1834.236,1698.089,1836.000,1700.000,0.000,,,,2,1789718198.959,100,0
299.647,58.164,59.469,52.750,50.000,51.000,50.000,51.000,49.000,49.000,51.000,50.000,50.000,52.125,51.000,52.125,47.688,35.000,35.172,29.996,35.980,37.320,35.145,7.708,0.091,15.331,1834.086,1698.498,1836.000,1700.000,0.000,,,,2,1789718199.959,100,0
300.650,57.980,59.285,52.625,50.000,50.000,51.000,51.000,50.000,50.000,50.000,49.000,50.000,52.219,51.000,52.219,47.500,35.000,35.172,29.996,35.992,37.324,35.152,7.698,0.088,15.319,1833.909,1712.581,1836.000,1700.000,0.000,,,,2,1789718200.963,100,0
301.652,57.789,59.094,52.375,49.000,49.000,51.000,51.000,50.000,50.000,50.000,50.000,50.000,51.969,50.000,51.969,47.312,35.000,35.172,29.996,36.000,37.324,35.156,7.723,0.087,15.679,1833.900,1712.166,1836.000,1700.000,0.000,,,,2,1789718201.963,100,0
302.652,57.598,58.902,52.438,50.000,50.000,52.000,51.000,50.000,50.000,50.000,50.000,50.000,52.000,50.000,51.641,47.375,35.000,35.172,29.996,36.008,37.328,35.164,8.008,0.095,15.957,1834.189,1698.474,1836.000,1700.000,0.000,,,,2,1789718202.964,100,0
303.653,57.430,58.734,52.375,50.000,50.000,52.000,51.000,49.000,50.000,50.000,50.000,50.000,52.203,50.000,52.203,47.188,35.000,35.172,29.996,36.016,37.332,35.168,8.593,0.113,16.184,1841.347,1701.693,1836.000,1700.000,0.000,,,,2,1789718203.965,100,0
304.658,57.266,58.570,52.312,50.000,49.000,51.000,51.000,50.000,49.000,51.000,50.000,50.000,52.156,50.000,52.156,47.125,35.000,35.172,29.996,36.023,37.332,35.172,9.091,0.123,16.735,1829.826,1712.573,1836.000,1700.000,0.000,,,,2,1789718204.969,100,0
305.659,57.090,58.395,52.188,50.000,49.000,51.000,51.000,51.000,49.000,50.000,49.000,50.000,51.656,50.000,51.656,47.125,35.000,35.164,29.996,36.035,37.336,35.176,7.888,0.096,15.841,1834.507,1698.650,1836.000,1700.000,0.000,,,,2,1789718205.971,100,0
306.660,56.969,58.273,52.062,52.000,52.000,52.000,53.000,53.000,50.000,51.000,49.000,50.000,53.156,51.000,53.156,46.938,35.000,35.164,29.996,36.039,37.336,35.184,10.410,0.123,18.359,1834.526,1701.975,1836.000,1700.000,0.000,,,,2,1789718206.971,100,0
307.661,56.801,58.105,52.000,50.000,49.000,50.000,51.000,50.000,49.000,50.000,49.000,50.000,51.609,50.000,51.609,46.875,35.000,35.164,29.996,36.047,37.336,35.188,8.327,0.108,15.758,1813.702,1705.894,1836.000,1700.000,0.000,,,,2,1789718207.970,100,0
308.663,56.812,58.117,52.125,53.000,53.000,54.000,55.000,52.000,51.000,54.000,51.000,51.000,57.234,53.000,57.234,47.000,35.000,35.164,29.996,36.055,37.340,35.191,22.161,0.226,31.232,1825.428,1698.538,1836.000,1700.000,0.000,,,,2,1789718208.973,100,0
309.667,56.738,58.043,52.125,50.000,50.000,52.000,52.000,50.000,50.000,50.000,52.000,50.000,54.438,51.000,54.438,46.938,35.000,35.164,29.996,36.062,37.340,35.195,13.947,0.161,22.805,1845.908,1702.788,1836.000,1700.000,0.000,,,,2,1789718209.980,100,0
310.672,56.582,57.887,52.125,50.000,49.000,51.000,51.000,50.000,50.000,50.000,49.000,50.000,51.828,50.000,51.828,47.000,35.000,35.164,29.996,36.066,37.336,35.199,7.274,0.091,15.045,1838.987,1698.650,1836.000,1700.000,0.000,,,,2,1789718210.985,100,0
311.675,60.156,62.402,52.375,59.000,57.000,62.000,61.000,62.000,58.000,57.000,57.000,59.000,70.891,56.000,70.891,46.938,35.000,35.164,29.996,36.074,37.340,35.203,53.291,0.330,62.551,1836.828,1692.167,1836.000,1700.000,0.000,,,,2,1789718211.986,100,0
312.679,60.016,62.035,52.812,53.000,53.000,54.000,54.000,55.000,53.000,53.000,52.000,52.000,55.688,53.000,55.688,47.250,35.000,35.164,29.996,36.082,37.340,35.207,14.515,0.172,22.863,1834.544,1692.453,1836.000,1700.000,0.000,,,,2,1789718212.990,100,0
313.683,60.312,62.223,52.750,59.000,56.000,60.000,59.000,57.000,60.000,55.000,56.000,54.000,61.203,56.000,61.203,47.312,35.000,35.164,29.996,36.090,37.340,35.207,20.355,0.213,29.295,1834.638,1692.262,1836.000,1700.000,0.000,,,,2,1789718213.994,100,0
314.688,60.258,61.977,52.812,58.000,56.000,60.000,57.000,56.000,57.000,55.000,55.000,53.000,60.000,55.000,58.672,47.375,35.000,35.164,29.996,36.098,37.340,35.207,19.964,0.202,29.660,1837.119,1690.887,1836.000,1700.000,0.000,,,,2,1789718214.998,100,0
315.688,64.254,67.000,53.062,71.000,64.000,75.000,70.000,69.000,72.000,65.000,71.000,57.000,76.250,61.000,76.250,47.500,35.000,35.156,29.996,36.105,37.340,35.211,41.319,0.243,52.168,1841.526,1710.458,1836.000,1700.000,0.000,,,,2,1789718215.999,100,0
316.693,66.551,69.711,53.562,66.000,66.000,70.000,67.000,76.000,70.000,67.000,66.000,57.000,76.000,61.000,73.438,47.688,35.000,35.156,29.996,36.113,37.340,35.215,49.707,0.327,58.189,1830.059,1712.255,1836.000,1700.000,0.000,,,,2,1789718217.004,100,0
317.697,66.449,69.293,54.125,54.000,54.000,56.000,56.000,54.000,53.000,55.000,53.000,53.000,63.359,54.000,63.359,48.000,35.000,35.156,29.996,36.121,37.340,35.215,30.504,0.235,37.104,1825.114,1707.942,1836.000,1700.000,0.000,,,,2,1789718218.007,100,0
318.701,66.293,68.852,54.250,59.000,57.000,60.000,59.000,59.000,57.000,58.000,54.000,53.000,61.484,56.000,61.484,48.375,35.000,35.156,29.996,36.129,37.344,35.219,27.687,0.246,38.922,1836.997,1698.658,1836.000,1700.000,0.000,,,,2,1789718219.010,100,0
319.704,67.793,70.547,54.375,77.000,67.000,75.000,71.000,71.000,69.000,66.000,76.000,58.000,77.000,64.000,72.297,48.375,35.000,35.156,29.996,36.137,37.348,35.223,34.929,0.334,45.837,1834.199,1698.634,1836.000,1700.000,0.000,,,,2,1789718220.015,100,0
320.708,70.758,74.125,55.062,77.000,71.000,80.000,76.000,77.000,74.000,71.000,76.000,59.000,80.000,66.000,79.656,48.625,35.000,35.156,29.996,36.145,37.348,35.223,58.291,0.386,69.272,1848.324,1714.408,1836.000,1700.000,0.000,,,,2,1789718221.018,100,0
321.708,70.387,73.418,55.562,54.000,55.000,55.000,55.000,54.000,53.000,54.000,53.000,54.000,58.953,55.000,58.953,49.062,35.000,35.156,29.996,36.156,37.352,35.223,25.221,0.238,30.198,1843.771,1708.420,1836.000,1700.000,0.000,,,,2,1789718222.020,100,0
322.713,70.027,72.754,55.312,59.000,58.000,60.000,60.000,57.000,58.000,57.000,55.000,58.000,60.000,57.000,58.906,49.312,35.000,35.156,29.996,36.164,37.355,35.227,16.292,0.150,26.040,1824.614,1700.415,1836.000,1700.000,0.000,,,,2,1789718223.023,100,0
323.716,69.652,72.379,55.125,57.000,57.000,59.000,58.000,55.000,55.000,55.000,54.000,56.000,59.000,56.000,58.031,49.375,35.000,35.156,29.996,36.176,37.359,35.230,17.360,0.216,25.180,1845.709,1698.289,1836.000,1700.000,0.000,,,,2,1789718224.028,100,0
324.720,69.234,71.961,55.062,54.000,53.000,55.000,54.000,54.000,53.000,54.000,53.000,55.000,56.234,54.000,56.234,49.250,35.000,35.156,29.996,36.184,37.367,35.234,14.648,0.162,22.283,1834.339,1714.122,1836.000,1700.000,0.000,,,,2,1789718225.030,100,0
325.721,68.914,71.641,54.938,56.000,54.000,56.000,55.000,54.000,53.000,55.000,54.000,54.000,58.969,55.000,58.969,49.250,35.000,35.148,29.996,36.195,37.375,35.238,18.878,0.179,27.074,1839.052,1694.325,1836.000,1700.000,0.000,,,,2,1789718226.032,100,0
326.722,68.520,71.246,54.938,56.000,56.000,56.000,56.000,55.000,53.000,55.000,53.000,56.000,56.297,56.000,56.297,49.312,35.000,35.148,29.996,36.203,37.383,35.242,13.048,0.165,22.554,1855.125,1696.377,1836.000,1700.000,0.000,,,,2,1789718227.033,100,0
327.722,68.117,70.844,54.750,55.000,54.000,55.000,55.000,53.000,52.000,54.000,53.000,55.000,55.609,54.000,55.609,49.250,35.000,35.148,29.996,36.211,37.391,35.246,14.069,0.158,21.321,1834.339,1688.928,1836.000,1700.000,0.000,,,,2,1789718228.033,100,0
328.723,67.707,70.434,54.812,53.000,53.000,54.000,53.000,53.000,52.000,53.000,52.000,54.000,54.984,52.000,54.984,49.312,35.000,35.148,29.996,36.223,37.398,35.250,11.861,0.137,19.277,1841.103,1698.602,1836.000,1700.000,0.000,,,,2,1789718229.033,100,0
329.726,67.336,70.062,54.688,57.000,62.000,58.000,58.000,55.000,53.000,53.000,52.000,56.000,62.000,57.000,55.875,49.375,35.000,35.148,29.996,36.230,37.410,35.254,10.076,0.138,20.820,1834.217,1700.182,1836.000,1700.000,0.000,,,,2,1789718230.037,100,0
330.730,67.484,70.211,54.750,71.000,66.000,73.000,69.000,73.000,68.000,64.000,69.000,60.000,73.000,63.000,70.828,49.188,35.000,35.148,29.996,36.242,37.422,35.262,43.823,0.251,54.408,1845.728,1694.389,1836.000,1700.000,0.000,,,,2,1789718231.039,100,0
331.734,67.445,69.902,55.250,60.000,62.000,63.000,63.000,60.000,59.000,58.000,59.000,60.000,66.328,59.000,66.328,49.250,35.000,35.148,29.996,36.250,37.430,35.270,33.121,0.257,40.072,1827.365,1714.073,1836.000,1700.000,0.000,,,,2,1789718232.045,100,0
332.737,67.203,69.660,55.312,56.000,55.000,58.000,56.000,54.000,54.000,55.000,54.000,57.000,59.719,55.000,59.719,49.562,35.000,35.148,29.996,36.262,37.441,35.273,17.629,0.186,24.331,1847.945,1710.368,1836.000,1700.000,0.000,,,,2,1789718233.047,100,0
333.742,67.012,69.469,55.312,57.000,56.000,59.000,58.000,56.000,56.000,62.000,56.000,62.000,62.000,56.000,61.062,49.500,35.000,35.148,29.996,36.273,37.453,35.277,22.163,0.172,32.773,1841.159,1698.338,1836.000,1700.000,0.000,,,,2,1789718234.053,100,0
334.743,69.000,71.805,55.500,62.000,60.000,63.000,64.000,69.000,61.000,58.000,58.000,56.000,74.969,60.000,74.969,49.500,35.000,35.148,29.996,36.285,37.461,35.285,37.693,0.254,46.868,1845.349,1696.433,1836.000,1700.000,0.000,,,,2,1789718235.053,100,0
335.747,71.277,74.488,55.875,62.000,58.000,65.000,62.000,59.000,58.000,57.000,56.000,57.000,78.109,58.000,78.109,49.812,35.000,35.141,29.996,36.293,37.473,35.293,34.817,0.240,44.217,1827.077,1720.504,1836.000,1700.000,0.000,,,,2,1789718236.059,100,0
336.752,70.961,73.848,56.062,57.000,57.000,59.000,58.000,55.000,54.000,56.000,55.000,64.000,64.000,57.000,61.250,49.938,35.000,35.141,29.996,36.305,37.484,35.301,20.006,0.187,28.877,1833.171,1701.991,1836.000,1700.000,0.000,,,,2,1789718237.064,100,0
337.757,70.566,73.453,56.062,56.000,55.000,56.000,55.000,54.000,54.000,55.000,54.000,57.000,58.359,56.000,58.359,50.000,35.000,35.141,29.996,36.316,37.500,35.309,21.414,0.177,32.060,1847.641,1698.153,1836.000,1700.000,0.000,,,,2,1789718238.070,100,0
338.761,70.098,72.984,55.938,54.000,53.000,55.000,53.000,53.000,52.000,54.000,52.000,54.000,55.484,54.000,55.484,50.000,35.000,35.141,29.996,36.328,37.512,35.312,8.726,0.147,18.123,1840.651,1688.452,1836.000,1700.000,0.000,,,,2,1789718239.073,100,0
339.765,69.613,72.500,55.750,54.000,53.000,55.000,53.000,53.000,52.000,53.000,53.000,54.000,55.000,53.000,54.672,50.000,35.000,35.141,29.996,36.340,37.523,35.320,5.668,0.114,13.798,1833.638,1694.357,1836.000,1700.000,0.000,,,,2,1789718240.078,100,0
340.766,69.152,72.039,55.500,53.000,53.000,54.000,53.000,53.000,52.000,52.000,52.000,53.000,54.844,53.000,54.844,49.875,35.000,35.141,29.996,36.352,37.535,35.324,7.154,0.126,15.662,1824.392,1712.524,1836.000,1700.000,0.000,,,,2,1789718241.082,100,0
341.769,68.680,71.566,55.438,53.000,52.000,54.000,52.000,52.000,51.000,52.000,52.000,53.000,54.000,52.000,53.953,49.750,35.000,35.141,29.996,36.363,37.547,35.332,5.402,0.114,14.125,1831.781,1708.550,1836.000,1700.000,0.000,,,,2,1789718242.087,100,0
342.773,68.258,71.145,55.062,52.000,52.000,53.000,53.000,52.000,51.000,52.000,52.000,53.000,55.172,52.000,55.172,49.625,35.000,35.141,29.996,36.375,37.559,35.340,9.372,0.122,16.971,1833.629,1710.076,1836.000,1700.000,0.000,,,,2,1789718243.091,100,0
343.774,67.824,70.711,54.812,52.000,53.000,54.000,52.000,52.000,51.000,52.000,52.000,53.000,54.375,52.000,54.375,49.562,35.000,35.141,29.996,36.387,37.566,35.348,7.634,0.116,15.252,1833.713,1712.223,1836.000,1700.000,0.000,,,,2,1789718244.086,100,0
344.778,67.402,70.289,54.812,54.000,54.000,55.000,54.000,53.000,52.000,53.000,52.000,53.000,55.000,53.000,54.359,49.312,35.000,35.141,29.996,36.395,37.578,35.355,7.504,0.127,14.080,1847.822,1711.653,1836.000,1700.000,0.000,,,,2,1789718245.097,100,0
345.779,67.141,69.738,54.438,60.000,57.000,79.000,61.000,56.000,57.000,54.000,54.000,54.000,79.000,58.000,59.047,49.312,35.000,35.133,29.996,36.406,37.586,35.363,10.958,0.142,19.214,1835.873,1710.100,1836.000,1700.000,0.000,,,,2,1789718246.094,100,0
346.779,66.832,69.430,54.438,54.000,53.000,55.000,54.000,53.000,52.000,52.000,52.000,53.000,57.312,53.000,57.312,49.062,35.000,35.133,29.996,36.418,37.598,35.371,11.709,0.161,20.900,1826.929,1711.930,1836.000,1700.000,0.000,,,,2,1789718247.089,100,0
347.779,66.535,69.133,54.438,53.000,52.000,54.000,53.000,52.000,52.000,52.000,52.000,52.000,57.312,52.000,57.312,49.062,35.000,35.133,29.996,36.430,37.602,35.379,13.789,0.152,23.388,1815.632,1704.287,1836.000,1700.000,0.000,,,,2,1789718248.089,100,0
348.780,66.723,69.273,54.438,59.000,57.000,60.000,59.000,56.000,56.000,55.000,56.000,54.000,68.828,57.000,68.828,49.000,35.000,35.133,29.996,36.441,37.613,35.387,31.060,0.216,38.241,1833.965,1693.815,1836.000,1700.000,0.000,,,,2,1789718249.094,100,0
349.785,66.629,68.926,54.625,60.000,58.000,59.000,69.000,55.000,56.000,54.000,53.000,54.000,69.000,59.000,63.750,49.062,35.000,35.133,29.996,36.449,37.621,35.395,11.715,0.113,19.388,1852.328,1704.247,1836.000,1700.000,0.000,,,,2,1789718250.104,100,0
350.789,66.238,68.535,54.438,51.000,52.000,53.000,52.000,52.000,50.000,52.000,51.000,53.000,54.172,51.000,54.172,49.062,35.000,35.133,29.996,36.461,37.625,35.402,9.194,0.112,18.759,1843.035,1701.814,1836.000,1700.000,0.000,,,,2,1789718251.107,100,0
351.793,65.809,68.105,54.125,51.000,50.000,52.000,52.000,51.000,50.000,51.000,51.000,52.000,52.516,51.000,52.516,49.062,35.000,35.133,29.996,36.473,37.633,35.410,3.941,0.082,11.778,1845.643,1691.857,1836.000,1700.000,0.000,,,,2,1789718252.111,100,0
352.797,65.398,67.695,53.938,51.000,51.000,52.000,52.000,51.000,50.000,52.000,51.000,52.000,52.703,51.000,52.703,48.750,35.000,35.133,29.996,36.480,37.637,35.414,5.894,0.106,13.632,1831.679,1692.859,1836.000,1700.000,0.000,,,,2,1789718253.111,100,0
353.797,65.016,67.312,53.688,51.000,53.000,52.000,52.000,52.000,50.000,51.000,51.000,52.000,53.094,52.000,53.094,48.812,35.000,35.133,29.996,36.492,37.645,35.422,8.111,0.129,16.522,1838.245,1698.249,1836.000,1700.000,0.000,,,,2,1789718254.116,100,0
354.803,64.609,66.906,53.562,50.000,50.000,52.000,51.000,51.000,49.000,51.000,50.000,51.000,52.047,50.000,52.047,48.750,35.000,35.133,29.996,36.504,37.648,35.430,3.995,0.082,11.822,1840.585,1707.901,1836.000,1700.000,0.000,,,,2,1789718255.121,100,0
355.803,64.211,66.508,53.312,50.000,50.000,51.000,50.000,50.000,49.000,50.000,50.000,51.000,51.844,50.000,51.844,48.438,35.000,35.129,29.996,36.512,37.656,35.438,4.498,0.079,12.397,1833.872,1695.953,1836.000,1700.000,0.000,,,,2,1789718256.115,100,0
356.808,63.832,66.129,53.125,50.000,50.000,51.000,51.000,50.000,49.000,50.000,50.000,51.000,52.047,51.000,52.047,48.438,35.000,35.129,29.996,36.520,37.660,35.441,5.031,0.089,13.425,1845.104,1713.992,1836.000,1700.000,0.000,,,,2,1789718257.126,100,0
357.808,63.449,65.746,52.812,51.000,51.000,52.000,52.000,50.000,49.000,51.000,49.000,51.000,52.000,50.000,51.594,48.312,35.000,35.129,29.996,36.531,37.664,35.449,3.982,0.075,11.790,1840.397,1697.865,1836.000,1700.000,0.000,,,,2,1789718258.123,100,0
358.813,63.113,65.410,52.625,62.000,52.000,54.000,54.000,51.000,51.000,51.000,51.000,52.000,62.000,53.000,52.719,48.188,35.000,35.129,29.996,36.539,37.664,35.453,5.977,0.101,13.958,1833.591,1689.863,1836.000,1700.000,0.000,,,,2,1789718259.131,100,0
359.814,62.754,65.051,52.375,52.000,52.000,53.000,52.000,51.000,50.000,51.000,50.000,51.000,53.000,51.000,51.547,48.000,35.000,35.129,29.996,36.547,37.668,35.461,4.871,0.090,12.982,1833.778,1702.095,1836.000,1700.000,0.000,,,,2,1789718260.129,100,0
360.818,62.496,64.793,52.312,52.000,51.000,53.000,53.000,51.000,51.000,51.000,51.000,51.000,54.531,52.000,54.531,47.938,35.000,35.129,29.996,36.559,37.672,35.465,11.672,0.180,19.881,1836.116,1711.848,1836.000,1700.000,0.000,,,,2,1789718261.137,100,0
361.823,62.156,64.453,52.188,50.000,49.000,51.000,50.000,50.000,49.000,50.000,49.000,50.000,51.625,50.000,51.625,47.812,35.000,35.129,29.996,36.562,37.672,35.469,5.641,0.102,14.082,1840.585,1706.323,1836.000,1700.000,0.000,,,,2,1789718262.136,100,0
362.825,61.820,64.117,52.125,50.000,49.000,51.000,51.000,50.000,50.000,50.000,49.000,50.000,51.375,50.000,51.375,47.750,35.000,35.129,29.996,36.570,37.676,35.477,5.223,0.097,13.355,1831.930,1714.122,1836.000,1700.000,0.000,,,,2,1789718263.140,100,0
363.825,61.465,63.762,51.875,50.000,49.000,50.000,50.000,49.000,48.000,50.000,49.000,50.000,50.484,49.000,50.484,47.688,35.000,35.129,29.996,36.578,37.676,35.480,4.243,0.083,12.235,1829.677,1705.838,1836.000,1700.000,0.000,,,,2,1789718264.144,100,0
364.827,61.113,63.410,51.812,50.000,49.000,50.000,49.000,48.000,48.000,50.000,49.000,50.000,50.188,49.000,50.188,47.562,35.000,35.129,29.996,36.586,37.676,35.480,3.255,0.070,11.334,1841.159,1700.014,1836.000,1700.000,0.000,,,,2,1789718265.138,100,0
365.832,60.770,63.066,51.500,49.000,49.000,50.000,49.000,48.000,48.000,49.000,49.000,50.000,50.203,49.000,50.203,47.438,35.000,35.121,29.996,36.594,37.676,35.488,3.334,0.071,11.279,1846.012,1700.166,1836.000,1700.000,0.000,,,,2,1789718266.146,100,0
366.832,60.523,62.820,51.250,52.000,53.000,52.000,51.000,51.000,49.000,51.000,58.000,50.000,58.000,51.000,52.859,47.375,35.000,35.121,29.996,36.602,37.676,35.492,6.114,0.080,14.289,1838.602,1713.641,1836.000,1700.000,0.000,,,,2,1789718267.149,100,0
367.835,60.215,62.512,51.375,49.000,49.000,50.000,49.000,49.000,48.000,49.000,49.000,50.000,50.641,49.000,50.641,47.188,35.000,35.121,29.996,36.609,37.672,35.492,5.400,0.083,13.135,1841.225,1703.852,1836.000,1700.000,0.000,,,,2,1789718268.152,100,0
368.835,59.918,62.215,51.125,50.000,49.000,50.000,51.000,49.000,49.000,51.000,49.000,50.000,51.000,50.000,50.766,47.188,35.000,35.121,29.996,36.617,37.676,35.496,6.352,0.099,14.294,1850.139,1707.926,1836.000,1700.000,0.000,,,,2,1789718269.150,100,0
369.836,59.621,61.918,51.062,50.000,49.000,51.000,50.000,50.000,48.000,50.000,49.000,50.000,51.000,50.000,50.391,47.062,35.000,35.121,29.996,36.621,37.672,35.496,6.388,0.109,14.043,1841.018,1703.739,1836.000,1700.000,0.000,,,,2,1789718270.147,100,0
370.837,59.336,61.633,50.812,50.000,49.000,50.000,50.000,49.000,48.000,50.000,49.000,50.000,50.438,49.000,50.438,47.000,35.000,35.121,29.996,36.629,37.668,35.496,5.146,0.088,12.972,1833.974,1680.821,1836.000,1700.000,0.000,,,,2,1789718271.147,100,0
371.842,59.047,61.344,50.688,51.000,51.000,52.000,52.000,50.000,49.000,50.000,51.000,49.000,52.000,51.000,50.172,46.812,35.000,35.121,29.996,36.633,37.664,35.500,5.517,0.094,13.764,1820.361,1712.207,1836.000,1700.000,0.000,,,,2,1789718272.153,100,0
372.843,58.820,61.117,50.625,50.000,49.000,51.000,50.000,49.000,48.000,50.000,49.000,49.000,51.703,49.000,51.703,46.812,35.000,35.121,29.996,36.641,37.672,35.504,8.692,0.135,16.456,1838.592,1700.736,1836.000,1700.000,0.000,,,,2,1789718273.155,100,0
373.844,58.656,60.953,50.625,50.000,49.000,51.000,51.000,50.000,49.000,50.000,49.000,49.000,53.578,50.000,53.578,46.812,35.000,35.121,30.996,36.648,37.668,35.512,10.199,0.116,18.721,1834.329,1714.098,1836.000,1700.000,0.000,,,,2,1789718274.161,100,0
374.847,58.426,60.723,50.438,49.000,49.000,50.000,49.000,48.000,48.000,49.000,49.000,49.000,51.328,49.000,51.328,46.688,35.000,35.121,30.996,36.656,37.668,35.516,8.315,0.127,16.844,1845.889,1720.471,1836.000,1700.000,0.000,,,,2,1789718275.165,100,0
375.850,58.145,60.441,50.500,49.000,48.000,49.000,49.000,48.000,47.000,48.000,48.000,49.000,49.422,48.000,49.422,46.688,35.000,35.113,30.996,36.660,37.664,35.523,4.608,0.089,11.749,1838.864,1704.328,1836.000,1700.000,0.000,,,,2,1789718276.169,100,0
376.854,57.898,60.195,50.312,50.000,49.000,51.000,50.000,49.000,49.000,49.000,49.000,50.000,51.000,49.000,50.234,46.625,35.000,35.113,30.996,36.660,37.660,35.531,5.579,0.096,13.865,1841.263,1703.932,1836.000,1700.000,0.000,,,,2,1789718277.164,100,0
377.854,57.746,60.043,50.250,50.000,49.000,52.000,51.000,53.000,49.000,51.000,49.000,50.000,53.078,49.000,53.078,46.500,35.000,35.113,30.996,36.668,37.660,35.535,9.509,0.128,17.689,1836.688,1702.433,1836.000,1700.000,0.000,,,,2,1789718278.165,100,0
378.856,57.559,59.625,50.250,54.000,55.000,58.000,54.000,56.000,52.000,53.000,56.000,50.000,58.000,52.000,51.750,46.438,35.000,35.113,30.996,36.676,37.660,35.543,7.985,0.118,18.300,1847.755,1694.086,1836.000,1700.000,0.000,,,,2,1789718279.165,100,0
379.860,57.406,59.473,50.312,50.000,50.000,52.000,52.000,50.000,50.000,50.000,50.000,50.000,52.656,49.000,52.656,46.312,35.000,35.113,30.996,36.680,37.656,35.547,13.673,0.169,19.989,1834.526,1692.159,1836.000,1700.000,0.000,,,,2,1789718280.178,100,0
380.864,57.215,59.281,50.250,50.000,50.000,51.000,51.000,49.000,49.000,49.000,48.000,50.000,51.281,49.000,51.281,46.312,35.000,35.113,30.996,36.684,37.652,35.551,7.911,0.118,16.237,1834.348,1700.134,1836.000,1700.000,0.000,,,,2,1789718281.179,100,0
381.866,56.984,59.051,50.188,49.000,48.000,50.000,49.000,48.000,47.000,48.000,48.000,49.000,50.000,48.000,49.859,46.375,35.000,35.113,30.996,36.688,37.648,35.555,5.766,0.101,12.678,1822.766,1690.784,1836.000,1700.000,0.000,,,,2,1789718282.185,100,0
382.871,56.738,58.805,49.875,48.000,48.000,49.000,49.000,47.000,47.000,48.000,47.000,49.000,49.125,48.000,49.125,46.062,35.000,35.113,30.996,36.688,37.641,35.559,3.520,0.079,11.095,1841.432,1692.557,1836.000,1700.000,0.000,,,,2,1789718283.187,100,0
383.875,56.508,58.574,49.812,49.000,48.000,49.000,49.000,47.000,47.000,48.000,48.000,49.000,49.266,48.000,49.266,46.188,35.000,35.113,30.996,36.695,37.641,35.562,5.364,0.104,14.362,1846.050,1700.584,1836.000,1700.000,0.000,,,,2,1789718284.194,100,0
384.876,56.297,58.363,49.812,52.000,53.000,51.000,51.000,48.000,48.000,48.000,47.000,49.000,53.000,50.000,49.828,46.062,35.000,35.113,30.996,36.699,37.641,35.566,6.634,0.101,14.787,1834.647,1714.506,1836.000,1700.000,0.000,,,,2,1789718285.195,100,0
385.881,56.074,58.141,49.688,49.000,49.000,50.000,49.000,48.000,48.000,49.000,48.000,49.000,50.000,48.000,49.219,45.938,35.000,35.109,30.996,36.703,37.637,35.566,5.679,0.098,13.101,1832.322,1702.208,1836.000,1700.000,0.000,,,,2,1789718286.200,100,0
386.886,55.852,57.918,49.562,49.000,48.000,49.000,49.000,47.000,46.000,48.000,47.000,49.000,49.000,48.000,48.906,45.938,35.000,35.109,30.996,36.707,37.629,35.570,4.202,0.081,11.732,1840.924,1692.644,1836.000,1700.000,0.000,,,,2,1789718287.204,100,0
387.887,55.629,57.695,49.438,49.000,49.000,49.000,48.000,47.000,46.000,48.000,47.000,48.000,49.000,47.000,48.672,46.000,35.000,35.109,30.996,36.711,37.625,35.574,3.073,0.067,10.806,1822.840,1715.928,1836.000,1700.000,0.000,,,,2,1789718288.204,100,0
388.891,55.410,57.477,49.250,50.000,48.000,51.000,49.000,47.000,47.000,48.000,47.000,49.000,51.000,48.000,48.672,45.812,35.000,35.109,30.996,36.715,37.625,35.578,3.593,0.071,11.645,1834.526,1692.294,1836.000,1700.000,0.000,,,,2,1789718289.207,100,0
389.895,55.207,57.273,49.000,51.000,50.000,50.000,50.000,51.000,48.000,48.000,48.000,49.000,51.000,49.000,48.922,45.750,35.000,35.109,30.996,36.715,37.621,35.578,4.850,0.087,12.682,1827.513,1692.541,1836.000,1700.000,0.000,,,,2,1789718290.205,100,0
390.895,55.023,57.090,49.062,50.000,50.000,49.000,49.000,47.000,48.000,48.000,47.000,49.000,50.000,49.000,49.281,45.688,35.000,35.109,30.996,36.723,37.613,35.578,8.012,0.119,15.604,1838.648,1704.513,1836.000,1700.000,0.000,,,,2,1789718291.208,100,0
391.898,54.848,56.914,48.938,50.000,49.000,49.000,49.000,47.000,46.000,48.000,47.000,49.000,50.000,48.000,49.422,45.625,35.000,35.109,30.996,36.723,37.613,35.578,7.004,0.114,15.647,1818.540,1707.796,1836.000,1700.000,0.000,,,,2,1789718292.209,100,0
392.902,54.684,56.750,49.000,51.000,48.000,49.000,49.000,48.000,47.000,48.000,47.000,49.000,51.000,48.000,49.656,45.500,35.000,35.109,30.996,36.727,37.609,35.578,7.279,0.112,15.394,1822.656,1712.329,1836.000,1700.000,0.000,,,,2,1789718293.219,100,0
393.903,54.508,56.574,48.938,49.000,48.000,49.000,49.000,47.000,47.000,47.000,47.000,48.000,49.031,48.000,49.031,45.500,35.000,35.109,30.996,36.730,37.605,35.578,5.928,0.103,14.212,1834.610,1690.419,1836.000,1700.000,0.000,,,,2,1789718294.220,100,0
394.908,54.336,56.402,48.750,48.000,47.000,48.000,48.000,47.000,46.000,47.000,47.000,49.000,49.000,47.000,48.938,45.500,35.000,35.109,30.996,36.730,37.602,35.578,5.768,0.093,13.917,1818.393,1692.636,1836.000,1700.000,0.000,,,,2,1789718295.219,100,0
395.908,54.348,56.414,49.062,51.000,51.000,52.000,52.000,49.000,49.000,49.000,49.000,51.000,54.781,50.000,54.781,45.438,35.000,35.102,30.996,36.734,37.594,35.578,28.233,0.187,36.808,1829.938,1695.921,1836.000,1700.000,0.000,,,,2,1789718296.220,100,0
396.909,54.242,56.227,49.188,49.000,49.000,50.000,49.000,48.000,48.000,49.000,48.000,51.000,51.000,48.000,50.891,45.500,35.000,35.102,30.996,36.738,37.590,35.578,13.324,0.145,22.885,1850.662,1701.951,1836.000,1700.000,0.000,,,,2,1789718297.220,100,0
397.909,54.121,56.105,49.188,49.000,49.000,49.000,49.000,47.000,47.000,49.000,48.000,51.000,51.000,48.000,50.453,45.625,35.000,35.102,30.996,36.742,37.590,35.578,11.881,0.125,20.749,1841.706,1702.232,1836.000,1700.000,0.000,,,,2,1789718298.219,100,0
398.911,54.023,56.008,49.188,51.000,54.000,52.000,52.000,50.000,50.000,50.000,49.000,51.000,54.000,51.000,50.984,45.562,35.000,35.102,30.996,36.742,37.586,35.578,13.238,0.135,20.891,1836.997,1697.969,1836.000,1700.000,0.000,,,,2,1789718299.222,100,0
399.912,54.035,55.844,49.375,50.000,50.000,52.000,52.000,50.000,49.000,50.000,49.000,51.000,54.297,50.000,54.297,45.500,35.000,35.102,30.996,36.746,37.586,35.574,20.020,0.177,29.002,1839.259,1692.182,1836.000,1700.000,0.000,,,,2,1789718300.224,100,0
400.915,53.926,55.734,49.438,51.000,49.000,52.000,51.000,49.000,48.000,49.000,48.000,50.000,52.000,49.000,50.594,45.625,35.000,35.102,30.996,36.750,37.586,35.574,9.716,0.136,18.237,1834.414,1703.924,1836.000,1700.000,0.000,,,,2,1789718301.230,100,0
401.918,53.812,55.621,49.500,49.000,48.000,49.000,49.000,48.000,47.000,48.000,48.000,49.000,50.266,48.000,50.266,45.625,35.000,35.102,30.996,36.754,37.582,35.570,9.662,0.127,18.680,1845.841,1712.402,1836.000,1700.000,0.000,,,,2,1789718302.237,100,0
402.923,53.703,55.512,49.500,48.000,48.000,49.000,48.000,48.000,47.000,48.000,48.000,49.000,50.344,48.000,50.344,45.750,35.000,35.102,30.996,36.754,37.582,35.566,11.047,0.106,19.396,1834.348,1697.657,1836.000,1700.000,0.000,,,,2,1789718303.234,100,0
403.926,54.672,56.594,49.562,57.000,55.000,58.000,58.000,62.000,55.000,54.000,56.000,56.000,62.000,54.000,57.578,45.625,35.000,35.102,30.996,36.758,37.582,35.566,23.041,0.178,29.161,1825.345,1699.965,1836.000,1700.000,0.000,,,,2,1789718304.236,100,0
404.930,54.664,56.391,49.938,50.000,49.000,51.000,51.000,49.000,49.000,50.000,50.000,50.000,54.484,50.000,54.484,45.688,35.000,35.102,30.996,36.758,37.578,35.562,26.487,0.202,38.160,1839.231,1701.991,1836.000,1700.000,0.000,,,,2,1789718305.239,100,0
405.932,57.121,59.414,50.062,58.000,70.000,58.000,60.000,54.000,55.000,52.000,52.000,52.000,70.000,59.000,64.500,45.938,35.000,35.098,30.996,36.762,37.578,35.559,19.825,0.167,28.074,1848.676,1684.439,1836.000,1700.000,0.000,,,,2,1789718306.244,100,0
406.932,56.926,58.988,50.312,50.000,49.000,50.000,50.000,49.000,48.000,49.000,49.000,50.000,50.969,50.000,50.969,46.000,35.000,35.098,30.996,36.766,37.578,35.555,9.110,0.134,18.396,1827.838,1702.595,1836.000,1700.000,0.000,,,,2,1789718307.243,100,0
407.934,56.688,58.750,50.125,49.000,48.000,49.000,49.000,47.000,47.000,49.000,48.000,49.000,49.281,48.000,49.281,46.000,35.000,35.098,30.996,36.766,37.578,35.555,4.081,0.084,12.471,1832.005,1698.209,1836.000,1700.000,0.000,,,,2,1789718308.244,100,0
408.936,56.570,58.633,50.125,50.000,49.000,51.000,51.000,49.000,48.000,49.000,49.000,50.000,52.922,49.000,52.922,46.000,35.000,35.098,30.996,36.770,37.578,35.551,18.061,0.195,26.596,1832.108,1711.555,1836.000,1700.000,0.000,,,,2,1789718309.254,100,0
409.938,56.359,58.422,50.188,49.000,48.000,50.000,49.000,47.000,47.000,48.000,48.000,49.000,50.000,48.000,49.781,46.062,35.000,35.098,30.996,36.773,37.574,35.551,5.572,0.105,13.785,1841.592,1712.304,1836.000,1700.000,0.000,,,,2,1789718310.252,100,0
410.942,56.152,58.215,49.938,49.000,48.000,49.000,49.000,48.000,47.000,48.000,48.000,50.000,50.000,49.000,49.781,46.000,35.000,35.098,30.996,36.777,37.574,35.547,6.306,0.088,14.449,1848.685,1694.237,1836.000,1700.000,0.000,,,,2,1789718311.255,100,0
411.942,55.930,57.992,49.812,49.000,47.000,48.000,49.000,48.000,47.000,48.000,47.000,49.000,49.016,48.000,49.016,45.812,35.000,35.098,30.996,36.777,37.574,35.547,4.078,0.080,12.373,1831.977,1698.153,1836.000,1700.000,0.000,,,,2,1789718312.260,100,0
412.946,55.711,57.773,49.562,48.000,48.000,49.000,49.000,48.000,47.000,48.000,47.000,48.000,49.000,48.000,48.891,46.000,35.000,35.098,30.996,36.781,37.570,35.543,4.227,0.084,12.031,1834.769,1712.166,1836.000,1700.000,0.000,,,,2,1789718313.258,100,0
413.951,55.504,57.566,49.500,49.000,48.000,49.000,49.000,47.000,47.000,48.000,48.000,49.000,49.094,48.000,49.094,45.750,35.000,35.098,30.996,36.781,37.570,35.543,6.079,0.101,14.350,1845.775,1700.198,1836.000,1700.000,0.000,,,,2,1789718314.263,100,0
414.952,55.301,57.363,49.312,50.000,49.000,51.000,50.000,48.000,47.000,49.000,48.000,49.000,51.000,49.000,49.094,45.750,35.000,35.098,30.996,36.785,37.566,35.539,5.884,0.082,13.454,1820.490,1686.420,1836.000,1700.000,0.000,,,,2,1789718315.267,100,0
415.952,55.109,57.172,49.312,50.000,48.000,50.000,49.000,47.000,47.000,48.000,48.000,49.000,50.000,49.000,49.156,45.688,35.000,35.094,30.996,36.785,37.566,35.539,6.977,0.083,14.958,1824.882,1697.657,1836.000,1700.000,0.000,,,,2,1789718316.267,100,0
416.957,54.922,56.984,49.125,49.000,49.000,50.000,49.000,48.000,47.000,48.000,47.000,50.000,50.000,49.000,49.125,45.562,35.000,35.094,30.996,36.789,37.562,35.535,6.256,0.085,14.377,1846.021,1698.233,1836.000,1700.000,0.000,,,,2,1789718317.275,100,0
417.961,54.730,56.793,49.000,50.000,48.000,48.000,48.000,46.000,46.000,47.000,47.000,49.000,50.000,48.000,48.750,45.500,35.000,35.094,30.996,36.789,37.559,35.535,5.720,0.082,13.874,1827.161,1702.289,1836.000,1700.000,0.000,,,,2,1789718318.275,100,0
418.967,54.543,56.605,49.062,51.000,49.000,49.000,49.000,47.000,47.000,48.000,47.000,49.000,51.000,49.000,48.688,45.438,35.000,35.094,30.996,36.789,37.559,35.531,6.316,0.082,14.548,1827.328,1712.166,1836.000,1700.000,0.000,,,,2,1789718319.278,100,0
419.967,54.371,56.434,49.000,49.000,49.000,50.000,49.000,50.000,47.000,48.000,47.000,48.000,50.000,49.000,49.094,45.438,35.000,35.094,30.996,36.793,37.555,35.531,7.140,0.100,15.203,1834.442,1708.031,1836.000,1700.000,0.000,,,,2,1789718320.279,100,0
420.971,54.188,56.250,48.875,52.000,50.000,50.000,49.000,48.000,48.000,49.000,48.000,48.000,52.000,49.000,48.531,45.250,35.000,35.094,30.996,36.793,37.551,35.527,5.739,0.112,13.579,1834.386,1698.041,1836.000,1700.000,0.000,,,,2,1789718321.286,100,0
421.971,54.012,56.074,48.812,48.000,48.000,48.000,48.000,47.000,46.000,47.000,47.000,48.000,48.453,48.000,48.453,45.312,35.000,35.094,30.996,36.793,37.547,35.523,5.739,0.112,13.840,1834.647,1703.578,1836.000,1700.000,0.000,,,,2,1789718322.282,100,0
422.975,53.836,55.898,48.625,49.000,48.000,52.000,49.000,47.000,46.000,47.000,47.000,48.000,52.000,48.000,48.500,45.188,35.000,35.094,30.996,36.797,37.543,35.520,10.392,0.124,15.166,1838.892,1694.365,1836.000,1700.000,0.000,,,,2,1789718323.285,100,0
423.979,53.754,55.816,48.688,55.000,54.000,53.000,52.000,49.000,49.000,49.000,49.000,49.000,55.000,51.000,51.109,45.125,35.000,35.094,30.996,36.793,37.539,35.520,12.800,0.156,19.557,1846.410,1696.393,1836.000,1700.000,0.000,,,,2,1789718324.292,100,0
424.983,53.617,55.680,48.812,48.000,47.000,48.000,48.000,47.000,46.000,48.000,47.000,48.000,49.453,48.000,49.453,45.125,35.000,35.094,30.996,36.797,37.531,35.520,10.645,0.119,20.996,1838.987,1694.229,1836.000,1700.000,0.000,,,,2,1789718325.293,100,0
425.986,53.594,55.453,48.625,56.000,55.000,57.000,58.000,54.000,51.000,51.000,50.000,50.000,58.000,52.000,50.078,45.125,35.000,35.090,30.996,36.797,37.527,35.516,8.183,0.122,20.075,1848.885,1712.093,1836.000,1700.000,0.000,,,,2,1789718326.303,100,0
426.986,53.484,55.344,48.812,47.000,47.000,48.000,47.000,47.000,46.000,48.000,47.000,48.000,50.078,50.000,54.328,45.062,35.000,35.090,30.996,36.801,37.523,35.508,13.662,0.139,15.693,1836.828,1690.252,1836.000,1700.000,0.000,,,,2,1789718327.301,100,0
427.988,53.523,55.277,48.688,52.000,50.000,53.000,52.000,47.000,46.000,48.000,47.000,48.000,54.328,47.000,49.438,45.125,35.000,35.090,30.996,36.801,37.516,35.504,7.263,0.113,22.283,1829.891,1686.585,1836.000,1700.000,0.000,,,,2,1789718328.301,100,0
428.992,53.395,55.148,48.875,47.000,47.000,48.000,47.000,46.000,46.000,48.000,47.000,48.000,49.438,47.000,48.859,45.250,35.000,35.090,30.996,36.801,37.512,35.504,4.755,0.084,15.009,1834.451,1698.033,1836.000,1700.000,0.000,,,,2,1789718329.304,100,0
429.996,53.254,55.008,48.625,47.000,47.000,48.000,47.000,46.000,45.000,47.000,47.000,48.000,48.859,46.000,48.281,45.000,35.000,35.090,30.996,36.801,37.504,35.496,4.932,0.091,12.502,1853.368,1696.449,1836.000,1700.000,0.000,,,,2,1789718330.306,100,0
431.000,53.098,54.852,48.500,48.000,48.000,48.000,47.000,46.000,46.000,47.000,47.000,48.000,48.281,47.000,48.484,45.062,35.000,35.090,30.996,36.801,37.492,35.488,5.808,0.104,13.048,1818.476,1703.908,1836.000,1700.000,0.000,,,,2,1789718331.311,100,0
432.004,52.953,54.707,48.312,48.000,46.000,49.000,47.000,46.000,45.000,47.000,47.000,49.000,49.000,47.000,48.953,44.938,35.000,35.090,30.996,36.801,37.488,35.488,6.677,0.111,14.169,1820.637,1692.310,1836.000,1700.000,0.000,,,,2,1789718332.315,100,0
433.007,53.234,55.547,48.375,57.000,57.000,59.000,59.000,56.000,56.000,59.000,60.000,54.000,60.578,55.000,60.578,44.938,35.000,35.090,30.996,36.801,37.480,35.480,27.501,0.193,14.588,1839.315,1694.261,1836.000,1700.000,0.000,,,,2,1789718333.317,100,0
434.011,54.953,57.547,48.938,58.000,55.000,59.000,58.000,60.000,55.000,52.000,52.000,53.000,60.109,55.000,60.109,45.125,35.000,35.090,30.996,36.801,37.473,35.477,38.876,0.265,39.306,1830.217,1698.089,1836.000,1700.000,0.000,,,,2,1789718334.321,100,0
435.012,54.895,57.230,49.375,49.000,48.000,50.000,50.000,49.000,48.000,49.000,49.000,50.000,53.125,49.000,53.125,45.375,35.000,35.086,30.996,36.801,37.469,35.473,16.736,0.181,46.919,1834.703,1712.435,1836.000,1700.000,0.000,,,,2,1789718335.324,100,0
436.016,54.816,56.918,49.312,48.000,49.000,49.000,49.000,49.000,48.000,49.000,49.000,50.000,52.422,49.000,52.422,45.375,35.000,35.086,30.996,36.801,37.465,35.469,13.002,0.135,23.679,1846.353,1701.597,1836.000,1700.000,0.000,,,,2,1789718336.335,100,0
437.020,54.672,56.773,49.312,48.000,48.000,49.000,49.000,48.000,47.000,48.000,48.000,49.000,50.203,48.000,50.203,45.500,35.000,35.086,30.996,36.805,37.461,35.465,8.628,0.128,21.785,1834.573,1691.189,1836.000,1700.000,0.000,,,,2,1789718337.331,100,0
438.023,54.551,56.652,49.312,49.000,48.000,49.000,49.000,48.000,48.000,48.000,48.000,49.000,50.812,48.000,50.812,45.438,35.000,35.086,30.996,36.805,37.453,35.461,10.149,0.146,16.648,1832.863,1690.228,1836.000,1700.000,0.000,,,,2,1789718338.340,100,0
439.027,54.414,56.516,49.188,49.000,50.000,50.000,50.000,50.000,49.000,48.000,48.000,49.000,50.109,49.000,50.109,45.500,35.000,35.086,30.996,36.805,37.453,35.457,7.917,0.120,18.691,1841.847,1686.120,1836.000,1700.000,0.000,,,,2,1789718339.343,100,0
440.032,54.246,56.348,49.188,48.000,47.000,49.000,48.000,47.000,46.000,48.000,47.000,48.000,49.109,48.000,49.109,45.438,35.000,35.086,30.996,36.805,37.445,35.453,5.380,0.102,16.188,1825.095,1700.046,1836.000,1700.000,0.000,,,,2,1789718340.350,100,0
441.036,54.109,56.211,49.000,48.000,47.000,49.000,49.000,47.000,46.000,48.000,47.000,49.000,49.781,48.000,49.781,45.312,35.000,35.086,30.996,36.805,37.441,35.453,7.500,0.120,12.867,1843.884,1692.604,1836.000,1700.000,0.000,,,,2,1789718341.354,100,0
442.040,54.023,56.125,48.938,49.000,49.000,52.000,49.000,48.000,48.000,49.000,48.000,49.000,52.000,49.000,51.422,45.312,35.000,35.086,30.996,36.809,37.438,35.449,9.938,0.126,15.683,1846.542,1701.918,1836.000,1700.000,0.000,,,,2,1789718342.357,100,0
443.040,53.859,55.961,48.938,47.000,47.000,48.000,47.000,47.000,46.000,50.000,47.000,49.000,50.000,48.000,48.797,45.312,35.000,35.086,30.996,36.809,37.434,35.441,3.681,0.082,17.929,1820.812,1702.369,1836.000,1700.000,0.000,,,,2,1789718343.359,100,0
444.044,53.691,55.793,48.750,47.000,46.000,47.000,48.000,46.000,46.000,47.000,47.000,49.000,49.000,46.000,48.500,45.312,35.000,35.086,30.996,36.809,37.426,35.438,3.764,0.073,11.327,1846.372,1691.753,1836.000,1700.000,0.000,,,,2,1789718344.357,100,0
445.048,53.598,55.699,48.750,48.000,47.000,49.000,48.000,47.000,47.000,48.000,47.000,49.000,50.688,47.000,50.688,45.312,35.000,35.078,30.996,36.809,37.422,35.434,9.151,0.127,11.245,1834.984,1694.245,1836.000,1700.000,0.000,,,,2,1789718345.361,100,0
446.050,53.445,55.547,48.625,48.000,46.000,48.000,47.000,46.000,46.000,47.000,47.000,49.000,49.000,46.000,48.609,45.188,35.000,35.078,30.996,36.809,37.418,35.430,3.692,0.074,17.119,1839.250,1686.688,1836.000,1700.000,0.000,,,,2,1789718346.368,100,0
447.055,53.355,55.457,48.438,48.000,46.000,48.000,48.000,47.000,47.000,47.000,47.000,49.000,50.625,47.000,50.625,45.125,35.000,35.078,30.996,36.805,37.410,35.426,6.551,0.095,11.176,1839.259,1698.506,1836.000,1700.000,0.000,,,,2,1789718347.372,100,0
448.059,53.195,55.297,48.312,47.000,46.000,47.000,47.000,46.000,45.000,47.000,47.000,48.000,48.219,46.000,48.219,45.062,35.000,35.078,30.996,36.809,37.406,35.422,3.583,0.073,14.256,1825.410,1712.541,1836.000,1700.000,0.000,,,,2,1789718348.375,100,0
449.064,53.031,55.133,48.125,47.000,46.000,47.000,46.000,45.000,45.000,47.000,47.000,48.000,48.016,46.000,48.016,45.000,35.000,35.078,30.996,36.805,37.402,35.422,3.147,0.070,11.372,1844.385,1702.361,1836.000,1700.000,0.000,,,,2,1789718349.382,100,0
450.066,52.875,54.977,48.062,47.000,46.000,48.000,46.000,45.000,45.000,47.000,46.000,48.000,48.031,46.000,48.031,44.875,35.000,35.078,30.996,36.805,37.395,35.418,3.415,0.070,11.391,1832.378,1692.421,1836.000,1700.000,0.000,,,,2,1789718350.383,100,0
451.071,52.738,54.840,48.000,47.000,46.000,48.000,46.000,46.000,46.000,47.000,47.000,48.000,48.391,45.000,48.391,44.812,35.000,35.078,30.996,36.805,37.391,35.414,5.784,0.078,10.930,1862.882,1711.661,1836.000,1700.000,0.000,,,,2,1789718351.389,100,0
452.073,52.586,54.688,47.875,47.000,46.000,47.000,46.000,45.000,45.000,47.000,47.000,48.000,48.000,46.000,47.859,44.812,35.000,35.078,30.996,36.805,37.387,35.414,3.156,0.071,13.911,1825.567,1716.174,1836.000,1700.000,0.000,,,,2,1789718352.386,100,0
453.074,52.430,54.531,47.625,46.000,45.000,47.000,46.000,45.000,45.000,46.000,46.000,48.000,48.000,46.000,47.656,44.562,35.000,35.078,30.996,36.805,37.379,35.410,3.226,0.074,10.689,1834.834,1701.846,1836.000,1700.000,0.000,,,,2,1789718353.388,100,0
454.079,52.277,54.379,47.500,46.000,45.000,47.000,46.000,45.000,45.000,46.000,46.000,48.000,48.000,45.000,47.578,44.625,35.000,35.078,30.996,36.805,37.371,35.406,3.142,0.069,10.851,1823.265,1692.692,1836.000,1700.000,0.000,,,,2,1789718354.398,100,0
455.084,52.129,54.230,47.250,47.000,45.000,47.000,46.000,45.000,45.000,47.000,46.000,48.000,48.000,45.000,47.469,44.500,35.000,35.074,30.996,36.805,37.363,35.402,3.082,0.070,10.909,1839.391,1698.113,1836.000,1700.000,0.000,,,,2,1789718355.403,100,0
456.084,51.977,54.078,47.312,46.000,46.000,47.000,46.000,45.000,44.000,46.000,46.000,47.000,47.219,45.000,47.219,44.438,35.000,35.074,30.996,36.805,37.355,35.398,3.080,0.071,10.823,1834.264,1715.429,1836.000,1700.000,0.000,,,,2,1789718356.404,100,0
457.088,51.828,53.930,47.250,46.000,45.000,47.000,46.000,45.000,44.000,46.000,46.000,47.000,47.250,45.000,47.250,44.438,35.000,35.074,30.996,36.801,37.348,35.391,3.226,0.070,10.907,1832.565,1692.047,1836.000,1700.000,0.000,,,,2,1789718357.407,100,0
458.088,51.680,53.781,47.062,46.000,45.000,47.000,46.000,45.000,44.000,46.000,46.000,48.000,48.000,44.000,47.172,44.438,35.000,35.074,30.996,36.801,37.340,35.391,3.020,0.065,10.777,1835.049,1684.636,1836.000,1700.000,0.000,,,,2,1789718358.407,100,0
459.094,51.535,53.637,46.938,46.000,45.000,46.000,45.000,45.000,45.000,46.000,46.000,47.000,47.000,45.000,46.953,44.250,35.000,35.074,30.996,36.801,37.332,35.383,3.052,0.067,10.482,1849.160,1699.765,1836.000,1700.000,0.000,,,,2,1789718359.412,100,0
460.099,51.391,53.492,46.938,45.000,45.000,46.000,45.000,45.000,44.000,45.000,45.000,47.000,47.000,45.000,46.984,44.188,35.000,35.074,30.996,36.801,37.324,35.379,3.006,0.064,10.769,1846.675,1691.880,1836.000,1700.000,0.000,,,,2,1789718360.417,100,0
461.101,51.254,53.355,46.812,45.000,45.000,47.000,46.000,45.000,45.000,45.000,45.000,46.000,47.016,44.000,47.016,44.062,35.000,35.074,30.996,36.797,37.316,35.375,3.529,0.068,10.456,1821.309,1696.401,1836.000,1700.000,0.000,,,,2,1789718361.419,100,0
462.103,51.121,53.223,46.812,46.000,45.000,46.000,45.000,44.000,43.000,46.000,46.000,47.000,47.000,45.000,46.969,44.062,35.000,35.074,30.996,36.793,37.309,35.371,2.964,0.065,10.970,1830.571,1711.905,1836.000,1700.000,0.000,,,,2,1789718362.422,100,0
463.107,50.984,53.086,46.562,46.000,45.000,46.000,45.000,44.000,44.000,46.000,45.000,46.000,46.781,44.000,46.781,44.000,35.000,35.074,30.996,36.793,37.297,35.363,3.024,0.065,10.542,1834.947,1703.973,1836.000,1700.000,0.000,,,,2,1789718363.417,100,0
464.110,50.867,52.863,46.625,46.000,45.000,46.000,45.000,45.000,45.000,46.000,46.000,47.000,47.172,45.000,47.172,43.875,35.000,35.074,30.996,36.789,37.289,35.363,5.533,0.085,13.630,1835.218,1714.351,1836.000,1700.000,0.000,,,,2,1789718364.429,100,0
465.113,50.801,52.797,46.562,46.000,46.000,47.000,47.000,46.000,46.000,47.000,46.000,47.000,48.750,46.000,48.750,44.000,35.000,35.074,30.996,36.789,37.281,35.359,7.772,0.127,15.872,1828.237,1693.090,1836.000,1700.000,0.000,,,,2,1789718365.432,100,0
466.117,50.711,52.707,46.562,48.000,48.000,48.000,48.000,46.000,46.000,47.000,46.000,47.000,48.000,47.000,47.922,43.875,35.000,35.074,30.996,36.785,37.273,35.352,7.279,0.111,15.113,1821.355,1711.946,1836.000,1700.000,0.000,,,,2,1789718366.427,100,0
467.121,50.602,52.598,46.688,46.000,45.000,47.000,46.000,45.000,45.000,45.000,46.000,47.000,47.250,46.000,47.250,43.812,35.000,35.074,30.996,36.785,37.262,35.348,6.162,0.103,14.090,1819.358,1692.915,1836.000,1700.000,0.000,,,,2,1789718367.439,100,0
468.124,50.516,52.512,46.500,46.000,46.000,47.000,46.000,45.000,45.000,46.000,46.000,47.000,47.797,46.000,47.797,43.938,35.000,35.074,30.996,36.781,37.254,35.340,8.233,0.124,15.926,1832.966,1710.311,1836.000,1700.000,0.000,,,,2,1789718368.439,100,0
469.127,50.430,52.426,46.562,46.000,45.000,47.000,46.000,45.000,44.000,46.000,46.000,47.000,47.859,46.000,47.859,43.875,35.000,35.074,30.996,36.777,37.242,35.336,7.190,0.122,15.270,1847.158,1702.433,1836.000,1700.000,0.000,,,,2,1789718369.443,100,0
470.128,50.344,52.340,46.562,46.000,46.000,47.000,46.000,48.000,45.000,46.000,46.000,46.000,48.000,46.000,47.625,43.875,35.000,35.074,30.996,36.773,37.234,35.328,7.495,0.119,15.532,1822.056,1694.054,1836.000,1700.000,0.000,,,,2,1789718370.441,100,0
471.133,50.262,52.258,46.562,46.000,46.000,47.000,46.000,45.000,44.000,46.000,46.000,47.000,47.703,45.000,47.703,43.688,35.000,35.074,30.996,36.773,37.223,35.320,7.781,0.121,16.309,1842.309,1684.652,1836.000,1700.000,0.000,,,,2,1789718371.449,100,0
472.136,50.168,52.164,46.562,46.000,45.000,46.000,46.000,45.000,44.000,46.000,46.000,47.000,47.250,45.000,47.250,43.875,35.000,35.074,30.996,36.770,37.215,35.316,5.842,0.103,13.955,1849.340,1701.975,1836.000,1700.000,0.000,,,,2,1789718372.452,100,0
473.138,50.066,52.062,46.500,45.000,45.000,47.000,46.000,45.000,44.000,46.000,46.000,46.000,47.000,45.000,46.984,43.750,35.000,35.074,30.996,36.766,37.203,35.309,5.870,0.099,13.894,1828.144,1701.677,1836.000,1700.000,0.000,,,,2,1789718373.451,100,0
474.141,49.977,51.871,46.375,47.000,46.000,47.000,46.000,45.000,45.000,47.000,46.000,46.000,47.156,46.000,47.156,43.562,35.000,35.074,30.996,36.762,37.195,35.305,6.185,0.097,14.130,1832.798,1684.510,1836.000,1700.000,0.000,,,,2,1789718374.459,100,0
475.145,49.922,51.816,46.438,48.000,48.000,52.000,49.000,47.000,46.000,48.000,47.000,47.000,52.000,47.000,48.172,43.625,35.000,35.070,30.996,36.758,37.184,35.297,9.843,0.141,18.000,1856.589,1685.693,1836.000,1700.000,0.000,,,,2,1789718375.462,100,0
476.145,49.848,51.742,46.562,47.000,46.000,48.000,47.000,48.000,45.000,46.000,46.000,47.000,48.000,47.000,47.625,43.688,35.000,35.070,30.996,36.754,37.180,35.289,6.597,0.109,14.811,1824.050,1692.119,1836.000,1700.000,0.000,,,,2,1789718376.463,100,0
477.146,49.793,51.688,46.438,46.000,46.000,47.000,47.000,46.000,45.000,46.000,46.000,47.000,48.062,46.000,48.062,43.688,35.000,35.070,30.996,36.750,37.168,35.285,7.410,0.119,15.027,1835.620,1702.192,1836.000,1700.000,0.000,,,,2,1789718377.457,100,0
478.150,49.793,51.688,46.438,48.000,47.000,50.000,50.000,49.000,48.000,48.000,48.000,47.000,50.000,48.000,49.875,43.625,35.000,35.070,30.996,36.746,37.160,35.277,10.251,0.152,18.713,1822.148,1692.326,1836.000,1700.000,0.000,,,,2,1789718378.466,100,0
479.151,49.742,51.637,46.562,47.000,46.000,48.000,46.000,46.000,45.000,47.000,46.000,47.000,48.250,46.000,48.250,43.625,35.000,35.070,30.996,36.742,37.148,35.270,7.651,0.116,15.699,1821.816,1704.432,1836.000,1700.000,0.000,,,,2,1789718379.470,100,0
480.153,49.691,51.586,46.500,48.000,48.000,49.000,49.000,48.000,48.000,48.000,47.000,47.000,49.000,48.000,48.109,43.625,35.000,35.070,30.996,36.738,37.141,35.266,6.593,0.113,15.462,1835.096,1692.278,1836.000,1700.000,0.000,,,,2,1789718380.463,100,0
481.156,49.684,51.578,46.625,46.000,46.000,47.000,47.000,45.000,45.000,46.000,46.000,47.000,49.453,46.000,49.453,43.562,35.000,35.070,30.996,36.734,37.133,35.258,8.643,0.135,15.883,1842.356,1697.801,1836.000,1700.000,0.000,,,,2,1789718381.466,100,0
482.161,49.621,51.516,46.438,46.000,45.000,47.000,46.000,45.000,45.000,46.000,46.000,47.000,47.719,45.000,47.719,43.562,35.000,35.070,30.996,36.730,37.121,35.250,7.572,0.117,15.211,1854.036,1698.266,1836.000,1700.000,0.000,,,,2,1789718382.477,100,0
483.163,49.555,51.449,46.562,46.000,46.000,47.000,46.000,45.000,45.000,46.000,46.000,46.000,47.484,45.000,47.484,43.625,35.000,35.070,30.996,36.727,37.113,35.246,7.205,0.115,14.687,1835.779,1692.342,1836.000,1700.000,0.000,,,,2,1789718383.473,100,0
484.168,49.484,51.289,46.500,46.000,45.000,47.000,46.000,45.000,45.000,46.000,45.000,46.000,47.297,45.000,47.297,43.625,35.000,35.070,30.996,36.723,37.105,35.234,5.927,0.097,13.878,1840.557,1697.537,1836.000,1700.000,0.000,,,,2,1789718384.486,100,0
485.170,49.434,51.238,46.375,45.000,45.000,47.000,46.000,45.000,45.000,46.000,46.000,47.000,47.781,45.000,47.781,43.562,35.000,35.066,30.996,36.719,37.094,35.230,6.312,0.104,14.967,1819.496,1713.527,1836.000,1700.000,0.000,,,,2,1789718385.483,100,0
486.173,49.406,51.211,46.500,48.000,47.000,47.000,48.000,47.000,45.000,47.000,46.000,48.000,48.625,47.000,48.625,43.625,35.000,35.066,30.996,36.715,37.090,35.223,9.173,0.136,17.115,1826.410,1690.204,1836.000,1700.000,0.000,,,,2,1789718386.493,100,0
487.173,49.355,51.160,46.375,46.000,46.000,47.000,46.000,45.000,45.000,46.000,46.000,47.000,47.750,46.000,47.750,43.562,35.000,35.066,30.996,36.711,37.078,35.215,8.312,0.127,16.175,1830.971,1694.269,1836.000,1700.000,0.000,,,,2,1789718387.484,100,0
488.176,49.301,51.105,46.375,46.000,45.000,46.000,46.000,45.000,45.000,46.000,46.000,47.000,47.578,45.000,47.578,43.562,35.000,35.066,30.996,36.707,37.070,35.211,6.704,0.103,14.261,1819.055,1712.125,1836.000,1700.000,0.000,,,,2,1789718388.494,100,0
489.181,49.227,51.031,46.312,46.000,45.000,46.000,46.000,45.000,44.000,46.000,46.000,46.000,47.016,45.000,47.016,43.562,35.000,35.066,30.996,36.699,37.062,35.203,3.971,0.082,11.600,1826.234,1707.666,1836.000,1700.000,0.000,,,,2,1789718389.500,100,0
490.186,49.148,50.953,46.188,47.000,46.000,47.000,47.000,46.000,45.000,46.000,45.000,47.000,47.000,46.000,46.641,43.562,35.000,35.066,30.996,36.695,37.051,35.195,3.923,0.078,11.770,1819.183,1689.800,1836.000,1700.000,0.000,,,,2,1789718390.502,100,0
491.190,49.090,50.895,46.188,46.000,45.000,46.000,45.000,45.000,44.000,46.000,46.000,47.000,47.312,45.000,47.312,43.500,35.000,35.066,30.996,36.691,37.043,35.188,6.801,0.114,15.130,1833.367,1690.244,1836.000,1700.000,0.000,,,,2,1789718391.509,100,0
492.195,49.020,50.824,46.062,46.000,46.000,47.000,48.000,45.000,44.000,46.000,45.000,47.000,48.000,46.000,46.828,43.500,35.000,35.066,30.996,36.691,37.039,35.180,4.452,0.086,12.264,1835.686,1696.329,1836.000,1700.000,0.000,,,,2,1789718392.511,100,0
493.195,48.996,50.801,46.062,46.000,45.000,47.000,46.000,45.000,44.000,46.000,46.000,46.000,48.297,46.000,48.297,43.438,35.000,35.066,30.996,36.688,37.031,35.176,8.704,0.135,16.397,1847.281,1702.088,1836.000,1700.000,0.000,,,,2,1789718393.506,100,0
494.199,48.949,50.664,46.250,46.000,46.000,47.000,47.000,45.000,45.000,45.000,46.000,47.000,47.484,45.000,47.484,43.375,35.000,35.066,30.996,36.684,37.020,35.168,7.211,0.111,15.124,1819.055,1692.008,1836.000,1700.000,0.000,,,,2,1789718394.510,100,0
495.204,48.895,50.609,46.125,45.000,45.000,46.000,45.000,44.000,45.000,46.000,45.000,47.000,47.188,45.000,47.188,43.375,35.000,35.062,30.996,36.680,37.012,35.160,6.790,0.109,14.600,1826.234,1702.160,1836.000,1700.000,0.000,,,,2,1789718395.523,100,0
496.206,48.824,50.539,46.000,45.000,45.000,46.000,44.000,44.000,43.000,46.000,45.000,46.000,46.578,44.000,46.578,43.438,35.000,35.062,30.996,36.672,37.004,35.152,3.369,0.076,11.853,1835.171,1698.169,1836.000,1700.000,0.000,,,,2,1789718396.525,100,0
497.211,48.750,50.465,45.938,45.000,45.000,46.000,45.000,44.000,44.000,45.000,45.000,46.000,46.469,45.000,46.469,43.312,35.000,35.062,30.996,36.672,36.996,35.145,5.833,0.110,13.989,1837.747,1703.965,1836.000,1700.000,0.000,,,,2,1789718397.530,100,0
498.212,48.668,50.383,45.938,46.000,44.000,46.000,45.000,44.000,43.000,46.000,45.000,46.000,46.188,44.000,46.188,43.375,35.000,35.062,30.996,36.668,36.988,35.137,4.653,0.092,11.067,1842.252,1715.838,1836.000,1700.000,0.000,,,,2,1789718398.524,100,0
499.216,48.609,50.324,45.875,46.000,46.000,47.000,47.000,46.000,45.000,46.000,46.000,47.000,47.000,45.000,46.812,43.375,35.000,35.062,30.996,36.664,36.980,35.129,5.661,0.097,13.859,1856.675,1702.240,1836.000,1700.000,0.000,,,,2,1789718399.527,100,0
500.216,48.551,50.266,45.750,46.000,45.000,46.000,45.000,45.000,44.000,45.000,45.000,46.000,46.719,44.000,46.719,43.250,35.000,35.062,30.996,36.660,36.973,35.125,6.422,0.105,15.668,1828.776,1686.025,1836.000,1700.000,0.000,,,,2,1789718400.535,100,0
501.218,48.477,50.191,45.812,45.000,45.000,46.000,44.000,44.000,43.000,45.000,45.000,46.000,46.156,44.000,46.156,43.250,35.000,35.062,30.996,36.656,36.961,35.113,3.794,0.078,11.261,1819.634,1690.744,1836.000,1700.000,0.000,,,,2,1789718401.536,100,0
502.221,48.461,50.176,45.750,47.000,47.000,47.000,47.000,45.000,45.000,46.000,46.000,47.000,47.938,46.000,47.938,43.188,35.000,35.062,30.996,36.652,36.957,35.109,7.969,0.117,14.262,1826.762,1692.612,1836.000,1700.000,0.000,,,,2,1789718402.533,100,0
503.226,48.395,50.109,45.875,46.000,45.000,46.000,45.000,44.000,44.000,45.000,44.000,46.000,46.359,44.000,46.359,43.188,35.000,35.062,30.996,36.648,36.949,35.105,6.200,0.107,15.957,1845.312,1712.190,1836.000,1700.000,0.000,,,,2,1789718403.542,100,0
504.229,48.320,49.949,45.625,46.000,45.000,46.000,44.000,45.000,43.000,45.000,45.000,46.000,46.062,45.000,46.062,43.250,35.000,35.062,30.996,36.648,36.945,35.094,4.210,0.086,11.589,1840.425,1697.993,1836.000,1700.000,0.000,,,,2,1789718404.546,100,0
505.234,48.273,49.902,45.625,47.000,46.000,47.000,47.000,45.000,44.000,45.000,46.000,46.000,47.000,46.000,46.844,43.062,35.000,35.059,30.996,36.641,36.938,35.090,4.899,0.087,11.988,1840.434,1694.014,1836.000,1700.000,0.000,,,,2,1789718405.544,100,0
506.238,48.242,49.871,45.750,46.000,45.000,46.000,46.000,45.000,45.000,45.000,45.000,46.000,47.219,45.000,47.219,43.125,35.000,35.059,30.996,36.641,36.938,35.082,9.056,0.120,18.458,1836.088,1701.685,1836.000,1700.000,0.000,,,,2,1789718406.550,100,0
507.239,48.387,50.070,45.875,50.000,48.000,52.000,49.000,48.000,47.000,48.000,46.000,54.000,54.000,48.000,50.562,43.062,35.000,35.059,30.996,36.637,36.934,35.074,14.429,0.134,20.691,1835.742,1684.715,1836.000,1700.000,0.000,,,,2,1789718407.558,100,0
508.244,48.676,50.449,46.000,47.000,48.000,47.000,47.000,46.000,45.000,49.000,47.000,50.000,51.281,47.000,51.281,43.000,35.000,35.059,30.996,36.633,36.926,35.066,17.160,0.153,27.016,1836.145,1703.884,1836.000,1700.000,0.000,,,,2,1789718408.558,100,0
509.245,48.625,50.223,46.125,46.000,46.000,47.000,46.000,45.000,45.000,45.000,46.000,49.000,49.000,45.000,47.078,43.125,35.000,35.059,30.996,36.629,36.918,35.062,7.269,0.119,15.385,1847.490,1698.097,1836.000,1700.000,0.000,,,,2,1789718409.559,100,0
510.249,48.922,50.480,46.250,47.000,47.000,48.000,47.000,46.000,45.000,47.000,46.000,53.000,53.000,47.000,50.125,43.312,35.000,35.059,30.996,36.625,36.918,35.055,15.371,0.150,22.539,1835.864,1702.635,1836.000,1700.000,0.000,,,,2,1789718410.561,100,0
511.253,49.062,50.590,46.438,47.000,47.000,49.000,47.000,46.000,46.000,47.000,46.000,48.000,50.328,46.000,50.328,43.250,35.000,35.059,30.996,36.625,36.918,35.047,13.556,0.150,22.382,1826.688,1691.936,1836.000,1700.000,0.000,,,,2,1789718411.566,100,0
512.257,49.016,50.543,46.562,45.000,45.000,46.000,46.000,45.000,44.000,45.000,46.000,46.000,47.609,45.000,47.609,43.438,35.000,35.059,30.996,36.621,36.918,35.039,9.277,0.125,17.893,1833.535,1694.684,1836.000,1700.000,0.000,,,,2,1789718412.571,100,0
513.262,49.629,51.375,46.500,48.000,47.000,49.000,49.000,48.000,47.000,48.000,47.000,55.000,55.000,48.000,53.328,43.375,35.000,35.059,30.996,36.617,36.914,35.035,19.432,0.174,26.020,1835.433,1696.769,1836.000,1700.000,0.000,,,,2,1789718413.574,100,0
514.264,50.910,52.867,46.938,48.000,48.000,49.000,49.000,47.000,47.000,49.000,48.000,57.000,57.000,48.000,54.766,43.438,35.000,35.059,30.996,36.613,36.906,35.027,21.233,0.192,29.559,1847.215,1709.816,1836.000,1700.000,0.000,,,,2,1789718414.583,100,0
515.267,50.852,52.613,47.062,47.000,47.000,50.000,48.000,47.000,45.000,47.000,46.000,50.000,50.000,47.000,49.141,43.500,35.000,35.055,30.996,36.613,36.910,35.020,9.787,0.137,19.067,1819.588,1694.165,1836.000,1700.000,0.000,,,,2,1789718415.584,100,0
516.271,50.809,52.395,47.188,46.000,47.000,47.000,48.000,46.000,46.000,47.000,47.000,52.000,52.000,47.000,49.484,43.500,35.000,35.055,30.996,36.609,36.910,35.016,10.304,0.112,18.634,1835.564,1692.310,1836.000,1700.000,0.000,,,,2,1789718416.584,100,0
517.276,50.719,52.305,47.188,47.000,46.000,48.000,47.000,46.000,46.000,46.000,46.000,47.000,48.000,46.000,47.844,43.625,35.000,35.055,30.996,36.605,36.914,35.008,9.150,0.120,17.871,1835.667,1710.084,1836.000,1700.000,0.000,,,,2,1789718417.595,100,0
518.281,50.605,52.191,47.062,46.000,45.000,46.000,46.000,45.000,44.000,45.000,46.000,47.000,47.156,45.000,47.156,43.625,35.000,35.055,30.996,36.605,36.918,35.000,4.563,0.093,12.685,1821.844,1692.573,1836.000,1700.000,0.000,,,,2,1789718418.594,100,0
519.286,50.656,52.242,47.062,48.000,47.000,48.000,49.000,47.000,46.000,48.000,48.000,56.000,56.000,48.000,51.797,43.750,35.000,35.055,30.996,36.605,36.918,34.996,12.748,0.119,19.796,1828.729,1692.214,1836.000,1700.000,0.000,,,,2,1789718419.604,100,0
520.288,50.555,52.141,47.062,46.000,46.000,47.000,46.000,46.000,45.000,46.000,46.000,47.000,47.422,46.000,47.422,43.562,35.000,35.055,30.996,36.605,36.926,34.992,4.843,0.083,13.050,1833.152,1692.024,1836.000,1700.000,0.000,,,,2,1789718420.605,100,0
521.288,50.609,52.195,46.938,47.000,47.000,47.000,48.000,46.000,46.000,48.000,47.000,55.000,55.000,48.000,51.938,43.625,35.000,35.055,30.996,36.605,36.926,34.984,10.603,0.127,18.473,1834.974,1701.790,1836.000,1700.000,0.000,,,,2,1789718421.598,100,0
522.289,50.664,52.188,47.062,47.000,47.000,48.000,48.000,46.000,46.000,48.000,47.000,54.000,54.000,47.000,51.656,43.500,35.000,35.055,30.996,36.602,36.926,34.977,11.746,0.137,20.089,1835.321,1692.413,1836.000,1700.000,0.000,,,,2,1789718422.609,100,0
523.291,50.562,52.086,47.125,46.000,45.000,47.000,46.000,45.000,45.000,46.000,46.000,47.000,47.484,45.000,47.484,43.562,35.000,35.055,30.996,36.602,36.930,34.973,3.283,0.071,11.114,1840.322,1698.305,1836.000,1700.000,0.000,,,,2,1789718423.605,100,0
524.295,50.461,51.984,46.875,46.000,47.000,47.000,46.000,45.000,44.000,45.000,46.000,47.000,47.359,46.000,47.359,43.562,35.000,35.055,30.996,36.602,36.934,34.965,3.629,0.075,11.064,1835.658,1701.959,1836.000,1700.000,0.000,,,,2,1789718424.612,100,0
525.295,50.348,51.871,46.750,46.000,45.000,46.000,46.000,45.000,44.000,46.000,46.000,46.000,46.719,45.000,46.719,43.438,35.000,35.055,30.996,36.602,36.934,34.961,3.670,0.076,11.332,1844.839,1691.387,1836.000,1700.000,0.000,,,,2,1789718425.609,100,0
526.299,50.332,51.855,46.625,46.000,46.000,47.000,46.000,46.000,45.000,47.000,46.000,48.000,49.938,46.000,49.938,43.438,35.000,35.055,30.996,36.602,36.934,34.957,10.658,0.122,18.609,1835.471,1720.512,1836.000,1700.000,0.000,,,,2,1789718426.609,100,0
527.301,50.344,51.867,46.875,47.000,47.000,48.000,48.000,47.000,45.000,47.000,47.000,54.000,54.000,48.000,50.641,43.500,35.000,35.055,30.996,36.598,36.934,34.949,13.528,0.149,21.707,1828.729,1701.838,1836.000,1700.000,0.000,,,,2,1789718427.613,100,0
528.305,50.332,51.855,46.812,47.000,47.000,48.000,48.000,46.000,45.000,48.000,47.000,53.000,53.000,47.000,50.062,43.625,35.000,35.055,31.996,36.598,36.938,34.949,11.904,0.130,19.951,1835.555,1703.698,1836.000,1700.000,0.000,,,,2,1789718428.616,100,0
529.309,50.273,51.797,47.000,47.000,47.000,48.000,47.000,46.000,45.000,47.000,47.000,48.000,48.453,46.000,48.453,43.562,35.000,35.055,31.996,36.598,36.941,34.949,14.093,0.151,22.607,1840.434,1686.127,1836.000,1700.000,0.000,,,,2,1789718429.620,100,0
530.310,52.488,54.527,47.062,54.000,59.000,55.000,56.000,63.000,52.000,52.000,50.000,51.000,63.000,53.000,59.141,43.688,35.000,35.055,31.996,36.598,36.941,34.953,23.922,0.168,32.844,1833.078,1711.922,1836.000,1700.000,0.000,,,,2,1789718430.620,100,0
531.315,56.547,59.598,47.625,61.000,65.000,72.000,64.000,66.000,60.000,56.000,57.000,53.000,72.000,57.000,68.719,43.750,35.000,35.055,31.996,36.594,36.945,34.953,46.126,0.293,54.786,1846.968,1692.628,1836.000,1700.000,0.000,,,,2,1789718431.631,100,0
532.319,57.246,60.203,48.188,51.000,50.000,52.000,52.000,51.000,50.000,50.000,49.000,49.000,59.344,50.000,59.344,44.000,35.000,35.055,31.996,36.594,36.949,34.957,22.693,0.213,30.559,1842.912,1703.811,1836.000,1700.000,0.000,,,,2,1789718432.637,100,0
533.324,57.035,59.695,48.250,48.000,47.000,49.000,49.000,48.000,46.000,48.000,47.000,48.000,50.547,47.000,50.547,44.188,35.000,35.055,31.996,36.594,36.949,34.957,8.536,0.117,17.111,1856.713,1695.833,1836.000,1700.000,0.000,,,,2,1789718433.637,100,0
534.326,56.777,59.438,48.125,48.000,47.000,49.000,49.000,46.000,46.000,47.000,47.000,48.000,49.000,47.000,48.797,44.312,35.000,35.055,31.996,36.594,36.953,34.961,6.725,0.113,14.950,1826.271,1698.394,1836.000,1700.000,0.000,,,,2,1789718434.635,100,0
535.331,56.523,59.184,48.000,47.000,47.000,47.000,48.000,47.000,46.000,47.000,47.000,48.000,48.688,46.000,48.688,44.312,35.000,35.051,31.996,36.594,36.953,34.961,8.009,0.126,16.131,1833.442,1700.014,1836.000,1700.000,0.000,,,,2,1789718435.647,100,0
536.334,56.270,58.930,48.000,48.000,48.000,48.000,47.000,46.000,45.000,47.000,47.000,48.000,48.375,48.000,48.375,44.312,35.000,35.051,31.996,36.594,36.957,34.961,7.189,0.104,15.464,1837.682,1692.024,1836.000,1700.000,0.000,,,,2,1789718436.650,100,0
537.334,56.027,58.688,47.938,48.000,46.000,49.000,48.000,46.000,46.000,47.000,47.000,48.000,49.000,47.000,48.562,44.250,35.000,35.051,31.996,36.594,36.961,34.965,6.767,0.110,14.937,1837.963,1690.133,1836.000,1700.000,0.000,,,,2,1789718437.645,100,0
538.338,55.785,58.445,47.750,47.000,46.000,47.000,47.000,46.000,46.000,47.000,47.000,48.000,48.172,46.000,48.172,44.250,35.000,35.051,31.996,36.594,36.961,34.965,5.765,0.106,13.558,1826.503,1699.781,1836.000,1700.000,0.000,,,,2,1789718438.657,100,0
539.341,55.523,58.184,47.562,47.000,46.000,47.000,46.000,45.000,45.000,46.000,46.000,47.000,47.516,46.000,47.516,44.125,35.000,35.051,31.996,36.594,36.961,34.969,3.457,0.073,11.360,1847.300,1701.846,1836.000,1700.000,0.000,,,,2,1789718439.652,100,0
540.342,55.305,57.965,47.562,47.000,46.000,47.000,47.000,46.000,45.000,47.000,47.000,47.000,48.453,46.000,48.453,44.062,35.000,35.051,31.996,36.598,36.965,34.969,8.053,0.132,16.457,1842.884,1711.848,1836.000,1700.000,0.000,,,,2,1789718440.659,100,0
541.347,55.066,57.727,47.625,47.000,46.000,48.000,47.000,45.000,45.000,47.000,46.000,47.000,48.000,46.000,47.734,44.062,35.000,35.051,31.996,36.594,36.965,34.973,5.428,0.098,13.454,1828.627,1711.832,1836.000,1700.000,0.000,,,,2,1789718441.661,100,0
542.348,54.832,57.492,47.312,46.000,45.000,47.000,46.000,45.000,45.000,47.000,46.000,47.000,47.531,46.000,47.531,44.188,35.000,35.051,31.996,36.598,36.965,34.973,4.614,0.090,12.201,1821.927,1711.930,1836.000,1700.000,0.000,,,,2,1789718442.664,100,0
543.348,54.594,57.254,47.250,46.000,45.000,46.000,46.000,46.000,45.000,46.000,46.000,47.000,47.219,45.000,47.219,44.000,35.000,35.051,31.996,36.598,36.969,34.977,3.628,0.075,11.284,1819.321,1701.709,1836.000,1700.000,0.000,,,,2,1789718443.667,100,0
544.354,54.387,57.047,47.062,46.000,45.000,47.000,46.000,45.000,45.000,46.000,46.000,47.000,47.938,45.000,47.938,43.938,35.000,35.051,31.996,36.598,36.965,34.980,6.341,0.085,14.216,1835.358,1692.008,1836.000,1700.000,0.000,,,,2,1789718444.673,100,0
545.359,54.180,56.840,47.000,45.000,45.000,47.000,46.000,46.000,44.000,45.000,46.000,47.000,47.781,46.000,47.781,44.000,35.000,35.047,31.996,36.598,36.969,34.984,6.873,0.082,14.484,1847.243,1711.791,1836.000,1700.000,0.000,,,,2,1789718445.672,100,0
546.362,54.023,56.684,47.000,47.000,47.000,49.000,48.000,46.000,45.000,47.000,46.000,47.000,49.172,47.000,49.172,43.938,35.000,35.047,31.996,36.598,36.969,34.984,6.547,0.094,15.304,1839.691,1715.920,1836.000,1700.000,0.000,,,,2,1789718446.672,100,0
547.365,53.820,56.480,47.000,46.000,45.000,47.000,46.000,45.000,45.000,46.000,46.000,47.000,47.500,45.000,47.500,43.875,35.000,35.047,31.996,36.598,36.965,34.988,6.035,0.105,13.396,1826.549,1692.318,1836.000,1700.000,0.000,,,,2,1789718447.680,100,0
548.366,53.609,56.270,46.938,45.000,45.000,47.000,46.000,45.000,43.000,46.000,45.000,47.000,47.078,45.000,47.078,43.812,35.000,35.047,31.996,36.602,36.965,34.988,3.606,0.079,11.579,1821.862,1685.875,1836.000,1700.000,0.000,,,,2,1789718448.679,100,0
549.371,53.414,56.074,46.688,46.000,46.000,47.000,46.000,45.000,45.000,46.000,46.000,46.000,47.328,46.000,47.328,43.750,35.000,35.047,31.996,36.598,36.965,34.992,5.259,0.103,13.688,1835.873,1692.182,1836.000,1700.000,0.000,,,,2,1789718449.682,100,0
550.372,53.219,55.879,46.750,46.000,46.000,46.000,46.000,45.000,44.000,46.000,46.000,47.000,47.219,46.000,47.219,43.812,35.000,35.047,31.996,36.598,36.965,34.992,5.948,0.107,13.411,1826.466,1698.113,1836.000,1700.000,0.000,,,,2,1789718450.684,100,0
551.375,53.031,55.691,46.562,46.000,46.000,48.000,47.000,46.000,45.000,46.000,46.000,47.000,48.000,45.000,47.188,43.625,35.000,35.047,31.996,36.598,36.965,34.996,5.313,0.103,13.102,1835.658,1701.830,1836.000,1700.000,0.000,,,,2,1789718451.688,100,0
552.380,52.871,55.531,46.688,48.000,47.000,52.000,49.000,48.000,46.000,47.000,47.000,47.000,52.000,47.000,47.875,43.688,35.000,35.047,31.996,36.598,36.965,35.000,7.223,0.120,15.511,1844.971,1703.948,1836.000,1700.000,0.000,,,,2,1789718452.694,100,0
553.380,52.695,55.355,46.625,49.000,48.000,49.000,49.000,48.000,48.000,49.000,48.000,47.000,49.000,48.000,47.344,43.625,35.000,35.047,31.996,36.598,36.961,35.004,4.985,0.093,13.133,1840.717,1708.055,1836.000,1700.000,0.000,,,,2,1789718453.691,100,0
554.383,52.516,55.176,46.312,46.000,45.000,46.000,46.000,46.000,44.000,46.000,45.000,46.000,46.938,45.000,46.938,43.562,35.000,35.047,31.996,36.598,36.961,35.004,5.186,0.102,13.030,1840.481,1712.198,1836.000,1700.000,0.000,,,,2,1789718454.695,100,0
555.388,52.371,55.031,46.438,46.000,47.000,47.000,47.000,46.000,45.000,47.000,46.000,47.000,47.906,46.000,47.906,43.500,35.000,35.047,31.996,36.598,36.957,35.004,8.149,0.108,15.631,1847.272,1711.751,1836.000,1700.000,0.000,,,,2,1789718455.701,100,0
556.393,52.191,54.852,46.438,46.000,45.000,46.000,45.000,44.000,44.000,45.000,45.000,46.000,46.578,44.000,46.578,43.500,35.000,35.047,31.996,36.598,36.957,35.004,3.736,0.074,12.613,1835.658,1701.983,1836.000,1700.000,0.000,,,,2,1789718456.706,100,0
557.396,52.008,54.668,46.250,46.000,45.000,46.000,45.000,44.000,43.000,45.000,46.000,46.000,46.250,45.000,46.250,43.375,35.000,35.047,31.996,36.594,36.953,35.008,3.482,0.075,11.525,1840.481,1692.063,1836.000,1700.000,0.000,,,,2,1789718457.705,100,0
558.399,51.832,54.492,46.312,46.000,45.000,46.000,46.000,45.000,44.000,45.000,45.000,46.000,46.484,44.000,46.484,43.375,35.000,35.047,31.996,36.598,36.953,35.012,5.526,0.093,13.233,1838.020,1691.562,1836.000,1700.000,0.000,,,,2,1789718458.709,100,0
559.400,51.664,54.324,46.000,46.000,45.000,46.000,45.000,45.000,44.000,45.000,45.000,46.000,46.469,44.000,46.469,43.375,35.000,35.047,31.996,36.594,36.949,35.016,4.542,0.087,12.384,1835.414,1719.452,1836.000,1700.000,0.000,,,,2,1789718459.712,100,0
560.402,51.523,54.047,46.062,46.000,45.000,46.000,46.000,45.000,43.000,45.000,46.000,47.000,47.109,45.000,47.109,43.312,35.000,35.047,31.996,36.594,36.949,35.016,6.921,0.118,14.871,1838.292,1697.673,1836.000,1700.000,0.000,,,,2,1789718460.713,100,0
561.404,51.375,53.898,46.062,46.000,44.000,46.000,45.000,45.000,43.000,45.000,45.000,46.000,46.734,45.000,46.734,43.312,35.000,35.047,31.996,36.594,36.945,35.016,5.989,0.104,14.055,1835.864,1692.087,1836.000,1700.000,0.000,,,,2,1789718461.720,100,0
562.405,51.242,53.766,46.062,45.000,45.000,47.000,46.000,45.000,44.000,46.000,46.000,46.000,47.109,45.000,47.109,43.250,35.000,35.047,31.996,36.594,36.941,35.020,6.610,0.117,14.676,1828.831,1698.281,1836.000,1700.000,0.000,,,,2,1789718462.722,100,0
563.409,51.105,53.629,46.125,46.000,45.000,46.000,46.000,45.000,44.000,45.000,45.000,46.000,46.891,46.000,46.891,43.250,35.000,35.047,31.996,36.590,36.941,35.020,7.474,0.111,15.269,1842.554,1704.110,1836.000,1700.000,0.000,,,,2,1789718463.726,100,0
564.411,50.949,53.473,46.062,46.000,44.000,46.000,45.000,44.000,44.000,45.000,45.000,46.000,46.078,45.000,46.078,43.188,35.000,35.047,31.996,36.590,36.938,35.020,3.629,0.084,11.344,1835.789,1691.944,1836.000,1700.000,0.000,,,,2,1789718464.722,100,0
565.412,53.211,56.160,46.125,56.000,50.000,54.000,53.000,52.000,50.000,56.000,50.000,50.000,60.000,51.000,60.000,43.250,35.000,35.043,31.996,36.590,36.934,35.016,26.513,0.183,32.017,1831.344,1703.441,1836.000,1700.000,0.000,,,,2,1789718465.726,100,0
566.412,53.113,55.766,46.562,48.000,48.000,49.000,49.000,48.000,47.000,48.000,47.000,47.000,50.094,48.000,50.094,43.312,35.000,35.043,31.996,36.590,36.930,35.020,10.746,0.131,20.368,1847.499,1711.596,1836.000,1700.000,0.000,,,,2,1789718466.727,100,0
567.415,52.984,55.371,46.625,46.000,46.000,47.000,46.000,48.000,45.000,46.000,46.000,47.000,49.062,46.000,49.062,43.312,35.000,35.043,31.996,36.586,36.926,35.020,8.344,0.098,17.489,1821.789,1684.219,1836.000,1700.000,0.000,,,,2,1789718467.728,100,0
568.419,52.828,55.215,46.625,47.000,47.000,48.000,47.000,46.000,46.000,46.000,46.000,47.000,48.000,46.000,47.953,43.375,35.000,35.043,31.996,36.586,36.922,35.020,7.712,0.085,15.057,1832.947,1691.944,1836.000,1700.000,0.000,,,,2,1789718468.734,100,0
569.424,52.680,55.066,46.688,46.000,46.000,47.000,46.000,45.000,45.000,46.000,46.000,46.000,48.047,46.000,48.047,43.375,35.000,35.043,31.996,36.586,36.922,35.023,6.940,0.116,14.919,1819.744,1698.193,1836.000,1700.000,0.000,,,,2,1789718469.743,100,0
570.429,52.535,54.684,46.375,52.000,50.000,52.000,52.000,51.000,49.000,53.000,49.000,47.000,53.000,50.000,48.094,43.312,35.000,35.043,31.996,36.582,36.918,35.020,7.072,0.124,13.638,1836.098,1698.089,1836.000,1700.000,0.000,,,,2,1789718470.747,100,0
571.433,52.363,54.512,46.438,47.000,46.000,47.000,46.000,45.000,44.000,45.000,46.000,47.000,47.047,46.000,47.047,43.375,35.000,35.043,31.996,36.582,36.914,35.023,5.659,0.108,14.011,1838.508,1711.979,1836.000,1700.000,0.000,,,,2,1789718471.752,100,0
572.437,52.184,54.332,46.188,46.000,45.000,46.000,45.000,45.000,44.000,46.000,46.000,46.000,46.578,45.000,46.578,43.375,35.000,35.043,31.996,36.578,36.910,35.020,6.064,0.113,14.241,1819.689,1707.796,1836.000,1700.000,0.000,,,,2,1789718472.753,100,0
573.439,52.004,54.152,46.188,45.000,45.000,46.000,45.000,45.000,44.000,45.000,45.000,46.000,46.484,44.000,46.484,43.375,35.000,35.043,31.996,36.578,36.906,35.020,4.736,0.097,12.621,1835.761,1692.103,1836.000,1700.000,0.000,,,,2,1789718473.757,100,0
574.443,51.832,53.980,46.062,46.000,45.000,47.000,45.000,45.000,43.000,46.000,45.000,46.000,47.000,45.000,46.438,43.312,35.000,35.043,31.996,36.574,36.906,35.020,5.161,0.101,12.981,1828.785,1707.853,1836.000,1700.000,0.000,,,,2,1789718474.759,100,0
575.444,51.680,53.828,46.125,47.000,46.000,47.000,49.000,46.000,45.000,46.000,46.000,46.000,49.000,46.000,46.938,43.438,35.000,35.039,31.996,36.570,36.902,35.020,6.399,0.115,14.463,1840.839,1712.109,1836.000,1700.000,0.000,,,,2,1789718475.756,100,0
576.446,51.559,53.707,46.125,46.000,45.000,47.000,46.000,45.000,44.000,46.000,46.000,46.000,47.906,45.000,47.906,43.250,35.000,35.039,31.996,36.570,36.898,35.020,8.114,0.135,16.534,1826.540,1696.217,1836.000,1700.000,0.000,,,,2,1789718476.758,100,0
577.450,51.406,53.555,46.000,46.000,45.000,46.000,45.000,45.000,43.000,46.000,45.000,46.000,46.594,45.000,46.594,43.312,35.000,35.039,31.996,36.570,36.895,35.023,5.408,0.102,13.060,1835.817,1702.337,1836.000,1700.000,0.000,,,,2,1789718477.764,100,0
578.455,51.273,53.422,46.000,46.000,45.000,47.000,46.000,45.000,44.000,45.000,45.000,46.000,47.250,45.000,47.250,43.250,35.000,35.039,31.996,36.570,36.891,35.020,5.771,0.107,13.492,1835.864,1702.305,1836.000,1700.000,0.000,,,,2,1789718478.770,100,0
579.459,51.219,53.367,46.000,47.000,47.000,49.000,49.000,47.000,45.000,46.000,46.000,46.000,49.484,46.000,49.484,43.188,35.000,35.039,31.996,36.566,36.887,35.020,9.828,0.109,17.709,1835.714,1690.093,1836.000,1700.000,0.000,,,,2,1789718479.771,100,0
580.460,51.195,53.234,46.250,46.000,46.000,47.000,48.000,46.000,46.000,46.000,46.000,47.000,50.406,46.000,50.406,43.312,35.000,35.039,31.996,36.562,36.887,35.020,13.443,0.155,21.811,1835.873,1694.150,1836.000,1700.000,0.000,,,,2,1789718480.771,100,0
581.464,51.078,53.117,46.125,47.000,47.000,47.000,47.000,46.000,46.000,46.000,46.000,47.000,47.562,46.000,47.562,43.125,35.000,35.039,31.996,36.562,36.883,35.020,6.381,0.110,14.439,1819.910,1711.767,1836.000,1700.000,0.000,,,,2,1789718481.783,100,0
582.467,50.949,52.988,46.125,45.000,45.000,46.000,46.000,45.000,45.000,45.000,45.000,46.000,46.938,44.000,46.938,43.188,35.000,35.039,31.996,36.559,36.879,35.020,5.904,0.108,13.844,1835.995,1703.634,1836.000,1700.000,0.000,,,,2,1789718482.783,100,0
583.471,50.859,52.898,46.000,46.000,46.000,47.000,47.000,45.000,51.000,46.000,46.000,46.000,51.000,46.000,48.078,43.250,35.000,35.039,31.996,36.559,36.875,35.020,7.309,0.134,15.089,1840.378,1699.669,1836.000,1700.000,0.000,,,,2,1789718483.787,100,0
584.473,50.727,52.766,45.875,45.000,45.000,46.000,45.000,44.000,43.000,46.000,45.000,46.000,46.500,44.000,46.500,43.188,35.000,35.039,31.996,36.555,36.871,35.020,4.854,0.092,12.581,1852.509,1686.214,1836.000,1700.000,0.000,,,,2,1789718484.791,100,0
585.474,50.617,52.656,45.938,46.000,46.000,47.000,46.000,46.000,45.000,46.000,46.000,46.000,47.250,46.000,47.250,43.125,35.000,35.039,31.996,36.551,36.867,35.020,6.982,0.119,15.008,1826.827,1689.911,1836.000,1700.000,0.000,,,,2,1789718485.790,100,0
586.479,50.508,52.547,45.938,45.000,45.000,47.000,46.000,45.000,45.000,45.000,45.000,46.000,47.172,45.000,47.172,43.188,35.000,35.039,31.996,36.551,36.863,35.020,6.913,0.111,15.126,1835.817,1698.241,1836.000,1700.000,0.000,,,,2,1789718486.797,100,0
587.483,50.391,52.430,45.812,46.000,44.000,46.000,46.000,44.000,44.000,45.000,45.000,46.000,46.766,45.000,46.766,43.125,35.000,35.039,31.996,36.551,36.859,35.020,5.931,0.104,13.698,1820.075,1699.949,1836.000,1700.000,0.000,,,,2,1789718487.801,100,0
588.488,50.266,52.305,45.938,46.000,45.000,46.000,45.000,44.000,44.000,45.000,45.000,46.000,46.422,45.000,46.422,43.000,35.000,35.039,31.996,36.547,36.855,35.016,5.919,0.106,13.894,1829.110,1703.448,1836.000,1700.000,0.000,,,,2,1789718488.806,100,0
589.493,50.137,52.176,45.750,46.000,44.000,45.000,44.000,44.000,43.000,45.000,44.000,46.000,46.109,44.000,46.109,43.125,35.000,35.039,31.996,36.543,36.852,35.016,4.294,0.084,11.680,1826.762,1717.721,1836.000,1700.000,0.000,,,,2,1789718489.811,100,0
590.498,50.012,51.949,45.688,47.000,47.000,49.000,48.000,47.000,46.000,48.000,47.000,47.000,49.000,47.000,46.141,43.125,35.000,35.039,31.996,36.543,36.848,35.016,3.124,0.065,11.418,1833.582,1692.103,1836.000,1700.000,0.000,,,,2,1789718490.814,100,0
591.502,49.891,51.828,45.625,45.000,44.000,46.000,44.000,44.000,43.000,45.000,44.000,46.000,46.062,44.000,46.062,43.000,35.000,35.039,31.996,36.539,36.844,35.016,4.789,0.093,12.234,1828.887,1703.707,1836.000,1700.000,0.000,,,,2,1789718491.820,100,0
592.506,49.770,51.707,45.500,46.000,44.000,45.000,44.000,44.000,43.000,44.000,44.000,46.000,46.016,43.000,46.016,42.938,35.000,35.039,31.996,36.539,36.840,35.012,3.400,0.065,11.112,1842.592,1711.637,1836.000,1700.000,0.000,,,,2,1789718492.823,100,0
593.510,49.652,51.590,45.438,45.000,44.000,45.000,44.000,44.000,43.000,45.000,44.000,46.000,46.031,44.000,46.031,42.938,35.000,35.039,31.996,36.535,36.836,35.012,3.689,0.076,11.850,1847.651,1701.967,1836.000,1700.000,0.000,,,,2,1789718493.828,100,0
594.511,49.527,51.465,45.375,45.000,44.000,45.000,44.000,44.000,43.000,44.000,44.000,46.000,46.000,44.000,45.734,42.750,35.000,35.039,31.996,36.535,36.832,35.012,2.821,0.062,10.288,1826.725,1715.822,1836.000,1700.000,0.000,,,,2,1789718494.821,100,0
595.511,49.434,51.371,45.250,45.000,44.000,46.000,45.000,44.000,43.000,45.000,44.000,46.000,46.469,44.000,46.469,42.750,35.000,35.035,31.996,36.531,36.828,35.008,4.683,0.082,12.281,1850.205,1692.413,1836.000,1700.000,0.000,,,,2,1789718495.829,100,0
596.516,49.320,51.258,45.125,44.000,44.000,45.000,44.000,44.000,43.000,45.000,44.000,45.000,45.859,43.000,45.859,42.688,35.000,35.035,31.996,36.531,36.824,35.008,4.075,0.072,11.892,1847.907,1692.151,1836.000,1700.000,0.000,,,,2,1789718496.834,100,0
597.522,49.203,51.141,45.062,44.000,44.000,45.000,44.000,44.000,43.000,44.000,44.000,45.000,45.578,43.000,45.578,42.750,35.000,35.035,31.996,36.527,36.816,35.008,2.762,0.065,10.520,1826.938,1692.127,1836.000,1700.000,0.000,,,,2,1789718497.835,100,0
598.526,49.191,51.129,45.062,47.000,47.000,49.000,49.000,48.000,50.000,47.000,47.000,47.000,50.000,46.000,48.828,42.688,35.000,35.035,31.996,36.527,36.812,35.008,10.515,0.126,19.016,1840.782,1719.929,1836.000,1700.000,0.000,,,,2,1789718498.844,100,0
599.527,49.117,51.055,45.125,46.000,44.000,46.000,45.000,44.000,44.000,46.000,44.000,46.000,46.750,44.000,46.750,42.625,35.000,35.035,31.996,36.523,36.809,35.004,6.782,0.115,13.218,1848.059,1706.614,1836.000,1700.000,0.000,,,,2,1789718499.844,100,0
600.528,49.062,50.902,45.250,46.000,45.000,47.000,46.000,45.000,44.000,46.000,45.000,46.000,47.391,44.000,47.391,42.625,35.000,35.035,31.996,36.520,36.801,35.004,7.055,0.127,15.041,1848.030,1701.749,1836.000,1700.000,0.000,,,,2,1789718500.847,100,0
601.529,48.992,50.832,45.125,45.000,44.000,46.000,45.000,44.000,44.000,45.000,44.000,46.000,46.812,44.000,46.812,42.688,35.000,35.035,31.996,36.516,36.797,35.000,6.209,0.108,14.265,1847.850,1699.693,1836.000,1700.000,0.000,,,,2,1789718501.846,100,0
602.531,48.945,50.785,45.125,46.000,45.000,46.000,45.000,44.000,44.000,45.000,45.000,46.000,47.531,44.000,47.531,42.625,35.000,35.035,31.996,36.516,36.793,34.996,6.618,0.108,14.433,1836.388,1686.309,1836.000,1700.000,0.000,,,,2,1789718502.841,100,0
603.534,48.863,50.703,45.188,49.000,45.000,46.000,45.000,44.000,43.000,45.000,45.000,46.000,49.000,45.000,46.312,42.625,35.000,35.035,31.996,36.512,36.789,34.996,6.234,0.112,14.212,1840.811,1692.326,1836.000,1700.000,0.000,,,,2,1789718503.851,100,0
604.535,48.789,50.629,45.062,46.000,45.000,47.000,46.000,44.000,43.000,45.000,44.000,46.000,47.000,44.000,46.391,42.562,35.000,35.035,31.996,36.508,36.781,34.996,5.238,0.100,12.865,1835.882,1697.993,1836.000,1700.000,0.000,,,,2,1789718504.853,100,0
605.538,48.730,50.570,45.125,46.000,45.000,46.000,45.000,45.000,43.000,45.000,45.000,45.000,46.938,44.000,46.938,42.688,35.000,35.035,31.996,36.504,36.777,34.992,8.611,0.140,16.811,1847.717,1692.238,1836.000,1700.000,0.000,,,,2,1789718505.853,100,0
606.541,48.652,50.492,45.250,45.000,44.000,46.000,44.000,44.000,43.000,45.000,44.000,46.000,46.312,44.000,46.312,42.500,35.000,35.035,31.996,36.500,36.770,34.988,4.924,0.099,12.913,1826.790,1692.175,1836.000,1700.000,0.000,,,,2,1789718506.860,100,0
607.544,48.559,50.398,45.062,45.000,44.000,45.000,44.000,44.000,42.000,44.000,44.000,45.000,45.578,44.000,45.578,42.500,35.000,35.035,31.996,36.500,36.766,34.988,3.083,0.073,10.672,1836.341,1702.015,1836.000,1700.000,0.000,,,,2,1789718507.861,100,0
608.548,48.492,50.332,45.062,45.000,45.000,46.000,46.000,45.000,44.000,45.000,44.000,46.000,46.406,44.000,46.406,42.562,35.000,35.035,31.996,36.496,36.762,34.984,5.607,0.101,13.609,1838.479,1697.985,1836.000,1700.000,0.000,,,,2,1789718508.867,100,0
609.553,48.426,50.266,44.812,45.000,44.000,46.000,45.000,44.000,43.000,45.000,45.000,45.000,46.422,44.000,46.422,42.562,35.000,35.035,31.996,36.492,36.754,34.980,6.588,0.115,14.702,1841.131,1703.521,1836.000,1700.000,0.000,,,,2,1789718509.872,100,0
610.557,48.340,50.090,45.000,45.000,44.000,45.000,44.000,44.000,43.000,45.000,44.000,45.000,45.625,44.000,45.625,42.500,35.000,35.035,31.996,36.488,36.750,34.980,4.978,0.098,11.949,1824.559,1710.092,1836.000,1700.000,0.000,,,,2,1789718510.868,100,0
611.558,48.266,50.016,44.938,45.000,44.000,46.000,45.000,44.000,44.000,45.000,44.000,45.000,46.078,44.000,46.078,42.438,35.000,35.035,31.996,36.488,36.746,34.980,4.586,0.085,12.441,1833.563,1707.731,1836.000,1700.000,0.000,,,,2,1789718511.875,100,0
612.559,48.199,49.949,44.750,46.000,45.000,46.000,46.000,44.000,43.000,45.000,44.000,46.000,46.078,44.000,46.078,42.438,35.000,35.035,31.996,36.484,36.742,34.977,4.495,0.093,12.082,1835.770,1686.135,1836.000,1700.000,0.000,,,,2,1789718512.876,100,0
613.560,48.129,49.879,44.812,46.000,44.000,46.000,45.000,44.000,43.000,45.000,45.000,45.000,46.000,44.000,45.891,42.312,35.000,35.035,31.996,36.480,36.734,34.977,4.749,0.095,12.329,1840.303,1695.881,1836.000,1700.000,0.000,,,,2,1789718513.878,100,0
614.562,49.836,51.922,44.625,65.000,60.000,68.000,65.000,67.000,65.000,63.000,65.000,50.000,68.000,55.000,54.969,42.312,35.000,35.035,31.996,36.477,36.730,34.973,15.498,0.156,18.042,1817.732,1711.954,1836.000,1700.000,0.000,,,,2,1789718514.872,100,0
615.562,54.551,57.844,45.625,60.000,57.000,62.000,62.000,57.000,58.000,53.000,54.000,51.000,68.688,56.000,68.688,42.500,35.000,35.035,31.996,36.473,36.723,34.969,55.013,0.452,65.753,1835.985,1711.832,1836.000,1700.000,0.000,,,,2,1789718515.873,100,0
616.566,59.016,63.316,46.438,73.000,62.000,74.000,70.000,67.000,66.000,63.000,65.000,54.000,74.000,59.000,72.406,42.750,35.000,35.035,31.996,36.469,36.719,34.969,50.293,0.374,57.211,1840.867,1700.174,1836.000,1700.000,0.000,,,,2,1789718516.879,100,0
617.571,58.832,62.703,47.125,48.000,48.000,51.000,49.000,48.000,47.000,48.000,47.000,48.000,53.203,47.000,53.203,43.188,35.000,35.035,31.996,36.469,36.711,34.961,17.683,0.177,32.682,1826.984,1701.782,1836.000,1700.000,0.000,,,,2,1789718517.886,100,0
618.576,58.516,62.000,47.188,48.000,47.000,48.000,48.000,47.000,46.000,47.000,47.000,48.000,48.734,47.000,48.734,43.375,35.000,35.035,31.996,36.469,36.707,34.961,7.262,0.102,14.519,1834.096,1715.838,1836.000,1700.000,0.000,,,,2,1789718518.895,100,0
619.578,58.191,61.328,46.938,47.000,46.000,47.000,47.000,46.000,45.000,47.000,46.000,47.000,48.125,46.000,48.125,43.625,35.000,35.035,31.996,36.465,36.703,34.957,5.161,0.092,13.647,1847.774,1715.372,1836.000,1700.000,0.000,,,,2,1789718519.897,100,0
620.580,57.887,61.023,46.812,47.000,46.000,47.000,47.000,46.000,45.000,46.000,47.000,47.000,48.422,47.000,48.422,43.625,35.000,35.035,31.996,36.465,36.699,34.953,6.934,0.123,15.413,1843.101,1714.098,1836.000,1700.000,0.000,,,,2,1789718520.890,100,0
621.585,57.594,60.730,46.688,47.000,46.000,47.000,47.000,46.000,45.000,47.000,46.000,47.000,48.484,45.000,48.484,43.500,35.000,35.035,31.996,36.461,36.699,34.953,8.510,0.129,16.183,1838.695,1691.960,1836.000,1700.000,0.000,,,,2,1789718521.898,100,0
622.590,57.273,60.410,46.625,47.000,46.000,47.000,47.000,47.000,45.000,46.000,52.000,47.000,52.000,46.000,47.406,43.625,35.000,35.035,31.996,36.461,36.695,34.949,4.157,0.086,12.220,1826.604,1708.096,1836.000,1700.000,0.000,,,,2,1789718522.909,100,0
623.590,56.977,60.113,46.500,47.000,46.000,47.000,46.000,45.000,45.000,46.000,46.000,47.000,47.734,46.000,47.734,43.562,35.000,35.035,31.996,36.461,36.695,34.945,7.395,0.114,15.872,1838.667,1701.934,1836.000,1700.000,0.000,,,,2,1789718523.906,100,0
624.590,56.680,59.816,46.375,46.000,46.000,46.000,45.000,45.000,44.000,46.000,46.000,47.000,47.438,45.000,47.438,43.562,35.000,35.035,31.996,36.457,36.691,34.945,4.897,0.096,12.090,1838.282,1694.086,1836.000,1700.000,0.000,,,,2,1789718524.906,100,0
625.591,56.402,59.539,46.375,46.000,45.000,47.000,47.000,45.000,45.000,46.000,46.000,46.000,47.812,45.000,47.812,43.500,35.000,35.031,31.996,36.457,36.691,34.941,5.936,0.104,13.641,1833.844,1699.965,1836.000,1700.000,0.000,,,,2,1789718525.910,100,0
626.596,56.125,59.262,46.250,46.000,45.000,47.000,46.000,45.000,44.000,46.000,46.000,47.000,47.531,45.000,47.531,43.438,35.000,35.031,31.996,36.457,36.688,34.941,3.759,0.080,11.135,1840.914,1701.774,1836.000,1700.000,0.000,,,,2,1789718526.909,100,0
627.601,55.859,58.996,46.125,46.000,46.000,47.000,46.000,45.000,45.000,46.000,46.000,47.000,47.625,46.000,47.625,43.438,35.000,35.031,31.996,36.453,36.688,34.941,6.925,0.117,14.596,1836.182,1707.545,1836.000,1700.000,0.000,,,,2,1789718527.915,100,0
628.602,55.570,58.707,46.062,46.000,45.000,46.000,45.000,45.000,44.000,45.000,45.000,46.000,46.609,45.000,46.609,43.375,35.000,35.031,31.996,36.453,36.688,34.941,4.783,0.089,12.551,1838.705,1703.948,1836.000,1700.000,0.000,,,,2,1789718528.911,100,0
629.602,55.316,58.453,46.062,46.000,45.000,47.000,46.000,45.000,44.000,46.000,45.000,46.000,47.469,46.000,47.469,43.250,35.000,35.031,31.996,36.449,36.688,34.941,6.099,0.105,13.742,1847.879,1691.920,1836.000,1700.000,0.000,,,,2,1789718529.921,100,0
630.605,55.086,58.223,46.000,47.000,47.000,47.000,47.000,46.000,44.000,46.000,46.000,46.000,47.969,46.000,47.969,43.250,35.000,35.031,31.996,36.449,36.684,34.938,7.883,0.120,15.912,1829.092,1699.436,1836.000,1700.000,0.000,,,,2,1789718530.916,100,0
631.608,54.840,57.977,46.000,46.000,45.000,47.000,46.000,45.000,44.000,46.000,45.000,47.000,47.141,46.000,47.141,43.312,35.000,35.031,31.996,36.445,36.684,34.941,6.979,0.126,15.551,1827.059,1697.697,1836.000,1700.000,0.000,,,,2,1789718531.918,100,0
632.613,54.723,57.859,46.188,47.000,46.000,47.000,48.000,46.000,46.000,47.000,46.000,47.000,51.203,46.000,51.203,43.188,35.000,35.031,31.996,36.445,36.680,34.938,17.615,0.194,26.655,1832.089,1692.270,1836.000,1700.000,0.000,,,,2,1789718532.926,100,0
633.616,54.488,57.625,46.188,46.000,45.000,47.000,45.000,45.000,44.000,46.000,46.000,46.000,47.188,45.000,47.188,43.312,35.000,35.031,31.996,36.445,36.680,34.938,4.959,0.096,13.032,1836.416,1691.928,1836.000,1700.000,0.000,,,,2,1789718533.928,100,0
634.617,59.594,63.949,46.312,84.000,55.000,57.000,60.000,52.000,54.000,51.000,52.000,50.000,84.000,56.000,74.922,43.250,35.000,35.031,31.996,36.441,36.680,34.938,29.617,0.105,36.561,1840.754,1699.901,1836.000,1700.000,0.000,,,,2,1789718534.929,100,0
635.617,61.035,65.387,46.688,50.000,49.000,51.000,50.000,50.000,48.000,48.000,49.000,48.000,65.359,49.000,65.359,43.438,35.000,35.031,31.996,36.441,36.680,34.938,29.118,0.114,37.613,1835.957,1712.247,1836.000,1700.000,0.000,,,,2,1789718535.927,100,0
636.617,60.766,64.684,46.875,48.000,48.000,49.000,49.000,47.000,47.000,47.000,47.000,48.000,52.531,48.000,52.531,43.625,35.000,35.031,31.996,36.438,36.676,34.934,8.397,0.126,16.695,1843.016,1697.697,1836.000,1700.000,0.000,,,,2,1789718536.928,100,0
637.619,60.379,63.902,46.750,47.000,47.000,48.000,47.000,46.000,45.000,47.000,46.000,48.000,48.359,47.000,48.359,43.688,35.000,35.031,31.996,36.438,36.676,34.934,7.444,0.118,15.503,1836.004,1706.024,1836.000,1700.000,0.000,,,,2,1789718537.938,100,0
638.620,59.980,63.504,46.875,47.000,47.000,48.000,47.000,46.000,45.000,47.000,46.000,47.000,48.000,46.000,47.641,43.812,35.000,35.031,31.996,36.438,36.676,34.934,5.569,0.103,13.217,1829.417,1701.677,1836.000,1700.000,0.000,,,,2,1789718538.930,100,0
639.620,61.898,65.648,46.875,71.000,65.000,75.000,69.000,71.000,71.000,67.000,69.000,56.000,75.000,59.000,67.656,43.750,35.000,35.031,31.996,36.438,36.680,34.934,34.666,0.172,43.384,1852.529,1711.718,1836.000,1700.000,0.000,,,,2,1789718539.930,100,0
640.621,61.777,65.152,47.812,60.000,63.000,53.000,55.000,51.000,53.000,51.000,50.000,50.000,63.000,54.000,58.031,43.875,35.000,35.031,31.996,36.434,36.676,34.934,31.543,0.234,41.587,1830.971,1701.766,1836.000,1700.000,0.000,,,,2,1789718540.931,100,0
641.621,61.637,64.672,48.062,51.000,49.000,52.000,51.000,50.000,49.000,50.000,50.000,50.000,57.375,50.000,57.375,44.125,35.000,35.031,31.996,36.434,36.680,34.934,31.751,0.255,40.778,1838.263,1715.944,1836.000,1700.000,0.000,,,,2,1789718541.932,100,0
642.624,61.547,64.277,48.188,68.000,57.000,62.000,63.000,61.000,56.000,56.000,54.000,51.000,68.000,55.000,58.703,44.375,35.000,35.031,31.996,36.434,36.680,34.934,18.196,0.191,27.401,1836.323,1692.198,1836.000,1700.000,0.000,,,,2,1789718542.938,100,0
643.628,61.289,63.750,48.562,49.000,48.000,50.000,50.000,48.000,48.000,49.000,48.000,49.000,53.266,48.000,53.266,44.438,35.000,35.031,31.996,36.438,36.684,34.934,17.795,0.183,26.015,1827.254,1684.471,1836.000,1700.000,0.000,,,,2,1789718543.939,100,0
644.633,61.945,64.355,48.625,53.000,51.000,56.000,55.000,53.000,53.000,52.000,55.000,51.000,63.922,52.000,63.922,44.688,35.000,35.031,31.996,36.438,36.688,34.938,31.768,0.242,40.183,1836.444,1691.809,1836.000,1700.000,0.000,,,,2,1789718544.944,100,0
645.637,61.648,63.816,49.000,62.000,61.000,64.000,61.000,61.000,61.000,61.000,60.000,52.000,64.000,54.000,52.516,44.812,35.000,35.027,31.996,36.438,36.691,34.938,11.345,0.106,22.377,1840.735,1695.985,1836.000,1700.000,0.000,,,,2,1789718545.947,100,0
646.638,61.469,63.422,49.250,50.000,49.000,51.000,50.000,50.000,49.000,50.000,49.000,50.000,55.828,49.000,55.828,44.938,35.000,35.027,31.996,36.438,36.695,34.938,30.004,0.196,37.373,1847.660,1693.608,1836.000,1700.000,0.000,,,,2,1789718546.950,100,0
647.640,61.117,63.070,49.188,49.000,48.000,49.000,49.000,48.000,47.000,48.000,48.000,49.000,50.312,48.000,50.312,45.062,35.000,35.027,31.996,36.441,36.699,34.941,8.098,0.117,16.842,1836.070,1697.961,1836.000,1700.000,0.000,,,,2,1789718547.950,100,0
648.645,60.988,62.941,49.000,57.000,63.000,63.000,59.000,55.000,54.000,53.000,54.000,51.000,63.000,55.000,56.922,45.062,35.000,35.027,31.996,36.445,36.715,34.945,16.122,0.165,26.480,1833.461,1701.500,1836.000,1700.000,0.000,,,,2,1789718548.954,100,0
649.649,60.953,62.906,49.438,53.000,52.000,55.000,54.000,52.000,51.000,52.000,51.000,51.000,59.875,51.000,59.875,45.188,35.000,35.027,31.996,36.449,36.719,34.945,33.792,0.316,41.924,1845.615,1705.951,1836.000,1700.000,0.000,,,,2,1789718549.958,100,0
650.654,61.117,63.043,49.625,62.000,59.000,65.000,61.000,58.000,58.000,54.000,55.000,54.000,65.000,57.000,62.781,45.250,35.000,35.027,31.996,36.449,36.727,34.949,25.232,0.240,35.716,1833.778,1713.535,1836.000,1700.000,0.000,,,,2,1789718550.967,100,0
651.659,60.844,62.770,49.688,50.000,49.000,50.000,50.000,49.000,48.000,50.000,49.000,49.000,52.453,49.000,52.453,45.438,35.000,35.027,31.996,36.453,36.730,34.949,14.797,0.196,22.091,1835.835,1697.521,1836.000,1700.000,0.000,,,,2,1789718551.973,100,0
652.663,60.508,62.434,49.625,49.000,48.000,50.000,49.000,48.000,48.000,49.000,49.000,49.000,50.078,48.000,50.078,45.500,35.000,35.027,31.996,36.457,36.742,34.953,5.658,0.109,14.612,1828.655,1692.254,1836.000,1700.000,0.000,,,,2,1789718552.980,100,0
653.668,60.160,62.086,49.688,49.000,48.000,49.000,49.000,47.000,47.000,48.000,48.000,49.000,49.344,48.000,49.344,45.625,35.000,35.027,31.996,36.465,36.754,34.957,5.383,0.098,13.471,1833.890,1697.521,1836.000,1700.000,0.000,,,,2,1789718553.980,100,0
654.670,59.840,61.766,49.250,49.000,48.000,49.000,49.000,48.000,47.000,48.000,48.000,49.000,50.000,48.000,50.000,45.438,35.000,35.027,31.996,36.469,36.758,34.957,6.676,0.116,14.807,1835.732,1702.128,1836.000,1700.000,0.000,,,,2,1789718554.986,100,0
655.674,59.504,61.430,49.250,48.000,47.000,49.000,48.000,47.000,46.000,48.000,47.000,49.000,49.047,47.000,49.047,45.375,35.000,35.027,31.996,36.473,36.766,34.965,3.770,0.081,12.068,1833.517,1717.328,1836.000,1700.000,0.000,,,,2,1789718555.987,100,0
656.678,59.172,61.098,48.938,48.000,47.000,48.000,47.000,47.000,46.000,47.000,47.000,48.000,48.906,47.000,48.906,45.312,35.000,35.027,31.996,36.477,36.773,34.969,4.031,0.083,11.547,1835.667,1705.773,1836.000,1700.000,0.000,,,,2,1789718556.989,100,0
657.681,58.871,60.797,48.688,49.000,48.000,49.000,49.000,47.000,47.000,48.000,47.000,49.000,49.453,48.000,49.453,45.250,35.000,35.027,31.996,36.477,36.781,34.977,6.640,0.114,15.083,1847.584,1692.254,1836.000,1700.000,0.000,,,,2,1789718557.994,100,0
658.683,58.562,60.488,48.562,47.000,47.000,49.000,47.000,46.000,46.000,47.000,47.000,48.000,49.000,46.000,48.984,45.062,35.000,35.027,31.996,36.484,36.797,34.980,5.079,0.093,12.676,1842.837,1702.039,1836.000,1700.000,0.000,,,,2,1789718558.995,100,0
659.688,58.355,60.281,48.562,51.000,49.000,51.000,51.000,50.000,48.000,49.000,48.000,49.000,51.953,49.000,51.953,45.062,35.000,35.027,31.996,36.488,36.801,34.984,12.241,0.143,21.717,1830.840,1711.710,1836.000,1700.000,0.000,,,,2,1789718560.002,100,0
660.693,58.105,60.031,48.750,49.000,47.000,49.000,49.000,47.000,47.000,48.000,48.000,49.000,50.391,48.000,50.391,45.000,35.000,35.027,31.996,36.492,36.809,34.988,7.981,0.089,15.110,1842.610,1697.681,1836.000,1700.000,0.000,,,,2,1789718561.007,100,0
661.695,57.852,59.777,48.688,48.000,48.000,51.000,48.000,47.000,46.000,48.000,47.000,49.000,51.000,47.000,49.969,44.938,35.000,35.027,31.996,36.496,36.820,34.996,6.352,0.066,13.991,1833.255,1690.069,1836.000,1700.000,0.000,,,,2,1789718562.009,100,0
662.699,57.590,59.516,48.812,48.000,48.000,49.000,48.000,47.000,47.000,47.000,47.000,48.000,49.469,47.000,49.469,44.875,35.000,35.027,31.996,36.500,36.832,35.000,6.663,0.090,15.206,1821.614,1712.198,1836.000,1700.000,0.000,,,,2,1789718563.013,100,0
663.702,57.316,59.242,48.625,49.000,49.000,50.000,51.000,48.000,47.000,48.000,48.000,48.000,51.000,49.000,48.922,44.938,35.000,35.027,31.996,36.504,36.836,35.008,4.536,0.087,14.298,1842.695,1684.258,1836.000,1700.000,0.000,,,,2,1789718564.014,100,0
664.704,57.078,59.004,48.625,47.000,47.000,48.000,48.000,46.000,46.000,47.000,47.000,48.000,49.641,46.000,49.641,44.750,35.000,35.027,31.996,36.504,36.840,35.012,9.942,0.159,17.337,1842.620,1699.965,1836.000,1700.000,0.000,,,,2,1789718565.019,100,0
665.705,56.848,58.773,48.438,49.000,49.000,50.000,50.000,49.000,48.000,49.000,49.000,49.000,50.000,48.000,49.688,44.812,35.000,35.027,31.996,36.508,36.848,35.020,7.238,0.128,14.369,1828.321,1703.868,1836.000,1700.000,0.000,,,,2,1789718566.069,100,0
666.710,56.715,58.641,48.312,49.000,49.000,52.000,51.000,49.000,49.000,49.000,49.000,49.000,52.672,49.000,52.672,44.750,35.000,35.027,31.996,36.512,36.852,35.023,10.597,0.144,18.574,1847.243,1692.365,1836.000,1700.000,0.000,,,,2,1789718567.028,100,0
667.714,56.473,58.398,48.250,47.000,47.000,49.000,47.000,46.000,46.000,47.000,47.000,48.000,49.000,46.000,48.875,44.625,35.000,35.027,31.996,36.516,36.855,35.027,5.656,0.108,14.699,1817.246,1684.660,1836.000,1700.000,0.000,,,,2,1789718568.033,100,0
668.717,56.211,58.137,48.250,47.000,46.000,47.000,47.000,46.000,45.000,47.000,46.000,48.000,48.094,46.000,48.094,44.688,35.000,35.027,31.996,36.520,36.863,35.035,4.909,0.096,12.139,1823.985,1692.127,1836.000,1700.000,0.000,,,,2,1789718569.035,100,0
669.722,55.977,57.902,48.062,47.000,46.000,48.000,47.000,46.000,46.000,47.000,46.000,48.000,48.750,46.000,48.750,44.688,35.000,35.027,31.996,36.523,36.871,35.039,6.672,0.120,14.751,1831.083,1692.127,1836.000,1700.000,0.000,,,,2,1789718570.034,100,0
670.724,55.754,57.680,48.125,47.000,54.000,48.000,49.000,46.000,47.000,47.000,47.000,48.000,54.000,49.000,48.812,44.688,35.000,35.027,31.996,36.523,36.875,35.047,6.288,0.105,13.910,1847.831,1709.605,1836.000,1700.000,0.000,,,,2,1789718571.042,100,0
671.726,55.531,57.457,47.875,47.000,47.000,47.000,47.000,46.000,46.000,47.000,47.000,47.000,48.688,46.000,48.688,44.562,35.000,35.027,31.996,36.531,36.887,35.051,5.764,0.100,14.295,1847.328,1701.355,1836.000,1700.000,0.000,,,,2,1789718572.046,100,0
672.728,55.301,57.227,47.750,47.000,46.000,48.000,47.000,46.000,45.000,47.000,47.000,48.000,48.094,46.000,48.094,44.438,35.000,35.027,31.996,36.531,36.891,35.059,6.929,0.088,15.122,1840.425,1701.637,1836.000,1700.000,0.000,,,,2,1789718573.047,100,0
673.729,55.082,57.008,47.875,47.000,46.000,47.000,47.000,46.000,45.000,47.000,47.000,48.000,48.328,46.000,48.328,44.438,35.000,35.027,31.996,36.539,36.902,35.062,6.284,0.109,13.753,1835.864,1707.432,1836.000,1700.000,0.000,,,,2,1789718574.047,100,0
674.733,54.867,56.793,47.688,47.000,46.000,47.000,46.000,46.000,45.000,47.000,46.000,48.000,48.203,46.000,48.203,44.438,35.000,35.027,31.996,36.543,36.906,35.066,5.542,0.103,13.433,1840.481,1701.685,1836.000,1700.000,0.000,,,,2,1789718575.050,100,0
675.735,54.676,56.602,47.750,47.000,47.000,47.000,47.000,46.000,46.000,47.000,47.000,47.000,48.781,46.000,48.781,44.375,35.000,35.023,31.996,36.547,36.914,35.070,8.103,0.134,16.159,1861.350,1711.401,1836.000,1700.000,0.000,,,,2,1789718576.054,100,0
676.737,54.488,56.414,47.562,47.000,47.000,47.000,47.000,46.000,45.000,47.000,47.000,48.000,48.609,46.000,48.609,44.312,35.000,35.023,31.996,36.551,36.918,35.074,7.936,0.137,16.152,1847.234,1711.572,1836.000,1700.000,0.000,,,,2,1789718577.053,100,0
677.739,54.289,56.215,47.562,47.000,46.000,47.000,47.000,46.000,45.000,47.000,46.000,47.000,48.156,46.000,48.156,44.250,35.000,35.023,31.996,36.555,36.926,35.082,5.010,0.098,13.151,1835.620,1697.009,1836.000,1700.000,0.000,,,,2,1789718578.057,100,0
678.744,54.074,56.000,47.375,47.000,47.000,49.000,47.000,46.000,44.000,47.000,46.000,47.000,49.000,46.000,47.469,44.312,35.000,35.023,31.996,36.559,36.938,35.082,3.129,0.069,10.402,1842.375,1705.111,1836.000,1700.000,0.000,,,,2,1789718579.058,100,0
679.749,53.871,55.797,47.250,47.000,51.000,47.000,47.000,45.000,45.000,46.000,46.000,48.000,51.000,47.000,47.547,44.125,35.000,35.023,31.996,36.566,36.945,35.086,4.118,0.081,11.645,1840.397,1704.755,1836.000,1700.000,0.000,,,,2,1789718580.061,100,0
680.754,53.672,55.598,47.062,46.000,45.000,47.000,45.000,45.000,45.000,46.000,46.000,47.000,47.453,45.000,47.453,44.188,35.000,35.023,31.996,36.570,36.953,35.094,3.801,0.079,11.307,1840.481,1707.181,1836.000,1700.000,0.000,,,,2,1789718581.072,100,0
681.759,53.473,55.398,47.000,47.000,45.000,47.000,46.000,45.000,45.000,46.000,46.000,47.000,47.328,46.000,47.328,44.000,35.000,35.023,31.996,36.574,36.961,35.098,4.764,0.096,12.603,1838.498,1701.830,1836.000,1700.000,0.000,,,,2,1789718582.077,100,0
682.764,53.281,55.207,46.938,46.000,45.000,47.000,45.000,45.000,44.000,46.000,45.000,47.000,47.297,45.000,47.297,44.000,35.000,35.023,31.996,36.578,36.969,35.098,3.172,0.072,10.454,1821.742,1702.401,1836.000,1700.000,0.000,,,,2,1789718583.082,100,0
683.768,53.090,55.016,46.688,46.000,45.000,47.000,45.000,45.000,44.000,46.000,46.000,47.000,47.188,45.000,47.188,43.812,35.000,35.023,31.996,36.578,36.969,35.105,4.493,0.089,12.089,1835.835,1711.051,1836.000,1700.000,0.000,,,,2,1789718584.085,100,0
684.771,52.906,54.734,46.750,47.000,46.000,47.000,46.000,45.000,45.000,46.000,46.000,46.000,47.172,45.000,47.172,43.938,35.000,35.023,31.996,36.582,36.973,35.105,3.754,0.081,11.020,1840.359,1699.733,1836.000,1700.000,0.000,,,,2,1789718585.090,100,0
685.774,52.742,54.570,46.688,46.000,46.000,47.000,47.000,45.000,45.000,46.000,46.000,46.000,47.672,45.000,47.672,43.812,35.000,35.023,31.996,36.586,36.973,35.109,6.820,0.112,15.372,1835.480,1696.385,1836.000,1700.000,0.000,,,,2,1789718586.085,100,0
686.776,52.625,54.453,46.688,47.000,47.000,48.000,47.000,46.000,46.000,47.000,46.000,48.000,49.016,46.000,49.016,43.688,35.000,35.023,31.996,36.586,36.984,35.113,9.679,0.153,18.011,1833.125,1694.086,1836.000,1700.000,0.000,,,,2,1789718587.093,100,0
687.779,52.473,54.301,46.688,46.000,46.000,47.000,46.000,45.000,44.000,46.000,46.000,46.000,47.781,46.000,47.781,43.625,35.000,35.023,31.996,36.590,36.988,35.117,7.322,0.123,15.085,1849.540,1701.991,1836.000,1700.000,0.000,,,,2,1789718588.089,100,0
688.779,52.336,54.164,46.625,47.000,46.000,47.000,47.000,45.000,45.000,47.000,46.000,47.000,48.062,46.000,48.062,43.688,35.000,35.023,31.996,36.594,36.992,35.117,6.954,0.110,14.668,1847.395,1693.615,1836.000,1700.000,0.000,,,,2,1789718589.096,100,0
689.780,52.180,54.008,46.688,46.000,45.000,47.000,46.000,45.000,44.000,46.000,46.000,46.000,47.344,45.000,47.344,43.750,35.000,35.023,31.996,36.594,36.988,35.117,5.816,0.099,13.954,1820.020,1701.669,1836.000,1700.000,0.000,,,,2,1789718590.090,100,0
690.781,52.016,53.844,46.625,45.000,45.000,46.000,46.000,45.000,45.000,46.000,45.000,46.000,46.969,45.000,46.969,43.625,35.000,35.023,31.996,36.598,36.996,35.121,3.769,0.083,11.774,1842.997,1691.610,1836.000,1700.000,0.000,,,,2,1789718591.098,100,0
691.784,51.871,53.699,46.438,46.000,45.000,47.000,46.000,45.000,45.000,46.000,46.000,48.000,48.000,45.000,47.375,43.625,35.000,35.023,31.996,36.602,37.000,35.121,5.236,0.094,12.982,1838.357,1691.610,1836.000,1700.000,0.000,,,,2,1789718592.095,100,0
692.785,51.727,53.555,46.438,47.000,47.000,51.000,47.000,45.000,45.000,46.000,46.000,47.000,51.000,46.000,47.188,43.562,35.000,35.023,31.996,36.602,37.004,35.125,4.701,0.091,12.127,1835.714,1695.817,1836.000,1700.000,0.000,,,,2,1789718593.099,100,0
693.785,51.598,53.426,46.312,47.000,46.000,47.000,47.000,45.000,45.000,47.000,46.000,47.000,47.656,45.000,47.656,43.500,35.000,35.023,31.996,36.605,37.008,35.125,6.889,0.118,14.701,1828.748,1703.303,1836.000,1700.000,0.000,,,,2,1789718594.104,100,0
694.788,51.523,53.258,46.375,47.000,46.000,47.000,47.000,45.000,45.000,46.000,47.000,47.000,49.266,46.000,49.266,43.375,35.000,35.023,31.996,36.609,37.012,35.129,10.689,0.162,18.927,1835.873,1701.307,1836.000,1700.000,0.000,,,,2,1789718595.100,100,0
695.792,51.391,53.125,46.250,46.000,45.000,46.000,46.000,45.000,45.000,46.000,46.000,47.000,47.219,45.000,47.219,43.500,35.000,35.023,31.996,36.609,37.012,35.129,5.369,0.109,13.099,1838.404,1703.416,1836.000,1700.000,0.000,,,,2,1789718596.101,100,0
696.792,55.094,57.766,46.438,60.000,57.000,60.000,62.000,57.000,58.000,51.000,54.000,50.000,66.203,55.000,66.203,43.500,35.000,35.023,31.996,36.613,37.020,35.129,35.190,0.206,44.225,1826.845,1699.933,1836.000,1700.000,0.000,,,,2,1789718597.103,100,0
697.794,54.980,57.383,47.062,48.000,47.000,49.000,48.000,47.000,46.000,47.000,47.000,48.000,51.484,47.000,51.484,43.688,35.000,35.023,31.996,36.617,37.020,35.129,19.511,0.188,30.146,1840.538,1686.254,1836.000,1700.000,0.000,,,,2,1789718598.105,100,0
698.796,54.977,57.141,47.000,49.000,48.000,50.000,49.000,47.000,46.000,47.000,47.000,47.000,54.938,47.000,54.938,43.750,35.000,35.023,31.996,36.621,37.023,35.129,10.853,0.152,20.344,1835.676,1699.292,1836.000,1700.000,0.000,,,,2,1789718599.110,100,0
699.800,54.770,56.715,47.062,47.000,46.000,47.000,47.000,46.000,45.000,47.000,46.000,47.000,48.281,47.000,48.281,43.812,35.000,35.023,31.996,36.625,37.027,35.129,6.359,0.123,15.194,1849.635,1715.617,1836.000,1700.000,0.000,,,,2,1789718600.115,100,0
700.803,54.551,56.496,46.812,47.000,46.000,47.000,47.000,46.000,45.000,46.000,46.000,47.000,47.844,46.000,47.844,43.938,35.000,35.023,31.996,36.625,37.023,35.133,5.383,0.105,13.501,1847.547,1711.466,1836.000,1700.000,0.000,,,,2,1789718601.118,100,0
701.806,54.332,56.277,46.750,47.000,46.000,47.000,46.000,45.000,45.000,46.000,46.000,47.000,47.547,46.000,47.547,43.750,35.000,35.023,31.996,36.629,37.027,35.133,5.492,0.105,13.615,1826.910,1705.418,1836.000,1700.000,0.000,,,,2,1789718602.116,100,0
702.810,54.168,56.113,46.938,48.000,47.000,49.000,48.000,47.000,46.000,47.000,46.000,48.000,49.078,47.000,49.078,43.812,35.000,35.023,31.996,36.633,37.031,35.133,11.362,0.159,20.308,1826.892,1711.507,1836.000,1700.000,0.000,,,,2,1789718603.120,100,0
703.814,56.219,58.586,46.875,63.000,59.000,67.000,62.000,70.000,59.000,55.000,57.000,51.000,70.000,55.000,62.375,43.812,35.000,35.023,31.996,36.637,37.035,35.133,26.258,0.205,35.907,1819.560,1713.437,1836.000,1700.000,0.000,,,,2,1789718604.124,100,0
704.817,57.160,59.574,47.500,59.000,55.000,59.000,63.000,57.000,56.000,57.000,54.000,51.000,63.000,54.000,59.984,43.938,35.000,35.023,31.996,36.641,37.039,35.133,30.565,0.259,39.544,1835.658,1697.465,1836.000,1700.000,0.000,,,,2,1789718605.128,100,0
705.821,57.055,59.227,47.875,49.000,49.000,51.000,50.000,48.000,49.000,49.000,49.000,49.000,53.906,49.000,53.906,44.062,35.000,35.020,31.996,36.645,37.043,35.133,18.771,0.192,26.618,1840.679,1697.857,1836.000,1700.000,0.000,,,,2,1789718606.134,100,0
706.825,56.816,58.770,47.750,48.000,47.000,49.000,47.000,47.000,47.000,48.000,47.000,48.000,49.359,47.000,49.359,44.250,35.000,35.020,31.996,36.648,37.051,35.133,7.353,0.115,15.817,1840.425,1699.580,1836.000,1700.000,0.000,,,,2,1789718607.137,100,0
707.830,56.559,58.512,47.875,47.000,46.000,48.000,47.000,46.000,46.000,47.000,47.000,47.000,48.547,47.000,48.547,44.312,35.000,35.020,31.996,36.652,37.055,35.133,6.885,0.101,15.072,1846.997,1686.088,1836.000,1700.000,0.000,,,,2,1789718608.140,100,0
708.833,56.320,58.273,47.625,48.000,47.000,49.000,49.000,46.000,46.000,47.000,47.000,48.000,49.000,47.000,48.953,44.250,35.000,35.020,31.996,36.660,37.059,35.133,8.000,0.116,16.115,1840.585,1697.345,1836.000,1700.000,0.000,,,,2,1789718609.144,100,0
709.834,56.066,58.020,47.500,47.000,47.000,47.000,47.000,46.000,45.000,47.000,46.000,48.000,48.203,47.000,48.203,44.250,35.000,35.020,31.996,36.660,37.066,35.133,5.320,0.103,13.615,1835.040,1691.221,1836.000,1700.000,0.000,,,,2,1789718610.145,100,0
710.837,55.840,57.793,47.438,48.000,47.000,48.000,47.000,46.000,46.000,47.000,47.000,48.000,48.781,47.000,48.781,44.250,35.000,35.020,31.996,36.668,37.070,35.133,7.893,0.106,16.340,1812.616,1711.490,1836.000,1700.000,0.000,,,,2,1789718611.148,100,0
711.842,55.621,57.574,47.375,59.000,49.000,61.000,50.000,47.000,47.000,47.000,46.000,48.000,61.000,49.000,48.922,44.250,35.000,35.020,31.996,36.668,37.074,35.133,6.047,0.108,16.000,1833.246,1691.594,1836.000,1700.000,0.000,,,,2,1789718612.152,100,0
712.845,55.492,57.445,47.562,48.000,48.000,49.000,48.000,47.000,47.000,47.000,47.000,48.000,51.438,47.000,51.438,44.250,35.000,35.020,31.996,36.672,37.082,35.137,15.978,0.157,25.159,1844.858,1691.817,1836.000,1700.000,0.000,,,,2,1789718613.156,100,0
713.846,55.336,57.289,47.438,48.000,48.000,49.000,49.000,47.000,47.000,48.000,47.000,48.000,50.531,47.000,50.531,44.188,35.000,35.020,31.996,36.680,37.086,35.137,9.197,0.110,17.667,1840.416,1697.761,1836.000,1700.000,0.000,,,,2,1789718614.162,100,0
714.851,55.129,57.082,47.562,47.000,47.000,48.000,47.000,46.000,46.000,47.000,46.000,48.000,48.719,46.000,48.719,44.188,35.000,35.020,31.996,36.684,37.090,35.137,8.213,0.116,16.251,1847.641,1689.506,1836.000,1700.000,0.000,,,,2,1789718615.166,100,0
715.853,54.926,56.879,47.562,48.000,48.000,49.000,48.000,47.000,46.000,48.000,47.000,47.000,49.000,47.000,48.578,44.188,35.000,35.020,31.996,36.688,37.098,35.137,7.670,0.109,15.966,1835.545,1690.165,1836.000,1700.000,0.000,,,,2,1789718616.167,100,0
716.857,54.711,56.664,47.375,47.000,46.000,48.000,47.000,46.000,45.000,47.000,46.000,47.000,48.031,46.000,48.031,44.188,35.000,35.020,31.996,36.691,37.102,35.137,5.566,0.104,13.638,1840.481,1691.968,1836.000,1700.000,0.000,,,,2,1789718617.168,100,0
717.860,54.508,56.461,47.375,48.000,47.000,48.000,49.000,47.000,46.000,47.000,47.000,48.000,49.000,48.000,48.234,44.188,35.000,35.020,31.996,36.699,37.105,35.141,7.043,0.123,15.397,1861.572,1699.733,1836.000,1700.000,0.000,,,,2,1789718618.171,100,0
718.862,54.383,56.141,47.375,51.000,52.000,49.000,62.000,50.000,49.000,48.000,47.000,48.000,62.000,51.000,50.484,44.188,35.000,35.020,31.996,36.703,37.109,35.141,8.263,0.129,16.951,1842.799,1699.315,1836.000,1700.000,0.000,,,,2,1789718619.172,100,0
719.866,54.180,55.938,47.312,47.000,47.000,47.000,47.000,46.000,45.000,47.000,46.000,47.000,47.906,47.000,47.906,44.125,35.000,35.020,31.996,36.707,37.117,35.141,6.546,0.120,14.068,1819.284,1697.649,1836.000,1700.000,0.000,,,,2,1789718620.177,100,0
720.869,53.980,55.738,47.375,47.000,47.000,48.000,47.000,46.000,46.000,46.000,46.000,48.000,48.000,47.000,47.844,44.000,35.000,35.020,31.996,36.711,37.121,35.141,6.092,0.116,14.197,1819.643,1713.804,1836.000,1700.000,0.000,,,,2,1789718621.180,100,0
721.872,53.805,55.562,47.250,48.000,48.000,49.000,49.000,46.000,45.000,47.000,46.000,47.000,49.000,47.000,48.344,44.062,35.000,35.020,31.996,36.715,37.125,35.141,6.873,0.126,15.163,1842.365,1693.775,1836.000,1700.000,0.000,,,,2,1789718622.182,100,0
722.876,53.961,55.719,47.375,50.000,49.000,52.000,52.000,48.000,49.000,48.000,48.000,48.000,58.062,50.000,58.062,44.062,35.000,35.020,31.996,36.719,37.129,35.145,18.243,0.183,27.134,1835.433,1701.219,1836.000,1700.000,0.000,,,,2,1789718623.188,100,0
723.878,53.809,55.566,47.250,48.000,47.000,49.000,48.000,47.000,46.000,47.000,47.000,48.000,49.125,47.000,49.125,43.938,35.000,35.020,31.996,36.727,37.133,35.148,9.234,0.131,18.711,1835.274,1685.448,1836.000,1700.000,0.000,,,,2,1789718624.189,100,0
724.878,53.648,55.406,47.375,48.000,47.000,49.000,49.000,46.000,46.000,47.000,47.000,49.000,49.000,48.000,48.688,44.062,35.000,35.020,31.996,36.730,37.141,35.148,8.424,0.103,17.209,1846.987,1693.138,1836.000,1700.000,0.000,,,,2,1789718625.189,100,0
725.884,53.492,55.074,47.312,49.000,48.000,60.000,49.000,47.000,47.000,47.000,46.000,47.000,60.000,49.000,48.719,43.938,35.000,35.020,31.996,36.734,37.145,35.148,6.896,0.112,15.593,1847.338,1711.563,1836.000,1700.000,0.000,,,,2,1789718626.194,100,0
726.887,53.363,54.945,47.312,49.000,48.000,49.000,49.000,47.000,46.000,47.000,47.000,48.000,49.328,48.000,49.328,44.000,35.000,35.020,31.996,36.738,37.148,35.148,9.066,0.142,17.664,1837.222,1695.570,1836.000,1700.000,0.000,,,,2,1789718627.199,100,0
727.892,55.262,57.258,47.375,53.000,54.000,52.000,52.000,52.000,50.000,49.000,49.000,49.000,60.969,51.000,60.969,44.125,35.000,35.020,31.996,36.742,37.156,35.148,18.129,0.167,26.677,1828.460,1715.102,1836.000,1700.000,0.000,,,,2,1789718628.204,100,0
728.896,55.051,57.047,47.562,49.000,49.000,48.000,48.000,46.000,45.000,47.000,47.000,48.000,49.000,48.000,48.594,44.062,35.000,35.020,31.996,36.750,37.160,35.152,6.950,0.129,17.531,1833.358,1701.589,1836.000,1700.000,0.000,,,,2,1789718629.207,100,0
729.900,54.844,56.840,47.500,50.000,47.000,48.000,48.000,46.000,46.000,48.000,46.000,49.000,50.000,47.000,48.406,44.000,35.000,35.020,31.996,36.754,37.164,35.152,6.322,0.104,13.944,1837.766,1697.265,1836.000,1700.000,0.000,,,,2,1789718630.215,100,0
730.900,54.621,56.617,47.500,48.000,47.000,48.000,47.000,46.000,46.000,47.000,46.000,48.000,48.000,47.000,47.750,44.000,35.000,35.020,31.996,36.758,37.168,35.152,5.638,0.104,14.642,1835.414,1699.685,1836.000,1700.000,0.000,,,,2,1789718631.212,100,0
731.905,54.418,56.414,47.188,49.000,47.000,47.000,48.000,46.000,45.000,46.000,46.000,47.000,49.000,47.000,48.047,43.938,35.000,35.020,31.996,36.762,37.172,35.152,5.990,0.111,13.940,1826.530,1701.814,1836.000,1700.000,0.000,,,,2,1789718632.216,100,0
732.908,54.215,56.211,47.188,47.000,46.000,47.000,47.000,46.000,45.000,46.000,46.000,48.000,48.000,46.000,47.922,44.000,35.000,35.020,31.996,36.770,37.180,35.156,6.639,0.115,15.146,1835.630,1717.631,1836.000,1700.000,0.000,,,,2,1789718633.219,100,0
733.911,54.105,56.102,47.250,48.000,47.000,49.000,49.000,46.000,45.000,47.000,46.000,47.000,50.719,47.000,50.719,44.000,35.000,35.020,31.996,36.773,37.180,35.152,7.988,0.125,16.277,1835.171,1703.295,1836.000,1700.000,0.000,,,,2,1789718634.225,100,0
734.913,53.902,55.898,47.250,49.000,48.000,49.000,48.000,46.000,46.000,47.000,46.000,47.000,49.000,47.000,47.641,43.938,35.000,35.020,31.996,36.777,37.184,35.152,6.000,0.107,14.207,1861.119,1701.766,1836.000,1700.000,0.000,,,,2,1789718635.225,100,0
735.917,53.793,55.789,47.375,48.000,47.000,48.000,48.000,46.000,45.000,47.000,46.000,47.000,50.453,47.000,50.453,43.938,35.000,35.020,31.996,36.781,37.191,35.156,14.606,0.141,24.789,1839.861,1691.626,1836.000,1700.000,0.000,,,,2,1789718636.231,100,0
736.920,53.625,55.621,47.312,47.000,46.000,48.000,47.000,46.000,45.000,47.000,47.000,47.000,48.359,47.000,48.359,44.000,35.000,35.020,31.996,36.785,37.191,35.160,7.440,0.115,17.109,1851.328,1707.966,1836.000,1700.000,0.000,,,,2,1789718637.234,100,0
737.925,53.445,55.441,47.125,47.000,46.000,47.000,47.000,46.000,45.000,47.000,46.000,47.000,47.875,46.000,47.875,44.000,35.000,35.020,31.996,36.789,37.195,35.156,6.909,0.108,15.087,1826.002,1697.857,1836.000,1700.000,0.000,,,,2,1789718638.236,100,0
738.926,53.254,55.250,47.188,47.000,47.000,47.000,47.000,45.000,45.000,46.000,46.000,47.000,47.375,46.000,47.375,43.938,35.000,35.020,31.996,36.797,37.199,35.156,5.134,0.102,13.422,1835.068,1692.182,1836.000,1700.000,0.000,,,,2,1789718639.237,100,0
739.928,53.066,55.062,47.062,47.000,46.000,47.000,47.000,45.000,45.000,46.000,46.000,47.000,47.250,46.000,47.250,43.812,35.000,35.020,31.996,36.801,37.203,35.160,5.293,0.099,12.968,1837.860,1711.637,1836.000,1700.000,0.000,,,,2,1789718640.240,100,0
740.932,52.887,54.883,46.875,47.000,46.000,47.000,47.000,45.000,44.000,46.000,46.000,47.000,47.250,46.000,47.250,43.938,35.000,35.020,31.996,36.805,37.207,35.160,5.441,0.104,13.291,1821.715,1692.453,1836.000,1700.000,0.000,,,,2,1789718641.245,100,0
741.934,52.711,54.707,46.688,47.000,46.000,47.000,47.000,45.000,44.000,46.000,46.000,47.000,47.344,46.000,47.344,43.688,35.000,35.020,31.996,36.809,37.211,35.160,5.312,0.102,13.423,1835.433,1702.224,1836.000,1700.000,0.000,,,,2,1789718642.249,100,0
742.938,52.543,54.539,46.875,46.000,46.000,47.000,47.000,46.000,45.000,46.000,46.000,47.000,47.281,46.000,47.281,43.750,35.000,35.020,31.996,36.812,37.215,35.160,5.567,0.108,13.884,1840.161,1707.650,1836.000,1700.000,0.000,,,,2,1789718643.251,100,0
743.943,52.375,54.371,46.688,47.000,46.000,47.000,47.000,45.000,45.000,46.000,46.000,47.000,47.125,46.000,47.125,43.625,35.000,35.020,31.996,36.812,37.219,35.160,5.287,0.101,13.017,1826.021,1701.548,1836.000,1700.000,0.000,,,,2,1789718644.255,100,0
744.946,52.211,54.207,46.688,47.000,46.000,47.000,47.000,45.000,45.000,46.000,46.000,47.000,47.141,46.000,47.141,43.688,35.000,35.020,31.996,36.816,37.219,35.160,5.421,0.103,13.501,1821.558,1717.377,1836.000,1700.000,0.000,,,,2,1789718645.259,100,0
745.949,52.117,54.113,46.688,48.000,47.000,48.000,48.000,46.000,45.000,47.000,46.000,47.000,49.203,47.000,49.203,43.625,35.000,35.016,31.996,36.820,37.223,35.160,8.439,0.130,16.626,1815.102,1693.879,1836.000,1700.000,0.000,,,,2,1789718646.259,100,0
746.950,52.602,54.934,46.875,51.000,49.000,51.000,51.000,48.000,48.000,48.000,48.000,48.000,57.953,48.000,57.953,43.500,35.000,35.016,31.996,36.820,37.227,35.160,16.507,0.151,25.123,1826.327,1691.801,1836.000,1700.000,0.000,,,,2,1789718647.261,100,0
747.954,53.105,55.355,47.000,57.000,53.000,55.000,55.000,50.000,50.000,49.000,48.000,48.000,57.000,52.000,54.625,43.625,35.000,35.016,31.996,36.824,37.227,35.160,11.977,0.156,21.504,1842.318,1699.460,1836.000,1700.000,0.000,,,,2,1789718648.267,100,0
748.958,52.926,54.949,46.938,48.000,49.000,49.000,48.000,45.000,45.000,47.000,46.000,47.000,49.000,47.000,47.453,43.688,35.000,35.016,31.996,36.828,37.227,35.160,5.575,0.103,14.185,1821.991,1699.548,1836.000,1700.000,0.000,,,,2,1789718649.269,100,0
749.960,52.746,54.770,46.938,48.000,49.000,47.000,47.000,45.000,45.000,46.000,46.000,47.000,49.000,47.000,47.109,43.688,35.000,35.016,31.996,36.832,37.230,35.160,5.596,0.106,14.048,1819.459,1691.976,1836.000,1700.000,0.000,,,,2,1789718650.272,100,0
750.963,52.570,54.594,46.875,49.000,46.000,49.000,47.000,45.000,45.000,46.000,46.000,47.000,49.000,46.000,47.188,43.688,35.000,35.016,31.996,36.832,37.230,35.160,6.268,0.098,13.193,1835.433,1695.666,1836.000,1700.000,0.000,,,,2,1789718651.279,100,0
751.967,52.418,54.441,46.812,47.000,48.000,47.000,47.000,45.000,44.000,46.000,46.000,47.000,48.000,47.000,47.625,43.562,35.000,35.016,31.996,36.836,37.230,35.160,5.112,0.099,14.615,1819.156,1689.673,1836.000,1700.000,0.000,,,,2,1789718652.282,100,0
752.970,52.246,54.270,46.688,46.000,46.000,47.000,46.000,45.000,44.000,46.000,46.000,47.000,47.000,46.000,47.000,43.562,35.000,35.016,31.996,36.840,37.234,35.160,5.182,0.096,13.289,1835.386,1701.806,1836.000,1700.000,0.000,,,,2,1789718653.284,100,0
753.974,52.082,54.105,46.625,46.000,46.000,47.000,46.000,45.000,45.000,46.000,45.000,46.000,47.000,46.000,46.906,43.688,35.000,35.016,31.996,36.840,37.234,35.160,5.174,0.099,13.042,1828.293,1709.548,1836.000,1700.000,0.000,,,,2,1789718654.286,100,0
754.976,51.914,53.938,46.438,46.000,46.000,47.000,46.000,45.000,44.000,45.000,46.000,47.000,47.000,46.000,46.781,43.562,35.000,35.016,31.996,36.844,37.234,35.160,5.190,0.107,13.127,1835.480,1714.335,1836.000,1700.000,0.000,,,,2,1789718655.287,100,0
755.979,51.758,53.781,46.500,46.000,46.000,47.000,46.000,44.000,44.000,46.000,45.000,47.000,47.000,46.000,46.938,43.500,35.000,35.016,31.996,36.844,37.238,35.160,5.721,0.106,13.626,1821.789,1709.515,1836.000,1700.000,0.000,,,,2,1789718656.295,100,0
756.984,51.609,53.633,46.375,46.000,45.000,47.000,47.000,45.000,44.000,46.000,46.000,46.000,47.000,45.000,46.938,43.375,35.000,35.016,31.996,36.848,37.242,35.160,6.370,0.115,13.937,1837.607,1711.189,1836.000,1700.000,0.000,,,,2,1789718657.297,100,0
757.988,51.461,53.484,46.188,47.000,46.000,47.000,46.000,45.000,44.000,46.000,46.000,47.000,47.000,46.000,46.984,43.438,35.000,35.016,31.996,36.848,37.242,35.160,6.464,0.115,14.474,1835.106,1705.296,1836.000,1700.000,0.000,,,,2,1789718658.300,100,0
758.991,51.324,53.348,46.312,46.000,45.000,47.000,46.000,45.000,44.000,46.000,46.000,46.000,47.000,45.000,46.938,43.312,35.000,35.016,31.996,36.852,37.242,35.156,6.254,0.115,14.425,1833.199,1694.150,1836.000,1700.000,0.000,,,,2,1789718659.302,100,0
759.996,51.184,53.207,46.438,46.000,46.000,46.000,46.000,45.000,44.000,46.000,46.000,46.000,47.234,46.000,47.234,43.312,35.000,35.016,31.996,36.852,37.242,35.156,6.873,0.118,14.743,1835.068,1691.809,1836.000,1700.000,0.000,,,,2,1789718660.312,100,0
761.000,50.926,52.949,46.375,46.000,45.000,47.000,45.000,45.000,44.000,45.000,46.000,46.000,47.000,45.000,46.719,43.125,35.000,35.016,31.996,36.852,37.238,35.156,5.284,0.101,15.161,1828.191,1689.879,1836.000,1700.000,0.000,,,,2,1789718661.315,100,0
762.002,50.922,52.945,46.438,48.000,47.000,48.000,48.000,46.000,45.000,47.000,46.000,47.000,50.844,47.000,50.844,43.312,35.000,35.016,31.996,36.852,37.238,35.156,19.359,0.177,13.442,1835.480,1703.779,1836.000,1700.000,0.000,,,,2,1789718662.314,100,0
763.006,50.812,52.836,46.500,46.000,46.000,47.000,47.000,45.000,45.000,47.000,46.000,46.000,47.344,46.000,47.344,43.312,35.000,35.016,31.996,36.855,37.238,35.152,6.519,0.112,30.062,1840.453,1691.332,1836.000,1700.000,0.000,,,,2,1789718663.318,100,0
764.010,50.719,52.742,46.312,47.000,46.000,47.000,47.000,45.000,45.000,46.000,46.000,46.000,47.891,46.000,47.891,43.438,35.000,35.016,31.996,36.855,37.242,35.152,9.174,0.141,15.558,1828.664,1691.634,1836.000,1700.000,0.000,,,,2,1789718664.323,100,0
765.015,50.625,52.648,46.562,47.000,47.000,47.000,47.000,46.000,45.000,47.000,46.000,47.000,47.609,46.000,47.609,43.438,35.000,35.016,31.996,36.859,37.238,35.148,8.213,0.136,17.302,1830.747,1711.482,1836.000,1700.000,0.000,,,,2,1789718665.327,100,0
766.020,50.496,52.520,46.312,45.000,44.000,47.000,45.000,44.000,43.000,46.000,45.000,46.000,47.000,44.000,46.531,43.250,35.000,35.016,31.996,36.859,37.238,35.148,4.061,0.081,17.115,1834.974,1703.457,1836.000,1700.000,0.000,,,,2,1789718666.338,100,0
767.024,50.367,52.391,46.250,46.000,44.000,46.000,45.000,44.000,44.000,45.000,45.000,46.000,46.359,43.000,46.359,43.375,35.000,35.016,31.996,36.859,37.238,35.148,4.222,0.085,11.708,1856.417,1685.851,1836.000,1700.000,0.000,,,,2,1789718667.343,100,0
768.029,50.250,52.172,46.250,45.000,45.000,46.000,45.000,44.000,44.000,45.000,45.000,46.000,46.672,44.000,46.672,43.312,35.000,35.016,31.996,36.859,37.234,35.145,4.663,0.091,12.063,1835.339,1691.888,1836.000,1700.000,0.000,,,,2,1789718668.341,100,0
769.034,50.121,52.043,46.062,46.000,46.000,46.000,45.000,44.000,44.000,45.000,45.000,46.000,46.109,45.000,46.109,43.188,35.000,35.016,31.996,36.863,37.234,35.145,3.918,0.081,12.927,1833.050,1686.206,1836.000,1700.000,0.000,,,,2,1789718669.345,100,0
770.039,50.020,51.941,45.938,45.000,45.000,46.000,46.000,45.000,44.000,46.000,46.000,46.000,46.875,45.000,46.875,43.250,35.000,35.016,31.996,36.863,37.234,35.145,7.015,0.120,11.775,1837.776,1692.167,1836.000,1700.000,0.000,,,,2,1789718670.358,100,0
771.041,49.906,51.828,46.000,45.000,45.000,46.000,45.000,44.000,43.000,46.000,45.000,46.000,46.406,45.000,46.406,43.125,35.000,35.016,31.996,36.863,37.234,35.145,4.567,0.085,14.928,1840.340,1693.703,1836.000,1700.000,0.000,,,,2,1789718671.359,100,0
772.044,49.789,51.711,45.938,45.000,44.000,46.000,45.000,44.000,44.000,45.000,44.000,46.000,46.156,44.000,46.156,43.188,35.000,35.016,31.996,36.863,37.230,35.141,4.187,0.086,12.375,1837.794,1693.305,1836.000,1700.000,0.000,,,,2,1789718672.362,100,0
773.050,49.672,51.594,45.812,46.000,44.000,46.000,44.000,44.000,44.000,45.000,45.000,46.000,46.016,44.000,46.016,43.188,35.000,35.016,31.996,36.863,37.230,35.141,3.158,0.071,12.154,1835.386,1693.671,1836.000,1700.000,0.000,,,,2,1789718673.368,100,0
774.055,49.559,51.480,45.875,45.000,44.000,46.000,44.000,44.000,43.000,45.000,45.000,46.000,46.000,44.000,46.000,43.125,35.000,35.016,31.996,36.867,37.230,35.141,2.879,0.064,11.066,1832.929,1689.808,1836.000,1700.000,0.000,,,,2,1789718674.374,100,0
775.058,49.449,51.371,45.688,45.000,44.000,46.000,44.000,44.000,43.000,45.000,45.000,46.000,46.094,44.000,46.094,43.000,35.000,35.016,31.996,36.863,37.227,35.137,3.708,0.074,10.855,1842.393,1697.241,1836.000,1700.000,0.000,,,,2,1789718675.375,100,0
776.063,49.340,51.262,45.562,45.000,44.000,45.000,44.000,44.000,43.000,46.000,44.000,46.000,46.000,44.000,45.984,43.062,35.000,35.016,31.996,36.867,37.227,35.137,3.212,0.069,11.664,1819.192,1711.352,1836.000,1700.000,0.000,,,,2,1789718676.380,100,0
777.069,49.238,51.160,45.375,45.000,44.000,46.000,44.000,44.000,43.000,45.000,45.000,46.000,46.062,44.000,46.062,42.875,35.000,35.016,31.996,36.867,37.223,35.133,3.203,0.072,11.089,1834.974,1700.006,1836.000,1700.000,0.000,,,,2,1789718677.388,100,0
778.070,49.137,50.961,45.438,44.000,44.000,46.000,44.000,44.000,43.000,45.000,44.000,46.000,46.000,44.000,46.000,42.875,35.000,35.016,31.996,36.867,37.219,35.133,3.378,0.068,11.223,1819.533,1709.045,1836.000,1700.000,0.000,,,,2,1789718678.387,100,0
779.072,49.039,50.863,45.375,44.000,44.000,46.000,44.000,44.000,43.000,45.000,44.000,46.000,46.000,43.000,45.953,42.875,35.000,35.016,31.996,36.867,37.219,35.129,3.744,0.064,11.440,1842.365,1693.815,1836.000,1700.000,0.000,,,,2,1789718679.390,100,0
780.074,48.941,50.766,45.125,45.000,44.000,46.000,44.000,44.000,43.000,45.000,44.000,45.000,46.000,44.000,45.953,42.875,35.000,35.016,31.996,36.863,37.211,35.125,3.424,0.069,11.290,1835.461,1697.977,1836.000,1700.000,0.000,,,,2,1789718680.385,100,0
781.076,48.848,50.672,45.062,44.000,44.000,45.000,44.000,44.000,43.000,45.000,44.000,46.000,46.000,44.000,45.906,42.750,35.000,35.016,31.996,36.863,37.211,35.125,3.054,0.066,11.124,1837.832,1696.217,1836.000,1700.000,0.000,,,,2,1789718681.394,100,0
782.082,48.758,50.582,45.125,45.000,44.000,46.000,45.000,44.000,43.000,45.000,44.000,46.000,46.000,44.000,45.969,42.750,35.000,35.016,31.996,36.863,37.207,35.121,4.711,0.088,10.495,1835.480,1697.489,1836.000,1700.000,0.000,,,,2,1789718682.398,100,0
783.086,48.668,50.492,45.188,44.000,44.000,46.000,44.000,44.000,43.000,44.000,44.000,46.000,46.000,44.000,45.969,42.625,35.000,35.016,31.996,36.863,37.199,35.117,4.483,0.088,12.090,1844.744,1685.575,1836.000,1700.000,0.000,,,,2,1789718683.396,100,0
784.092,48.578,50.402,45.125,44.000,43.000,45.000,44.000,44.000,43.000,45.000,44.000,46.000,46.000,44.000,45.734,42.625,35.000,35.016,31.996,36.863,37.195,35.113,3.649,0.082,12.887,1840.303,1705.781,1836.000,1700.000,0.000,,,,2,1789718684.409,100,0
785.093,48.492,50.316,44.938,45.000,44.000,45.000,44.000,44.000,43.000,44.000,44.000,45.000,45.859,44.000,45.859,42.562,35.000,35.016,31.996,36.859,37.195,35.113,4.719,0.091,11.405,1819.855,1691.586,1836.000,1700.000,0.000,,,,2,1789718685.411,100,0
786.098,48.414,50.238,44.875,45.000,43.000,45.000,44.000,44.000,43.000,44.000,44.000,45.000,45.969,44.000,45.969,42.500,35.000,35.016,31.996,36.859,37.191,35.109,4.311,0.088,12.504,1821.890,1697.537,1836.000,1700.000,0.000,,,,2,1789718686.410,100,0
787.103,48.336,50.160,44.938,46.000,45.000,45.000,44.000,44.000,43.000,44.000,44.000,45.000,46.000,44.000,45.984,42.500,35.000,35.016,31.996,36.855,37.184,35.102,5.094,0.097,12.486,1845.217,1698.009,1836.000,1700.000,0.000,,,,2,1789718687.421,100,0
788.106,48.250,49.984,44.875,44.000,43.000,45.000,44.000,43.000,42.000,44.000,44.000,46.000,46.000,43.000,45.516,42.375,35.000,35.016,31.996,36.855,37.180,35.102,3.217,0.075,13.382,1845.113,1713.339,1836.000,1700.000,0.000,,,,2,1789718688.424,100,0
789.110,48.160,49.895,44.750,44.000,43.000,45.000,44.000,43.000,43.000,44.000,44.000,45.000,45.359,43.000,45.359,42.375,35.000,35.016,31.996,36.852,37.172,35.098,3.159,0.072,10.804,1845.179,1691.698,1836.000,1700.000,0.000,,,,2,1789718689.429,100,0
790.116,48.070,49.805,44.562,44.000,44.000,45.000,44.000,43.000,42.000,44.000,44.000,45.000,45.344,43.000,45.344,42.375,35.000,35.016,31.996,36.852,37.168,35.094,3.283,0.075,11.247,1833.134,1697.337,1836.000,1700.000,0.000,,,,2,1789718690.434,100,0
791.121,47.977,49.711,44.688,44.000,43.000,45.000,43.000,43.000,42.000,44.000,44.000,45.000,45.094,43.000,45.094,42.312,35.000,35.016,31.996,36.852,37.164,35.090,2.843,0.067,10.514,1833.610,1701.830,1836.000,1700.000,0.000,,,,2,1789718691.437,100,0
792.124,47.895,49.629,44.562,44.000,44.000,45.000,44.000,44.000,42.000,44.000,43.000,45.000,45.250,43.000,45.250,42.188,35.000,35.016,31.996,36.848,37.160,35.090,2.910,0.064,10.383,1847.964,1715.666,1836.000,1700.000,0.000,,,,2,1789718692.443,100,0
793.126,47.809,49.543,44.375,44.000,43.000,44.000,43.000,43.000,42.000,44.000,43.000,45.000,45.141,43.000,45.141,42.375,35.000,35.016,31.996,36.844,37.152,35.082,2.909,0.070,10.370,1840.792,1711.857,1836.000,1700.000,0.000,,,,2,1789718693.443,100,0
794.128,47.723,49.457,44.438,44.000,43.000,44.000,44.000,43.000,42.000,44.000,43.000,45.000,45.094,43.000,45.094,42.250,35.000,35.016,31.996,36.844,37.152,35.082,3.188,0.074,10.750,1826.771,1697.689,1836.000,1700.000,0.000,,,,2,1789718694.446,100,0
795.131,47.676,49.410,44.312,47.000,43.000,46.000,45.000,43.000,42.000,44.000,44.000,45.000,47.000,44.000,46.203,42.188,35.000,35.012,31.996,36.840,37.145,35.078,3.509,0.073,10.513,1819.965,1689.522,1836.000,1700.000,0.000,,,,2,1789718695.444,100,0
796.136,47.594,49.328,44.250,44.000,43.000,44.000,43.000,43.000,42.000,44.000,44.000,45.000,45.125,43.000,45.125,42.062,35.000,35.012,31.996,36.836,37.141,35.074,3.820,0.082,12.344,1833.349,1701.243,1836.000,1700.000,0.000,,,,2,1789718696.454,100,0
797.139,47.535,49.270,44.250,44.000,44.000,45.000,44.000,44.000,42.000,44.000,44.000,45.000,45.703,44.000,45.703,42.188,35.000,35.012,31.996,36.836,37.133,35.066,4.751,0.088,12.550,1827.003,1701.372,1836.000,1700.000,0.000,,,,2,1789718697.452,100,0
798.139,47.488,49.133,44.250,44.000,43.000,45.000,44.000,44.000,42.000,44.000,44.000,45.000,45.969,43.000,45.969,42.125,35.000,35.012,31.996,36.832,37.125,35.062,5.377,0.082,13.262,1829.454,1711.498,1836.000,1700.000,0.000,,,,2,1789718698.455,100,0
799.139,47.406,49.051,44.188,44.000,43.000,44.000,43.000,43.000,42.000,44.000,44.000,45.000,45.000,43.000,44.922,42.062,35.000,35.012,31.996,36.828,37.121,35.062,3.047,0.067,10.719,1847.831,1705.579,1836.000,1700.000,0.000,,,,2,1789718699.448,100,0
800.140,47.336,48.980,44.125,44.000,43.000,44.000,44.000,44.000,42.000,44.000,44.000,45.000,45.141,43.000,45.141,42.062,35.000,35.012,31.996,36.824,37.117,35.055,4.614,0.083,12.115,1838.357,1690.363,1836.000,1700.000,0.000,,,,2,1789718700.458,100,0
801.140,47.258,48.902,44.188,44.000,42.000,44.000,43.000,43.000,42.000,44.000,44.000,44.000,44.797,43.000,44.797,42.062,35.000,35.012,31.996,36.820,37.109,35.051,3.106,0.069,10.894,1840.359,1691.817,1836.000,1700.000,0.000,,,,2,1789718701.458,100,0
802.145,47.191,48.836,44.250,44.000,43.000,45.000,44.000,43.000,42.000,44.000,43.000,45.000,45.203,43.000,45.203,42.000,35.000,35.012,31.996,36.820,37.102,35.047,3.529,0.069,11.012,1833.666,1711.905,1836.000,1700.000,0.000,,,,2,1789718702.464,100,0
803.149,47.141,48.785,44.062,44.000,43.000,45.000,44.000,43.000,42.000,44.000,44.000,45.000,45.516,43.000,45.516,41.812,35.000,35.012,31.996,36.816,37.098,35.043,3.640,0.069,11.438,1835.845,1709.873,1836.000,1700.000,0.000,,,,2,1789718703.466,100,0
804.152,47.066,48.711,44.000,44.000,43.000,44.000,43.000,43.000,42.000,44.000,44.000,45.000,45.000,43.000,44.781,41.750,35.000,35.012,31.996,36.812,37.090,35.035,3.049,0.065,10.644,1838.526,1711.767,1836.000,1700.000,0.000,,,,2,1789718704.469,100,0
805.156,46.992,48.637,43.812,44.000,43.000,44.000,43.000,43.000,42.000,44.000,44.000,45.000,45.000,43.000,44.703,41.938,35.000,35.012,31.996,36.809,37.082,35.031,3.549,0.068,11.521,1831.819,1684.171,1836.000,1700.000,0.000,,,,2,1789718705.475,100,0
806.157,46.926,48.570,43.938,44.000,42.000,44.000,42.000,43.000,42.000,44.000,43.000,45.000,45.000,43.000,44.844,41.875,35.000,35.012,31.996,36.805,37.074,35.027,2.927,0.068,10.595,1838.583,1698.338,1836.000,1700.000,0.000,,,,2,1789718706.476,100,0
807.158,46.855,48.500,43.812,44.000,44.000,44.000,44.000,43.000,43.000,44.000,44.000,44.000,44.688,43.000,44.688,41.875,35.000,35.012,31.996,36.801,37.070,35.023,2.992,0.067,10.480,1848.049,1714.229,1836.000,1700.000,0.000,,,,2,1789718707.476,100,0
808.160,46.785,48.348,43.750,44.000,43.000,44.000,43.000,43.000,42.000,44.000,43.000,44.000,44.641,43.000,44.641,41.750,35.000,35.012,31.996,36.797,37.059,35.016,3.427,0.072,10.976,1822.314,1698.209,1836.000,1700.000,0.000,,,,2,1789718708.478,100,0
809.164,46.715,48.277,43.625,44.000,43.000,44.000,43.000,43.000,41.000,44.000,43.000,44.000,44.500,42.000,44.500,41.812,35.000,35.012,31.996,36.793,37.051,35.008,3.064,0.065,10.711,1834.086,1692.055,1836.000,1700.000,0.000,,,,2,1789718709.483,100,0
810.164,46.648,48.211,43.688,44.000,43.000,44.000,44.000,43.000,42.000,44.000,43.000,44.000,44.578,43.000,44.578,41.750,35.000,35.012,31.996,36.789,37.047,35.004,3.541,0.076,11.392,1831.642,1697.569,1836.000,1700.000,0.000,,,,2,1789718710.475,100,0
811.165,46.594,48.156,43.688,44.000,43.000,45.000,44.000,43.000,42.000,44.000,43.000,44.000,45.000,43.000,44.938,41.625,35.000,35.012,31.996,36.785,37.035,35.000,5.484,0.096,13.670,1834.124,1711.539,1836.000,1700.000,0.000,,,,2,1789718711.477,100,0
812.167,46.551,48.113,43.750,44.000,43.000,45.000,44.000,43.000,43.000,44.000,43.000,45.000,45.141,44.000,45.141,41.688,35.000,35.012,31.996,36.777,37.031,34.992,6.190,0.102,14.256,1827.022,1703.892,1836.000,1700.000,0.000,,,,2,1789718712.477,100,0
813.167,46.500,48.062,43.688,44.000,42.000,44.000,43.000,43.000,42.000,44.000,43.000,44.000,44.922,43.000,44.922,41.688,35.000,35.012,31.996,36.773,37.020,34.988,5.281,0.095,13.214,1820.149,1708.282,1836.000,1700.000,0.000,,,,2,1789718713.478,100,0
814.172,46.434,47.996,43.812,43.000,42.000,44.000,43.000,42.000,41.000,44.000,43.000,44.000,44.391,42.000,44.391,41.562,35.000,35.012,31.996,36.770,37.012,34.980,3.427,0.072,11.048,1834.320,1701.934,1836.000,1700.000,0.000,,,,2,1789718714.490,100,0
815.176,46.371,47.934,43.688,44.000,42.000,44.000,43.000,43.000,42.000,43.000,43.000,44.000,44.438,42.000,44.438,41.562,35.000,35.012,31.996,36.766,37.008,34.977,3.326,0.073,11.258,1834.086,1701.838,1836.000,1700.000,0.000,,,,2,1789718715.494,100,0
816.179,46.309,47.871,43.625,44.000,44.000,45.000,44.000,43.000,42.000,44.000,43.000,44.000,45.000,43.000,44.469,41.500,35.000,35.012,31.996,36.762,36.996,34.969,3.667,0.080,11.884,1838.611,1691.507,1836.000,1700.000,0.000,,,,2,1789718716.491,100,0
817.183,46.270,47.832,43.500,44.000,43.000,45.000,44.000,43.000,42.000,44.000,43.000,44.000,45.016,44.000,45.016,41.500,35.000,35.012,31.996,36.758,36.992,34.965,5.677,0.105,14.109,1840.613,1693.863,1836.000,1700.000,0.000,,,,2,1789718717.496,100,0
818.186,46.238,47.723,43.625,44.000,43.000,45.000,44.000,43.000,42.000,44.000,43.000,45.000,45.219,43.000,45.219,41.500,35.000,35.012,31.996,36.754,36.980,34.957,6.565,0.119,15.183,1836.107,1699.396,1836.000,1700.000,0.000,,,,2,1789718718.498,100,0
819.190,46.199,47.684,43.562,44.000,44.000,45.000,44.000,43.000,42.000,44.000,43.000,45.000,45.047,43.000,45.047,41.500,35.000,35.012,31.996,36.750,36.977,34.953,5.923,0.113,14.320,1840.848,1701.766,1836.000,1700.000,0.000,,,,2,1789718719.508,100,0
820.193,46.156,47.641,43.625,45.000,43.000,45.000,44.000,43.000,43.000,44.000,44.000,44.000,45.000,44.000,44.750,41.500,35.000,35.012,31.996,36.746,36.969,34.945,4.881,0.098,13.320,1840.641,1713.927,1836.000,1700.000,0.000,,,,2,1789718720.506,100,0
821.196,46.102,47.586,43.625,44.000,42.000,44.000,44.000,45.000,42.000,44.000,43.000,44.000,45.000,43.000,44.469,41.688,35.000,35.012,31.996,36.742,36.957,34.938,4.685,0.091,12.891,1833.648,1701.669,1836.000,1700.000,0.000,,,,2,1789718721.510,100,0
822.198,46.066,47.551,43.562,44.000,44.000,45.000,44.000,44.000,43.000,44.000,44.000,44.000,45.000,44.000,44.984,41.625,35.000,35.012,31.996,36.738,36.949,34.934,6.318,0.112,14.714,1815.624,1692.071,1836.000,1700.000,0.000,,,,2,1789718722.508,100,0
823.200,46.020,47.504,43.625,44.000,42.000,44.000,43.000,43.000,42.000,44.000,43.000,44.000,44.609,43.000,44.609,41.625,35.000,35.012,31.996,36.730,36.945,34.930,5.207,0.095,12.958,1822.462,1701.709,1836.000,1700.000,0.000,,,,2,1789718723.518,100,0
824.204,45.988,47.473,43.562,45.000,44.000,45.000,44.000,43.000,42.000,44.000,43.000,44.000,45.000,44.000,44.969,41.500,35.000,35.012,31.996,36.727,36.938,34.922,5.425,0.098,13.851,1850.120,1704.788,1836.000,1700.000,0.000,,,,2,1789718724.517,100,0
825.205,45.945,47.430,43.812,44.000,43.000,44.000,43.000,43.000,43.000,44.000,44.000,44.000,44.578,43.000,44.578,41.625,35.000,35.012,31.996,36.723,36.930,34.914,5.543,0.104,13.676,1843.422,1700.568,1836.000,1700.000,0.000,,,,2,1789718725.523,100,0
826.207,45.891,47.375,43.500,44.000,43.000,44.000,43.000,43.000,42.000,43.000,43.000,44.000,44.250,43.000,44.250,41.500,35.000,35.012,31.996,36.719,36.918,34.906,3.791,0.078,11.760,1843.233,1697.801,1836.000,1700.000,0.000,,,,2,1789718726.525,100,0
827.212,45.836,47.320,43.625,44.000,43.000,44.000,43.000,42.000,42.000,44.000,43.000,44.000,44.172,43.000,44.172,41.500,35.000,35.012,31.996,36.715,36.914,34.902,3.060,0.067,10.090,1831.893,1708.185,1836.000,1700.000,0.000,,,,2,1789718727.531,100,0
828.217,45.828,47.238,43.500,44.000,43.000,44.000,44.000,43.000,43.000,44.000,43.000,44.000,45.500,43.000,45.500,41.562,35.000,35.012,31.996,36.711,36.906,34.895,5.227,0.085,13.067,1834.292,1703.690,1836.000,1700.000,0.000,,,,2,1789718728.534,100,0
829.218,45.777,47.188,43.500,44.000,42.000,43.000,43.000,43.000,42.000,44.000,43.000,44.000,44.250,42.000,44.250,41.438,35.000,35.012,32.996,36.703,36.898,34.898,3.843,0.081,11.378,1834.264,1715.519,1836.000,1700.000,0.000,,,,2,1789718729.536,100,0
830.218,45.734,47.145,43.500,44.000,42.000,44.000,43.000,43.000,42.000,44.000,43.000,45.000,45.000,42.000,44.359,41.438,35.000,35.012,31.996,36.699,36.891,34.887,4.115,0.079,12.056,1838.771,1707.415,1836.000,1700.000,0.000,,,,2,1789718730.529,100,0
831.223,45.707,47.117,43.375,44.000,43.000,44.000,44.000,43.000,42.000,44.000,43.000,44.000,44.844,43.000,44.844,41.438,35.000,35.012,32.996,36.695,36.883,34.891,5.350,0.091,13.518,1843.771,1704.134,1836.000,1700.000,0.000,,,,2,1789718731.535,100,0
832.228,45.660,47.070,43.438,44.000,42.000,44.000,43.000,43.000,42.000,44.000,43.000,44.000,44.188,42.000,44.188,41.438,35.000,35.012,31.996,36.688,36.875,34.887,4.839,0.089,12.740,1845.955,1692.047,1836.000,1700.000,0.000,,,,2,1789718732.547,100,0
833.234,45.609,47.020,43.375,43.000,42.000,44.000,43.000,42.000,42.000,44.000,43.000,44.000,44.109,42.000,44.109,41.438,35.000,35.012,32.996,36.684,36.867,34.887,3.613,0.075,11.669,1834.292,1702.184,1836.000,1700.000,0.000,,,,2,1789718733.549,100,0
834.235,45.578,46.988,43.375,44.000,43.000,44.000,44.000,43.000,42.000,44.000,43.000,44.000,44.625,44.000,44.625,41.312,35.000,35.012,31.996,36.680,36.859,34.879,5.894,0.103,14.436,1834.348,1701.299,1836.000,1700.000,0.000,,,,2,1789718734.553,100,0
835.238,45.547,46.957,43.500,46.000,45.000,46.000,44.000,43.000,42.000,44.000,43.000,45.000,46.000,45.000,44.578,41.375,35.000,35.012,31.996,36.676,36.852,34.871,5.449,0.096,14.100,1838.564,1703.884,1836.000,1700.000,0.000,,,,2,1789718735.550,100,0
836.240,45.512,46.922,43.375,44.000,42.000,44.000,43.000,43.000,42.000,44.000,43.000,44.000,44.328,43.000,44.328,41.375,35.000,35.012,31.996,36.672,36.844,34.863,5.446,0.103,13.361,1838.808,1702.039,1836.000,1700.000,0.000,,,,2,1789718736.552,100,0
837.245,45.469,46.879,43.375,44.000,43.000,44.000,43.000,43.000,42.000,43.000,43.000,44.000,44.172,43.000,44.172,41.375,35.000,35.012,31.996,36.664,36.836,34.855,4.781,0.092,12.875,1843.497,1711.287,1836.000,1700.000,0.000,,,,2,1789718737.559,100,0
838.249,45.484,46.852,43.375,44.000,43.000,45.000,44.000,44.000,42.000,44.000,44.000,45.000,46.031,44.000,46.031,41.375,35.000,35.012,31.996,36.660,36.828,34.852,7.765,0.097,15.465,1843.648,1703.698,1836.000,1700.000,0.000,,,,2,1789718738.562,100,0
839.249,45.465,46.832,43.312,44.000,42.000,44.000,43.000,43.000,42.000,43.000,43.000,44.000,44.766,43.000,44.766,41.438,35.000,35.012,31.996,36.656,36.820,34.844,4.517,0.087,12.630,1838.583,1686.309,1836.000,1700.000,0.000,,,,2,1789718739.559,100,0
840.250,45.457,46.824,43.500,44.000,43.000,46.000,44.000,43.000,42.000,44.000,44.000,45.000,46.000,44.000,45.312,41.375,35.000,35.012,31.996,36.648,36.812,34.836,6.613,0.116,14.049,1842.808,1699.292,1836.000,1700.000,0.000,,,,2,1789718740.563,100,0
841.251,45.449,46.816,43.562,44.000,44.000,45.000,44.000,44.000,42.000,44.000,44.000,45.000,45.125,44.000,45.125,41.375,35.000,35.012,31.996,36.645,36.805,34.828,5.949,0.102,14.018,1843.242,1690.054,1836.000,1700.000,0.000,,,,2,1789718741.565,100,0
842.256,45.430,46.797,43.562,44.000,44.000,45.000,44.000,44.000,42.000,44.000,43.000,46.000,46.000,44.000,44.922,41.375,35.000,35.012,31.996,36.641,36.797,34.820,5.636,0.093,13.205,1829.361,1692.334,1836.000,1700.000,0.000,,,,2,1789718742.574,100,0
843.260,45.398,46.766,43.562,44.000,43.000,44.000,44.000,43.000,42.000,44.000,43.000,44.000,44.422,44.000,44.422,41.375,35.000,35.012,31.996,36.633,36.793,34.816,5.189,0.091,13.660,1848.400,1684.171,1836.000,1700.000,0.000,,,,2,1789718743.576,100,0
844.261,45.367,46.734,43.500,44.000,42.000,44.000,43.000,42.000,42.000,43.000,43.000,44.000,44.359,43.000,44.359,41.375,35.000,35.012,31.996,36.629,36.785,34.809,4.301,0.084,12.745,1836.828,1686.372,1836.000,1700.000,0.000,,,,2,1789718744.574,100,0
845.262,45.340,46.707,43.438,43.000,43.000,44.000,43.000,43.000,42.000,44.000,43.000,44.000,44.531,42.000,44.531,41.312,35.000,35.012,31.996,36.621,36.777,34.805,4.101,0.077,11.678,1836.519,1691.912,1836.000,1700.000,0.000,,,,2,1789718745.576,100,0
846.267,45.340,46.707,43.438,44.000,42.000,44.000,43.000,43.000,42.000,44.000,43.000,44.000,45.297,43.000,45.297,41.312,35.000,35.012,31.996,36.617,36.770,34.797,5.911,0.101,14.273,1839.193,1697.929,1836.000,1700.000,0.000,,,,2,1789718746.585,100,0
847.271,45.340,46.707,43.438,44.000,43.000,44.000,44.000,43.000,43.000,44.000,43.000,46.000,46.000,43.000,45.391,41.188,35.000,35.012,31.996,36.613,36.766,34.789,5.214,0.076,11.988,1827.068,1693.655,1836.000,1700.000,0.000,,,,2,1789718747.589,100,0
848.274,45.336,46.641,43.438,44.000,42.000,44.000,43.000,43.000,42.000,44.000,43.000,45.000,45.156,42.000,45.156,41.250,35.000,35.012,31.996,36.609,36.758,34.785,6.401,0.089,15.250,1836.913,1703.811,1836.000,1700.000,0.000,,,,2,1789718748.585,100,0
849.275,45.340,46.645,43.375,44.000,43.000,45.000,44.000,44.000,43.000,44.000,43.000,46.000,46.000,44.000,45.500,41.312,35.000,35.012,31.996,36.602,36.754,34.777,8.242,0.107,15.704,1827.374,1712.052,1836.000,1700.000,0.000,,,,2,1789718749.589,100,0
850.280,45.316,46.621,43.500,44.000,44.000,45.000,44.000,43.000,42.000,43.000,44.000,44.000,45.000,44.000,44.609,41.250,35.000,35.012,32.996,36.598,36.746,34.777,5.986,0.096,14.384,1848.438,1711.808,1836.000,1700.000,0.000,,,,2,1789718750.599,100,0
851.282,45.336,46.641,43.562,44.000,43.000,44.000,44.000,43.000,42.000,44.000,43.000,45.000,45.844,43.000,45.844,41.312,35.000,35.012,32.996,36.590,36.742,34.777,5.266,0.089,13.667,1836.613,1696.377,1836.000,1700.000,0.000,,,,2,1789718751.595,100,0
852.284,45.305,46.609,43.438,44.000,43.000,44.000,44.000,43.000,42.000,43.000,43.000,44.000,44.375,43.000,44.375,41.250,35.000,35.012,32.996,36.586,36.734,34.777,4.083,0.078,11.962,1834.273,1701.749,1836.000,1700.000,0.000,,,,2,1789718752.596,100,0
853.289,45.270,46.574,43.438,43.000,43.000,44.000,43.000,42.000,42.000,44.000,43.000,44.000,44.188,43.000,44.188,41.375,35.000,35.012,32.996,36.582,36.730,34.781,4.025,0.078,12.280,1862.824,1696.033,1836.000,1700.000,0.000,,,,2,1789718753.607,100,0
854.294,45.273,46.449,43.312,53.000,55.000,46.000,47.000,44.000,43.000,44.000,43.000,45.000,55.000,47.000,45.312,41.188,35.000,35.012,32.996,36.574,36.723,34.781,4.022,0.070,10.919,1847.954,1701.886,1836.000,1700.000,0.000,,,,2,1789718754.607,100,0
855.294,45.273,46.336,43.500,44.000,45.000,44.000,44.000,43.000,42.000,44.000,43.000,44.000,45.312,43.000,45.312,41.250,35.000,35.008,32.996,36.574,36.719,34.781,8.762,0.085,17.424,1820.315,1698.570,1836.000,1700.000,0.000,,,,2,1789718755.604,100,0
856.297,45.348,46.410,43.750,46.000,44.000,45.000,45.000,44.000,43.000,47.000,45.000,45.000,47.000,45.000,46.984,41.250,35.000,35.008,32.996,36.566,36.711,34.781,8.833,0.093,16.728,1832.154,1694.261,1836.000,1700.000,0.000,,,,2,1789718756.608,100,0
857.301,45.434,46.562,43.875,45.000,44.000,48.000,45.000,44.000,43.000,45.000,44.000,45.000,48.000,44.000,47.156,41.312,35.000,35.008,32.996,36.562,36.707,34.781,9.949,0.113,18.599,1820.563,1702.015,1836.000,1700.000,0.000,,,,2,1789718757.612,100,0
858.301,45.469,46.598,44.000,44.000,44.000,47.000,44.000,44.000,43.000,44.000,44.000,45.000,47.000,44.000,46.359,41.375,35.000,35.008,32.996,36.559,36.699,34.781,7.966,0.081,15.913,1827.569,1710.181,1836.000,1700.000,0.000,,,,2,1789718758.618,100,0
859.303,45.449,46.578,43.875,44.000,43.000,44.000,43.000,43.000,42.000,44.000,43.000,44.000,44.922,43.000,44.922,41.438,35.000,35.008,32.996,36.555,36.695,34.781,5.339,0.091,13.681,1832.182,1704.223,1836.000,1700.000,0.000,,,,2,1789718759.623,100,0
860.307,45.414,46.543,43.875,44.000,42.000,44.000,43.000,43.000,42.000,44.000,43.000,44.000,44.250,43.000,44.250,41.500,35.000,35.008,32.996,36.547,36.688,34.781,3.443,0.070,11.132,1838.742,1700.246,1836.000,1700.000,0.000,,,,2,1789718760.624,100,0
861.309,45.387,46.516,43.688,45.000,44.000,47.000,44.000,45.000,42.000,44.000,43.000,45.000,47.000,44.000,44.594,41.438,35.000,35.008,32.996,36.543,36.684,34.781,4.029,0.079,11.589,1843.261,1712.076,1836.000,1700.000,0.000,,,,2,1789718761.624,100,0
862.313,45.355,46.484,43.562,44.000,42.000,44.000,43.000,42.000,42.000,43.000,43.000,44.000,44.391,42.000,44.391,41.250,35.000,35.008,32.996,36.539,36.676,34.781,4.876,0.088,12.887,1836.585,1698.273,1836.000,1700.000,0.000,,,,2,1789718762.627,100,0
863.314,45.414,46.543,43.812,46.000,44.000,46.000,45.000,44.000,43.000,45.000,44.000,45.000,47.172,44.000,47.172,41.375,35.000,35.008,32.996,36.531,36.672,34.781,11.188,0.108,19.129,1832.108,1711.905,1836.000,1700.000,0.000,,,,2,1789718763.629,100,0
864.315,45.469,46.598,43.938,45.000,45.000,46.000,47.000,46.000,44.000,45.000,44.000,45.000,47.266,44.000,47.266,41.375,35.000,35.008,32.996,36.527,36.668,34.781,7.560,0.073,15.428,1827.374,1713.992,1836.000,1700.000,0.000,,,,2,1789718764.629,100,0
865.316,45.684,46.812,44.062,45.000,44.000,45.000,45.000,44.000,43.000,44.000,44.000,45.000,50.453,44.000,50.453,41.438,35.000,35.008,32.996,36.523,36.660,34.781,13.661,0.115,21.553,1844.121,1708.274,1836.000,1700.000,0.000,,,,2,1789718765.635,100,0
866.321,45.660,46.789,44.125,44.000,43.000,44.000,44.000,43.000,42.000,44.000,43.000,45.000,45.000,43.000,44.969,41.438,35.000,35.008,32.996,36.520,36.652,34.781,4.183,0.078,12.063,1827.263,1708.266,1836.000,1700.000,0.000,,,,2,1789718766.638,100,0
867.321,45.625,47.480,43.875,44.000,42.000,44.000,43.000,43.000,42.000,43.000,43.000,45.000,45.000,42.000,44.516,41.500,35.000,35.008,32.996,36.516,36.652,34.781,3.530,0.077,11.197,1841.564,1701.830,1836.000,1700.000,0.000,,,,2,1789718767.639,100,0
868.322,45.586,47.441,43.688,43.000,43.000,45.000,43.000,43.000,42.000,44.000,43.000,44.000,45.000,42.000,44.453,41.500,35.000,35.008,32.996,36.512,36.645,34.781,3.356,0.071,10.779,1829.845,1698.177,1836.000,1700.000,0.000,,,,2,1789718768.632,100,0
869.323,45.551,47.406,43.562,44.000,43.000,44.000,43.000,43.000,42.000,44.000,43.000,45.000,45.000,42.000,44.406,41.500,35.000,35.008,32.996,36.504,36.637,34.781,4.320,0.081,12.203,1841.404,1704.102,1836.000,1700.000,0.000,,,,2,1789718769.636,100,0
870.327,45.508,47.363,43.688,44.000,43.000,44.000,43.000,42.000,42.000,44.000,43.000,44.000,44.219,43.000,44.219,41.438,35.000,35.008,32.996,36.500,36.633,34.781,3.908,0.080,11.681,1836.838,1714.547,1836.000,1700.000,0.000,,,,2,1789718770.639,100,0
871.332,45.465,47.320,43.625,43.000,42.000,44.000,43.000,42.000,41.000,43.000,43.000,44.000,44.141,42.000,44.141,41.312,35.000,35.008,32.996,36.496,36.629,34.781,3.590,0.075,11.398,1841.423,1707.845,1836.000,1700.000,0.000,,,,2,1789718771.649,100,0
872.332,45.422,47.277,43.312,43.000,42.000,44.000,43.000,42.000,42.000,43.000,43.000,44.000,44.047,42.000,44.047,41.312,35.000,35.008,32.996,36.492,36.621,34.777,3.091,0.066,10.652,1822.665,1684.226,1836.000,1700.000,0.000,,,,2,1789718772.651,100,0
873.337,45.379,47.234,43.312,44.000,42.000,44.000,43.000,42.000,42.000,43.000,43.000,44.000,44.047,42.000,44.047,41.375,35.000,35.008,32.996,36.484,36.617,34.777,2.869,0.065,9.981,1861.985,1696.065,1836.000,1700.000,0.000,,,,2,1789718773.656,100,0
874.342,45.348,47.203,43.438,44.000,43.000,45.000,44.000,43.000,42.000,44.000,43.000,44.000,45.000,43.000,44.422,41.188,35.000,35.008,32.996,36.480,36.609,34.777,4.803,0.093,12.404,1838.883,1706.121,1836.000,1700.000,0.000,,,,2,1789718774.653,100,0
875.346,45.336,47.191,43.375,44.000,43.000,44.000,44.000,42.000,42.000,44.000,43.000,44.000,44.969,43.000,44.969,41.250,35.000,35.008,32.996,36.477,36.605,34.777,6.081,0.114,14.440,1827.365,1703.892,1836.000,1700.000,0.000,,,,2,1789718775.662,100,0
876.349,45.301,47.156,43.312,44.000,42.000,44.000,43.000,42.000,42.000,43.000,43.000,44.000,44.234,42.000,44.234,41.188,35.000,35.008,32.996,36.473,36.602,34.777,4.959,0.094,13.154,1836.772,1692.031,1836.000,1700.000,0.000,,,,2,1789718776.661,100,0
877.354,45.273,47.035,43.438,44.000,43.000,44.000,44.000,43.000,42.000,43.000,43.000,44.000,44.406,43.000,44.406,41.250,35.000,35.008,32.996,36.469,36.594,34.777,4.964,0.098,13.038,1843.979,1688.215,1836.000,1700.000,0.000,,,,2,1789718777.672,100,0
878.354,45.238,47.000,43.500,43.000,43.000,44.000,43.000,43.000,42.000,43.000,43.000,44.000,44.062,42.000,44.062,41.312,35.000,35.008,32.996,36.461,36.590,34.781,4.373,0.087,12.112,1822.849,1702.031,1836.000,1700.000,0.000,,,,2,1789718778.672,100,0
879.359,45.203,46.965,43.312,44.000,42.000,44.000,43.000,43.000,42.000,43.000,43.000,44.000,44.109,42.000,44.109,41.250,35.000,35.008,32.996,36.457,36.582,34.773,4.460,0.088,12.667,1841.140,1704.239,1836.000,1700.000,0.000,,,,2,1789718779.677,100,0
880.360,45.164,46.926,43.250,43.000,42.000,43.000,43.000,42.000,41.000,43.000,43.000,44.000,44.000,42.000,44.000,41.250,35.000,35.008,32.996,36.453,36.578,34.777,3.024,0.069,10.717,1848.239,1680.484,1836.000,1700.000,0.000,,,,2,1789718780.670,100,0
881.361,45.141,46.902,43.250,44.000,43.000,44.000,44.000,42.000,42.000,43.000,43.000,44.000,44.375,43.000,44.375,41.125,35.000,35.008,32.996,36.445,36.570,34.773,5.998,0.110,14.488,1839.259,1708.039,1836.000,1700.000,0.000,,,,2,1789718781.679,100,0
882.361,45.105,46.867,43.250,43.000,43.000,44.000,42.000,42.000,42.000,43.000,43.000,44.000,44.031,43.000,44.031,41.125,35.000,35.008,32.996,36.441,36.566,34.773,3.652,0.075,11.108,1834.638,1698.017,1836.000,1700.000,0.000,,,,2,1789718782.678,100,0
883.366,45.070,46.832,43.188,43.000,42.000,44.000,42.000,42.000,42.000,43.000,43.000,44.000,44.016,42.000,44.016,41.000,35.000,35.008,32.996,36.438,36.562,34.773,3.317,0.070,10.881,1836.810,1692.612,1836.000,1700.000,0.000,,,,2,1789718783.683,100,0
884.369,45.039,46.801,43.062,44.000,43.000,45.000,44.000,43.000,42.000,43.000,43.000,44.000,45.000,43.000,44.109,41.062,35.000,35.008,32.996,36.434,36.555,34.773,3.736,0.073,11.850,1843.686,1709.621,1836.000,1700.000,0.000,,,,2,1789718784.681,100,0
885.374,45.012,46.773,43.125,43.000,42.000,44.000,42.000,42.000,42.000,43.000,43.000,44.000,44.172,42.000,44.172,41.188,35.000,35.008,32.996,36.430,36.551,34.773,5.808,0.103,13.877,1834.451,1703.312,1836.000,1700.000,0.000,,,,2,1789718785.685,100,0
886.376,44.992,46.754,43.125,44.000,44.000,44.000,44.000,43.000,42.000,43.000,43.000,44.000,44.328,43.000,44.328,41.125,35.000,35.008,32.996,36.426,36.543,34.770,5.857,0.104,14.465,1848.429,1685.109,1836.000,1700.000,0.000,,,,2,1789718786.694,100,0
887.380,44.961,46.633,43.188,44.000,43.000,44.000,44.000,42.000,42.000,43.000,43.000,44.000,44.047,43.000,44.047,41.125,35.000,35.008,32.996,36.418,36.539,34.770,4.556,0.085,12.660,1836.182,1707.893,1836.000,1700.000,0.000,,,,2,1789718787.691,100,0
888.380,44.938,46.609,43.188,44.000,43.000,44.000,44.000,43.000,42.000,43.000,43.000,44.000,44.172,43.000,44.172,41.062,35.000,35.008,32.996,36.414,36.531,34.770,5.748,0.103,13.170,1836.444,1713.405,1836.000,1700.000,0.000,,,,2,1789718788.691,100,0
889.382,44.914,46.586,43.188,44.000,43.000,44.000,44.000,43.000,42.000,43.000,43.000,44.000,44.156,43.000,44.156,41.125,35.000,35.008,32.996,36.410,36.527,34.770,5.067,0.093,13.071,1840.782,1711.661,1836.000,1700.000,0.000,,,,2,1789718789.694,100,0
890.385,44.910,46.582,43.125,44.000,43.000,44.000,43.000,42.000,42.000,43.000,43.000,44.000,44.766,43.000,44.766,41.125,35.000,35.008,32.996,36.406,36.520,34.766,5.825,0.104,13.781,1843.724,1698.361,1836.000,1700.000,0.000,,,,2,1789718790.703,100,0
891.390,44.883,46.555,43.188,43.000,42.000,44.000,43.000,42.000,42.000,43.000,43.000,44.000,44.062,42.000,44.062,41.188,35.000,35.008,32.996,36.402,36.516,34.766,4.400,0.087,12.440,1843.733,1690.458,1836.000,1700.000,0.000,,,,2,1789718791.708,100,0
892.391,44.855,46.527,43.250,44.000,43.000,44.000,43.000,42.000,42.000,43.000,43.000,44.000,44.000,42.000,44.000,41.000,35.000,35.008,32.996,36.398,36.508,34.766,3.442,0.075,11.288,1838.902,1702.039,1836.000,1700.000,0.000,,,,2,1789718792.704,100,0
893.396,44.836,46.508,43.062,43.000,42.000,44.000,43.000,42.000,41.000,43.000,43.000,44.000,44.250,43.000,44.250,41.000,35.000,35.008,32.996,36.391,36.504,34.762,5.292,0.097,12.889,1836.632,1686.206,1836.000,1700.000,0.000,,,,2,1789718793.715,100,0
894.398,44.809,46.480,43.062,43.000,42.000,44.000,43.000,42.000,41.000,42.000,43.000,44.000,44.016,42.000,44.016,41.062,35.000,35.008,32.996,36.387,36.500,34.762,3.362,0.071,11.056,1843.516,1696.393,1836.000,1700.000,0.000,,,,2,1789718794.716,100,0
895.403,44.801,46.473,43.000,45.000,43.000,46.000,44.000,43.000,42.000,43.000,43.000,44.000,46.000,43.000,44.578,40.938,35.000,35.008,32.996,36.383,36.492,34.758,5.145,0.099,13.392,1841.272,1703.957,1836.000,1700.000,0.000,,,,2,1789718795.717,100,0
896.407,44.785,46.457,43.125,43.000,43.000,44.000,43.000,43.000,42.000,43.000,43.000,44.000,44.297,43.000,44.297,41.062,35.000,35.008,32.996,36.379,36.488,34.758,5.366,0.101,14.271,1841.225,1699.516,1836.000,1700.000,0.000,,,,2,1789718796.721,100,0
897.407,44.770,46.359,43.000,44.000,43.000,44.000,44.000,42.000,42.000,43.000,43.000,44.000,44.266,43.000,44.266,41.000,35.000,35.008,32.996,36.375,36.480,34.754,5.322,0.101,13.573,1846.116,1691.714,1836.000,1700.000,0.000,,,,2,1789718797.718,100,0
898.407,44.754,46.344,43.062,43.000,42.000,44.000,42.000,42.000,41.000,43.000,43.000,43.000,44.172,42.000,44.172,41.000,35.000,35.008,32.996,36.367,36.477,34.754,4.455,0.085,12.801,1829.770,1691.729,1836.000,1700.000,0.000,,,,2,1789718798.718,100,0
899.409,44.734,46.324,43.062,43.000,42.000,44.000,43.000,42.000,42.000,43.000,43.000,44.000,44.156,43.000,44.156,40.812,35.000,35.008,32.996,36.363,36.473,34.754,4.902,0.092,13.102,1820.425,1699.813,1836.000,1700.000,0.000,,,,2,1789718799.728,100,0
900.411,44.711,46.301,43.000,43.000,42.000,44.000,43.000,42.000,42.000,43.000,43.000,44.000,44.016,42.000,44.016,41.000,35.000,35.008,32.996,36.359,36.465,34.754,3.768,0.071,11.046,1838.883,1703.860,1836.000,1700.000,0.000,,,,2,1789718800.724,100,0
901.411,44.723,46.312,43.000,44.000,45.000,47.000,45.000,44.000,43.000,44.000,45.000,44.000,47.000,44.000,45.141,40.875,35.000,35.008,32.996,36.355,36.461,34.750,7.255,0.099,14.469,1836.960,1694.684,1836.000,1700.000,0.000,,,,2,1789718801.722,100,0
902.411,47.340,49.555,43.312,47.000,46.000,48.000,48.000,45.000,45.000,45.000,45.000,45.000,55.203,46.000,55.203,40.938,35.000,35.008,32.996,36.352,36.453,34.750,17.051,0.266,26.046,1836.857,1696.129,1836.000,1700.000,0.000,,,,2,1789718802.724,100,0
903.415,47.250,49.242,43.375,43.000,43.000,44.000,43.000,43.000,42.000,43.000,43.000,44.000,44.516,43.000,44.516,41.000,35.000,35.008,32.996,36.348,36.449,34.750,3.691,0.076,11.774,1820.793,1711.588,1836.000,1700.000,0.000,,,,2,1789718803.729,100,0
904.418,47.160,49.152,43.312,44.000,43.000,44.000,43.000,43.000,42.000,43.000,43.000,44.000,44.344,43.000,44.344,41.062,35.000,35.008,32.996,36.344,36.445,34.746,4.847,0.090,12.289,1827.782,1703.876,1836.000,1700.000,0.000,,,,2,1789718804.732,100,0
905.418,47.082,49.074,43.188,44.000,42.000,45.000,44.000,43.000,42.000,44.000,43.000,44.000,45.000,43.000,44.688,41.000,35.000,35.008,32.996,36.340,36.438,34.746,5.714,0.106,13.531,1843.903,1692.151,1836.000,1700.000,0.000,,,,2,1789718805.729,100,0
906.419,47.000,48.992,43.188,43.000,42.000,44.000,43.000,42.000,42.000,42.000,43.000,44.000,44.500,43.000,44.500,41.000,35.000,35.008,32.996,36.332,36.434,34.746,5.321,0.100,13.776,1836.997,1713.927,1836.000,1700.000,0.000,,,,2,1789718806.732,100,0
907.419,46.910,48.902,43.062,43.000,42.000,44.000,42.000,42.000,41.000,43.000,43.000,44.000,44.047,42.000,44.047,40.938,35.000,35.008,32.996,36.328,36.430,34.742,3.515,0.079,11.304,1857.748,1692.024,1836.000,1700.000,0.000,,,,2,1789718807.737,100,0
908.420,46.816,48.809,43.125,43.000,41.000,43.000,42.000,42.000,41.000,42.000,43.000,43.000,43.922,42.000,43.922,41.000,35.000,35.008,32.996,36.324,36.426,34.738,3.203,0.072,11.221,1825.197,1709.775,1836.000,1700.000,0.000,,,,2,1789718808.738,100,0
909.425,46.723,48.715,42.938,43.000,42.000,44.000,42.000,42.000,41.000,43.000,43.000,44.000,44.000,43.000,43.891,40.938,35.000,35.008,32.996,36.320,36.422,34.738,3.494,0.073,11.081,1834.563,1699.829,1836.000,1700.000,0.000,,,,2,1789718809.737,100,0
910.429,46.648,48.641,42.875,44.000,42.000,44.000,43.000,42.000,42.000,43.000,43.000,44.000,44.312,42.000,44.312,40.938,35.000,35.008,32.996,36.316,36.418,34.734,5.044,0.094,12.984,1828.014,1707.748,1836.000,1700.000,0.000,,,,2,1789718810.747,100,0
911.434,46.551,48.543,42.875,43.000,42.000,43.000,43.000,42.000,42.000,43.000,42.000,43.000,43.484,42.000,43.484,41.000,35.000,35.008,32.996,36.312,36.410,34.734,3.005,0.069,10.623,1837.016,1711.800,1836.000,1700.000,0.000,,,,2,1789718811.753,100,0
912.435,46.461,48.453,42.812,42.000,41.000,44.000,43.000,42.000,41.000,42.000,42.000,43.000,44.000,42.000,43.672,40.938,35.000,35.008,32.996,36.309,36.406,34.734,2.861,0.067,10.356,1836.978,1709.548,1836.000,1700.000,0.000,,,,2,1789718812.746,100,0
913.438,46.383,48.273,42.938,43.000,42.000,44.000,42.000,42.000,42.000,43.000,43.000,44.000,44.047,42.000,44.047,40.875,35.000,35.008,32.996,36.305,36.402,34.730,5.459,0.096,13.117,1834.348,1697.849,1836.000,1700.000,0.000,,,,2,1789718813.750,100,0
914.441,46.301,48.191,42.812,42.000,42.000,43.000,43.000,42.000,42.000,42.000,42.000,43.000,43.750,42.000,43.750,40.812,35.000,35.008,32.996,36.297,36.398,34.730,4.023,0.083,11.547,1848.638,1694.213,1836.000,1700.000,0.000,,,,2,1789718814.760,100,0
915.441,46.238,48.129,42.750,44.000,43.000,44.000,43.000,42.000,41.000,43.000,43.000,44.000,44.312,43.000,44.312,40.875,35.000,35.008,32.996,36.293,36.391,34.727,3.830,0.075,11.469,1848.979,1703.836,1836.000,1700.000,0.000,,,,2,1789718815.757,100,0
916.446,46.207,48.098,42.812,44.000,43.000,44.000,44.000,42.000,42.000,43.000,43.000,44.000,45.234,43.000,45.234,40.750,35.000,35.008,32.996,36.289,36.383,34.727,7.400,0.112,15.556,1827.402,1680.806,1836.000,1700.000,0.000,,,,2,1789718816.765,100,0
917.450,46.137,48.027,42.875,43.000,42.000,44.000,42.000,42.000,42.000,43.000,43.000,44.000,44.000,42.000,43.906,40.938,35.000,35.008,32.996,36.281,36.383,34.727,3.891,0.085,11.519,1837.025,1680.602,1836.000,1700.000,0.000,,,,2,1789718817.767,100,0
918.454,46.070,47.961,42.812,43.000,42.000,44.000,42.000,42.000,41.000,43.000,42.000,44.000,44.016,42.000,44.016,40.750,35.000,35.008,32.996,36.277,36.375,34.723,4.284,0.089,11.550,1830.152,1702.240,1836.000,1700.000,0.000,,,,2,1789718818.773,100,0
919.455,45.992,47.883,42.812,43.000,42.000,43.000,42.000,42.000,42.000,43.000,42.000,43.000,43.625,42.000,43.625,40.688,35.000,35.008,32.996,36.273,36.371,34.723,3.577,0.079,10.930,1848.894,1684.219,1836.000,1700.000,0.000,,,,2,1789718819.770,100,0
920.456,45.934,47.824,42.812,44.000,43.000,44.000,44.000,42.000,42.000,43.000,42.000,43.000,44.125,43.000,44.125,40.812,35.000,35.008,32.996,36.270,36.367,34.719,5.168,0.098,13.269,1811.959,1694.524,1836.000,1700.000,0.000,,,,2,1789718820.769,100,0
921.457,45.863,47.754,42.812,42.000,42.000,43.000,43.000,42.000,42.000,43.000,42.000,43.000,43.641,42.000,43.641,40.750,35.000,35.008,32.996,36.262,36.363,34.719,4.461,0.088,12.396,1848.571,1704.142,1836.000,1700.000,0.000,,,,2,1789718821.776,100,0
922.458,45.785,47.676,42.875,42.000,41.000,43.000,43.000,41.000,42.000,42.000,43.000,44.000,44.000,42.000,43.344,40.688,35.000,35.008,32.996,36.258,36.359,34.715,2.887,0.069,10.327,1836.932,1694.564,1836.000,1700.000,0.000,,,,2,1789718822.776,100,0
923.459,45.707,47.504,42.625,42.000,41.000,43.000,42.000,42.000,41.000,42.000,42.000,43.000,43.328,41.000,43.328,40.688,35.000,35.008,32.996,36.254,36.352,34.715,2.940,0.067,10.385,1836.875,1684.494,1836.000,1700.000,0.000,,,,2,1789718823.777,100,0
924.460,45.629,47.426,42.562,42.000,41.000,43.000,42.000,42.000,41.000,42.000,43.000,43.000,43.188,41.000,43.188,40.750,35.000,35.008,32.996,36.246,36.348,34.711,2.886,0.066,9.961,1848.742,1695.594,1836.000,1700.000,0.000,,,,2,1789718824.775,100,0
925.463,45.562,47.359,42.562,43.000,42.000,43.000,43.000,42.000,41.000,43.000,43.000,43.000,43.438,42.000,43.438,40.688,35.000,35.008,32.996,36.242,36.344,34.707,3.916,0.081,11.873,1827.699,1696.105,1836.000,1700.000,0.000,,,,2,1789718825.776,100,0
926.468,45.520,47.316,42.562,43.000,42.000,43.000,43.000,42.000,42.000,43.000,42.000,43.000,44.203,42.000,44.203,40.688,35.000,35.008,32.996,36.238,36.336,34.707,5.539,0.101,13.716,1844.083,1709.589,1836.000,1700.000,0.000,,,,2,1789718826.784,100,0
927.472,45.457,47.254,42.500,43.000,41.000,43.000,42.000,41.000,41.000,43.000,42.000,43.000,43.547,42.000,43.547,40.625,35.000,35.008,32.996,36.234,36.332,34.703,3.524,0.077,11.677,1837.222,1705.668,1836.000,1700.000,0.000,,,,2,1789718827.790,100,0
928.477,45.398,47.195,42.500,42.000,42.000,44.000,43.000,42.000,41.000,43.000,42.000,43.000,44.000,42.000,43.531,40.750,35.000,35.008,32.996,36.230,36.324,34.699,4.176,0.085,12.090,1828.061,1712.182,1836.000,1700.000,0.000,,,,2,1789718828.796,100,0
929.482,45.328,47.125,42.438,43.000,41.000,43.000,42.000,42.000,41.000,42.000,42.000,43.000,43.234,42.000,43.234,40.562,35.000,35.008,32.996,36.223,36.320,34.695,3.712,0.085,11.237,1837.654,1704.537,1836.000,1700.000,0.000,,,,2,1789718829.793,100,0
930.484,45.270,47.066,42.375,42.000,42.000,43.000,43.000,42.000,41.000,42.000,42.000,43.000,43.438,41.000,43.438,40.562,35.000,35.008,32.996,36.219,36.312,34.695,4.403,0.091,12.101,1837.391,1700.608,1836.000,1700.000,0.000,,,,2,1789718830.800,100,0
931.487,45.207,47.004,42.375,42.000,41.000,43.000,42.000,42.000,41.000,42.000,43.000,43.000,43.297,42.000,43.297,40.625,35.000,35.008,32.996,36.215,36.309,34.695,3.990,0.085,11.647,1837.494,1706.056,1836.000,1700.000,0.000,,,,2,1789718831.802,100,0
932.491,45.156,46.953,42.312,43.000,42.000,44.000,43.000,41.000,41.000,42.000,42.000,43.000,44.000,42.000,43.562,40.625,35.000,35.008,32.996,36.207,36.305,34.695,4.134,0.085,12.181,1836.988,1707.934,1836.000,1700.000,0.000,,,,2,1789718832.810,100,0
933.491,45.094,46.801,42.375,42.000,41.000,43.000,42.000,41.000,41.000,42.000,42.000,43.000,43.094,41.000,43.094,40.500,35.000,35.008,32.996,36.203,36.301,34.691,3.449,0.075,11.285,1821.374,1701.774,1836.000,1700.000,0.000,,,,2,1789718833.801,100,0
934.495,50.699,53.914,42.688,54.000,69.000,53.000,58.000,49.000,50.000,48.000,48.000,47.000,69.000,57.000,67.516,40.562,35.000,35.008,32.996,36.199,36.293,34.688,25.010,0.144,34.586,1837.522,1703.021,1836.000,1700.000,0.000,,,,2,1789718834.805,100,0
935.500,55.438,59.754,43.062,52.000,49.000,52.000,60.000,49.000,51.000,48.000,49.000,48.000,69.656,50.000,69.656,40.625,35.000,35.008,32.996,36.195,36.289,34.688,30.595,0.142,38.197,1823.496,1692.365,1836.000,1700.000,0.000,,,,2,1789718835.811,100,0
936.502,55.176,59.062,43.375,45.000,44.000,45.000,44.000,43.000,43.000,44.000,44.000,45.000,47.125,44.000,47.125,40.875,35.000,35.008,32.996,36.191,36.289,34.684,13.081,0.134,20.018,1837.363,1698.610,1836.000,1700.000,0.000,,,,2,1789718836.821,100,0
937.505,54.832,58.328,43.312,44.000,43.000,44.000,43.000,43.000,42.000,43.000,43.000,44.000,44.203,43.000,44.203,41.062,35.000,35.008,32.996,36.188,36.285,34.680,3.160,0.073,10.782,1841.866,1705.765,1836.000,1700.000,0.000,,,,2,1789718837.824,100,0
938.510,54.496,57.645,43.188,44.000,42.000,43.000,43.000,42.000,42.000,43.000,43.000,44.000,44.047,43.000,44.047,41.062,35.000,35.008,32.996,36.184,36.277,34.676,2.973,0.071,10.523,1837.222,1692.286,1836.000,1700.000,0.000,,,,2,1789718838.829,100,0
939.513,54.172,57.320,43.125,44.000,42.000,43.000,43.000,42.000,41.000,43.000,43.000,44.000,44.078,42.000,44.078,41.062,35.000,35.008,32.996,36.180,36.277,34.676,2.994,0.069,10.880,1841.592,1699.990,1836.000,1700.000,0.000,,,,2,1789718839.829,100,0
940.514,53.855,57.004,43.125,44.000,42.000,43.000,42.000,43.000,42.000,43.000,43.000,44.000,44.047,43.000,44.047,41.125,35.000,35.008,32.996,36.176,36.273,34.672,3.284,0.077,11.106,1839.578,1696.433,1836.000,1700.000,0.000,,,,2,1789718840.832,100,0
941.515,53.547,56.695,43.188,44.000,43.000,44.000,44.000,42.000,42.000,43.000,43.000,44.000,44.062,43.000,44.062,41.062,35.000,35.008,32.996,36.168,36.270,34.672,3.986,0.082,12.187,1848.780,1692.469,1836.000,1700.000,0.000,,,,2,1789718841.829,100,0
942.518,53.254,56.402,43.062,44.000,42.000,44.000,43.000,42.000,42.000,42.000,43.000,44.000,44.094,42.000,44.094,41.000,35.000,35.008,32.996,36.164,36.270,34.668,4.427,0.091,11.949,1837.335,1692.095,1836.000,1700.000,0.000,,,,2,1789718842.836,100,0
943.523,52.961,56.109,43.125,43.000,41.000,43.000,43.000,42.000,41.000,42.000,42.000,44.000,44.000,42.000,43.984,41.062,35.000,35.008,32.996,36.164,36.262,34.668,2.856,0.067,10.398,1841.696,1699.131,1836.000,1700.000,0.000,,,,2,1789718843.841,100,0
944.524,52.680,55.828,43.000,43.000,42.000,44.000,43.000,42.000,42.000,43.000,42.000,44.000,44.000,42.000,43.844,41.062,35.000,35.008,32.996,36.160,36.258,34.664,2.924,0.067,10.268,1848.571,1696.825,1836.000,1700.000,0.000,,,,2,1789718844.843,100,0
945.529,52.402,55.551,42.812,43.000,41.000,43.000,42.000,42.000,42.000,43.000,42.000,44.000,44.000,42.000,43.891,41.000,35.000,35.008,32.996,36.156,36.254,34.664,2.919,0.072,10.658,1809.773,1702.337,1836.000,1700.000,0.000,,,,2,1789718845.849,100,0
946.529,52.148,55.297,42.688,44.000,42.000,44.000,43.000,42.000,42.000,43.000,42.000,43.000,44.188,42.000,44.188,40.875,35.000,35.008,32.996,36.152,36.250,34.660,4.491,0.090,12.459,1827.782,1712.215,1836.000,1700.000,0.000,,,,2,1789718846.840,100,0
947.535,51.895,55.043,42.812,44.000,42.000,44.000,43.000,42.000,42.000,43.000,42.000,44.000,44.109,42.000,44.109,40.812,35.000,35.008,32.996,36.148,36.246,34.656,4.851,0.093,12.343,1841.752,1704.126,1836.000,1700.000,0.000,,,,2,1789718847.853,100,0
948.537,51.641,54.789,42.875,43.000,42.000,43.000,43.000,42.000,42.000,42.000,42.000,44.000,44.000,42.000,43.781,40.875,35.000,35.008,32.996,36.145,36.246,34.656,3.473,0.077,11.035,1836.978,1698.089,1836.000,1700.000,0.000,,,,2,1789718848.855,100,0
949.541,51.391,54.539,42.750,43.000,41.000,43.000,43.000,42.000,42.000,42.000,42.000,43.000,43.594,42.000,43.594,40.812,35.000,35.008,32.996,36.137,36.242,34.656,3.075,0.072,10.502,1837.325,1680.335,1836.000,1700.000,0.000,,,,2,1789718849.857,100,0
950.542,51.160,54.309,42.625,45.000,43.000,44.000,44.000,42.000,41.000,43.000,43.000,44.000,45.000,43.000,43.969,40.688,35.000,35.008,32.996,36.133,36.238,34.652,4.119,0.082,12.162,1818.761,1702.965,1836.000,1700.000,0.000,,,,2,1789718850.860,100,0
951.543,50.926,54.074,42.688,42.000,41.000,43.000,42.000,42.000,42.000,42.000,42.000,43.000,43.734,42.000,43.734,40.812,35.000,35.008,32.996,36.129,36.234,34.648,3.515,0.079,11.023,1837.082,1702.088,1836.000,1700.000,0.000,,,,2,1789718851.861,100,0
952.548,50.734,53.883,42.625,44.000,42.000,43.000,43.000,42.000,41.000,42.000,42.000,44.000,44.828,42.000,44.828,40.750,35.000,35.008,32.996,36.125,36.227,34.648,3.645,0.074,11.155,1834.900,1698.418,1836.000,1700.000,0.000,,,,2,1789718852.866,100,0
953.550,50.508,53.656,42.625,42.000,42.000,43.000,43.000,42.000,41.000,43.000,42.000,43.000,43.438,42.000,43.438,40.812,35.000,35.008,32.996,36.121,36.227,34.648,3.514,0.078,11.583,1837.410,1698.057,1836.000,1700.000,0.000,,,,2,1789718853.867,100,0
954.550,50.289,53.438,42.562,43.000,42.000,44.000,43.000,41.000,42.000,42.000,42.000,44.000,44.000,42.000,43.500,40.812,35.000,35.008,32.996,36.117,36.223,34.645,3.359,0.079,10.650,1843.866,1698.474,1836.000,1700.000,0.000,,,,2,1789718854.869,100,0
955.554,50.066,53.215,42.438,43.000,42.000,43.000,43.000,42.000,41.000,42.000,42.000,43.000,43.219,42.000,43.219,40.750,35.000,35.004,32.996,36.117,36.219,34.645,3.174,0.076,11.080,1837.232,1684.928,1836.000,1700.000,0.000,,,,2,1789718855.872,100,0
956.554,49.859,53.008,42.438,42.000,42.000,43.000,42.000,41.000,41.000,42.000,42.000,43.000,43.406,42.000,43.406,40.625,35.000,35.004,32.996,36.113,36.219,34.645,3.264,0.076,10.898,1834.816,1708.769,1836.000,1700.000,0.000,,,,2,1789718856.864,100,0
957.557,49.668,52.816,42.438,44.000,43.000,43.000,42.000,42.000,41.000,42.000,42.000,43.000,44.000,42.000,43.688,40.688,35.000,35.004,32.996,36.109,36.211,34.641,4.549,0.093,12.517,1821.346,1698.137,1836.000,1700.000,0.000,,,,2,1789718857.875,100,0
958.562,49.469,52.617,42.500,42.000,41.000,43.000,42.000,41.000,41.000,42.000,42.000,43.000,43.281,41.000,43.281,40.625,35.000,35.004,32.996,36.105,36.207,34.637,3.128,0.072,10.796,1849.293,1698.482,1836.000,1700.000,0.000,,,,2,1789718858.880,100,0
959.567,49.270,52.258,42.375,42.000,41.000,43.000,41.000,41.000,41.000,42.000,42.000,43.000,43.109,41.000,43.109,40.625,35.000,35.004,32.996,36.102,36.203,34.637,2.775,0.066,10.369,1839.955,1698.361,1836.000,1700.000,0.000,,,,2,1789718859.877,100,0
960.569,49.078,52.066,42.312,43.000,41.000,43.000,43.000,42.000,41.000,42.000,42.000,44.000,44.000,41.000,43.219,40.625,35.000,35.004,32.996,36.098,36.199,34.633,3.024,0.069,10.870,1837.466,1679.841,1836.000,1700.000,0.000,,,,2,1789718860.886,100,0
961.569,48.895,51.883,42.312,42.000,41.000,43.000,42.000,42.000,42.000,42.000,42.000,43.000,43.156,42.000,43.156,40.438,35.000,35.004,32.996,36.094,36.191,34.629,3.143,0.073,10.467,1830.263,1694.796,1836.000,1700.000,0.000,,,,2,1789718861.886,100,0
962.573,48.723,51.711,42.250,43.000,42.000,43.000,43.000,42.000,42.000,43.000,42.000,43.000,43.359,41.000,43.359,40.438,35.000,35.004,32.996,36.090,36.188,34.625,3.414,0.075,11.220,1821.309,1708.039,1836.000,1700.000,0.000,,,,2,1789718862.888,100,0
963.577,48.582,51.570,42.250,43.000,42.000,43.000,42.000,42.000,42.000,43.000,43.000,43.000,44.234,42.000,44.234,40.438,35.000,35.004,32.996,36.086,36.184,34.625,5.782,0.084,13.798,1837.278,1702.289,1836.000,1700.000,0.000,,,,2,1789718863.895,100,0
964.580,48.418,51.406,42.375,43.000,41.000,43.000,42.000,42.000,41.000,42.000,42.000,43.000,43.422,42.000,43.422,40.500,35.000,35.004,32.996,36.082,36.180,34.621,3.397,0.077,11.422,1828.330,1694.341,1836.000,1700.000,0.000,,,,2,1789718864.898,100,0
965.580,48.289,51.277,42.250,43.000,42.000,43.000,43.000,42.000,42.000,43.000,42.000,43.000,44.281,42.000,44.281,40.500,35.000,35.004,32.996,36.078,36.176,34.621,6.721,0.093,14.943,1837.541,1712.141,1836.000,1700.000,0.000,,,,2,1789718865.892,100,0
966.580,48.188,51.176,42.312,45.000,44.000,45.000,44.000,43.000,42.000,43.000,43.000,43.000,45.000,44.000,45.000,40.375,35.000,35.004,32.996,36.074,36.172,34.617,5.188,0.088,12.638,1837.335,1698.354,1836.000,1700.000,0.000,,,,2,1789718866.892,100,0
967.585,48.059,51.047,42.438,43.000,42.000,43.000,43.000,42.000,42.000,42.000,42.000,43.000,44.062,42.000,44.062,40.500,35.000,35.004,32.996,36.070,36.168,34.617,5.586,0.090,14.073,1837.353,1692.612,1836.000,1700.000,0.000,,,,2,1789718867.902,100,0
968.586,47.930,50.918,42.438,43.000,42.000,43.000,42.000,41.000,42.000,43.000,42.000,43.000,43.969,41.000,43.969,40.312,35.000,35.004,32.996,36.066,36.164,34.613,5.719,0.084,13.641,1828.061,1704.013,1836.000,1700.000,0.000,,,,2,1789718868.905,100,0
969.589,47.828,50.668,42.375,44.000,42.000,44.000,43.000,42.000,42.000,43.000,42.000,44.000,44.609,42.000,44.609,40.500,35.000,35.004,32.996,36.066,36.160,34.613,6.810,0.089,14.800,1816.347,1698.297,1836.000,1700.000,0.000,,,,2,1789718869.908,100,0
970.594,47.691,50.531,42.375,43.000,42.000,43.000,42.000,42.000,41.000,42.000,42.000,44.000,44.000,42.000,43.516,40.500,35.000,35.004,32.996,36.059,36.156,34.609,3.314,0.073,11.005,1839.550,1685.898,1836.000,1700.000,0.000,,,,2,1789718870.911,100,0
971.595,47.562,50.402,42.312,43.000,43.000,43.000,43.000,42.000,42.000,42.000,42.000,43.000,43.484,43.000,43.484,40.438,35.000,35.004,32.996,36.059,36.156,34.609,4.917,0.081,13.121,1844.414,1713.943,1836.000,1700.000,0.000,,,,2,1789718871.908,100,0
972.600,47.430,50.270,42.375,43.000,42.000,43.000,43.000,41.000,42.000,42.000,42.000,43.000,43.312,42.000,43.312,40.438,35.000,35.004,32.996,36.055,36.152,34.605,4.305,0.087,12.639,1848.628,1712.541,1836.000,1700.000,0.000,,,,2,1789718872.918,100,0
973.604,47.293,50.133,42.250,42.000,42.000,43.000,43.000,41.000,41.000,42.000,42.000,43.000,43.156,42.000,43.156,40.375,35.000,35.004,32.996,36.051,36.152,34.602,3.217,0.074,11.333,1835.087,1697.921,1836.000,1700.000,0.000,,,,2,1789718873.915,100,0
974.609,47.180,50.020,42.312,42.000,42.000,43.000,43.000,42.000,41.000,42.000,42.000,43.000,43.656,42.000,43.656,40.312,35.000,35.004,32.996,36.047,36.148,34.602,5.624,0.105,13.693,1837.278,1686.949,1836.000,1700.000,0.000,,,,2,1789718874.927,100,0
975.613,47.066,49.906,42.375,44.000,43.000,43.000,43.000,42.000,41.000,43.000,42.000,43.000,44.000,42.000,43.562,40.375,35.000,35.004,32.996,36.047,36.145,34.602,4.344,0.087,12.298,1837.438,1698.049,1836.000,1700.000,0.000,,,,2,1789718875.924,100,0
976.618,46.977,49.816,42.188,43.000,43.000,44.000,43.000,42.000,42.000,43.000,43.000,44.000,44.141,42.000,44.141,40.375,35.000,35.004,32.996,36.043,36.141,34.598,7.534,0.104,16.099,1830.524,1698.233,1836.000,1700.000,0.000,,,,2,1789718876.932,100,0
977.623,46.879,49.719,42.375,43.000,42.000,43.000,43.000,42.000,41.000,43.000,43.000,43.000,43.797,42.000,43.797,40.500,35.000,35.004,32.996,36.039,36.137,34.594,6.217,0.090,14.289,1837.513,1708.177,1836.000,1700.000,0.000,,,,2,1789718877.941,100,0
978.625,46.770,49.609,42.438,44.000,43.000,44.000,44.000,42.000,42.000,42.000,42.000,43.000,44.000,43.000,43.422,40.438,35.000,35.004,32.996,36.035,36.133,34.590,5.314,0.089,13.379,1823.579,1686.862,1836.000,1700.000,0.000,,,,2,1789718878.944,100,0
979.627,46.684,49.383,42.438,44.000,44.000,44.000,44.000,42.000,42.000,43.000,42.000,44.000,44.016,44.000,44.016,40.438,35.000,35.004,32.996,36.031,36.129,34.586,6.131,0.112,14.583,1837.372,1703.819,1836.000,1700.000,0.000,,,,2,1789718879.946,100,0
980.631,46.660,49.359,42.438,44.000,43.000,44.000,44.000,43.000,43.000,44.000,43.000,44.000,45.891,43.000,45.891,40.562,35.000,35.004,32.996,36.027,36.129,34.586,8.989,0.138,16.982,1837.428,1702.313,1836.000,1700.000,0.000,,,,2,1789718880.948,100,0
981.635,46.598,49.297,42.625,44.000,42.000,43.000,43.000,42.000,41.000,43.000,43.000,43.000,44.703,42.000,44.703,40.500,35.000,35.004,32.996,36.027,36.125,34.582,7.118,0.118,15.111,1841.866,1702.112,1836.000,1700.000,0.000,,,,2,1789718881.948,100,0
982.640,46.582,49.281,42.812,44.000,43.000,44.000,44.000,43.000,42.000,44.000,43.000,44.000,46.109,43.000,46.109,40.438,35.000,35.004,32.996,36.023,36.121,34.578,11.481,0.112,19.343,1827.736,1692.501,1836.000,1700.000,0.000,,,,2,1789718882.957,100,0
983.640,46.586,49.016,42.875,44.000,43.000,44.000,45.000,43.000,43.000,44.000,43.000,51.000,51.000,44.000,46.625,40.562,35.000,35.004,32.996,36.020,36.125,34.578,13.576,0.113,22.239,1839.560,1698.073,1836.000,1700.000,0.000,,,,2,1789718883.950,100,0
984.640,50.594,53.984,43.312,63.000,56.000,70.000,62.000,60.000,55.000,50.000,50.000,48.000,70.000,54.000,62.625,40.750,35.000,35.004,32.996,36.016,36.125,34.574,41.136,0.273,50.281,1827.755,1698.145,1836.000,1700.000,0.000,,,,2,1789718884.950,100,0
985.640,54.008,58.086,43.938,63.000,57.000,63.000,62.000,59.000,56.000,51.000,51.000,49.000,64.250,55.000,64.250,40.938,35.000,35.004,32.996,36.012,36.125,34.570,39.537,0.250,48.025,1827.931,1700.142,1836.000,1700.000,0.000,,,,2,1789718885.950,100,0
986.640,57.480,62.191,44.500,70.000,66.000,62.000,62.000,52.000,54.000,50.000,50.000,49.000,70.000,58.000,67.891,41.125,35.000,35.004,32.996,36.012,36.125,34.570,34.036,0.234,42.690,1848.790,1712.052,1836.000,1700.000,0.000,,,,2,1789718886.950,100,0
987.641,61.375,66.781,44.938,66.000,63.000,67.000,69.000,54.000,56.000,51.000,51.000,50.000,73.062,59.000,73.062,41.562,35.000,35.004,32.996,36.008,36.125,34.566,39.503,0.171,47.987,1841.526,1701.886,1836.000,1700.000,0.000,,,,2,1789718887.951,100,0
988.644,64.105,69.793,45.438,67.000,61.000,67.000,69.000,54.000,57.000,51.000,52.000,51.000,72.297,60.000,72.297,41.875,35.000,35.004,32.996,36.008,36.125,34.566,37.761,0.185,46.341,1842.045,1710.059,1836.000,1700.000,0.000,,,,2,1789718888.963,100,0
989.649,63.645,68.762,45.875,47.000,45.000,47.000,46.000,46.000,44.000,46.000,46.000,47.000,49.438,46.000,49.438,42.312,35.000,35.004,32.996,36.004,36.129,34.562,13.439,0.124,19.637,1841.922,1694.229,1836.000,1700.000,0.000,,,,2,1789718889.967,100,0
990.654,63.125,67.730,45.625,46.000,45.000,47.000,45.000,45.000,44.000,46.000,46.000,47.000,47.031,45.000,47.031,42.438,35.000,35.004,32.996,36.004,36.129,34.562,3.018,0.072,10.412,1830.477,1694.684,1836.000,1700.000,0.000,,,,2,1789718890.972,100,0
991.659,62.617,67.223,45.438,46.000,45.000,47.000,46.000,44.000,43.000,46.000,45.000,46.000,47.000,45.000,46.844,42.562,35.000,35.004,32.996,36.004,36.129,34.559,3.697,0.080,11.370,1837.128,1697.937,1836.000,1700.000,0.000,,,,2,1789718891.970,100,0
992.659,62.191,66.797,45.375,51.000,49.000,53.000,52.000,52.000,50.000,49.000,50.000,47.000,53.000,48.000,49.016,42.562,35.000,35.004,32.996,36.000,36.133,34.562,7.544,0.100,16.099,1849.008,1700.624,1836.000,1700.000,0.000,,,,2,1789718892.977,100,0
993.663,61.699,66.305,45.250,46.000,45.000,46.000,45.000,44.000,44.000,45.000,45.000,46.000,46.375,44.000,46.375,42.312,35.000,35.004,32.996,36.000,36.137,34.559,3.753,0.088,11.444,1836.885,1712.329,1836.000,1700.000,0.000,,,,2,1789718893.982,100,0
994.665,61.219,65.824,45.188,46.000,44.000,46.000,45.000,44.000,44.000,45.000,44.000,46.000,46.391,44.000,46.391,42.500,35.000,35.004,32.996,36.000,36.137,34.559,5.395,0.098,13.927,1848.685,1702.506,1836.000,1700.000,0.000,,,,2,1789718894.977,100,0
995.665,60.770,65.375,45.125,45.000,45.000,47.000,46.000,44.000,43.000,45.000,44.000,46.000,47.000,45.000,46.828,42.375,35.000,35.004,32.996,36.000,36.141,34.562,5.229,0.098,13.473,1837.400,1692.740,1836.000,1700.000,0.000,,,,2,1789718895.977,100,0
996.670,60.316,64.922,45.000,46.000,44.000,47.000,45.000,44.000,43.000,45.000,44.000,46.000,47.000,44.000,46.281,42.438,35.000,35.004,32.996,36.000,36.145,34.562,4.599,0.090,12.588,1834.834,1690.641,1836.000,1700.000,0.000,,,,2,1789718896.987,100,0
997.673,59.875,64.480,44.938,45.000,45.000,46.000,45.000,44.000,43.000,45.000,44.000,46.000,46.156,44.000,46.156,42.375,35.000,35.004,32.996,35.996,36.148,34.559,4.815,0.092,12.843,1837.110,1693.910,1836.000,1700.000,0.000,,,,2,1789718897.986,100,0
998.675,59.445,64.051,44.938,46.000,44.000,46.000,44.000,44.000,42.000,44.000,44.000,46.000,46.172,44.000,46.172,42.188,35.000,35.004,32.996,35.996,36.148,34.562,4.520,0.091,12.358,1837.438,1714.033,1836.000,1700.000,0.000,,,,2,1789718898.994,100,0
999.679,59.027,63.633,44.750,45.000,44.000,46.000,44.000,44.000,43.000,45.000,44.000,45.000,46.031,43.000,46.031,42.250,35.000,35.004,32.996,35.996,36.152,34.562,3.780,0.081,11.856,1844.168,1711.946,1836.000,1700.000,0.000,,,,2,1789718899.995,100,0
1000.684,58.629,63.234,44.688,45.000,44.000,46.000,44.000,44.000,43.000,44.000,44.000,45.000,46.234,44.000,46.234,42.062,35.000,35.004,32.996,35.996,36.156,34.566,5.297,0.102,13.318,1841.771,1702.409,1836.000,1700.000,0.000,,,,2,1789718900.999,100,0
1001.686,58.230,62.836,44.625,45.000,44.000,45.000,44.000,44.000,43.000,44.000,44.000,45.000,45.906,43.000,45.906,42.125,35.000,35.004,32.996,35.996,36.156,34.566,4.324,0.089,11.821,1837.503,1700.118,1836.000,1700.000,0.000,,,,2,1789718901.997,100,0
1002.690,57.859,62.465,44.625,45.000,44.000,46.000,45.000,44.000,43.000,44.000,44.000,45.000,46.375,44.000,46.375,42.125,35.000,35.004,32.996,35.992,36.164,34.570,6.201,0.113,14.450,1819.156,1694.516,1836.000,1700.000,0.000,,,,2,1789718903.003,100,0
1003.693,57.496,62.102,44.562,46.000,44.000,46.000,45.000,44.000,43.000,44.000,44.000,44.000,46.234,44.000,46.234,42.000,35.000,35.004,32.996,35.992,36.164,34.570,5.744,0.106,14.136,1837.072,1704.328,1836.000,1700.000,0.000,,,,2,1789718904.004,100,0
1004.698,57.141,61.746,44.500,45.000,44.000,46.000,45.000,44.000,43.000,44.000,43.000,45.000,46.125,44.000,46.125,42.000,35.000,35.004,32.996,35.992,36.168,34.574,5.499,0.102,13.708,1834.778,1711.954,1836.000,1700.000,0.000,,,,2,1789718905.016,100,0
1005.703,56.773,61.379,44.562,44.000,44.000,45.000,44.000,43.000,43.000,44.000,44.000,45.000,45.438,43.000,45.438,42.062,35.000,35.004,32.996,35.992,36.172,34.574,4.993,0.098,12.631,1837.241,1701.685,1836.000,1700.000,0.000,,,,2,1789718906.014,100,0
1006.703,56.438,61.043,44.500,45.000,44.000,46.000,44.000,44.000,43.000,44.000,44.000,44.000,46.000,44.000,45.938,42.062,35.000,35.004,32.996,35.992,36.176,34.578,5.359,0.104,14.222,1830.040,1697.889,1836.000,1700.000,0.000,,,,2,1789718907.014,100,0
1007.708,56.113,60.719,44.438,45.000,44.000,46.000,45.000,44.000,43.000,44.000,44.000,45.000,46.109,43.000,46.109,42.062,35.000,35.004,32.996,35.992,36.176,34.582,6.096,0.106,13.630,1837.175,1694.389,1836.000,1700.000,0.000,,,,2,1789718908.020,100,0
1008.713,55.789,60.395,44.375,45.000,44.000,46.000,44.000,44.000,43.000,44.000,44.000,45.000,46.000,44.000,45.766,41.812,35.000,35.004,32.996,35.992,36.180,34.582,5.327,0.093,13.128,1836.885,1724.097,1836.000,1700.000,0.000,,,,2,1789718909.033,100,0
1009.717,55.457,60.062,44.375,44.000,43.000,44.000,44.000,43.000,43.000,44.000,44.000,45.000,45.109,43.000,45.109,41.938,35.000,35.004,32.996,35.992,36.184,34.586,4.436,0.087,12.921,1839.475,1698.474,1836.000,1700.000,0.000,,,,2,1789718910.027,100,0
1010.718,55.207,59.812,44.125,46.000,45.000,46.000,46.000,44.000,43.000,45.000,44.000,45.000,47.531,45.000,47.531,41.812,35.000,35.004,32.996,35.992,36.188,34.590,7.470,0.112,15.044,1837.194,1698.338,1836.000,1700.000,0.000,,,,2,1789718911.030,100,0
1011.721,54.922,59.527,44.250,45.000,44.000,46.000,44.000,44.000,43.000,44.000,44.000,44.000,46.062,44.000,46.062,41.875,35.000,35.004,32.996,35.992,36.188,34.594,6.010,0.109,14.181,1837.072,1698.578,1836.000,1700.000,0.000,,,,2,1789718912.039,100,0
1012.724,54.609,59.215,44.188,44.000,43.000,44.000,43.000,43.000,43.000,44.000,43.000,44.000,44.891,43.000,44.891,41.750,35.000,35.004,32.996,35.992,36.188,34.594,3.325,0.076,11.432,1848.809,1712.378,1836.000,1700.000,0.000,,,,2,1789718913.035,100,0
1013.728,54.328,58.934,44.125,44.000,44.000,46.000,45.000,43.000,43.000,44.000,44.000,44.000,46.000,44.000,45.562,41.750,35.000,35.004,32.996,35.992,36.191,34.598,4.506,0.095,11.907,1820.913,1711.742,1836.000,1700.000,0.000,,,,2,1789718914.045,100,0
1014.733,54.035,58.641,44.125,44.000,43.000,44.000,44.000,43.000,42.000,44.000,44.000,45.000,45.047,43.000,45.047,41.750,35.000,35.004,32.996,35.992,36.195,34.602,5.282,0.102,13.696,1825.521,1697.865,1836.000,1700.000,0.000,,,,2,1789718915.044,100,0
1015.737,53.844,58.449,44.062,46.000,45.000,46.000,45.000,44.000,43.000,44.000,44.000,45.000,47.812,44.000,47.812,41.688,35.000,35.004,32.996,35.988,36.199,34.605,8.281,0.121,15.954,1837.025,1694.205,1836.000,1700.000,0.000,,,,2,1789718916.055,100,0
1016.740,53.566,58.172,43.938,44.000,43.000,45.000,43.000,43.000,42.000,44.000,43.000,44.000,45.062,43.000,45.062,41.625,35.000,35.004,32.996,35.992,36.199,34.605,3.473,0.078,11.789,1821.051,1720.118,1836.000,1700.000,0.000,,,,2,1789718917.049,100,0
1017.743,53.492,58.098,44.062,49.000,49.000,49.000,51.000,47.000,46.000,46.000,45.000,45.000,51.172,48.000,51.172,41.625,35.000,35.004,32.996,35.992,36.203,34.609,9.080,0.109,15.526,1836.810,1695.849,1836.000,1700.000,0.000,,,,2,1789718918.056,100,0
1018.745,53.262,57.867,44.125,46.000,45.000,46.000,44.000,44.000,43.000,44.000,44.000,45.000,46.125,44.000,46.125,41.625,35.000,35.004,32.996,35.992,36.203,34.613,5.807,0.108,15.574,1837.035,1702.417,1836.000,1700.000,0.000,,,,2,1789718919.058,100,0
1019.746,53.012,57.387,44.062,44.000,44.000,45.000,44.000,43.000,42.000,44.000,43.000,45.000,45.266,43.000,45.266,41.500,35.000,35.004,32.996,35.992,36.203,34.613,4.531,0.088,12.654,1839.616,1692.429,1836.000,1700.000,0.000,,,,2,1789718920.056,100,0
1020.748,52.773,57.148,43.938,45.000,45.000,45.000,45.000,43.000,43.000,44.000,44.000,44.000,45.359,44.000,45.359,41.562,35.000,35.004,32.996,35.992,36.207,34.617,4.900,0.095,12.890,1832.817,1686.341,1836.000,1700.000,0.000,,,,2,1789718921.060,100,0
1021.753,52.535,56.910,44.000,44.000,43.000,45.000,44.000,43.000,42.000,44.000,44.000,44.000,45.141,43.000,45.141,41.438,35.000,35.004,32.996,35.988,36.203,34.617,5.532,0.102,13.662,1846.722,1711.816,1836.000,1700.000,0.000,,,,2,1789718922.065,100,0
1022.755,52.277,56.652,43.875,44.000,43.000,44.000,44.000,43.000,42.000,43.000,43.000,44.000,44.297,42.000,44.297,41.500,35.000,35.004,32.996,35.988,36.203,34.617,3.000,0.064,10.510,1827.959,1686.301,1836.000,1700.000,0.000,,,,2,1789718923.067,100,0
1023.755,52.023,56.398,43.750,44.000,42.000,44.000,43.000,43.000,42.000,43.000,43.000,45.000,45.000,42.000,44.141,41.562,35.000,35.004,32.996,35.988,36.203,34.621,2.695,0.059,10.066,1830.366,1706.347,1836.000,1700.000,0.000,,,,2,1789718924.067,100,0
1024.756,51.789,56.164,43.750,44.000,43.000,44.000,44.000,42.000,42.000,44.000,43.000,44.000,44.484,43.000,44.484,41.375,35.000,35.004,32.996,35.988,36.207,34.621,3.431,0.072,10.644,1836.941,1700.311,1836.000,1700.000,0.000,,,,2,1789718925.065,100,0
1025.756,51.578,55.953,43.750,45.000,44.000,45.000,44.000,43.000,42.000,43.000,43.000,44.000,45.062,43.000,45.062,41.438,35.000,35.004,32.996,35.988,36.207,34.625,5.581,0.100,13.575,1843.762,1700.206,1836.000,1700.000,0.000,,,,2,1789718926.075,100,0
1026.759,51.484,55.859,43.625,46.000,45.000,46.000,47.000,44.000,44.000,45.000,44.000,45.000,48.531,44.000,48.531,41.312,35.000,35.004,32.996,35.988,36.207,34.625,9.016,0.124,17.034,1849.074,1694.979,1836.000,1700.000,0.000,,,,2,1789718927.071,100,0
1027.762,51.293,55.668,43.812,45.000,43.000,45.000,44.000,43.000,43.000,43.000,43.000,44.000,45.391,43.000,45.391,41.312,35.000,35.004,32.996,35.984,36.207,34.629,3.860,0.078,11.707,1821.042,1700.568,1836.000,1700.000,0.000,,,,2,1789718928.074,100,0
1028.764,51.121,55.496,43.688,44.000,44.000,45.000,44.000,43.000,42.000,43.000,43.000,44.000,45.875,43.000,45.875,41.375,35.000,35.004,32.996,35.984,36.207,34.629,6.560,0.113,14.404,1846.239,1702.265,1836.000,1700.000,0.000,,,,2,1789718929.080,100,0
1029.767,50.918,55.074,43.688,44.000,43.000,45.000,44.000,43.000,42.000,43.000,43.000,44.000,45.000,43.000,44.594,41.375,35.000,35.004,32.996,35.984,36.207,34.629,4.369,0.085,12.435,1837.278,1698.113,1836.000,1700.000,0.000,,,,2,1789718930.077,100,0
1030.767,50.754,54.910,43.562,45.000,44.000,45.000,44.000,43.000,42.000,44.000,43.000,44.000,45.594,44.000,45.594,41.312,35.000,35.004,32.996,35.980,36.207,34.633,6.192,0.109,14.221,1834.750,1680.476,1836.000,1700.000,0.000,,,,2,1789718931.079,100,0
1031.769,50.566,54.723,43.688,45.000,43.000,45.000,44.000,43.000,43.000,43.000,43.000,44.000,45.000,43.000,44.750,41.312,35.000,35.004,32.996,35.980,36.207,34.633,4.423,0.085,12.477,1837.016,1701.951,1836.000,1700.000,0.000,,,,2,1789718932.088,100,0
1032.771,50.367,54.523,43.625,44.000,42.000,44.000,43.000,42.000,42.000,43.000,43.000,44.000,44.203,42.000,44.203,41.312,35.000,35.004,32.996,35.980,36.203,34.633,3.366,0.073,11.188,1813.748,1692.533,1836.000,1700.000,0.000,,,,2,1789718933.084,100,0
1033.775,50.191,54.348,43.562,44.000,43.000,45.000,44.000,42.000,42.000,44.000,43.000,44.000,45.000,43.000,44.797,41.188,35.000,35.004,32.996,35.977,36.207,34.633,4.643,0.090,12.242,1825.447,1712.573,1836.000,1700.000,0.000,,,,2,1789718934.094,100,0
1034.775,50.004,54.160,43.375,44.000,42.000,44.000,43.000,42.000,42.000,43.000,43.000,44.000,44.203,42.000,44.203,41.250,35.000,35.004,32.996,35.977,36.203,34.633,3.613,0.079,11.485,1827.829,1702.079,1836.000,1700.000,0.000,,,,2,1789718935.086,100,0
1035.777,49.840,53.996,43.438,44.000,43.000,44.000,44.000,42.000,42.000,44.000,43.000,44.000,44.719,43.000,44.719,41.188,35.000,35.004,32.996,35.977,36.203,34.633,5.718,0.107,13.823,1836.932,1690.133,1836.000,1700.000,0.000,,,,2,1789718936.096,100,0
1036.782,49.660,53.816,43.312,44.000,42.000,44.000,43.000,42.000,41.000,43.000,43.000,44.000,44.125,42.000,44.125,41.188,35.000,35.004,32.996,35.977,36.203,34.633,4.258,0.089,12.527,1816.384,1709.913,1836.000,1700.000,0.000,,,,2,1789718937.101,100,0
1037.786,49.496,53.652,43.375,44.000,43.000,44.000,43.000,42.000,42.000,43.000,43.000,43.000,44.422,43.000,44.422,41.188,35.000,35.004,32.996,35.973,36.199,34.633,3.830,0.076,11.630,1830.096,1693.982,1836.000,1700.000,0.000,,,,2,1789718938.098,100,0
1038.791,49.355,53.512,43.375,45.000,44.000,44.000,44.000,42.000,42.000,43.000,43.000,43.000,45.000,44.000,44.938,41.062,35.000,35.004,32.996,35.973,36.199,34.637,6.030,0.109,14.197,1837.025,1686.546,1836.000,1700.000,0.000,,,,2,1789718939.103,100,0
1039.796,49.242,53.188,43.438,44.000,44.000,45.000,44.000,43.000,42.000,44.000,43.000,44.000,45.703,43.000,45.703,41.062,35.000,35.004,32.996,35.969,36.199,34.637,7.451,0.113,15.403,1836.819,1713.788,1836.000,1700.000,0.000,,,,2,1789718940.107,100,0
1040.798,49.109,53.055,43.375,44.000,42.000,44.000,43.000,42.000,42.000,44.000,43.000,44.000,45.031,43.000,45.031,41.000,35.000,35.004,32.996,35.969,36.199,34.637,5.727,0.105,13.638,1837.588,1711.287,1836.000,1700.000,0.000,,,,2,1789718941.113,100,0
1041.799,48.961,52.906,43.375,44.000,42.000,44.000,43.000,42.000,42.000,43.000,43.000,44.000,44.344,42.000,44.344,41.062,35.000,35.004,32.996,35.965,36.195,34.637,2.956,0.069,10.499,1837.288,1709.946,1836.000,1700.000,0.000,,,,2,1789718942.117,100,0
1042.803,48.809,52.754,43.250,44.000,42.000,44.000,42.000,42.000,42.000,43.000,43.000,44.000,44.125,42.000,44.125,41.000,35.000,35.004,32.996,35.965,36.195,34.637,2.826,0.065,10.108,1830.180,1686.459,1836.000,1700.000,0.000,,,,2,1789718943.119,100,0
1043.807,48.660,52.605,43.062,44.000,42.000,44.000,43.000,42.000,42.000,43.000,43.000,44.000,44.000,42.000,44.000,41.062,35.000,35.004,32.996,35.961,36.191,34.633,2.766,0.063,10.262,1842.026,1709.921,1836.000,1700.000,0.000,,,,2,1789718944.126,100,0
1044.808,48.516,52.461,43.062,44.000,42.000,44.000,43.000,42.000,41.000,43.000,42.000,43.000,44.047,43.000,44.047,41.000,35.000,35.004,32.996,35.961,36.191,34.637,3.627,0.075,11.297,1832.863,1698.338,1836.000,1700.000,0.000,,,,2,1789718945.120,100,0
1045.811,48.383,52.328,43.000,44.000,42.000,44.000,43.000,42.000,42.000,43.000,42.000,44.000,44.312,43.000,44.312,41.000,35.000,35.004,32.996,35.961,36.191,34.637,4.136,0.084,11.938,1837.156,1698.073,1836.000,1700.000,0.000,,,,2,1789718946.130,100,0
1046.812,48.250,52.195,42.938,43.000,42.000,44.000,43.000,42.000,42.000,43.000,43.000,43.000,44.141,43.000,44.141,40.938,35.000,35.004,32.996,35.957,36.188,34.637,3.575,0.078,11.440,1844.017,1697.633,1836.000,1700.000,0.000,,,,2,1789718947.124,100,0
1047.817,48.133,52.078,42.938,44.000,44.000,45.000,44.000,43.000,42.000,43.000,43.000,43.000,45.000,44.000,44.469,40.875,35.000,35.004,32.996,35.957,36.184,34.633,4.725,0.088,12.672,1853.482,1701.830,1836.000,1700.000,0.000,,,,2,1789718948.132,100,0
1048.818,48.027,51.973,43.000,44.000,42.000,44.000,43.000,42.000,42.000,43.000,43.000,44.000,44.734,42.000,44.734,40.938,35.000,35.004,32.996,35.953,36.184,34.633,5.813,0.103,13.661,1837.006,1704.207,1836.000,1700.000,0.000,,,,2,1789718949.129,100,0
1049.821,47.922,51.672,43.000,44.000,43.000,44.000,44.000,42.000,42.000,43.000,42.000,44.000,44.688,42.000,44.688,40.938,35.000,35.004,32.996,35.949,36.180,34.629,5.716,0.106,14.100,1828.153,1686.356,1836.000,1700.000,0.000,,,,2,1789718950.133,100,0
1050.826,47.809,51.559,42.938,44.000,42.000,44.000,43.000,42.000,42.000,43.000,43.000,44.000,44.297,42.000,44.297,40.875,35.000,35.004,32.996,35.949,36.176,34.633,4.883,0.088,12.651,1837.335,1692.238,1836.000,1700.000,0.000,,,,2,1789718951.142,100,0
1051.830,47.695,51.445,43.000,44.000,42.000,44.000,44.000,42.000,42.000,42.000,42.000,43.000,44.156,43.000,44.156,40.812,35.000,35.004,32.996,35.945,36.176,34.633,3.519,0.075,11.052,1821.549,1706.566,1836.000,1700.000,0.000,,,,2,1789718952.141,100,0
1052.833,47.594,51.344,43.000,44.000,43.000,45.000,44.000,43.000,42.000,43.000,43.000,44.000,45.000,43.000,44.484,40.875,35.000,35.004,32.996,35.941,36.172,34.629,5.270,0.095,13.256,1839.475,1712.068,1836.000,1700.000,0.000,,,,2,1789718953.147,100,0
1053.837,47.488,51.238,42.938,44.000,42.000,44.000,43.000,42.000,42.000,42.000,42.000,43.000,44.219,42.000,44.219,40.750,35.000,35.004,32.996,35.941,36.172,34.629,5.391,0.100,12.953,1837.166,1686.546,1836.000,1700.000,0.000,,,,2,1789718954.150,100,0
1054.841,47.395,51.145,42.875,44.000,44.000,45.000,44.000,43.000,42.000,43.000,43.000,43.000,45.000,43.000,44.469,40.875,35.000,35.004,32.996,35.938,36.164,34.625,4.511,0.088,12.881,1827.875,1684.486,1836.000,1700.000,0.000,,,,2,1789718955.156,100,0
1055.845,47.293,51.043,42.938,43.000,42.000,44.000,43.000,42.000,42.000,42.000,42.000,43.000,44.125,43.000,44.125,40.812,35.000,35.004,32.996,35.934,36.164,34.625,5.095,0.098,13.382,1837.438,1702.055,1836.000,1700.000,0.000,,,,2,1789718956.159,100,0
1056.848,47.207,50.957,42.875,44.000,44.000,45.000,44.000,44.000,42.000,43.000,43.000,44.000,45.000,43.000,44.609,40.812,35.000,35.004,32.996,35.930,36.160,34.621,6.145,0.110,14.634,1837.156,1703.666,1836.000,1700.000,0.000,,,,2,1789718957.162,100,0
1057.852,47.125,50.875,42.938,44.000,44.000,45.000,43.000,42.000,42.000,43.000,42.000,43.000,45.000,43.000,44.500,40.812,35.000,35.004,32.996,35.930,36.156,34.621,5.778,0.107,14.083,1837.701,1686.712,1836.000,1700.000,0.000,,,,2,1789718958.164,100,0
1058.856,47.035,50.785,42.938,44.000,43.000,44.000,44.000,43.000,42.000,43.000,43.000,44.000,44.266,43.000,44.266,40.875,35.000,35.004,32.996,35.930,36.152,34.621,5.320,0.100,13.325,1837.297,1712.231,1836.000,1700.000,0.000,,,,2,1789718959.171,100,0
1059.860,46.949,50.512,42.875,44.000,43.000,44.000,43.000,42.000,42.000,43.000,43.000,43.000,44.281,43.000,44.281,40.750,35.000,35.004,32.996,35.926,36.152,34.617,5.270,0.102,13.589,1837.588,1712.378,1836.000,1700.000,0.000,,,,2,1789718960.175,100,0
1060.863,46.863,50.426,42.812,44.000,43.000,44.000,44.000,42.000,42.000,43.000,42.000,43.000,44.281,43.000,44.281,40.688,35.000,35.004,32.996,35.926,36.148,34.617,5.558,0.101,13.533,1828.376,1698.121,1836.000,1700.000,0.000,,,,2,1789718961.181,100,0
1061.868,46.766,50.328,42.875,44.000,43.000,43.000,42.000,42.000,41.000,42.000,43.000,43.000,44.000,42.000,43.625,40.750,35.000,35.004,32.996,35.918,36.145,34.613,3.021,0.071,10.748,1837.428,1708.428,1836.000,1700.000,0.000,,,,2,1789718962.186,100,0
1062.872,46.664,50.227,42.750,44.000,43.000,44.000,42.000,42.000,41.000,43.000,42.000,43.000,44.000,42.000,43.516,40.750,35.000,35.004,32.996,35.918,36.141,34.613,2.895,0.070,10.133,1837.785,1709.978,1836.000,1700.000,0.000,,,,2,1789718963.183,100,0
1063.876,46.586,50.148,42.750,44.000,43.000,45.000,44.000,42.000,42.000,43.000,42.000,43.000,45.000,43.000,44.219,40.812,35.000,35.004,32.996,35.918,36.137,34.609,5.031,0.098,13.478,1830.626,1700.070,1836.000,1700.000,0.000,,,,2,1789718964.193,100,0
1064.881,46.508,50.070,42.750,44.000,43.000,45.000,44.000,42.000,42.000,43.000,42.000,44.000,45.000,43.000,44.062,40.625,35.000,35.004,32.996,35.914,36.137,34.609,5.472,0.103,13.920,1839.832,1682.518,1836.000,1700.000,0.000,,,,2,1789718965.199,100,0
1065.885,46.418,49.980,42.688,44.000,44.000,44.000,43.000,42.000,41.000,42.000,42.000,43.000,44.000,43.000,43.656,40.625,35.000,35.004,32.996,35.910,36.133,34.609,3.322,0.076,11.504,1828.553,1698.233,1836.000,1700.000,0.000,,,,2,1789718966.204,100,0
1066.888,46.328,49.891,42.688,44.000,45.000,44.000,43.000,42.000,41.000,42.000,42.000,43.000,45.000,43.000,43.516,40.750,35.000,35.004,32.996,35.910,36.133,34.609,3.275,0.074,11.058,1837.166,1702.088,1836.000,1700.000,0.000,,,,2,1789718967.205,100,0
1067.892,46.238,49.801,42.562,44.000,45.000,44.000,44.000,42.000,41.000,42.000,42.000,43.000,45.000,43.000,43.422,40.688,35.000,35.004,32.996,35.906,36.129,34.605,2.901,0.070,9.895,1840.124,1698.698,1836.000,1700.000,0.000,,,,2,1789718968.203,100,0
1068.897,46.176,49.738,42.562,47.000,45.000,47.000,45.000,42.000,42.000,42.000,42.000,43.000,47.000,44.000,44.328,40.500,35.000,35.004,32.996,35.906,36.121,34.602,6.000,0.113,13.864,1828.572,1714.000,1836.000,1700.000,0.000,,,,2,1789718969.215,100,0
1069.902,46.090,49.473,42.500,43.000,43.000,43.000,43.000,41.000,41.000,42.000,42.000,43.000,43.391,43.000,43.391,40.562,35.000,35.004,32.996,35.902,36.121,34.602,4.429,0.095,13.080,1837.410,1696.153,1836.000,1700.000,0.000,,,,2,1789718970.216,100,0
1070.905,46.047,49.430,42.562,45.000,45.000,45.000,44.000,43.000,42.000,43.000,42.000,44.000,45.000,44.000,44.719,40.625,35.000,35.004,32.996,35.898,36.117,34.598,6.721,0.102,14.300,1821.540,1698.281,1836.000,1700.000,0.000,,,,2,1789718971.223,100,0
1071.910,45.973,49.355,42.625,44.000,42.000,44.000,43.000,42.000,42.000,42.000,42.000,44.000,44.000,43.000,43.734,40.688,35.000,35.004,32.996,35.898,36.113,34.598,4.687,0.089,12.770,1837.897,1702.401,1836.000,1700.000,0.000,,,,2,1789718972.221,100,0
1072.913,45.922,49.305,42.562,44.000,43.000,44.000,44.000,42.000,41.000,42.000,42.000,43.000,44.328,43.000,44.328,40.562,35.000,35.004,32.996,35.895,36.109,34.594,4.602,0.092,12.165,1828.376,1700.126,1836.000,1700.000,0.000,,,,2,1789718973.226,100,0
1073.917,45.852,49.234,42.625,43.000,42.000,44.000,43.000,41.000,41.000,43.000,42.000,43.000,44.000,42.000,43.688,40.562,35.000,35.004,32.996,35.891,36.109,34.594,3.949,0.082,12.325,1842.657,1686.815,1836.000,1700.000,0.000,,,,2,1789718974.235,100,0
1074.921,45.781,49.164,42.500,43.000,42.000,44.000,43.000,42.000,41.000,42.000,43.000,43.000,44.000,42.000,43.594,40.562,35.000,35.004,32.996,35.891,36.105,34.590,4.610,0.093,12.534,1837.879,1698.602,1836.000,1700.000,0.000,,,,2,1789718975.239,100,0
1075.924,45.715,49.098,42.500,43.000,42.000,43.000,43.000,42.000,41.000,42.000,42.000,43.000,43.594,42.000,43.594,40.500,35.000,35.004,32.996,35.887,36.102,34.590,4.103,0.084,12.151,1837.475,1694.461,1836.000,1700.000,0.000,,,,2,1789718976.236,100,0
1076.924,45.641,49.023,42.562,42.000,42.000,43.000,43.000,42.000,41.000,42.000,42.000,43.000,43.375,42.000,43.375,40.500,35.000,35.004,32.996,35.883,36.098,34.590,3.237,0.078,11.050,1830.831,1702.095,1836.000,1700.000,0.000,,,,2,1789718977.236,100,0
1077.926,45.586,48.969,42.438,44.000,44.000,47.000,45.000,43.000,42.000,43.000,43.000,43.000,47.000,43.000,43.828,40.500,35.000,35.004,32.996,35.883,36.094,34.586,4.470,0.092,12.152,1837.926,1695.147,1836.000,1700.000,0.000,,,,2,1789718978.244,100,0
1078.931,45.520,48.902,42.562,43.000,42.000,44.000,43.000,42.000,42.000,42.000,42.000,43.000,44.000,42.000,43.484,40.500,35.000,35.004,32.996,35.879,36.090,34.582,4.997,0.098,13.510,1842.280,1692.779,1836.000,1700.000,0.000,,,,2,1789718979.249,100,0
1079.934,45.453,48.668,42.375,43.000,42.000,44.000,43.000,41.000,41.000,42.000,42.000,43.000,44.000,42.000,43.469,40.500,35.000,35.004,32.996,35.879,36.086,34.582,4.510,0.091,12.809,1837.719,1702.562,1836.000,1700.000,0.000,,,,2,1789718980.248,100,0
1080.936,45.387,48.602,42.562,43.000,42.000,43.000,43.000,41.000,41.000,42.000,43.000,43.000,43.266,42.000,43.266,40.500,35.000,35.004,32.996,35.875,36.082,34.578,3.152,0.074,11.163,1837.935,1702.409,1836.000,1700.000,0.000,,,,2,1789718981.250,100,0
1081.936,45.320,48.535,42.188,44.000,43.000,44.000,43.000,42.000,41.000,42.000,42.000,43.000,44.000,43.000,43.312,40.500,35.000,35.004,32.996,35.871,36.078,34.574,3.815,0.082,11.269,1835.246,1692.477,1836.000,1700.000,0.000,,,,2,1789718982.248,100,0
1082.940,45.285,48.500,42.312,44.000,44.000,45.000,44.000,42.000,42.000,43.000,43.000,44.000,45.000,43.000,44.141,40.500,35.000,35.004,32.996,35.867,36.078,34.574,6.092,0.113,14.049,1814.617,1698.081,1836.000,1700.000,0.000,,,,2,1789718983.251,100,0
1083.944,45.238,48.453,42.438,44.000,43.000,44.000,44.000,42.000,42.000,42.000,43.000,43.000,44.000,43.000,43.734,40.250,35.000,35.004,32.996,35.867,36.070,34.570,5.919,0.110,14.187,1849.074,1707.788,1836.000,1700.000,0.000,,,,2,1789718984.262,100,0
1084.947,45.184,48.398,42.312,44.000,43.000,44.000,43.000,41.000,42.000,42.000,43.000,43.000,44.000,43.000,43.531,40.500,35.000,35.004,32.996,35.863,36.070,34.566,4.216,0.085,12.199,1837.813,1700.793,1836.000,1700.000,0.000,,,,2,1789718985.259,100,0
1085.950,45.133,48.348,42.375,44.000,43.000,44.000,44.000,42.000,42.000,42.000,43.000,43.000,44.000,43.000,43.562,40.438,35.000,35.004,32.996,35.859,36.062,34.562,4.345,0.094,11.997,1832.854,1688.262,1836.000,1700.000,0.000,,,,2,1789718986.264,100,0
1086.956,45.141,48.355,42.312,46.000,44.000,46.000,45.000,42.000,42.000,43.000,43.000,43.000,46.000,44.000,45.438,40.375,35.000,35.004,32.996,35.859,36.059,34.562,6.409,0.112,13.992,1837.682,1723.651,1836.000,1700.000,0.000,,,,2,1789718987.275,100,0
1087.960,45.082,48.297,42.250,43.000,44.000,44.000,43.000,42.000,41.000,42.000,42.000,43.000,44.000,42.000,43.188,40.312,35.000,35.004,32.996,35.855,36.055,34.559,2.873,0.073,10.864,1837.729,1697.865,1836.000,1700.000,0.000,,,,2,1789718988.278,100,0
1088.964,45.035,48.250,42.312,43.000,44.000,43.000,42.000,42.000,41.000,42.000,42.000,43.000,44.000,43.000,43.641,40.375,35.000,35.004,32.996,35.852,36.051,34.555,4.727,0.095,12.459,1842.488,1698.161,1836.000,1700.000,0.000,,,,2,1789718989.283,100,0
1089.969,44.984,48.055,42.375,43.000,43.000,43.000,42.000,41.000,42.000,42.000,42.000,43.000,43.344,42.000,43.344,40.312,35.000,35.004,32.996,35.848,36.047,34.555,5.413,0.104,11.558,1837.269,1698.049,1836.000,1700.000,0.000,,,,2,1789718990.285,100,0
1090.973,44.961,48.031,42.250,44.000,43.000,44.000,43.000,42.000,41.000,43.000,43.000,44.000,44.297,42.000,44.297,40.375,35.000,35.004,32.996,35.848,36.043,34.551,5.840,0.114,13.100,1840.209,1698.217,1836.000,1700.000,0.000,,,,2,1789718991.291,100,0
1091.977,44.910,47.980,42.250,42.000,41.000,43.000,42.000,41.000,42.000,42.000,42.000,43.000,43.375,42.000,43.375,40.375,35.000,35.004,32.996,35.844,36.039,34.547,3.025,0.075,13.821,1839.842,1711.881,1836.000,1700.000,0.000,,,,2,1789718992.295,100,0
1092.980,44.852,47.922,42.250,42.000,41.000,43.000,42.000,41.000,41.000,42.000,42.000,43.000,43.031,42.000,44.266,40.375,35.000,35.004,32.996,35.840,36.039,34.547,5.727,0.107,10.887,1842.431,1708.096,1836.000,1700.000,0.000,,,,2,1789718993.298,100,0
1093.984,44.836,47.906,42.188,43.000,42.000,43.000,42.000,42.000,42.000,43.000,43.000,43.000,44.266,42.000,43.859,40.312,35.000,35.004,32.996,35.836,36.035,34.543,5.452,0.103,13.372,1832.873,1686.751,1836.000,1700.000,0.000,,,,2,1789718994.301,100,0
1094.989,44.805,47.875,42.375,42.000,42.000,43.000,43.000,41.000,41.000,43.000,42.000,43.000,43.859,42.000,43.422,40.250,35.000,35.004,32.996,35.836,36.031,34.539,4.446,0.090,13.038,1837.691,1701.709,1836.000,1700.000,0.000,,,,2,1789718995.306,100,0
1095.989,44.762,47.832,42.312,42.000,42.000,44.000,43.000,42.000,41.000,43.000,42.000,43.000,43.422,42.000,44.203,40.250,35.000,35.004,32.996,35.832,36.027,34.539,5.791,0.106,12.667,1837.691,1690.419,1836.000,1700.000,0.000,,,,2,1789718996.299,100,0
1096.989,44.742,47.812,42.188,42.000,42.000,43.000,43.000,41.000,42.000,42.000,42.000,43.000,44.203,42.000,43.734,40.250,35.000,35.004,32.996,35.828,36.023,34.535,5.013,0.092,14.193,1837.944,1698.009,1836.000,1700.000,0.000,,,,2,1789718997.303,100,0
1097.993,44.711,47.781,42.250,43.000,42.000,43.000,43.000,42.000,41.000,43.000,42.000,43.000,43.734,42.000,43.516,40.250,35.000,35.004,32.996,35.824,36.020,34.531,4.629,0.091,12.475,1837.804,1712.166,1836.000,1700.000,0.000,,,,2,1789718998.307,100,0
1098.998,44.676,47.746,42.188,44.000,43.000,44.000,44.000,43.000,43.000,44.000,43.000,43.000,43.516,43.000,45.562,40.375,35.000,35.004,32.996,35.820,36.016,34.527,7.502,0.104,12.170,1835.087,1697.985,1836.000,1700.000,0.000,,,,2,1789718999.309,100,0
1100.001,44.703,47.660,42.250,42.000,41.000,43.000,42.000,41.000,41.000,42.000,42.000,43.000,43.141,41.000,43.141,40.312,35.000,35.004,32.996,35.816,36.008,34.523,3.273,0.078,15.379,1835.489,1704.094,1836.000,1700.000,0.000,,,,2,1789719000.318,100,0
1101.005,44.641,47.598,42.250,44.000,42.000,45.000,43.000,42.000,41.000,43.000,43.000,44.000,45.000,42.000,44.234,40.250,35.000,35.004,32.996,35.816,36.008,34.520,5.368,0.103,11.073,1837.635,1704.061,1836.000,1700.000,0.000,,,,2,1789719001.323,100,0
1102.006,44.629,47.586,42.312,43.000,42.000,44.000,42.000,42.000,42.000,42.000,43.000,43.000,44.297,42.000,44.297,40.250,35.000,35.004,32.996,35.812,36.004,34.520,7.788,0.129,13.049,1835.236,1686.846,1836.000,1700.000,0.000,,,,2,1789719002.319,100,0
1103.010,44.598,47.555,42.312,43.000,42.000,43.000,42.000,41.000,42.000,42.000,42.000,43.000,43.609,42.000,43.609,40.188,35.000,35.004,32.996,35.809,36.000,34.520,4.563,0.091,15.729,1814.599,1706.016,1836.000,1700.000,0.000,,,,2,1789719003.329,100,0
1104.012,44.566,47.523,42.312,42.000,41.000,43.000,42.000,41.000,41.000,42.000,42.000,43.000,43.547,41.000,43.547,40.438,35.000,35.004,32.996,35.805,35.996,34.516,4.306,0.092,12.334,1833.106,1699.861,1836.000,1700.000,0.000,,,,2,1789719004.331,100,0
1105.015,44.535,47.492,42.312,42.000,41.000,43.000,42.000,41.000,41.000,42.000,42.000,43.000,43.578,42.000,43.578,40.375,35.000,35.004,32.996,35.801,35.992,34.512,5.062,0.097,11.858,1828.655,1678.854,1836.000,1700.000,0.000,,,,2,1789719005.333,100,0
1106.020,44.488,47.445,42.312,42.000,41.000,43.000,42.000,41.000,41.000,42.000,42.000,43.000,43.094,41.000,43.094,40.250,35.000,35.004,32.996,35.797,35.992,34.512,3.185,0.075,12.816,1837.654,1712.386,1836.000,1700.000,0.000,,,,2,1789719006.338,100,0
1107.024,44.477,47.434,42.250,44.000,43.000,45.000,44.000,43.000,42.000,43.000,42.000,43.000,45.000,43.000,44.125,40.375,35.000,35.004,32.996,35.797,35.988,34.504,5.212,0.097,11.013,1837.494,1707.991,1836.000,1700.000,0.000,,,,2,1789719007.343,100,0
1108.029,44.434,47.391,42.125,42.000,41.000,43.000,42.000,41.000,41.000,42.000,42.000,43.000,43.109,42.000,43.109,40.188,35.000,35.004,32.996,35.793,35.984,34.504,3.551,0.077,12.695,1837.738,1712.492,1836.000,1700.000,0.000,,,,2,1789719008.348,100,0
1109.033,44.406,47.215,42.125,42.000,42.000,43.000,42.000,41.000,41.000,43.000,42.000,43.000,43.484,42.000,43.484,40.312,35.000,35.004,32.996,35.789,35.980,34.500,3.594,0.076,10.925,1837.729,1698.394,1836.000,1700.000,0.000,,,,2,1789719009.343,100,0
1110.037,44.406,47.215,42.125,43.000,42.000,44.000,43.000,42.000,42.000,43.000,43.000,43.000,44.438,42.000,44.438,40.312,35.000,35.004,32.996,35.785,35.977,34.496,6.112,0.111,11.716,1839.804,1702.651,1836.000,1700.000,0.000,,,,2,1789719010.347,100,0
1111.041,44.406,47.215,42.188,42.000,42.000,43.000,43.000,42.000,42.000,43.000,42.000,44.000,44.344,42.000,44.344,40.188,35.000,35.004,32.996,35.781,35.973,34.496,6.792,0.119,14.140,1837.344,1708.331,1836.000,1700.000,0.000,,,,2,1789719011.350,100,0
1112.046,44.410,47.219,42.188,42.000,42.000,44.000,43.000,42.000,42.000,43.000,43.000,43.000,44.562,42.000,44.562,40.188,35.000,35.004,32.996,35.781,35.973,34.492,6.331,0.117,15.572,1835.078,1699.925,1836.000,1700.000,0.000,,,,2,1789719012.364,100,0
1113.047,44.383,47.191,42.250,42.000,41.000,43.000,42.000,41.000,41.000,43.000,42.000,43.000,43.609,42.000,43.609,40.312,35.000,35.004,32.996,35.777,35.965,34.488,4.392,0.088,13.202,1824.041,1691.006,1836.000,1700.000,0.000,,,,2,1789719013.366,100,0
1114.049,48.273,51.969,42.188,72.000,49.000,50.000,58.000,48.000,51.000,46.000,47.000,46.000,72.000,49.000,59.953,40.312,35.000,35.004,31.996,35.773,35.961,34.480,13.442,0.116,11.811,1823.801,1702.281,1836.000,1700.000,0.000,,,,2,1789719014.361,100,0
1115.049,48.199,51.523,42.500,43.000,43.000,45.000,44.000,43.000,42.000,43.000,43.000,44.000,46.000,43.000,46.000,40.250,35.000,35.004,31.996,35.770,35.961,34.473,9.224,0.142,23.475,1837.916,1703.594,1836.000,1700.000,0.000,,,,2,1789719015.363,100,0
1116.049,48.137,51.129,42.625,44.000,43.000,45.000,44.000,43.000,42.000,43.000,43.000,44.000,46.141,43.000,46.141,40.312,35.000,35.004,31.996,35.770,35.957,34.461,8.876,0.136,17.735,1837.475,1684.219,1836.000,1700.000,0.000,,,,2,1789719016.363,100,0
1117.054,48.004,50.695,42.625,43.000,42.000,44.000,43.000,42.000,42.000,42.000,43.000,43.000,44.000,42.000,43.938,40.500,35.000,35.004,31.996,35.770,35.953,34.453,5.383,0.105,18.915,1837.785,1690.172,1836.000,1700.000,0.000,,,,2,1789719017.367,100,0
1118.056,47.883,50.574,42.625,42.000,44.000,44.000,43.000,42.000,42.000,42.000,43.000,43.000,44.062,43.000,44.062,40.500,35.000,35.004,31.996,35.766,35.953,34.441,5.781,0.106,13.635,1837.869,1702.007,1836.000,1700.000,0.000,,,,2,1789719018.368,100,0
1119.056,47.754,50.445,42.625,43.000,42.000,43.000,42.000,42.000,41.000,42.000,42.000,43.000,43.844,42.000,43.844,40.500,35.000,35.004,31.996,35.766,35.949,34.434,5.408,0.103,14.224,1837.701,1694.516,1836.000,1700.000,0.000,,,,2,1789719019.367,100,0
1120.056,47.629,50.320,42.688,43.000,42.000,44.000,43.000,42.000,42.000,42.000,43.000,43.000,44.000,42.000,43.672,40.375,35.000,35.004,32.996,35.762,35.945,34.430,5.342,0.104,13.699,1837.578,1702.023,1836.000,1700.000,0.000,,,,2,1789719020.368,100,0
1121.057,47.504,50.195,42.625,42.000,42.000,43.000,42.000,41.000,41.000,42.000,43.000,43.000,43.672,42.000,43.672,40.562,35.000,35.004,32.996,35.762,35.941,34.426,5.590,0.111,13.669,1823.505,1701.733,1836.000,1700.000,0.000,,,,2,1789719021.369,100,0
1122.060,47.395,50.086,42.562,43.000,43.000,44.000,42.000,42.000,42.000,43.000,42.000,43.000,44.000,42.000,43.984,40.438,35.000,35.004,32.996,35.758,35.941,34.426,6.263,0.110,14.000,1837.588,1700.616,1836.000,1700.000,0.000,,,,2,1789719022.373,100,0
1123.064,47.277,49.969,42.688,42.000,42.000,44.000,43.000,41.000,42.000,42.000,42.000,43.000,44.000,42.000,43.625,40.562,35.000,35.004,32.996,35.758,35.938,34.422,5.195,0.100,14.060,1837.213,1700.198,1836.000,1700.000,0.000,,,,2,1789719023.379,100,0
1124.067,47.164,49.855,42.562,42.000,43.000,43.000,42.000,41.000,42.000,42.000,42.000,43.000,43.734,43.000,43.734,40.375,35.000,35.004,32.996,35.754,35.938,34.422,5.273,0.101,13.445,1830.412,1703.827,1836.000,1700.000,0.000,,,,2,1789719024.380,100,0
1125.071,47.074,49.766,42.562,44.000,45.000,45.000,44.000,42.000,42.000,43.000,43.000,43.000,45.000,43.000,44.250,40.438,35.000,35.004,32.996,35.754,35.934,34.418,7.142,0.128,13.450,1834.928,1686.554,1836.000,1700.000,0.000,,,,2,1789719025.382,100,0
1126.071,46.992,49.684,42.688,43.000,42.000,44.000,43.000,42.000,42.000,43.000,43.000,43.000,44.453,43.000,44.453,40.500,35.000,35.004,32.996,35.754,35.934,34.418,9.904,0.142,15.317,1842.299,1690.046,1836.000,1700.000,0.000,,,,2,1789719026.383,100,0
1127.071,46.891,49.582,42.688,42.000,42.000,43.000,43.000,42.000,42.000,42.000,43.000,43.000,43.734,43.000,43.734,40.562,35.000,35.004,32.996,35.750,35.934,34.414,5.357,0.108,18.911,1842.280,1690.323,1836.000,1700.000,0.000,,,,2,1789719027.383,100,0
1128.072,46.781,49.473,42.812,43.000,42.000,43.000,43.000,42.000,41.000,42.000,42.000,43.000,43.406,42.000,43.406,40.562,35.000,35.004,31.996,35.750,35.930,34.406,5.339,0.104,13.827,1823.357,1686.112,1836.000,1700.000,0.000,,,,2,1789719028.384,100,0
1129.074,46.691,49.383,42.625,44.000,42.000,43.000,43.000,42.000,41.000,42.000,43.000,43.000,44.000,42.000,43.875,40.500,35.000,35.004,32.996,35.750,35.930,34.406,5.621,0.111,12.697,1837.522,1698.442,1836.000,1700.000,0.000,,,,2,1789719029.387,100,0
1130.075,46.598,49.289,42.688,43.000,42.000,44.000,42.000,42.000,42.000,43.000,43.000,43.000,44.000,42.000,43.719,40.438,35.000,35.004,32.996,35.746,35.930,34.406,5.550,0.110,13.550,1837.550,1702.369,1836.000,1700.000,0.000,,,,2,1789719030.388,100,0
1131.077,46.508,49.199,42.750,42.000,42.000,43.000,43.000,42.000,41.000,43.000,43.000,43.000,43.688,42.000,43.688,40.500,35.000,35.004,31.996,35.742,35.926,34.395,5.374,0.107,13.538,1837.288,1694.604,1836.000,1700.000,0.000,,,,2,1789719031.389,100,0
1132.080,46.418,49.109,42.625,43.000,42.000,43.000,43.000,41.000,41.000,42.000,42.000,43.000,43.609,42.000,43.609,40.438,35.000,35.004,31.996,35.742,35.926,34.387,5.447,0.107,13.056,1834.629,1698.361,1836.000,1700.000,0.000,,,,2,1789719032.392,100,0
1133.083,46.324,49.016,42.625,43.000,42.000,43.000,43.000,41.000,41.000,42.000,42.000,43.000,43.500,42.000,43.500,40.375,35.000,35.004,31.996,35.738,35.922,34.375,5.428,0.108,13.336,1830.384,1694.484,1836.000,1700.000,0.000,,,,2,1789719033.398,100,0
1134.085,46.242,48.797,42.688,42.000,42.000,44.000,42.000,42.000,41.000,42.000,42.000,43.000,44.000,42.000,43.641,40.438,35.000,35.004,31.996,35.738,35.922,34.367,5.198,0.105,13.676,1863.219,1698.273,1836.000,1700.000,0.000,,,,2,1789719034.400,100,0
1135.089,46.184,48.738,42.562,44.000,44.000,45.000,44.000,42.000,42.000,44.000,43.000,44.000,45.000,44.000,44.406,40.500,35.000,35.004,31.996,35.734,35.922,34.363,7.528,0.117,12.916,1818.880,1694.405,1836.000,1700.000,0.000,,,,2,1789719035.401,100,0
1136.090,46.137,48.691,42.750,44.000,44.000,44.000,44.000,42.000,42.000,43.000,42.000,43.000,44.625,43.000,44.625,40.562,35.000,35.004,31.996,35.734,35.922,34.355,9.085,0.137,14.963,1844.763,1700.343,1836.000,1700.000,0.000,,,,2,1789719036.402,100,0
1137.093,46.344,49.016,42.875,48.000,46.000,49.000,49.000,47.000,46.000,47.000,47.000,44.000,50.094,46.000,50.094,40.438,35.000,35.004,31.996,35.730,35.918,34.348,13.989,0.161,17.529,1837.513,1690.403,1836.000,1700.000,0.000,,,,2,1789719037.408,100,0
1138.097,46.848,49.402,43.000,48.000,46.000,53.000,49.000,55.000,47.000,47.000,47.000,46.000,55.000,47.000,48.359,40.438,35.000,35.004,31.996,35.730,35.918,34.336,9.840,0.127,22.040,1830.301,1705.967,1836.000,1700.000,0.000,,,,2,1789719038.407,100,0
1139.097,47.430,49.906,43.250,46.000,46.000,47.000,47.000,45.000,45.000,45.000,45.000,46.000,49.188,46.000,49.188,40.562,35.000,35.004,31.996,35.727,35.922,34.332,22.692,0.210,17.163,1837.335,1698.618,1836.000,1700.000,0.000,,,,2,1789719039.407,100,0
1140.098,47.402,49.633,43.250,44.000,44.000,45.000,44.000,43.000,43.000,44.000,44.000,46.000,46.594,44.000,46.594,40.625,35.000,35.004,31.996,35.727,35.922,34.320,14.299,0.154,31.694,1834.741,1698.354,1836.000,1700.000,0.000,,,,2,1789719040.408,100,0
1141.101,47.336,49.344,43.438,44.000,43.000,44.000,44.000,43.000,42.000,44.000,43.000,44.000,45.250,43.000,45.250,40.750,35.000,35.004,31.996,35.727,35.922,34.316,10.057,0.126,22.463,1835.021,1686.633,1836.000,1700.000,0.000,,,,2,1789719041.412,100,0
1142.105,47.340,49.156,43.562,46.000,46.000,47.000,47.000,45.000,44.000,45.000,44.000,48.000,48.000,46.000,47.438,40.688,35.000,35.004,31.996,35.723,35.926,34.305,14.289,0.162,18.643,1816.906,1698.770,1836.000,1700.000,0.000,,,,2,1789719042.415,100,0
1143.109,47.367,49.184,43.875,45.000,45.000,46.000,46.000,44.000,43.000,46.000,45.000,47.000,47.984,45.000,47.984,40.875,35.000,35.004,31.996,35.723,35.930,34.301,18.606,0.185,22.176,1837.438,1698.802,1836.000,1700.000,0.000,,,,2,1789719043.418,100,0
1144.113,47.586,49.504,44.000,46.000,46.000,47.000,47.000,45.000,45.000,46.000,46.000,45.000,50.438,46.000,50.438,41.000,35.000,35.004,31.996,35.723,35.934,34.293,18.167,0.185,26.185,1858.592,1696.409,1836.000,1700.000,0.000,,,,2,1789719044.424,100,0
1145.117,47.512,49.430,44.125,44.000,43.000,45.000,44.000,43.000,42.000,44.000,44.000,44.000,45.281,43.000,45.281,41.062,35.000,35.004,31.996,35.723,35.938,34.289,5.771,0.125,14.016,1849.150,1689.031,1836.000,1700.000,0.000,,,,2,1789719045.432,100,0
1146.121,47.438,49.355,44.062,44.000,43.000,45.000,44.000,43.000,42.000,44.000,44.000,45.000,45.141,43.000,45.141,41.125,35.000,35.004,31.996,35.719,35.941,34.281,5.449,0.100,13.395,1837.091,1700.319,1836.000,1700.000,0.000,,,,2,1789719046.434,100,0
1147.124,47.582,49.500,44.000,47.000,47.000,50.000,49.000,46.000,47.000,47.000,46.000,46.000,51.125,46.000,51.125,41.125,35.000,35.004,31.996,35.719,35.945,34.273,18.035,0.173,26.760,1816.540,1687.313,1836.000,1700.000,0.000,,,,2,1789719047.434,100,0
1148.126,47.672,49.590,44.375,45.000,48.000,47.000,47.000,45.000,45.000,46.000,46.000,45.000,49.578,46.000,49.578,41.188,35.000,35.004,31.996,35.719,35.945,34.270,14.748,0.152,23.115,1839.569,1700.150,1836.000,1700.000,0.000,,,,2,1789719048.438,100,0
1149.126,47.656,49.383,44.500,45.000,45.000,46.000,45.000,44.000,43.000,50.000,44.000,45.000,50.000,45.000,47.234,41.188,35.000,35.004,31.996,35.719,35.953,34.266,10.343,0.116,18.709,1848.600,1692.660,1836.000,1700.000,0.000,,,,2,1789719049.437,100,0
1150.127,47.711,49.379,44.562,45.000,47.000,46.000,47.000,45.000,44.000,46.000,45.000,45.000,48.875,45.000,48.875,41.188,35.000,35.004,31.996,35.719,35.957,34.258,14.892,0.142,23.051,1848.552,1696.417,1836.000,1700.000,0.000,,,,2,1789719050.436,100,0
1151.128,47.652,49.320,44.750,45.000,44.000,46.000,44.000,43.000,43.000,44.000,44.000,44.000,46.000,44.000,45.938,41.375,35.000,35.004,31.996,35.719,35.961,34.254,6.679,0.111,14.682,1848.476,1696.345,1836.000,1700.000,0.000,,,,2,1789719051.440,100,0
1152.130,47.609,49.277,44.625,45.000,46.000,46.000,45.000,44.000,43.000,45.000,45.000,45.000,46.250,45.000,46.250,41.312,35.000,35.004,31.996,35.719,35.965,34.250,8.785,0.129,17.339,1836.435,1686.499,1836.000,1700.000,0.000,,,,2,1789719052.443,100,0
1153.133,47.551,49.219,44.688,44.000,44.000,45.000,44.000,43.000,42.000,44.000,44.000,45.000,45.734,44.000,45.734,41.250,35.000,35.004,31.996,35.719,35.969,34.246,8.838,0.123,17.091,1816.503,1700.841,1836.000,1700.000,0.000,,,,2,1789719053.448,100,0
1154.137,47.543,49.211,44.625,45.000,45.000,46.000,45.000,44.000,43.000,45.000,44.000,46.000,47.328,44.000,47.328,41.312,35.000,35.004,31.996,35.723,35.973,34.238,10.113,0.130,18.654,1837.232,1698.490,1836.000,1700.000,0.000,,,,2,1789719054.448,100,0
1155.141,47.566,49.234,44.812,47.000,45.000,46.000,45.000,44.000,44.000,45.000,46.000,45.000,48.312,45.000,48.312,41.375,35.000,35.000,31.996,35.723,35.977,34.238,13.476,0.153,22.264,1844.073,1702.409,1836.000,1700.000,0.000,,,,2,1789719055.451,100,0
1156.145,47.547,49.215,44.875,45.000,44.000,46.000,46.000,44.000,44.000,45.000,44.000,45.000,46.859,44.000,46.859,41.312,35.000,35.000,31.996,35.723,35.984,34.234,8.727,0.106,17.164,1844.036,1692.405,1836.000,1700.000,0.000,,,,2,1789719056.456,100,0
1157.148,47.477,49.145,44.875,44.000,44.000,45.000,45.000,43.000,43.000,44.000,44.000,44.000,45.328,43.000,45.328,41.375,35.000,35.000,31.996,35.723,35.988,34.230,5.514,0.111,13.746,1836.932,1706.250,1836.000,1700.000,0.000,,,,2,1789719057.460,100,0
1158.149,47.410,49.078,44.688,44.000,44.000,44.000,44.000,43.000,43.000,44.000,44.000,45.000,45.391,43.000,45.391,41.250,35.000,35.000,32.996,35.727,35.992,34.234,6.373,0.119,14.194,1839.297,1708.080,1836.000,1700.000,0.000,,,,2,1789719058.460,100,0
1159.149,47.395,49.062,44.688,45.000,45.000,46.000,46.000,45.000,43.000,45.000,44.000,47.000,47.000,45.000,46.828,41.375,35.000,35.000,32.996,35.727,35.996,34.234,8.723,0.119,17.420,1843.790,1698.498,1836.000,1700.000,0.000,,,,2,1789719059.461,100,0
1160.152,47.469,49.277,44.688,46.000,47.000,47.000,48.000,45.000,45.000,46.000,45.000,48.000,49.844,46.000,49.844,41.438,35.000,35.000,32.996,35.727,36.000,34.238,21.719,0.176,30.303,1837.016,1704.174,1836.000,1700.000,0.000,,,,2,1789719060.462,100,0
1161.157,47.574,49.383,45.000,48.000,47.000,49.000,48.000,46.000,45.000,46.000,45.000,46.000,50.359,47.000,50.359,41.500,35.000,35.000,32.996,35.727,36.008,34.242,22.244,0.205,30.999,1830.170,1698.169,1836.000,1700.000,0.000,,,,2,1789719061.467,100,0
1162.157,47.586,49.395,45.062,46.000,45.000,47.000,46.000,44.000,44.000,45.000,44.000,46.000,47.953,45.000,47.953,41.562,35.000,35.000,32.996,35.727,36.012,34.250,10.375,0.157,18.907,1823.357,1694.453,1836.000,1700.000,0.000,,,,2,1789719062.467,100,0
1163.162,48.516,50.422,45.250,65.000,48.000,51.000,51.000,48.000,48.000,47.000,49.000,47.000,65.000,49.000,51.312,41.625,35.000,35.000,32.996,35.730,36.020,34.250,16.017,0.160,25.844,1836.716,1697.993,1836.000,1700.000,0.000,,,,2,1789719063.472,100,0
1164.166,48.812,50.617,45.312,49.000,48.000,49.000,49.000,47.000,46.000,54.000,46.000,46.000,54.000,48.000,49.703,41.750,35.000,35.000,32.996,35.730,36.027,34.258,18.177,0.186,27.544,1837.025,1690.276,1836.000,1700.000,0.000,,,,2,1789719064.476,100,0
1165.166,49.543,51.387,45.562,46.000,45.000,47.000,47.000,45.000,45.000,46.000,45.000,46.000,51.734,45.000,51.734,41.750,35.000,35.000,32.996,35.734,36.031,34.258,18.928,0.194,27.245,1830.291,1716.059,1836.000,1700.000,0.000,,,,2,1789719065.477,100,0
1166.170,49.453,51.113,45.750,45.000,44.000,46.000,45.000,44.000,43.000,46.000,44.000,46.000,46.719,44.000,46.719,41.938,35.000,35.000,32.996,35.734,36.039,34.262,8.133,0.109,15.753,1841.762,1694.556,1836.000,1700.000,0.000,,,,2,1789719066.482,100,0
1167.171,49.352,51.012,45.562,45.000,44.000,46.000,45.000,44.000,44.000,45.000,44.000,45.000,46.234,45.000,46.234,41.875,35.000,35.000,32.996,35.738,36.047,34.270,6.905,0.114,15.224,1820.858,1702.659,1836.000,1700.000,0.000,,,,2,1789719067.482,100,0
1168.171,49.250,50.910,45.375,46.000,44.000,46.000,45.000,44.000,43.000,45.000,44.000,46.000,46.141,44.000,46.141,41.938,35.000,35.000,32.996,35.742,36.055,34.270,5.676,0.113,13.579,1841.460,1698.273,1836.000,1700.000,0.000,,,,2,1789719068.482,100,0
1169.172,49.129,50.789,45.250,44.000,44.000,45.000,44.000,43.000,42.000,44.000,44.000,45.000,45.312,44.000,45.312,41.875,35.000,35.000,32.996,35.742,36.059,34.273,4.333,0.097,12.034,1836.763,1700.126,1836.000,1700.000,0.000,,,,2,1789719069.487,100,0
1170.175,49.004,50.664,45.312,44.000,43.000,44.000,44.000,43.000,42.000,44.000,43.000,45.000,45.078,43.000,45.078,41.938,35.000,35.000,32.996,35.746,36.066,34.277,3.882,0.090,11.632,1843.950,1694.213,1836.000,1700.000,0.000,,,,2,1789719070.488,100,0
1171.181,48.879,50.539,45.062,44.000,43.000,45.000,44.000,43.000,42.000,44.000,44.000,45.000,45.094,44.000,45.094,41.750,35.000,35.000,32.996,35.746,36.070,34.281,4.367,0.089,12.340,1848.087,1703.731,1836.000,1700.000,0.000,,,,2,1789719071.498,100,0
1172.186,48.750,50.410,45.000,44.000,42.000,44.000,44.000,43.000,42.000,44.000,43.000,44.000,44.734,43.000,44.734,41.688,35.000,35.000,32.996,35.750,36.078,34.289,3.216,0.074,10.816,1834.404,1705.862,1836.000,1700.000,0.000,,,,2,1789719072.504,100,0
1173.187,48.625,50.285,44.750,44.000,42.000,44.000,43.000,43.000,42.000,44.000,43.000,44.000,44.703,43.000,44.703,41.625,35.000,35.000,32.996,35.750,36.082,34.293,2.984,0.070,10.189,1841.140,1690.403,1836.000,1700.000,0.000,,,,2,1789719073.505,100,0
1174.191,48.492,50.152,44.688,44.000,42.000,44.000,43.000,42.000,42.000,44.000,43.000,44.000,44.359,42.000,44.359,41.438,35.000,35.000,32.996,35.754,36.086,34.297,2.809,0.071,10.134,1832.024,1711.490,1836.000,1700.000,0.000,,,,2,1789719074.509,100,0
1175.195,48.383,50.043,44.562,44.000,42.000,44.000,44.000,43.000,42.000,44.000,43.000,44.000,45.047,43.000,45.047,41.562,35.000,35.000,32.996,35.754,36.090,34.301,4.953,0.087,12.525,1841.639,1697.913,1836.000,1700.000,0.000,,,,2,1789719075.513,100,0
1176.200,48.281,49.941,44.312,45.000,44.000,45.000,44.000,43.000,43.000,44.000,43.000,46.000,46.000,44.000,45.172,41.500,35.000,35.000,32.996,35.754,36.098,34.309,4.746,0.083,13.490,1827.272,1700.190,1836.000,1700.000,0.000,,,,2,1789719076.517,100,0
1177.205,48.156,49.816,44.312,44.000,42.000,44.000,43.000,42.000,42.000,44.000,43.000,44.000,44.219,42.000,44.219,41.438,35.000,35.000,32.996,35.758,36.102,34.312,3.903,0.083,12.744,1827.662,1703.957,1836.000,1700.000,0.000,,,,2,1789719077.519,100,0
1178.210,48.059,49.719,44.250,44.000,43.000,45.000,44.000,43.000,42.000,44.000,43.000,46.000,46.000,43.000,45.078,41.438,35.000,35.000,32.996,35.758,36.105,34.316,5.058,0.083,11.647,1836.538,1699.901,1836.000,1700.000,0.000,,,,2,1789719078.522,100,0
1179.214,47.957,49.617,44.250,44.000,42.000,44.000,43.000,42.000,42.000,44.000,43.000,44.000,44.719,43.000,44.719,41.250,35.000,35.000,32.996,35.762,36.109,34.320,5.078,0.091,14.151,1827.615,1698.033,1836.000,1700.000,0.000,,,,2,1789719079.526,100,0
1180.215,47.836,49.496,44.125,44.000,42.000,44.000,43.000,42.000,42.000,43.000,43.000,44.000,44.109,42.000,44.109,41.312,35.000,35.000,32.996,35.762,36.113,34.328,3.023,0.074,10.710,1836.660,1692.445,1836.000,1700.000,0.000,,,,2,1789719080.527,100,0
1181.215,47.715,49.375,44.000,43.000,43.000,44.000,44.000,42.000,42.000,43.000,43.000,44.000,44.047,43.000,44.047,41.250,35.000,35.000,32.996,35.762,36.117,34.332,2.982,0.076,10.498,1836.922,1714.441,1836.000,1700.000,0.000,,,,2,1789719081.527,100,0
1182.215,47.613,49.273,44.000,44.000,42.000,45.000,43.000,42.000,42.000,44.000,42.000,44.000,45.000,42.000,44.359,41.188,35.000,35.000,32.996,35.762,36.121,34.336,4.762,0.094,12.669,1841.451,1692.047,1836.000,1700.000,0.000,,,,2,1789719082.525,100,0
1183.218,47.500,49.160,43.938,44.000,42.000,44.000,43.000,42.000,41.000,44.000,43.000,44.000,44.094,42.000,44.094,41.125,35.000,35.000,32.996,35.766,36.121,34.340,4.482,0.095,12.705,1834.722,1701.798,1836.000,1700.000,0.000,,,,2,1789719083.529,100,0
1184.221,47.391,49.051,43.812,43.000,41.000,43.000,43.000,42.000,42.000,43.000,43.000,43.000,43.938,42.000,43.938,41.125,35.000,35.000,32.996,35.766,36.125,34.344,2.960,0.075,11.082,1834.647,1700.054,1836.000,1700.000,0.000,,,,2,1789719084.533,100,0
1185.221,47.285,48.945,43.750,43.000,42.000,44.000,42.000,42.000,41.000,43.000,42.000,44.000,44.016,42.000,44.016,41.062,35.000,35.000,32.996,35.766,36.125,34.348,4.060,0.087,12.118,1837.082,1698.161,1836.000,1700.000,0.000,,,,2,1789719085.533,100,0
1186.225,47.188,48.848,43.688,44.000,45.000,44.000,44.000,44.000,42.000,43.000,43.000,44.000,45.000,43.000,44.109,41.000,35.000,35.000,32.996,35.770,36.125,34.352,4.133,0.077,11.447,1820.867,1703.957,1836.000,1700.000,0.000,,,,2,1789719086.539,100,0
1187.230,47.094,48.754,43.750,42.000,41.000,43.000,43.000,41.000,41.000,43.000,42.000,43.000,44.203,42.000,44.203,40.875,35.000,35.000,32.996,35.770,36.125,34.355,5.437,0.076,13.634,1837.016,1700.528,1836.000,1700.000,0.000,,,,2,1789719087.548,100,0
1188.233,46.996,48.656,43.625,42.000,42.000,44.000,43.000,42.000,41.000,43.000,42.000,43.000,44.000,42.000,43.953,40.812,35.000,35.000,32.996,35.770,36.129,34.355,2.774,0.067,10.450,1830.170,1708.688,1836.000,1700.000,0.000,,,,2,1789719088.546,100,0
1189.238,46.906,48.566,43.500,43.000,42.000,44.000,42.000,42.000,42.000,43.000,42.000,43.000,44.203,42.000,44.203,41.000,35.000,35.000,32.996,35.773,36.129,34.363,4.087,0.080,11.695,1836.903,1708.128,1836.000,1700.000,0.000,,,,2,1789719089.557,100,0
1190.243,46.820,48.480,43.625,42.000,42.000,43.000,42.000,42.000,41.000,43.000,42.000,43.000,44.125,42.000,44.125,40.812,35.000,35.000,32.996,35.773,36.129,34.367,5.053,0.089,13.045,1848.875,1697.769,1836.000,1700.000,0.000,,,,2,1789719090.556,100,0
1191.247,46.715,48.289,43.438,42.000,41.000,43.000,42.000,41.000,41.000,42.000,42.000,44.000,44.000,42.000,43.453,40.812,35.000,35.000,32.996,35.773,36.129,34.371,3.589,0.078,11.221,1836.819,1708.104,1836.000,1700.000,0.000,,,,2,1789719091.566,100,0
1192.252,46.676,48.250,43.312,44.000,43.000,46.000,44.000,43.000,42.000,43.000,43.000,44.000,46.000,43.000,45.469,40.750,35.000,35.000,32.996,35.773,36.129,34.371,4.995,0.084,12.318,1829.891,1709.938,1836.000,1700.000,0.000,,,,2,1789719092.565,100,0
1193.256,46.574,48.148,43.312,42.000,41.000,43.000,42.000,41.000,41.000,42.000,42.000,43.000,43.359,42.000,43.359,40.625,35.000,35.000,32.996,35.773,36.129,34.375,2.977,0.070,10.584,1841.630,1696.345,1836.000,1700.000,0.000,,,,2,1789719093.574,100,0
1194.260,46.465,48.039,43.062,42.000,41.000,43.000,42.000,42.000,41.000,42.000,42.000,43.000,43.156,41.000,43.156,40.562,35.000,35.000,32.996,35.773,36.125,34.375,2.742,0.068,10.394,1846.315,1690.792,1836.000,1700.000,0.000,,,,2,1789719094.576,100,0
1195.265,46.367,47.941,43.062,42.000,41.000,43.000,42.000,41.000,41.000,42.000,42.000,43.000,43.312,42.000,43.312,40.625,35.000,35.000,32.996,35.773,36.129,34.379,3.008,0.075,10.354,1822.729,1708.055,1836.000,1700.000,0.000,,,,2,1789719095.577,100,0
1196.267,46.273,47.848,43.000,42.000,41.000,43.000,43.000,41.000,41.000,42.000,42.000,43.000,43.359,42.000,43.359,40.500,35.000,35.000,32.996,35.773,36.125,34.383,4.557,0.092,12.380,1825.271,1698.273,1836.000,1700.000,0.000,,,,2,1789719096.579,100,0
1197.269,46.184,47.758,42.875,42.000,41.000,43.000,42.000,41.000,42.000,42.000,42.000,44.000,44.000,41.000,43.438,40.562,35.000,35.000,32.996,35.773,36.125,34.383,5.024,0.079,12.649,1848.619,1698.281,1836.000,1700.000,0.000,,,,2,1789719097.587,100,0
1198.272,46.117,47.691,42.875,42.000,42.000,43.000,43.000,41.000,42.000,42.000,43.000,43.000,44.031,42.000,44.031,40.500,35.000,35.000,32.996,35.773,36.125,34.383,5.842,0.085,13.661,1837.147,1702.474,1836.000,1700.000,0.000,,,,2,1789719098.591,100,0
1199.273,46.043,47.617,43.000,42.000,41.000,43.000,42.000,41.000,42.000,42.000,42.000,44.000,44.000,42.000,43.781,40.625,35.000,35.000,32.996,35.770,36.121,34.383,4.518,0.078,12.415,1838.846,1703.787,1836.000,1700.000,0.000,,,,2,1789719099.589,100,0
1200.274,45.977,47.551,42.875,42.000,42.000,43.000,42.000,41.000,42.000,43.000,42.000,44.000,44.000,42.000,43.922,40.375,35.000,35.000,32.996,35.770,36.121,34.387,5.374,0.080,13.483,1827.578,1698.009,1836.000,1700.000,0.000,,,,2,1789719100.585,100,0
1201.275,45.895,47.391,42.875,42.000,41.000,43.000,42.000,41.000,41.000,42.000,42.000,43.000,43.328,41.000,43.328,40.438,35.000,35.000,32.996,35.766,36.117,34.387,4.958,0.080,12.371,1848.865,1697.673,1836.000,1700.000,0.000,,,,2,1789719101.586,100,0
1202.276,45.812,47.309,42.938,42.000,41.000,43.000,42.000,41.000,42.000,42.000,41.000,43.000,43.250,41.000,43.250,40.375,35.000,35.000,32.996,35.766,36.117,34.391,3.608,0.070,11.256,1832.574,1703.618,1836.000,1700.000,0.000,,,,2,1789719102.594,100,0
1203.279,45.727,47.223,42.812,42.000,42.000,43.000,43.000,41.000,41.000,42.000,42.000,43.000,43.109,42.000,43.109,40.312,35.000,35.000,32.996,35.766,36.117,34.391,3.383,0.069,10.920,1841.150,1690.077,1836.000,1700.000,0.000,,,,2,1789719103.595,100,0
1204.284,45.652,47.148,42.812,43.000,41.000,43.000,43.000,41.000,42.000,42.000,42.000,43.000,43.359,43.000,43.359,40.375,35.000,35.000,32.996,35.766,36.117,34.395,5.712,0.101,13.659,1836.950,1690.260,1836.000,1700.000,0.000,,,,2,1789719104.598,100,0
1205.289,45.574,47.070,42.812,42.000,41.000,43.000,42.000,41.000,41.000,42.000,41.000,43.000,43.156,41.000,43.156,40.375,35.000,35.000,32.996,35.762,36.113,34.395,3.919,0.077,11.480,1837.447,1713.853,1836.000,1700.000,0.000,,,,2,1789719105.607,100,0
1206.292,45.500,46.996,42.688,42.000,41.000,43.000,42.000,41.000,41.000,42.000,41.000,43.000,43.203,41.000,43.203,40.375,35.000,35.000,32.996,35.758,36.109,34.395,3.366,0.066,10.620,1837.485,1686.270,1836.000,1700.000,0.000,,,,2,1789719106.610,100,0
1207.295,45.426,46.922,42.625,42.000,41.000,43.000,41.000,40.000,41.000,41.000,41.000,43.000,43.047,41.000,43.047,40.188,35.000,35.000,32.996,35.758,36.109,34.395,2.793,0.065,10.021,1837.138,1700.881,1836.000,1700.000,0.000,,,,2,1789719107.613,100,0
1208.296,45.348,46.844,42.500,42.000,41.000,42.000,41.000,41.000,41.000,42.000,42.000,43.000,43.000,40.000,42.969,40.188,35.000,35.000,32.996,35.758,36.105,34.395,2.835,0.068,9.880,1825.502,1694.333,1836.000,1700.000,0.000,,,,2,1789719108.614,100,0
1209.296,45.273,46.770,42.375,42.000,41.000,43.000,42.000,41.000,41.000,42.000,42.000,43.000,43.000,41.000,42.938,40.062,35.000,35.000,32.996,35.754,36.102,34.395,2.938,0.068,10.822,1810.401,1692.374,1836.000,1700.000,0.000,,,,2,1789719109.614,100,0
1210.301,45.188,46.684,42.312,42.000,41.000,43.000,42.000,41.000,41.000,42.000,41.000,42.000,43.000,40.000,42.578,40.125,35.000,35.000,32.996,35.750,36.098,34.395,3.065,0.071,10.614,1826.095,1713.788,1836.000,1700.000,0.000,,,,2,1789719110.619,100,0
1211.302,45.121,46.543,42.250,42.000,41.000,43.000,42.000,41.000,41.000,42.000,42.000,43.000,43.000,41.000,42.984,40.188,35.000,35.000,32.996,35.750,36.094,34.391,4.127,0.087,12.202,1830.571,1704.150,1836.000,1700.000,0.000,,,,2,1789719111.621,100,0
1212.304,45.051,46.473,42.312,42.000,41.000,42.000,42.000,41.000,41.000,42.000,41.000,42.000,42.953,41.000,42.953,40.125,35.000,35.000,32.996,35.746,36.090,34.391,3.658,0.080,11.403,1828.451,1692.246,1836.000,1700.000,0.000,,,,2,1789719112.622,100,0
1213.306,44.980,46.402,42.188,42.000,40.000,42.000,42.000,41.000,40.000,42.000,42.000,42.000,42.766,40.000,42.766,40.000,35.000,35.000,32.996,35.742,36.086,34.391,2.929,0.069,10.255,1837.325,1712.052,1836.000,1700.000,0.000,,,,2,1789719113.625,100,0
1214.311,44.914,46.336,42.125,42.000,41.000,43.000,41.000,40.000,40.000,42.000,41.000,42.000,43.000,40.000,42.797,40.125,35.000,35.000,32.996,35.742,36.082,34.395,2.885,0.072,10.541,1837.569,1704.207,1836.000,1700.000,0.000,,,,2,1789719114.629,100,0
1215.316,44.859,46.281,42.000,42.000,41.000,43.000,42.000,41.000,41.000,42.000,42.000,42.000,43.172,41.000,43.172,40.000,35.000,35.000,32.996,35.738,36.078,34.387,5.221,0.081,12.826,1840.030,1690.133,1836.000,1700.000,0.000,,,,2,1789719115.633,100,0
1216.321,44.812,46.234,42.125,42.000,41.000,43.000,42.000,41.000,41.000,42.000,42.000,43.000,43.344,41.000,43.344,39.875,35.000,35.000,32.996,35.734,36.074,34.387,5.010,0.084,12.943,1844.820,1716.059,1836.000,1700.000,0.000,,,,2,1789719116.639,100,0
1217.326,44.766,46.188,42.062,42.000,41.000,43.000,42.000,40.000,41.000,42.000,42.000,42.000,43.359,41.000,43.359,40.000,35.000,35.000,32.996,35.734,36.066,34.387,4.979,0.084,12.643,1837.719,1704.360,1836.000,1700.000,0.000,,,,2,1789719117.644,100,0
1218.328,44.711,46.133,42.062,41.000,41.000,43.000,42.000,41.000,40.000,41.000,42.000,43.000,43.031,41.000,43.031,39.938,35.000,35.000,32.996,35.730,36.062,34.383,3.711,0.077,11.511,1824.235,1704.207,1836.000,1700.000,0.000,,,,2,1789719118.639,100,0
1219.331,44.656,46.078,42.062,42.000,41.000,43.000,42.000,40.000,40.000,42.000,42.000,43.000,43.000,40.000,42.984,39.875,35.000,35.000,32.996,35.727,36.059,34.383,4.711,0.083,11.956,1833.171,1700.504,1836.000,1700.000,0.000,,,,2,1789719119.648,100,0
1220.334,44.602,46.023,42.000,41.000,40.000,42.000,41.000,41.000,41.000,41.000,41.000,42.000,42.891,40.000,42.891,39.875,35.000,35.000,32.996,35.723,36.055,34.383,3.545,0.079,10.896,1844.725,1704.126,1836.000,1700.000,0.000,,,,2,1789719120.652,100,0
1221.339,44.531,45.883,41.875,41.000,41.000,42.000,42.000,41.000,41.000,41.000,41.000,42.000,42.344,40.000,42.344,40.000,35.000,35.000,32.996,35.719,36.047,34.379,3.082,0.074,10.664,1844.754,1702.095,1836.000,1700.000,0.000,,,,2,1789719121.657,100,0
1222.344,44.469,45.820,41.875,42.000,41.000,43.000,43.000,41.000,41.000,41.000,42.000,43.000,43.000,41.000,42.562,39.812,35.000,35.000,32.996,35.715,36.047,34.379,3.788,0.073,11.898,1858.774,1692.318,1836.000,1700.000,0.000,,,,2,1789719122.659,100,0
1223.348,44.426,45.777,41.812,42.000,41.000,43.000,41.000,41.000,41.000,42.000,41.000,43.000,43.031,41.000,43.031,39.750,35.000,35.000,32.996,35.711,36.039,34.375,5.946,0.084,13.142,1835.414,1698.289,1836.000,1700.000,0.000,,,,2,1789719123.666,100,0
1224.352,44.355,45.707,41.875,41.000,40.000,42.000,42.000,40.000,41.000,42.000,41.000,42.000,42.203,41.000,42.203,39.812,35.000,35.000,32.996,35.707,36.031,34.371,2.793,0.071,10.173,1840.218,1720.118,1836.000,1700.000,0.000,,,,2,1789719124.664,100,0
1225.352,44.289,45.641,41.812,41.000,40.000,42.000,41.000,41.000,41.000,42.000,41.000,42.000,42.250,41.000,42.250,39.625,35.000,35.000,32.996,35.703,36.027,34.371,3.146,0.073,10.262,1828.562,1698.330,1836.000,1700.000,0.000,,,,2,1789719125.670,100,0
1226.356,44.223,45.574,41.812,41.000,40.000,42.000,41.000,41.000,40.000,41.000,41.000,42.000,42.172,40.000,42.172,39.750,35.000,35.000,32.996,35.699,36.023,34.367,2.849,0.070,10.218,1835.424,1691.515,1836.000,1700.000,0.000,,,,2,1789719126.674,100,0
1227.361,44.191,45.543,41.750,42.000,41.000,42.000,42.000,41.000,41.000,41.000,41.000,42.000,43.188,41.000,43.188,39.625,35.000,35.000,32.996,35.695,36.020,34.367,6.027,0.087,13.866,1849.777,1716.247,1836.000,1700.000,0.000,,,,2,1789719127.673,100,0
1228.366,44.148,45.500,41.625,42.000,41.000,43.000,42.000,41.000,41.000,42.000,41.000,42.000,43.000,40.000,42.781,39.750,35.000,35.000,32.996,35.691,36.016,34.363,5.501,0.089,12.632,1821.604,1713.812,1836.000,1700.000,0.000,,,,2,1789719128.684,100,0
1229.371,44.086,45.438,41.750,41.000,40.000,41.000,41.000,41.000,41.000,41.000,42.000,42.000,42.172,40.000,42.172,39.625,35.000,35.000,32.996,35.688,36.008,34.359,2.761,0.068,10.095,1830.775,1686.578,1836.000,1700.000,0.000,,,,2,1789719129.689,100,0
1230.372,44.023,45.375,41.688,42.000,40.000,42.000,41.000,40.000,40.000,42.000,42.000,42.000,42.109,40.000,42.109,39.688,35.000,35.000,32.996,35.684,36.004,34.359,2.981,0.071,10.233,1851.776,1694.165,1836.000,1700.000,0.000,,,,2,1789719130.685,100,0
1231.372,43.969,45.250,41.562,42.000,41.000,43.000,42.000,41.000,40.000,42.000,42.000,43.000,43.000,41.000,42.266,39.625,35.000,35.000,32.996,35.680,35.996,34.352,3.729,0.080,11.912,1839.945,1714.416,1836.000,1700.000,0.000,,,,2,1789719131.690,100,0
1232.373,43.918,45.199,41.688,42.000,41.000,42.000,41.000,40.000,41.000,41.000,41.000,42.000,42.344,41.000,42.344,39.625,35.000,35.000,32.996,35.672,35.992,34.352,4.402,0.091,12.038,1821.420,1709.751,1836.000,1700.000,0.000,,,,2,1789719132.692,100,0
1233.374,43.863,45.145,41.438,41.000,40.000,42.000,41.000,40.000,41.000,41.000,41.000,42.000,42.188,40.000,42.188,39.562,35.000,35.000,32.996,35.672,35.984,34.348,2.879,0.073,11.011,1838.160,1698.241,1836.000,1700.000,0.000,,,,2,1789719133.692,100,0
1234.375,49.914,52.883,41.500,54.000,74.000,49.000,58.000,47.000,49.000,45.000,45.000,45.000,74.000,59.000,68.078,39.562,35.000,35.000,32.996,35.664,35.980,34.344,16.994,0.080,21.111,1832.891,1692.493,1836.000,1700.000,0.000,,,,2,1789719134.687,100,0
1235.379,56.547,61.207,42.000,55.000,77.000,49.000,59.000,48.000,50.000,47.000,47.000,47.000,77.000,61.000,76.438,39.625,35.000,35.000,32.996,35.660,35.973,34.340,33.339,0.090,41.148,1824.115,1698.346,1836.000,1700.000,0.000,,,,2,1789719135.690,100,0
1236.379,56.188,60.383,42.250,43.000,42.000,43.000,42.000,42.000,42.000,43.000,43.000,43.000,45.156,42.000,45.156,39.750,35.000,35.000,32.996,35.656,35.965,34.340,9.131,0.113,20.182,1842.441,1696.449,1836.000,1700.000,0.000,,,,2,1789719136.695,100,0
1237.379,55.781,59.555,42.188,42.000,41.000,43.000,42.000,41.000,41.000,42.000,42.000,42.000,43.188,41.000,43.188,39.812,35.000,35.000,32.996,35.652,35.961,34.336,2.951,0.072,10.567,1849.787,1708.290,1836.000,1700.000,0.000,,,,2,1789719137.696,100,0
1238.384,55.387,58.785,42.125,42.000,41.000,43.000,42.000,41.000,41.000,42.000,42.000,43.000,43.078,41.000,43.078,40.000,35.000,35.000,32.996,35.648,35.957,34.332,3.138,0.073,10.627,1837.888,1700.134,1836.000,1700.000,0.000,,,,2,1789719138.698,100,0
1239.389,55.000,58.398,42.000,42.000,41.000,43.000,42.000,41.000,41.000,42.000,42.000,42.000,43.016,41.000,43.016,39.938,35.000,35.000,32.996,35.645,35.949,34.328,2.832,0.069,10.093,1840.472,1698.361,1836.000,1700.000,0.000,,,,2,1789719139.704,100,0
1240.394,54.629,58.027,42.062,42.000,41.000,43.000,42.000,41.000,41.000,42.000,42.000,43.000,43.094,41.000,43.094,39.875,35.000,35.000,32.996,35.641,35.941,34.324,3.472,0.078,11.198,1840.434,1707.934,1836.000,1700.000,0.000,,,,2,1789719140.712,100,0
1241.398,54.262,57.660,41.938,41.000,40.000,43.000,42.000,40.000,41.000,42.000,41.000,42.000,43.000,40.000,42.969,40.000,35.000,35.000,32.996,35.637,35.938,34.320,2.852,0.071,10.261,1828.674,1692.127,1836.000,1700.000,0.000,,,,2,1789719141.714,100,0
1242.401,53.926,57.324,41.812,42.000,42.000,43.000,42.000,41.000,40.000,42.000,42.000,44.000,44.000,42.000,43.453,39.875,35.000,35.000,32.996,35.633,35.930,34.316,4.289,0.075,11.001,1828.692,1704.110,1836.000,1700.000,0.000,,,,2,1789719142.713,100,0
1243.405,53.605,57.004,41.812,42.000,41.000,43.000,42.000,41.000,40.000,42.000,42.000,43.000,43.734,42.000,43.734,39.750,35.000,35.000,32.996,35.629,35.926,34.312,6.068,0.085,14.030,1833.479,1703.908,1836.000,1700.000,0.000,,,,2,1789719143.720,100,0
1244.410,53.293,56.691,41.688,42.000,42.000,43.000,42.000,41.000,41.000,42.000,42.000,44.000,44.000,41.000,43.547,39.812,35.000,35.000,32.996,35.621,35.922,34.309,4.671,0.082,11.860,1838.310,1692.811,1836.000,1700.000,0.000,,,,2,1789719144.725,100,0
1245.414,52.965,56.363,41.938,41.000,41.000,42.000,41.000,40.000,41.000,42.000,41.000,43.000,43.000,41.000,42.844,39.812,35.000,35.000,32.996,35.621,35.914,34.305,3.213,0.076,11.017,1842.507,1689.189,1836.000,1700.000,0.000,,,,2,1789719145.725,100,0
1246.418,52.637,56.035,41.750,41.000,41.000,42.000,41.000,40.000,41.000,42.000,41.000,43.000,43.000,40.000,42.453,39.750,35.000,35.000,32.996,35.613,35.910,34.301,2.776,0.069,9.694,1821.982,1713.943,1836.000,1700.000,0.000,,,,2,1789719146.730,100,0
1247.420,52.316,55.715,41.688,41.000,40.000,42.000,42.000,40.000,40.000,42.000,42.000,42.000,42.344,40.000,42.344,39.688,35.000,35.000,32.996,35.609,35.906,34.301,2.717,0.066,10.019,1837.926,1692.748,1836.000,1700.000,0.000,,,,2,1789719147.736,100,0
1248.425,52.004,55.402,41.562,41.000,41.000,43.000,41.000,40.000,40.000,42.000,41.000,43.000,43.000,41.000,42.297,39.688,35.000,35.000,32.996,35.605,35.898,34.297,2.773,0.068,10.309,1840.397,1702.401,1836.000,1700.000,0.000,,,,2,1789719148.739,100,0
1249.427,51.715,55.113,41.562,42.000,41.000,42.000,41.000,41.000,41.000,42.000,41.000,44.000,44.000,41.000,42.812,39.562,35.000,35.000,32.996,35.602,35.895,34.293,3.842,0.072,10.743,1842.799,1704.457,1836.000,1700.000,0.000,,,,2,1789719149.739,100,0
1250.428,51.453,54.852,41.625,41.000,41.000,42.000,42.000,40.000,41.000,41.000,41.000,42.000,43.359,41.000,43.359,39.625,35.000,35.000,32.996,35.598,35.891,34.293,6.292,0.089,14.203,1837.785,1706.226,1836.000,1700.000,0.000,,,,2,1789719150.744,100,0
1251.431,51.188,54.586,41.562,42.000,41.000,43.000,42.000,41.000,41.000,42.000,42.000,42.000,43.000,41.000,42.891,39.688,35.000,35.000,32.996,35.594,35.887,34.289,3.912,0.082,11.209,1840.312,1694.484,1836.000,1700.000,0.000,,,,2,1789719151.749,100,0
1252.436,50.914,54.312,41.625,41.000,41.000,43.000,42.000,40.000,40.000,41.000,41.000,42.000,43.000,40.000,42.500,39.625,35.000,35.000,32.996,35.586,35.883,34.285,3.185,0.071,10.625,1828.999,1714.220,1836.000,1700.000,0.000,,,,2,1789719152.752,100,0
1253.439,50.656,54.055,41.562,42.000,41.000,43.000,42.000,40.000,41.000,42.000,41.000,42.000,43.000,40.000,42.641,39.562,35.000,35.000,32.996,35.582,35.875,34.281,3.047,0.069,10.321,1831.344,1692.390,1836.000,1700.000,0.000,,,,2,1789719153.751,100,0
1254.444,50.426,53.824,41.500,42.000,41.000,43.000,42.000,40.000,41.000,41.000,41.000,42.000,43.312,40.000,43.312,39.625,35.000,35.000,32.996,35.578,35.867,34.277,5.832,0.083,13.357,1815.175,1706.032,1836.000,1700.000,0.000,,,,2,1789719154.756,100,0
1255.449,50.191,53.590,41.438,42.000,41.000,43.000,42.000,40.000,41.000,41.000,41.000,42.000,43.000,41.000,42.938,39.500,35.000,35.000,32.996,35.574,35.863,34.277,5.282,0.085,13.173,1837.991,1698.346,1836.000,1700.000,0.000,,,,2,1789719155.762,100,0
1256.452,49.945,53.344,41.438,41.000,40.000,42.000,42.000,40.000,40.000,41.000,41.000,42.000,42.312,40.000,42.312,39.500,35.000,35.000,32.996,35.570,35.859,34.270,2.788,0.067,10.303,1833.274,1692.350,1836.000,1700.000,0.000,,,,2,1789719156.767,100,0
1257.457,49.734,53.133,41.375,41.000,40.000,43.000,42.000,41.000,40.000,42.000,41.000,43.000,43.125,41.000,43.125,39.562,35.000,35.000,32.996,35.562,35.852,34.266,5.313,0.078,13.155,1843.044,1715.912,1836.000,1700.000,0.000,,,,2,1789719157.768,100,0
1258.459,49.523,52.922,41.438,41.000,41.000,42.000,41.000,41.000,41.000,42.000,41.000,42.000,43.047,41.000,43.047,39.438,35.000,35.000,32.996,35.559,35.848,34.266,5.787,0.087,13.276,1838.095,1691.984,1836.000,1700.000,0.000,,,,2,1789719158.776,100,0
1259.464,49.340,52.398,41.375,46.000,47.000,54.000,44.000,43.000,42.000,43.000,42.000,42.000,54.000,43.000,43.609,39.500,35.000,35.000,32.996,35.555,35.844,34.262,3.918,0.073,11.557,1819.855,1690.681,1836.000,1700.000,0.000,,,,2,1789719159.777,100,0
1260.467,49.195,51.945,41.562,42.000,42.000,43.000,42.000,43.000,42.000,42.000,42.000,42.000,44.656,41.000,44.656,39.500,35.000,35.000,32.996,35.551,35.840,34.258,9.016,0.098,16.414,1840.557,1698.506,1836.000,1700.000,0.000,,,,2,1789719160.779,100,0
1261.468,49.031,51.781,41.688,42.000,41.000,43.000,42.000,41.000,41.000,44.000,41.000,42.000,44.000,41.000,43.969,39.438,35.000,35.000,32.996,35.547,35.832,34.254,6.683,0.070,14.123,1824.448,1698.738,1836.000,1700.000,0.000,,,,2,1789719161.781,100,0
1262.469,48.863,51.613,41.875,42.000,41.000,42.000,43.000,41.000,41.000,42.000,42.000,43.000,43.734,41.000,43.734,39.438,35.000,35.000,32.996,35.539,35.828,34.250,8.318,0.080,16.114,1849.968,1692.548,1836.000,1700.000,0.000,,,,2,1789719162.783,100,0
1263.474,48.730,51.480,42.000,44.000,43.000,46.000,44.000,42.000,42.000,43.000,42.000,43.000,46.000,42.000,44.578,39.625,35.000,35.000,32.996,35.535,35.824,34.246,7.906,0.075,15.893,1840.726,1707.828,1836.000,1700.000,0.000,,,,2,1789719163.788,100,0
1264.478,48.566,51.316,42.062,41.000,41.000,43.000,42.000,41.000,41.000,42.000,41.000,44.000,44.000,42.000,43.422,39.500,35.000,35.000,32.996,35.531,35.820,34.246,6.614,0.085,14.596,1829.120,1686.356,1836.000,1700.000,0.000,,,,2,1789719164.790,100,0
1265.479,48.398,51.148,41.875,41.000,40.000,42.000,41.000,41.000,41.000,42.000,41.000,43.000,43.234,41.000,43.234,39.438,35.000,35.000,32.996,35.527,35.812,34.238,6.085,0.085,13.978,1833.657,1684.731,1836.000,1700.000,0.000,,,,2,1789719165.798,100,0
1266.484,48.227,50.977,41.938,41.000,41.000,42.000,41.000,40.000,41.000,41.000,41.000,42.000,42.906,40.000,42.906,39.438,35.000,35.000,32.996,35.523,35.812,34.238,3.375,0.074,10.721,1845.378,1696.537,1836.000,1700.000,0.000,,,,2,1789719166.803,100,0
1267.485,48.039,50.789,41.750,41.000,40.000,42.000,41.000,40.000,41.000,41.000,41.000,42.000,42.266,40.000,42.266,39.500,35.000,35.000,32.996,35.520,35.809,34.238,2.909,0.069,10.052,1838.771,1692.397,1836.000,1700.000,0.000,,,,2,1789719167.804,100,0
1268.487,47.855,50.605,41.562,41.000,40.000,42.000,42.000,40.000,41.000,41.000,41.000,42.000,42.141,40.000,42.141,39.375,35.000,35.000,32.996,35.516,35.805,34.230,2.684,0.065,9.720,1829.185,1686.704,1836.000,1700.000,0.000,,,,2,1789719168.805,100,0
1269.491,47.680,50.430,41.375,42.000,44.000,42.000,42.000,40.000,40.000,41.000,44.000,42.000,44.000,41.000,42.188,39.500,35.000,35.000,32.996,35.508,35.801,34.227,2.853,0.065,10.325,1822.268,1694.365,1836.000,1700.000,0.000,,,,2,1789719169.806,100,0
1270.496,47.508,50.117,41.375,41.000,40.000,43.000,42.000,40.000,41.000,41.000,41.000,42.000,43.000,40.000,42.172,39.312,35.000,35.000,32.996,35.504,35.793,34.223,3.049,0.070,10.409,1850.006,1704.142,1836.000,1700.000,0.000,,,,2,1789719170.813,100,0
1271.501,47.340,49.949,41.438,41.000,40.000,41.000,41.000,40.000,41.000,41.000,40.000,42.000,42.188,40.000,42.188,39.312,35.000,35.000,32.996,35.500,35.789,34.219,2.976,0.067,10.613,1845.208,1698.442,1836.000,1700.000,0.000,,,,2,1789719171.817,100,0
1272.502,47.176,49.785,41.375,41.000,40.000,41.000,41.000,40.000,40.000,41.000,40.000,42.000,42.047,40.000,42.047,39.250,35.000,35.000,32.996,35.496,35.781,34.215,2.743,0.065,10.233,1838.432,1692.390,1836.000,1700.000,0.000,,,,2,1789719172.819,100,0
1273.503,47.020,49.629,41.188,41.000,40.000,42.000,41.000,40.000,40.000,41.000,41.000,42.000,42.141,40.000,42.141,39.188,35.000,35.000,32.996,35.492,35.781,34.215,3.927,0.076,11.038,1822.240,1704.182,1836.000,1700.000,0.000,,,,2,1789719173.816,100,0
1274.503,46.906,49.516,41.250,41.000,40.000,43.000,42.000,42.000,40.000,42.000,41.000,42.000,43.516,40.000,43.516,39.250,35.000,35.000,32.996,35.488,35.773,34.211,4.667,0.064,12.431,1838.310,1704.594,1836.000,1700.000,0.000,,,,2,1789719174.817,100,0
1275.505,46.801,49.410,41.500,41.000,41.000,43.000,42.000,40.000,42.000,42.000,41.000,42.000,43.453,41.000,43.453,39.312,35.000,35.000,32.996,35.484,35.770,34.207,7.217,0.074,15.068,1838.320,1700.495,1836.000,1700.000,0.000,,,,2,1789719175.823,100,0
1276.508,46.664,49.273,41.438,40.000,40.000,42.000,42.000,40.000,41.000,41.000,41.000,42.000,42.469,40.000,42.469,39.250,35.000,35.000,32.996,35.480,35.766,34.203,5.406,0.077,13.249,1831.390,1694.070,1836.000,1700.000,0.000,,,,2,1789719176.826,100,0
1277.512,46.527,49.137,41.375,40.000,40.000,42.000,41.000,40.000,40.000,41.000,40.000,42.000,42.203,40.000,42.203,39.312,35.000,35.000,32.996,35.477,35.758,34.199,3.247,0.077,10.857,1840.943,1708.631,1836.000,1700.000,0.000,,,,2,1789719177.830,100,0
1278.515,46.387,48.996,41.312,41.000,41.000,42.000,41.000,40.000,40.000,42.000,41.000,42.000,42.062,40.000,42.062,39.188,35.000,35.000,32.996,35.473,35.754,34.199,3.062,0.070,10.924,1835.807,1692.708,1836.000,1700.000,0.000,,,,2,1789719178.826,100,0
1279.515,46.262,48.871,41.250,41.000,40.000,41.000,41.000,40.000,39.000,41.000,41.000,42.000,42.359,40.000,42.359,39.250,35.000,35.000,32.996,35.469,35.746,34.191,3.503,0.075,10.731,1845.577,1692.230,1836.000,1700.000,0.000,,,,2,1789719179.833,100,0
1280.520,46.156,48.637,41.125,43.000,42.000,44.000,43.000,43.000,41.000,43.000,42.000,44.000,44.000,42.000,42.906,39.188,35.000,35.000,32.996,35.465,35.742,34.188,6.360,0.091,14.872,1838.799,1696.633,1836.000,1700.000,0.000,,,,2,1789719180.839,100,0
1281.524,46.031,48.512,41.125,40.000,40.000,42.000,42.000,40.000,40.000,41.000,41.000,42.000,42.141,40.000,42.141,39.250,35.000,35.000,32.996,35.461,35.738,34.188,4.403,0.084,10.990,1836.426,1704.755,1836.000,1700.000,0.000,,,,2,1789719181.843,100,0
1282.527,45.902,48.383,41.250,41.000,40.000,42.000,40.000,40.000,39.000,41.000,40.000,42.000,42.000,40.000,42.000,39.188,35.000,35.000,32.996,35.457,35.730,34.180,2.769,0.069,10.257,1824.984,1702.917,1836.000,1700.000,0.000,,,,2,1789719182.845,100,0
1283.530,45.781,48.262,41.062,40.000,40.000,41.000,40.000,40.000,40.000,41.000,41.000,42.000,42.000,40.000,41.984,39.125,35.000,35.000,32.996,35.453,35.727,34.180,2.837,0.070,10.294,1822.416,1692.748,1836.000,1700.000,0.000,,,,2,1789719183.848,100,0
1284.535,45.664,48.145,41.000,41.000,40.000,41.000,41.000,40.000,40.000,41.000,40.000,42.000,42.047,40.000,42.047,39.125,35.000,35.000,32.996,35.449,35.723,34.172,3.107,0.073,10.378,1850.234,1704.400,1836.000,1700.000,0.000,,,,2,1789719184.853,100,0
1285.540,45.543,48.023,40.875,40.000,40.000,42.000,40.000,40.000,39.000,41.000,41.000,42.000,42.000,39.000,41.797,39.062,35.000,35.000,32.996,35.441,35.715,34.168,2.811,0.071,10.238,1836.360,1708.315,1836.000,1700.000,0.000,,,,2,1789719185.858,100,0
1286.542,45.430,47.910,40.938,40.000,40.000,41.000,41.000,40.000,39.000,41.000,40.000,42.000,42.000,40.000,41.875,39.062,35.000,35.000,32.996,35.438,35.711,34.164,2.701,0.067,9.935,1843.290,1703.352,1836.000,1700.000,0.000,,,,2,1789719186.860,100,0
1287.545,45.312,47.793,40.812,40.000,39.000,42.000,40.000,40.000,40.000,41.000,40.000,41.000,42.000,40.000,41.734,39.000,35.000,35.000,32.996,35.434,35.703,34.160,2.699,0.067,9.988,1833.666,1692.947,1836.000,1700.000,0.000,,,,2,1789719187.858,100,0
1288.545,45.227,47.707,40.875,41.000,41.000,41.000,42.000,40.000,40.000,41.000,41.000,43.000,43.000,41.000,42.469,38.938,35.000,35.000,32.996,35.430,35.703,34.160,4.529,0.076,11.206,1843.328,1696.713,1836.000,1700.000,0.000,,,,2,1789719188.864,100,0
1289.549,45.113,47.594,40.750,40.000,40.000,41.000,41.000,39.000,39.000,41.000,41.000,42.000,42.000,39.000,41.641,38.938,35.000,35.000,32.996,35.426,35.695,34.156,3.106,0.072,11.613,1822.545,1692.978,1836.000,1700.000,0.000,,,,2,1789719189.867,100,0
1290.554,45.051,47.406,40.875,42.000,41.000,42.000,42.000,40.000,40.000,41.000,41.000,43.000,43.188,41.000,43.188,39.000,35.000,35.000,32.996,35.418,35.691,34.152,9.202,0.102,16.427,1838.818,1692.923,1836.000,1700.000,0.000,,,,2,1789719190.873,100,0
1291.559,44.953,47.309,40.750,40.000,40.000,41.000,41.000,40.000,40.000,41.000,41.000,42.000,42.000,40.000,41.828,38.938,35.000,35.000,32.996,35.414,35.684,34.145,3.373,0.076,11.436,1838.301,1704.554,1836.000,1700.000,0.000,,,,2,1789719191.878,100,0
1292.564,44.844,47.199,40.812,40.000,40.000,41.000,41.000,40.000,39.000,41.000,40.000,41.000,41.500,39.000,41.500,39.000,35.000,35.000,32.996,35.410,35.680,34.145,2.746,0.067,10.171,1833.853,1708.639,1836.000,1700.000,0.000,,,,2,1789719192.882,100,0
1293.565,44.762,47.117,40.750,40.000,41.000,42.000,41.000,40.000,40.000,41.000,41.000,42.000,42.156,40.000,42.156,38.938,35.000,35.000,32.996,35.406,35.672,34.137,3.950,0.073,11.299,1831.595,1692.612,1836.000,1700.000,0.000,,,,2,1789719193.877,100,0
1294.568,44.672,47.027,40.688,40.000,40.000,41.000,41.000,40.000,40.000,41.000,40.000,41.000,41.969,40.000,41.969,38.938,35.000,35.000,32.996,35.398,35.664,34.133,4.188,0.081,12.284,1841.056,1698.354,1836.000,1700.000,0.000,,,,2,1789719194.887,100,0
1295.569,44.609,46.965,40.812,41.000,41.000,42.000,42.000,40.000,41.000,41.000,41.000,43.000,43.000,41.000,42.594,38.938,35.000,35.000,32.996,35.395,35.660,34.129,6.301,0.084,13.454,1838.780,1695.977,1836.000,1700.000,0.000,,,,2,1789719195.888,100,0
1296.575,44.512,46.867,40.688,40.000,40.000,41.000,41.000,40.000,39.000,41.000,41.000,41.000,41.594,39.000,41.594,38.875,35.000,35.000,32.996,35.391,35.656,34.125,3.461,0.074,11.984,1836.397,1704.554,1836.000,1700.000,0.000,,,,2,1789719196.888,100,0
1297.575,44.441,46.797,40.625,41.000,40.000,42.000,41.000,41.000,40.000,42.000,41.000,42.000,42.250,40.000,42.250,38.750,35.000,35.000,32.996,35.387,35.648,34.121,5.298,0.079,12.361,1824.762,1698.289,1836.000,1700.000,0.000,,,,2,1789719197.894,100,0
1298.578,44.367,46.723,40.688,40.000,41.000,42.000,41.000,40.000,40.000,41.000,41.000,43.000,43.000,40.000,42.062,38.875,35.000,35.000,32.996,35.383,35.645,34.113,5.143,0.083,12.834,1838.620,1692.676,1836.000,1700.000,0.000,,,,2,1789719198.890,100,0
1299.580,44.301,46.656,40.812,41.000,40.000,41.000,41.000,40.000,40.000,41.000,41.000,42.000,42.203,40.000,42.203,38.750,35.000,35.000,32.996,35.379,35.641,34.109,6.153,0.094,14.634,1838.864,1700.190,1836.000,1700.000,0.000,,,,2,1789719199.893,100,0
1300.585,44.230,46.469,40.875,41.000,40.000,41.000,41.000,39.000,40.000,41.000,40.000,42.000,42.000,40.000,42.000,38.812,35.000,35.000,32.996,35.371,35.637,34.105,3.791,0.081,11.328,1829.082,1698.185,1836.000,1700.000,0.000,,,,2,1789719200.896,100,0
1301.585,44.141,46.379,40.688,41.000,40.000,41.000,41.000,40.000,39.000,41.000,40.000,41.000,41.406,40.000,41.406,38.812,35.000,35.000,32.996,35.367,35.629,34.102,2.855,0.071,10.497,1831.418,1710.068,1836.000,1700.000,0.000,,,,2,1789719201.903,100,0
1302.585,44.066,46.305,40.688,40.000,40.000,41.000,41.000,40.000,39.000,41.000,40.000,41.000,41.703,40.000,41.703,38.875,35.000,35.000,32.996,35.363,35.625,34.098,2.767,0.067,10.199,1829.129,1703.827,1836.000,1700.000,0.000,,,,2,1789719202.897,100,0
1303.587,43.996,46.234,40.625,41.000,41.000,42.000,41.000,40.000,40.000,41.000,40.000,42.000,42.000,41.000,41.938,38.875,35.000,35.000,32.996,35.359,35.621,34.094,3.897,0.082,11.178,1838.545,1692.620,1836.000,1700.000,0.000,,,,2,1789719203.899,100,0
1304.592,43.938,46.176,40.688,40.000,40.000,42.000,41.000,40.000,40.000,41.000,40.000,41.000,42.031,40.000,42.031,38.750,35.000,35.000,32.996,35.355,35.613,34.090,4.950,0.094,12.841,1829.231,1692.748,1836.000,1700.000,0.000,,,,2,1789719204.911,100,0
1305.593,43.863,46.102,40.625,41.000,40.000,41.000,40.000,39.000,39.000,41.000,40.000,41.000,41.609,40.000,41.609,38.750,35.000,35.000,32.996,35.348,35.609,34.082,3.222,0.077,10.857,1822.471,1712.247,1836.000,1700.000,0.000,,,,2,1789719205.911,100,0
1306.598,43.781,46.020,40.562,40.000,40.000,41.000,41.000,40.000,39.000,41.000,40.000,42.000,42.000,40.000,41.281,38.750,35.000,35.000,32.996,35.344,35.602,34.078,2.762,0.070,9.728,1843.252,1684.778,1836.000,1700.000,0.000,,,,2,1789719206.916,100,0
1307.603,43.703,45.941,40.438,41.000,40.000,41.000,40.000,40.000,39.000,41.000,40.000,41.000,41.188,40.000,41.188,38.750,35.000,35.000,32.996,35.340,35.598,34.074,2.758,0.073,9.892,1824.771,1698.113,1836.000,1700.000,0.000,,,,2,1789719207.921,100,0
1308.608,43.625,45.863,40.438,40.000,40.000,41.000,41.000,39.000,39.000,41.000,40.000,41.000,41.281,40.000,41.281,38.750,35.000,35.000,32.996,35.332,35.590,34.070,3.266,0.076,10.283,1835.892,1700.423,1836.000,1700.000,0.000,,,,2,1789719208.922,100,0
1309.608,43.555,45.793,40.375,40.000,39.000,41.000,40.000,39.000,39.000,41.000,40.000,41.000,41.281,39.000,41.281,38.750,35.000,35.000,32.996,35.328,35.586,34.066,2.788,0.071,10.271,1834.031,1702.522,1836.000,1700.000,0.000,,,,2,1789719209.922,100,0
1310.613,43.480,45.605,40.375,41.000,39.000,41.000,41.000,39.000,39.000,40.000,40.000,42.000,42.000,39.000,41.188,38.625,35.000,35.000,32.996,35.324,35.582,34.062,2.842,0.072,10.001,1829.436,1712.475,1836.000,1700.000,0.000,,,,2,1789719210.926,100,0
1311.618,43.441,45.566,40.312,40.000,40.000,41.000,41.000,40.000,39.000,41.000,41.000,42.000,42.250,39.000,42.250,38.562,35.000,35.000,32.996,35.320,35.574,34.059,6.049,0.093,13.465,1843.403,1692.827,1836.000,1700.000,0.000,,,,2,1789719211.937,100,0
1312.618,43.375,45.500,40.438,41.000,39.000,41.000,41.000,39.000,39.000,41.000,40.000,41.000,41.312,39.000,41.312,38.625,35.000,35.000,32.996,35.312,35.570,34.055,2.911,0.074,10.111,1845.832,1702.055,1836.000,1700.000,0.000,,,,2,1789719212.928,100,0
1313.623,43.332,45.457,40.250,41.000,40.000,41.000,42.000,40.000,39.000,41.000,40.000,42.000,42.016,40.000,42.016,38.625,35.000,35.000,32.996,35.309,35.562,34.047,4.954,0.095,12.786,1836.669,1700.415,1836.000,1700.000,0.000,,,,2,1789719213.938,100,0
1314.628,43.281,45.406,40.312,40.000,40.000,41.000,41.000,39.000,39.000,41.000,40.000,42.000,42.000,40.000,41.750,38.625,35.000,35.000,32.996,35.305,35.559,34.043,4.001,0.084,11.752,1822.785,1702.466,1836.000,1700.000,0.000,,,,2,1789719214.948,100,0
1315.633,43.230,45.355,40.312,40.000,39.000,41.000,40.000,40.000,39.000,41.000,40.000,42.000,42.000,39.000,41.562,38.562,35.000,35.000,32.996,35.297,35.551,34.039,3.044,0.074,10.341,1822.923,1688.864,1836.000,1700.000,0.000,,,,2,1789719215.953,100,0
1316.638,43.168,45.293,40.312,40.000,40.000,41.000,40.000,39.000,39.000,40.000,40.000,41.000,41.250,39.000,41.250,38.625,35.000,35.000,32.996,35.293,35.543,34.035,2.805,0.071,10.057,1841.187,1700.222,1836.000,1700.000,0.000,,,,2,1789719216.956,100,0
1317.641,43.105,45.230,40.312,39.000,39.000,41.000,40.000,39.000,39.000,41.000,40.000,41.000,41.203,39.000,41.203,38.625,35.000,35.000,32.996,35.285,35.539,34.027,2.857,0.069,10.125,1848.324,1716.362,1836.000,1700.000,0.000,,,,2,1789719217.961,100,0
1318.645,43.043,45.168,40.250,40.000,39.000,41.000,41.000,39.000,39.000,41.000,41.000,41.000,41.156,39.000,41.156,38.500,35.000,35.000,32.996,35.281,35.531,34.027,2.884,0.069,10.329,1834.367,1694.269,1836.000,1700.000,0.000,,,,2,1789719218.964,100,0
1319.650,42.984,45.109,40.062,40.000,39.000,41.000,40.000,40.000,39.000,40.000,40.000,41.000,41.094,39.000,41.094,38.438,35.000,35.000,32.996,35.277,35.527,34.020,2.740,0.070,10.054,1829.361,1692.827,1836.000,1700.000,0.000,,,,2,1789719219.965,100,0
1320.651,42.926,44.945,40.188,40.000,39.000,40.000,41.000,39.000,39.000,40.000,40.000,41.000,41.141,39.000,41.141,38.438,35.000,35.000,32.996,35.270,35.520,34.016,2.839,0.069,9.901,1838.827,1700.600,1836.000,1700.000,0.000,,,,2,1789719220.970,100,0
1321.654,42.867,44.887,40.062,39.000,39.000,41.000,40.000,39.000,39.000,41.000,40.000,41.000,41.109,39.000,41.109,38.500,35.000,35.000,32.996,35.266,35.512,34.012,2.858,0.071,9.897,1829.268,1704.449,1836.000,1700.000,0.000,,,,2,1789719221.972,100,0
1322.658,42.812,44.832,40.125,39.000,39.000,41.000,40.000,39.000,39.000,40.000,40.000,41.000,41.062,39.000,41.062,38.375,35.000,35.000,32.996,35.258,35.504,34.004,2.691,0.071,9.936,1839.024,1710.189,1836.000,1700.000,0.000,,,,2,1789719222.977,100,0
1323.658,42.758,44.777,40.000,40.000,39.000,41.000,40.000,39.000,39.000,41.000,40.000,41.000,41.109,39.000,41.109,38.375,35.000,35.000,32.996,35.254,35.496,34.000,3.116,0.073,10.573,1838.855,1702.232,1836.000,1700.000,0.000,,,,2,1789719223.976,100,0
1324.662,42.707,44.727,39.875,40.000,39.000,41.000,40.000,39.000,39.000,40.000,40.000,41.000,41.062,38.000,41.062,38.375,35.000,35.000,32.996,35.246,35.488,33.992,2.792,0.063,10.347,1839.005,1686.657,1836.000,1700.000,0.000,,,,2,1789719224.981,100,0
1325.664,42.656,44.676,39.875,40.000,39.000,40.000,41.000,39.000,39.000,41.000,40.000,41.000,41.078,39.000,41.078,38.312,35.000,35.000,32.996,35.242,35.480,33.988,3.152,0.069,10.627,1836.575,1692.159,1836.000,1700.000,0.000,,,,2,1789719225.982,100,0
1326.669,42.629,44.648,39.938,40.000,40.000,41.000,42.000,39.000,39.000,41.000,40.000,41.000,42.000,39.000,41.766,38.500,35.000,35.000,32.996,35.238,35.473,33.980,3.593,0.071,10.939,1829.659,1700.126,1836.000,1700.000,0.000,,,,2,1789719226.986,100,0
1327.669,42.578,44.598,39.938,40.000,39.000,41.000,40.000,39.000,39.000,40.000,40.000,41.000,41.094,39.000,41.094,38.375,35.000,35.000,32.996,35.230,35.465,33.977,2.716,0.069,9.972,1818.421,1704.828,1836.000,1700.000,0.000,,,,2,1789719227.988,100,0
1328.671,42.535,44.555,39.812,40.000,39.000,41.000,40.000,39.000,39.000,40.000,40.000,41.000,41.109,39.000,41.109,38.375,35.000,35.000,32.996,35.227,35.457,33.973,3.350,0.076,10.520,1841.168,1694.476,1836.000,1700.000,0.000,,,,2,1789719228.983,100,0
1329.672,42.508,44.527,39.875,40.000,41.000,41.000,41.000,41.000,39.000,41.000,40.000,41.000,41.672,40.000,41.672,38.375,35.000,35.000,32.996,35.219,35.453,33.969,4.516,0.094,12.481,1843.837,1700.817,1836.000,1700.000,0.000,,,,2,1789719229.990,100,0
1330.676,42.473,44.391,39.938,40.000,40.000,41.000,41.000,39.000,39.000,41.000,40.000,41.000,41.375,40.000,41.375,38.250,35.000,35.000,32.996,35.215,35.445,33.961,4.742,0.091,12.863,1832.061,1687.558,1836.000,1700.000,0.000,,,,2,1789719230.995,100,0
1331.680,42.430,44.348,39.875,40.000,40.000,41.000,40.000,40.000,39.000,40.000,39.000,41.000,41.172,39.000,41.172,38.250,35.000,35.000,32.996,35.207,35.438,33.957,4.302,0.088,12.053,1839.043,1694.947,1836.000,1700.000,0.000,,,,2,1789719231.998,100,0
1332.681,42.391,44.309,39.875,40.000,40.000,41.000,41.000,39.000,39.000,40.000,40.000,41.000,41.172,39.000,41.172,38.438,35.000,35.000,32.996,35.203,35.430,33.949,3.466,0.076,11.012,1827.458,1698.578,1836.000,1700.000,0.000,,,,2,1789719233.000,100,0
1333.686,42.352,44.270,39.875,40.000,39.000,40.000,40.000,39.000,39.000,40.000,39.000,41.000,41.078,39.000,41.078,38.312,35.000,35.000,32.996,35.195,35.422,33.945,2.772,0.068,10.140,1822.877,1690.808,1836.000,1700.000,0.000,,,,2,1789719234.005,100,0
1334.691,42.309,44.227,39.875,39.000,39.000,41.000,40.000,39.000,38.000,40.000,40.000,41.000,41.016,39.000,41.016,38.188,35.000,35.000,32.996,35.188,35.414,33.941,2.678,0.067,9.559,1841.621,1684.707,1836.000,1700.000,0.000,,,,2,1789719235.009,100,0
1335.695,42.270,44.188,39.625,40.000,39.000,41.000,40.000,39.000,39.000,40.000,39.000,41.000,41.094,39.000,41.094,38.312,35.000,35.000,32.996,35.184,35.406,33.934,2.777,0.071,10.201,1839.034,1698.193,1836.000,1700.000,0.000,,,,2,1789719236.013,100,0
1336.698,42.234,44.152,39.750,39.000,39.000,41.000,40.000,39.000,39.000,40.000,40.000,41.000,41.141,38.000,41.141,38.188,35.000,35.000,32.996,35.180,35.402,33.934,2.974,0.071,10.711,1834.694,1687.036,1836.000,1700.000,0.000,,,,2,1789719237.016,100,0
1337.701,42.199,44.117,39.625,39.000,39.000,41.000,40.000,39.000,39.000,40.000,39.000,41.000,41.094,39.000,41.094,38.188,35.000,35.000,32.996,35.172,35.395,33.926,2.768,0.069,10.015,1839.099,1686.823,1836.000,1700.000,0.000,,,,2,1789719238.018,100,0
1338.704,42.164,44.082,39.688,39.000,39.000,40.000,40.000,39.000,38.000,40.000,39.000,41.000,41.047,39.000,41.047,38.125,35.000,35.000,32.996,35.168,35.387,33.922,2.893,0.066,10.022,1839.259,1690.903,1836.000,1700.000,0.000,,,,2,1789719239.020,100,0
1339.705,42.129,44.047,39.750,40.000,39.000,41.000,40.000,39.000,39.000,40.000,39.000,41.000,41.031,39.000,41.031,38.062,35.000,35.000,32.996,35.160,35.379,33.914,2.822,0.063,10.276,1839.428,1694.636,1836.000,1700.000,0.000,,,,2,1789719240.015,100,0
1340.706,42.098,43.922,39.688,40.000,40.000,41.000,40.000,39.000,39.000,40.000,39.000,40.000,41.188,39.000,41.188,38.188,35.000,35.000,32.996,35.156,35.371,33.910,3.421,0.077,10.860,1839.484,1712.516,1836.000,1700.000,0.000,,,,2,1789719241.021,100,0
1341.711,42.070,43.895,39.688,39.000,39.000,41.000,40.000,39.000,39.000,40.000,40.000,41.000,41.141,39.000,41.141,38.188,35.000,35.000,32.996,35.148,35.367,33.906,3.385,0.074,10.645,1843.412,1702.562,1836.000,1700.000,0.000,,,,2,1789719242.024,100,0
1342.712,42.039,43.863,39.688,40.000,39.000,41.000,40.000,39.000,39.000,40.000,39.000,40.000,41.047,39.000,41.047,38.062,35.000,35.000,32.996,35.145,35.359,33.898,2.675,0.066,9.817,1829.919,1686.957,1836.000,1700.000,0.000,,,,2,1789719243.025,100,0
1343.713,42.008,43.832,39.625,40.000,39.000,41.000,41.000,39.000,39.000,40.000,39.000,41.000,41.094,38.000,41.094,38.125,35.000,35.000,32.996,35.137,35.352,33.895,3.018,0.067,10.131,1839.165,1692.413,1836.000,1700.000,0.000,,,,2,1789719244.026,100,0
1344.714,41.977,43.801,39.500,40.000,39.000,40.000,40.000,39.000,39.000,40.000,39.000,40.000,41.000,39.000,41.000,38.188,35.000,35.000,32.996,35.129,35.344,33.891,2.764,0.065,10.296,1829.873,1710.978,1836.000,1700.000,0.000,,,,2,1789719245.025,100,0
1345.714,42.012,43.836,39.562,41.000,39.000,41.000,41.000,40.000,39.000,41.000,40.000,41.000,43.062,40.000,43.062,38.125,35.000,35.000,32.996,35.125,35.336,33.883,5.967,0.092,13.232,1838.892,1698.754,1836.000,1700.000,0.000,,,,2,1789719246.027,100,0
1346.715,41.988,43.812,39.750,40.000,39.000,41.000,41.000,39.000,40.000,40.000,40.000,40.000,41.297,40.000,41.297,38.125,35.000,35.000,32.996,35.121,35.332,33.879,3.445,0.074,10.740,1839.015,1712.736,1836.000,1700.000,0.000,,,,2,1789719247.024,100,0
1347.718,42.742,44.984,39.562,46.000,44.000,47.000,49.000,43.000,43.000,42.000,41.000,42.000,49.000,44.000,48.781,38.000,35.000,35.000,32.996,35.113,35.324,33.875,10.802,0.131,16.195,1838.939,1686.649,1836.000,1700.000,0.000,,,,2,1789719248.028,100,0
1348.723,42.730,44.750,39.750,41.000,40.000,42.000,41.000,40.000,40.000,41.000,40.000,41.000,42.484,40.000,42.484,38.062,35.000,35.000,32.996,35.109,35.316,33.867,5.194,0.095,15.317,1841.291,1692.533,1836.000,1700.000,0.000,,,,2,1789719249.038,100,0
1349.726,42.684,44.703,39.812,40.000,39.000,41.000,40.000,39.000,39.000,40.000,40.000,41.000,41.219,39.000,41.219,38.125,35.000,35.000,32.996,35.102,35.309,33.863,3.606,0.072,10.991,1846.239,1698.378,1836.000,1700.000,0.000,,,,2,1789719250.038,100,0
1350.732,42.637,44.656,39.562,39.000,39.000,41.000,40.000,39.000,39.000,40.000,40.000,41.000,41.094,39.000,41.094,38.125,35.000,35.000,32.996,35.094,35.305,33.859,2.834,0.068,10.064,1839.870,1700.600,1836.000,1700.000,0.000,,,,2,1789719251.050,100,0
1351.736,42.598,44.617,39.750,40.000,40.000,41.000,42.000,39.000,39.000,41.000,40.000,41.000,42.000,40.000,41.406,38.125,35.000,35.000,32.996,35.086,35.297,33.855,3.822,0.082,11.159,1838.996,1702.401,1836.000,1700.000,0.000,,,,2,1789719252.050,100,0
1352.740,42.551,44.570,39.625,40.000,40.000,41.000,40.000,39.000,39.000,40.000,40.000,41.000,41.109,39.000,41.109,38.125,35.000,35.000,32.996,35.082,35.289,33.848,3.768,0.084,11.995,1825.336,1702.248,1836.000,1700.000,0.000,,,,2,1789719253.053,100,0
1353.744,42.500,44.520,39.562,39.000,39.000,40.000,40.000,39.000,39.000,40.000,40.000,40.000,40.984,39.000,40.984,38.062,35.000,35.000,32.996,35.074,35.281,33.844,3.122,0.077,10.520,1839.494,1698.081,1836.000,1700.000,0.000,,,,2,1789719254.062,100,0
1354.747,42.461,44.480,39.562,40.000,40.000,41.000,42.000,39.000,39.000,40.000,40.000,41.000,42.000,40.000,41.188,38.125,35.000,35.000,32.996,35.070,35.277,33.840,3.566,0.077,10.501,1837.082,1706.202,1836.000,1700.000,0.000,,,,2,1789719255.062,100,0
1355.752,42.426,44.445,39.688,40.000,40.000,41.000,40.000,39.000,39.000,40.000,40.000,41.000,41.312,39.000,41.312,38.000,35.000,35.000,32.996,35.062,35.270,33.832,4.931,0.097,13.270,1841.630,1704.069,1836.000,1700.000,0.000,,,,2,1789719256.070,100,0
1356.752,42.383,44.402,39.688,41.000,39.000,41.000,40.000,39.000,39.000,40.000,39.000,40.000,41.109,39.000,41.109,38.125,35.000,35.000,32.996,35.059,35.262,33.828,3.575,0.083,11.754,1832.434,1702.498,1836.000,1700.000,0.000,,,,2,1789719257.071,100,0
1357.755,42.340,44.359,39.500,39.000,39.000,41.000,40.000,39.000,39.000,41.000,39.000,41.000,41.047,38.000,41.047,38.000,35.000,35.000,31.996,35.055,35.258,33.816,2.998,0.074,10.268,1823.348,1708.469,1836.000,1700.000,0.000,,,,2,1789719258.074,100,0
1358.756,42.301,44.219,39.562,40.000,39.000,41.000,40.000,39.000,39.000,40.000,40.000,40.000,41.031,39.000,41.031,38.125,35.000,35.000,31.996,35.047,35.250,33.805,2.990,0.072,10.460,1839.090,1704.860,1836.000,1700.000,0.000,,,,2,1789719259.068,100,0
1359.759,42.262,44.180,39.438,40.000,39.000,41.000,40.000,40.000,39.000,41.000,40.000,40.000,41.078,39.000,41.078,38.062,35.000,35.000,32.996,35.043,35.246,33.801,3.044,0.073,10.478,1848.714,1686.696,1836.000,1700.000,0.000,,,,2,1789719260.077,100,0
1360.764,42.223,44.141,39.438,41.000,39.000,40.000,40.000,39.000,39.000,40.000,39.000,41.000,41.000,38.000,41.000,38.125,35.000,35.000,31.996,35.035,35.238,33.789,3.054,0.075,10.111,1825.595,1692.668,1836.000,1700.000,0.000,,,,2,1789719261.082,100,0
1361.767,42.184,44.102,39.438,40.000,39.000,41.000,40.000,39.000,39.000,40.000,39.000,41.000,41.000,39.000,40.906,37.938,35.000,35.000,31.996,35.031,35.234,33.777,2.926,0.074,9.971,1841.009,1702.417,1836.000,1700.000,0.000,,,,2,1789719262.085,100,0
1362.768,42.145,44.062,39.500,39.000,39.000,41.000,40.000,39.000,39.000,40.000,39.000,40.000,41.016,39.000,41.016,38.000,35.000,35.000,31.996,35.023,35.227,33.766,3.630,0.082,10.983,1839.748,1703.150,1836.000,1700.000,0.000,,,,2,1789719263.086,100,0
1363.770,42.105,44.023,39.500,39.000,39.000,41.000,40.000,39.000,39.000,40.000,39.000,41.000,41.000,39.000,40.844,38.000,35.000,35.000,31.996,35.020,35.219,33.754,2.748,0.070,10.267,1816.402,1704.247,1836.000,1700.000,0.000,,,,2,1789719264.088,100,0
1364.775,42.062,43.980,39.438,39.000,39.000,41.000,40.000,39.000,39.000,40.000,40.000,40.000,41.000,38.000,40.781,37.812,35.000,35.000,31.996,35.012,35.211,33.742,2.678,0.069,9.899,1839.541,1692.771,1836.000,1700.000,0.000,,,,2,1789719265.093,100,0
1365.777,42.016,43.934,39.250,39.000,39.000,40.000,40.000,39.000,39.000,40.000,39.000,40.000,40.578,39.000,40.578,37.812,35.000,35.000,31.996,35.008,35.207,33.730,2.778,0.070,9.919,1839.118,1698.530,1836.000,1700.000,0.000,,,,2,1789719266.094,100,0
1366.780,41.977,43.895,39.375,40.000,39.000,40.000,40.000,39.000,39.000,40.000,39.000,41.000,41.000,39.000,40.703,38.000,35.000,35.000,31.996,35.000,35.199,33.719,2.676,0.065,9.918,1836.932,1684.581,1836.000,1700.000,0.000,,,,2,1789719267.092,100,0
1367.783,41.934,43.852,39.312,40.000,39.000,40.000,40.000,39.000,38.000,40.000,39.000,41.000,41.000,39.000,40.656,37.875,35.000,35.000,31.996,34.996,35.191,33.707,2.906,0.072,9.954,1841.621,1704.691,1836.000,1700.000,0.000,,,,2,1789719268.101,100,0
1368.787,41.895,43.715,39.375,39.000,39.000,40.000,40.000,39.000,39.000,40.000,39.000,41.000,41.000,39.000,40.688,37.875,35.000,35.000,31.996,34.988,35.188,33.695,2.855,0.073,10.343,1834.329,1702.619,1836.000,1700.000,0.000,,,,2,1789719269.105,100,0
1369.792,41.852,43.672,39.312,39.000,39.000,40.000,40.000,39.000,39.000,40.000,39.000,40.000,40.484,39.000,40.484,37.875,35.000,35.000,31.996,34.980,35.180,33.684,2.942,0.067,10.207,1839.569,1685.307,1836.000,1700.000,0.000,,,,2,1789719270.111,100,0
1370.797,41.809,43.629,39.250,39.000,38.000,40.000,40.000,39.000,39.000,40.000,39.000,40.000,40.531,39.000,40.531,37.938,35.000,35.000,31.996,34.977,35.176,33.676,3.060,0.069,10.617,1830.003,1712.321,1836.000,1700.000,0.000,,,,2,1789719271.115,100,0
1371.800,41.773,43.594,39.250,40.000,40.000,41.000,40.000,39.000,38.000,39.000,39.000,40.000,41.000,39.000,40.562,37.750,35.000,35.000,31.996,34.969,35.168,33.664,2.868,0.066,10.488,1839.353,1692.986,1836.000,1700.000,0.000,,,,2,1789719272.119,100,0
1372.805,41.734,43.555,39.188,39.000,39.000,41.000,40.000,39.000,39.000,40.000,39.000,41.000,41.000,39.000,40.609,37.875,35.000,35.000,31.996,34.965,35.160,33.656,2.781,0.068,10.249,1839.287,1706.679,1836.000,1700.000,0.000,,,,2,1789719273.119,100,0
1373.808,41.703,43.523,39.188,39.000,39.000,40.000,40.000,39.000,38.000,39.000,39.000,41.000,41.000,39.000,40.688,37.812,35.000,35.000,31.996,34.961,35.156,33.648,2.846,0.069,10.634,1846.258,1708.355,1836.000,1700.000,0.000,,,,2,1789719274.126,100,0
1374.812,41.668,43.488,39.250,42.000,41.000,42.000,42.000,40.000,39.000,40.000,39.000,40.000,42.000,40.000,40.656,37.750,35.000,35.000,31.996,34.953,35.152,33.637,3.116,0.069,10.634,1837.213,1700.600,1836.000,1700.000,0.000,,,,2,1789719275.131,100,0
1375.813,41.660,43.480,39.312,39.000,39.000,40.000,40.000,39.000,39.000,40.000,39.000,41.000,41.344,38.000,41.344,37.875,35.000,35.000,31.996,34.949,35.145,33.625,7.429,0.116,15.074,1837.241,1698.674,1836.000,1700.000,0.000,,,,2,1789719276.125,100,0
1376.817,41.645,43.465,39.375,39.000,39.000,41.000,40.000,39.000,39.000,40.000,39.000,41.000,41.156,39.000,41.156,37.688,35.000,35.000,31.996,34.941,35.141,33.617,4.101,0.083,12.170,1825.549,1706.080,1836.000,1700.000,0.000,,,,2,1789719277.128,100,0
1377.818,41.625,43.445,39.312,39.000,39.000,41.000,40.000,39.000,39.000,40.000,39.000,40.000,41.047,39.000,41.047,37.812,35.000,35.000,31.996,34.938,35.129,33.605,3.376,0.078,10.804,1829.696,1704.255,1836.000,1700.000,0.000,,,,2,1789719278.137,100,0
1378.819,41.609,43.340,39.312,40.000,40.000,41.000,42.000,40.000,39.000,40.000,39.000,40.000,42.000,40.000,41.172,37.812,35.000,35.000,31.996,34.934,35.125,33.594,4.956,0.099,12.574,1843.752,1686.530,1836.000,1700.000,0.000,,,,2,1789719279.136,100,0
1379.824,41.590,43.320,39.312,39.000,39.000,41.000,40.000,39.000,39.000,40.000,39.000,41.000,41.000,39.000,40.969,37.688,35.000,35.000,31.996,34.926,35.121,33.586,4.210,0.086,11.919,1846.466,1690.665,1836.000,1700.000,0.000,,,,2,1789719280.142,100,0
1380.824,41.562,43.293,39.250,39.000,39.000,40.000,40.000,38.000,39.000,40.000,39.000,40.000,40.625,39.000,40.625,37.688,35.000,35.000,31.996,34.922,35.113,33.578,2.831,0.071,10.039,1832.817,1686.870,1836.000,1700.000,0.000,,,,2,1789719281.143,100,0
1381.827,41.523,43.254,39.188,39.000,39.000,40.000,40.000,38.000,39.000,40.000,39.000,40.000,40.391,39.000,40.391,37.875,35.000,35.000,31.996,34.914,35.105,33.566,2.778,0.067,9.955,1848.590,1708.453,1836.000,1700.000,0.000,,,,2,1789719282.140,100,0
1382.830,41.492,43.223,39.188,40.000,39.000,41.000,40.000,38.000,39.000,40.000,40.000,40.000,41.000,39.000,40.531,37.625,35.000,35.000,31.996,34.910,35.102,33.559,2.782,0.065,9.989,1834.573,1698.682,1836.000,1700.000,0.000,,,,2,1789719283.142,100,0
1383.835,41.477,43.207,39.188,40.000,39.000,41.000,40.000,39.000,39.000,40.000,39.000,40.000,41.000,40.000,40.984,37.812,35.000,35.000,31.996,34.906,35.094,33.547,4.076,0.088,11.590,1844.055,1692.859,1836.000,1700.000,0.000,,,,2,1789719284.152,100,0
1384.840,41.457,43.188,39.188,40.000,39.000,40.000,40.000,39.000,39.000,40.000,39.000,40.000,40.812,39.000,40.812,37.750,35.000,35.000,31.996,34.898,35.090,33.539,4.041,0.088,11.477,1837.072,1702.208,1836.000,1700.000,0.000,,,,2,1789719285.157,100,0
1385.841,41.445,43.176,39.250,40.000,40.000,43.000,40.000,42.000,39.000,41.000,39.000,40.000,43.000,39.000,41.047,37.750,35.000,35.000,31.996,34.891,35.082,33.527,3.349,0.078,11.432,1823.265,1708.777,1836.000,1700.000,0.000,,,,2,1789719286.150,100,0
1386.845,41.637,43.582,39.375,42.000,42.000,44.000,44.000,43.000,41.000,41.000,41.000,41.000,45.516,42.000,45.516,37.812,35.000,35.000,31.996,34.887,35.078,33.520,10.931,0.138,18.911,1839.541,1708.777,1836.000,1700.000,0.000,,,,2,1789719287.162,100,0
1387.847,41.621,43.566,39.562,40.000,40.000,41.000,40.000,39.000,39.000,40.000,39.000,40.000,41.234,40.000,41.234,37.812,35.000,35.000,31.996,34.883,35.074,33.512,4.697,0.095,11.913,1829.984,1692.533,1836.000,1700.000,0.000,,,,2,1789719288.160,100,0
1388.847,41.617,43.562,39.500,40.000,39.000,41.000,40.000,39.000,39.000,40.000,40.000,41.000,41.453,40.000,41.453,37.938,35.000,35.000,31.996,34.875,35.066,33.504,6.241,0.105,13.672,1805.208,1698.049,1836.000,1700.000,0.000,,,,2,1789719289.165,100,0
1389.849,41.598,43.543,39.500,40.000,39.000,41.000,40.000,39.000,39.000,40.000,40.000,41.000,41.000,39.000,40.969,37.875,35.000,35.000,31.996,34.871,35.062,33.492,3.113,0.070,10.246,1839.720,1690.688,1836.000,1700.000,0.000,,,,2,1789719290.167,100,0
1390.850,41.570,43.516,39.375,40.000,39.000,41.000,40.000,38.000,39.000,40.000,39.000,40.000,41.000,40.000,40.703,37.875,35.000,35.000,31.996,34.863,35.055,33.484,2.840,0.068,10.188,1839.362,1696.497,1836.000,1700.000,0.000,,,,2,1789719291.168,100,0
1391.851,41.555,43.500,39.375,40.000,39.000,41.000,40.000,39.000,39.000,40.000,39.000,41.000,41.172,40.000,41.172,37.938,35.000,35.000,31.996,34.859,35.051,33.473,4.000,0.084,11.639,1841.734,1692.668,1836.000,1700.000,0.000,,,,2,1789719292.162,100,0
1392.855,41.914,44.277,39.625,43.000,43.000,44.000,44.000,40.000,41.000,41.000,41.000,42.000,48.062,43.000,48.062,37.688,35.000,35.000,31.996,34.852,35.043,33.465,17.472,0.162,27.859,1837.269,1712.190,1836.000,1700.000,0.000,,,,2,1789719293.169,100,0
1393.859,41.922,44.285,39.812,41.000,40.000,42.000,41.000,39.000,39.000,41.000,40.000,41.000,42.188,40.000,42.188,37.812,35.000,35.000,31.996,34.848,35.039,33.457,6.770,0.131,15.730,1839.691,1708.826,1836.000,1700.000,0.000,,,,2,1789719294.176,100,0
1394.862,41.910,44.273,39.812,40.000,40.000,42.000,41.000,40.000,39.000,41.000,40.000,41.000,42.000,40.000,41.562,38.062,35.000,35.000,31.996,34.844,35.035,33.445,5.614,0.111,13.615,1825.724,1686.530,1836.000,1700.000,0.000,,,,2,1789719295.172,100,0
1395.865,41.930,44.293,39.750,42.000,40.000,43.000,42.000,40.000,40.000,41.000,39.000,41.000,43.000,40.000,42.625,37.875,35.000,35.000,31.996,34.840,35.031,33.438,5.993,0.117,14.338,1841.630,1702.836,1836.000,1700.000,0.000,,,,2,1789719296.177,100,0
1396.870,41.918,44.281,39.750,41.000,41.000,42.000,41.000,39.000,39.000,40.000,40.000,41.000,42.000,40.000,41.594,38.000,35.000,35.000,31.996,34.836,35.027,33.434,5.196,0.107,13.598,1843.752,1681.434,1836.000,1700.000,0.000,,,,2,1789719297.182,100,0
1397.875,41.906,44.270,39.812,42.000,40.000,42.000,41.000,40.000,40.000,40.000,40.000,41.000,42.000,40.000,41.562,38.000,35.000,35.000,31.996,34.832,35.023,33.426,5.279,0.104,13.505,1832.705,1698.498,1836.000,1700.000,0.000,,,,2,1789719298.191,100,0
1398.879,41.887,44.164,39.812,42.000,42.000,42.000,41.000,40.000,39.000,41.000,39.000,41.000,42.000,41.000,41.281,37.875,35.000,35.000,31.996,34.828,35.020,33.418,5.079,0.103,13.034,1841.752,1686.854,1836.000,1700.000,0.000,,,,2,1789719299.191,100,0
1399.881,42.012,44.289,39.812,44.000,43.000,44.000,45.000,42.000,42.000,42.000,42.000,42.000,45.516,43.000,45.516,37.938,35.000,35.000,31.996,34.824,35.016,33.410,11.671,0.139,19.493,1830.115,1710.474,1836.000,1700.000,0.000,,,,2,1789719300.192,100,0
1400.881,42.031,44.309,40.062,43.000,42.000,43.000,43.000,41.000,41.000,41.000,41.000,42.000,43.000,41.000,42.734,38.000,35.000,35.000,31.996,34.820,35.012,33.402,7.674,0.131,16.074,1823.043,1708.453,1836.000,1700.000,0.000,,,,2,1789719301.191,100,0
1401.886,42.078,44.355,40.188,44.000,43.000,44.000,44.000,42.000,41.000,41.000,41.000,42.000,44.000,43.000,43.406,38.062,35.000,35.000,31.996,34.816,35.008,33.391,9.694,0.148,17.775,1843.856,1693.090,1836.000,1700.000,0.000,,,,2,1789719302.197,100,0
1402.889,42.117,44.395,40.125,45.000,44.000,45.000,44.000,42.000,41.000,42.000,41.000,42.000,45.000,43.000,43.062,38.125,35.000,35.000,31.996,34.812,35.004,33.383,9.940,0.143,19.030,1829.649,1706.590,1836.000,1700.000,0.000,,,,2,1789719303.200,100,0
1403.889,42.156,44.434,40.312,45.000,43.000,43.000,44.000,41.000,41.000,41.000,41.000,42.000,45.000,42.000,43.062,38.312,35.000,35.000,31.996,34.812,35.000,33.379,9.784,0.138,18.391,1839.231,1705.111,1836.000,1700.000,0.000,,,,2,1789719304.200,100,0
1404.891,42.180,44.457,40.375,44.000,43.000,43.000,43.000,41.000,41.000,41.000,41.000,42.000,44.000,42.000,42.766,38.125,35.000,35.000,31.996,34.809,35.004,33.375,9.783,0.136,18.208,1830.245,1686.665,1836.000,1700.000,0.000,,,,2,1789719305.201,100,0
1405.891,46.012,49.211,40.500,51.000,46.000,50.000,49.000,45.000,45.000,44.000,43.000,43.000,57.516,46.000,57.516,38.312,35.000,35.000,31.996,34.805,35.000,33.363,16.335,0.166,22.729,1839.212,1687.289,1836.000,1700.000,0.000,,,,2,1789719306.210,100,0
1406.896,45.914,48.793,40.812,41.000,41.000,42.000,42.000,40.000,41.000,41.000,40.000,42.000,42.891,41.000,42.891,38.250,35.000,35.000,31.996,34.801,35.000,33.359,5.800,0.129,18.315,1839.391,1705.199,1836.000,1700.000,0.000,,,,2,1789719307.211,100,0
1407.899,45.781,48.660,40.688,41.000,41.000,42.000,42.000,41.000,41.000,42.000,40.000,41.000,42.000,41.000,41.688,38.375,35.000,35.000,31.996,34.801,35.000,33.352,4.537,0.081,12.445,1830.124,1695.250,1836.000,1700.000,0.000,,,,2,1789719308.210,100,0
1408.899,45.664,48.543,40.688,41.000,41.000,42.000,41.000,40.000,40.000,41.000,40.000,41.000,42.062,41.000,42.062,38.375,35.000,35.000,31.996,34.797,34.996,33.344,5.401,0.098,13.519,1837.110,1712.850,1836.000,1700.000,0.000,,,,2,1789719309.215,100,0
1409.900,45.531,48.410,40.562,41.000,40.000,42.000,41.000,40.000,40.000,41.000,40.000,41.000,42.000,39.000,41.469,38.438,35.000,35.000,31.996,34.797,34.996,33.336,3.961,0.088,11.779,1837.072,1698.322,1836.000,1700.000,0.000,,,,2,1789719310.213,100,0
1410.905,45.406,48.285,40.500,40.000,40.000,41.000,41.000,40.000,40.000,41.000,40.000,41.000,41.422,39.000,41.422,38.438,35.000,35.000,31.996,34.793,34.996,33.332,3.342,0.076,11.188,1836.988,1692.859,1836.000,1700.000,0.000,,,,2,1789719311.223,100,0
1411.906,45.273,48.152,40.438,41.000,40.000,41.000,41.000,39.000,39.000,41.000,40.000,41.000,41.156,39.000,41.156,38.375,35.000,35.000,31.996,34.793,34.992,33.324,2.836,0.069,10.130,1825.040,1692.557,1836.000,1700.000,0.000,,,,2,1789719312.218,100,0
1412.909,45.152,48.031,40.438,41.000,40.000,42.000,42.000,39.000,39.000,41.000,40.000,41.000,42.000,40.000,41.406,38.250,35.000,35.000,31.996,34.789,34.992,33.320,3.434,0.079,10.713,1848.173,1710.823,1836.000,1700.000,0.000,,,,2,1789719313.226,100,0
1413.914,45.031,47.910,40.312,40.000,40.000,41.000,41.000,39.000,39.000,40.000,40.000,41.000,41.297,39.000,41.297,38.312,35.000,35.000,31.996,34.789,34.988,33.312,4.009,0.082,11.981,1848.315,1698.650,1836.000,1700.000,0.000,,,,2,1789719314.232,100,0
1414.918,44.914,47.793,40.250,40.000,39.000,42.000,42.000,39.000,39.000,40.000,40.000,41.000,42.000,39.000,41.297,38.438,35.000,35.000,31.996,34.785,34.988,33.309,3.452,0.073,11.058,1836.763,1702.442,1836.000,1700.000,0.000,,,,2,1789719315.235,100,0
1415.918,44.793,47.672,40.250,40.000,40.000,41.000,40.000,39.000,40.000,40.000,40.000,41.000,41.109,39.000,41.109,38.125,35.000,35.000,31.996,34.781,34.988,33.301,2.817,0.067,10.322,1836.566,1700.303,1836.000,1700.000,0.000,,,,2,1789719316.236,100,0
1416.923,44.680,47.559,40.125,40.000,40.000,41.000,40.000,39.000,39.000,40.000,40.000,41.000,41.094,39.000,41.094,38.250,35.000,35.000,31.996,34.781,34.988,33.301,2.923,0.073,10.622,1834.320,1692.867,1836.000,1700.000,0.000,,,,2,1789719317.241,100,0
1417.928,44.566,47.445,40.125,40.000,40.000,41.000,40.000,39.000,39.000,41.000,39.000,41.000,41.062,39.000,41.062,38.125,35.000,35.000,31.996,34.777,34.984,33.293,2.749,0.069,10.046,1838.592,1704.497,1836.000,1700.000,0.000,,,,2,1789719318.246,100,0
1418.931,44.453,47.332,40.062,40.000,40.000,41.000,41.000,40.000,39.000,40.000,40.000,41.000,41.000,39.000,41.000,38.188,35.000,35.000,31.996,34.773,34.984,33.293,2.751,0.068,9.718,1840.754,1706.072,1836.000,1700.000,0.000,,,,2,1789719319.248,100,0
1419.935,44.359,47.238,40.062,40.000,40.000,41.000,41.000,40.000,40.000,40.000,39.000,41.000,41.406,39.000,41.406,38.062,35.000,35.000,31.996,34.773,34.984,33.285,4.613,0.090,12.511,1840.896,1692.374,1836.000,1700.000,0.000,,,,2,1789719320.247,100,0
1420.940,44.258,47.137,40.188,41.000,40.000,41.000,41.000,39.000,39.000,40.000,39.000,41.000,41.141,40.000,41.141,38.125,35.000,35.000,31.996,34.770,34.980,33.281,3.581,0.076,11.442,1836.360,1700.696,1836.000,1700.000,0.000,,,,2,1789719321.257,100,0
1421.945,44.156,47.035,39.938,41.000,40.000,41.000,41.000,39.000,39.000,40.000,39.000,41.000,41.031,40.000,41.031,38.125,35.000,35.000,31.996,34.766,34.980,33.277,3.404,0.077,10.976,1843.695,1694.804,1836.000,1700.000,0.000,,,,2,1789719322.263,100,0
1422.950,44.055,46.934,40.000,40.000,42.000,41.000,41.000,40.000,39.000,40.000,39.000,41.000,42.000,41.000,40.906,38.062,35.000,35.000,31.996,34.762,34.977,33.270,2.774,0.069,10.485,1836.725,1695.107,1836.000,1700.000,0.000,,,,2,1789719323.268,100,0
1423.955,43.957,46.836,39.875,42.000,41.000,41.000,40.000,40.000,39.000,40.000,39.000,41.000,42.000,40.000,40.875,38.000,35.000,35.000,31.996,34.758,34.977,33.266,2.737,0.067,10.344,1848.078,1696.905,1836.000,1700.000,0.000,,,,2,1789719324.274,100,0
1424.958,43.855,46.734,39.750,40.000,41.000,41.000,40.000,39.000,39.000,40.000,39.000,40.000,41.000,40.000,40.719,38.000,35.000,35.000,31.996,34.758,34.973,33.262,2.872,0.069,10.193,1843.195,1704.731,1836.000,1700.000,0.000,,,,2,1789719325.276,100,0
1425.960,43.805,46.684,39.812,41.000,40.000,41.000,41.000,40.000,40.000,41.000,40.000,41.000,42.266,40.000,42.266,38.000,35.000,35.000,31.996,34.754,34.977,33.258,6.707,0.090,14.557,1829.501,1710.579,1836.000,1700.000,0.000,,,,2,1789719326.274,100,0
1426.963,44.453,47.629,39.938,44.000,45.000,43.000,44.000,41.000,41.000,42.000,41.000,42.000,50.297,43.000,50.297,37.938,35.000,35.000,31.996,34.750,34.969,33.254,7.690,0.138,23.474,1831.884,1704.481,1836.000,1700.000,0.000,,,,2,1789719327.278,100,0
1427.964,44.387,47.242,40.188,43.000,40.000,42.000,41.000,40.000,39.000,41.000,40.000,41.000,43.000,41.000,42.359,38.062,35.000,35.000,31.996,34.750,34.969,33.250,5.869,0.108,17.499,1831.949,1700.287,1836.000,1700.000,0.000,,,,2,1789719328.276,100,0
1428.966,44.293,47.148,40.312,42.000,42.000,42.000,42.000,40.000,40.000,41.000,40.000,41.000,42.000,41.000,41.469,38.125,35.000,35.000,31.996,34.746,34.969,33.250,5.523,0.109,14.380,1848.362,1698.923,1836.000,1700.000,0.000,,,,2,1789719329.280,100,0
1429.971,44.199,47.055,40.250,41.000,40.000,41.000,41.000,40.000,39.000,41.000,40.000,41.000,41.188,41.000,41.188,38.125,35.000,35.000,31.996,34.746,34.965,33.242,5.586,0.107,13.771,1834.329,1685.228,1836.000,1700.000,0.000,,,,2,1789719330.282,100,0
1430.973,44.113,46.969,40.125,41.000,40.000,41.000,41.000,40.000,40.000,41.000,40.000,41.000,41.531,41.000,41.531,38.125,35.000,35.000,31.996,34.742,34.965,33.238,6.458,0.115,13.544,1843.752,1709.004,1836.000,1700.000,0.000,,,,2,1789719331.282,100,0
1431.977,44.043,46.898,40.250,43.000,43.000,43.000,42.000,40.000,40.000,41.000,40.000,42.000,43.000,42.000,42.438,38.250,35.000,35.000,31.996,34.742,34.961,33.234,7.662,0.136,14.599,1823.348,1687.076,1836.000,1700.000,0.000,,,,2,1789719332.287,100,0
1432.981,43.992,46.848,40.312,42.000,42.000,43.000,43.000,41.000,41.000,41.000,41.000,42.000,43.000,42.000,42.719,38.125,35.000,35.000,31.996,34.738,34.961,33.230,9.115,0.149,16.085,1824.827,1710.905,1836.000,1700.000,0.000,,,,2,1789719333.290,100,0
1433.981,43.953,46.809,40.375,45.000,44.000,45.000,45.000,42.000,42.000,43.000,42.000,42.000,43.000,44.000,46.812,38.250,35.000,35.000,31.996,34.734,34.961,33.227,16.066,0.218,17.418,1832.089,1712.858,1836.000,1700.000,0.000,,,,2,1789719334.290,100,0
1434.985,44.074,46.930,40.438,46.000,44.000,46.000,46.000,44.000,42.000,42.000,41.000,43.000,46.812,44.000,45.688,38.312,35.000,35.000,31.996,34.734,34.957,33.223,15.324,0.215,24.983,1845.624,1705.353,1836.000,1700.000,0.000,,,,2,1789719335.293,100,0
1435.986,44.168,46.891,41.125,45.000,44.000,47.000,46.000,44.000,43.000,45.000,43.000,43.000,46.000,43.000,46.344,38.438,35.000,35.000,31.996,34.730,34.957,33.219,15.949,0.185,23.884,1827.059,1698.907,1836.000,1700.000,0.000,,,,2,1789719336.295,100,0
1436.989,44.363,47.012,41.250,42.000,42.000,43.000,42.000,41.000,41.000,42.000,41.000,42.000,47.000,42.000,45.812,38.500,35.000,35.000,31.996,34.730,34.957,33.215,16.312,0.175,24.587,1843.545,1698.370,1836.000,1700.000,0.000,,,,2,1789719337.299,100,0
1437.990,44.480,47.000,41.312,42.000,41.000,42.000,42.000,41.000,41.000,41.000,41.000,42.000,42.641,41.000,42.641,38.625,35.000,35.000,31.996,34.727,34.961,33.207,6.174,0.107,27.462,1834.526,1696.577,1836.000,1700.000,0.000,,,,2,1789719338.307,100,0
1438.991,44.422,46.941,41.250,40.000,40.000,41.000,41.000,39.000,39.000,41.000,40.000,42.000,42.000,40.000,41.594,38.625,35.000,35.000,31.996,34.727,34.961,33.203,3.756,0.068,15.824,1843.601,1703.174,1836.000,1700.000,0.000,,,,2,1789719339.309,100,0
1439.993,44.332,46.852,41.125,42.000,41.000,42.000,41.000,40.000,40.000,41.000,40.000,41.000,42.000,41.000,41.719,38.688,35.000,35.000,31.996,34.727,34.961,33.199,4.822,0.088,11.833,1827.522,1699.300,1836.000,1700.000,0.000,,,,2,1789719340.305,100,0
1440.996,44.250,46.695,41.125,41.000,40.000,42.000,42.000,40.000,40.000,41.000,40.000,41.000,42.000,40.000,41.828,38.562,35.000,35.000,31.996,34.723,34.961,33.191,5.131,0.091,13.515,1846.050,1704.957,1836.000,1700.000,0.000,,,,2,1789719341.313,100,0
1442.000,44.098,46.617,40.938,41.000,40.000,41.000,41.000,40.000,39.000,41.000,39.000,41.000,41.641,40.000,41.641,38.688,35.000,35.000,31.996,34.723,34.961,33.191,3.923,0.079,13.465,1839.146,1700.632,1836.000,1700.000,0.000,,,,2,1789719342.313,100,0
1443.004,44.004,46.523,40.938,40.000,40.000,41.000,40.000,39.000,39.000,40.000,40.000,41.000,41.125,39.000,41.125,38.438,35.000,35.000,31.996,34.723,34.965,33.188,3.307,0.074,12.132,1825.280,1696.993,1836.000,1700.000,0.000,,,,2,1789719343.323,100,0
1444.007,43.914,46.434,40.750,40.000,40.000,41.000,40.000,39.000,39.000,41.000,40.000,41.000,41.109,40.000,41.109,38.375,35.000,35.000,31.996,34.719,34.961,33.184,3.610,0.076,10.895,1832.201,1707.043,1836.000,1700.000,0.000,,,,2,1789719344.326,100,0
1445.013,43.820,46.340,40.688,40.000,39.000,41.000,40.000,39.000,39.000,40.000,39.000,40.000,41.000,39.000,41.000,38.438,35.000,35.000,31.996,34.719,34.961,33.180,3.088,0.073,11.316,1846.069,1704.747,1836.000,1700.000,0.000,,,,2,1789719345.326,100,0
1446.017,43.770,46.289,40.688,41.000,40.000,42.000,42.000,40.000,39.000,41.000,40.000,41.000,42.172,40.000,42.172,38.188,35.000,35.000,31.996,34.715,34.961,33.180,5.389,0.092,10.861,1830.115,1699.155,1836.000,1700.000,0.000,,,,2,1789719346.335,100,0
1447.018,44.762,47.922,40.688,43.000,43.000,45.000,44.000,43.000,42.000,44.000,46.000,43.000,53.719,42.000,53.719,38.250,35.000,35.000,31.996,34.715,34.965,33.180,13.872,0.135,13.260,1823.329,1711.043,1836.000,1700.000,0.000,,,,2,1789719347.329,100,0
1448.021,44.691,47.852,40.812,41.000,40.000,42.000,41.000,40.000,40.000,40.000,40.000,41.000,42.609,40.000,42.609,38.188,35.000,35.000,31.996,34.715,34.961,33.172,7.405,0.146,24.256,1832.341,1691.324,1836.000,1700.000,0.000,,,,2,1789719348.334,100,0
1449.026,44.637,47.797,40.938,41.000,41.000,42.000,41.000,40.000,39.000,41.000,40.000,41.000,42.891,40.000,42.891,38.312,35.000,35.000,31.996,34.711,34.965,33.172,8.349,0.141,18.052,1832.462,1692.819,1836.000,1700.000,0.000,,,,2,1789719349.342,100,0
1450.030,44.547,47.707,40.938,40.000,41.000,42.000,41.000,40.000,39.000,41.000,40.000,40.000,42.000,40.000,41.812,38.312,35.000,35.000,31.996,34.711,34.961,33.168,6.024,0.114,16.901,1839.578,1701.090,1836.000,1700.000,0.000,,,,2,1789719350.343,100,0
1451.034,44.461,47.621,40.938,41.000,41.000,42.000,41.000,40.000,39.000,41.000,39.000,41.000,42.000,40.000,41.750,38.188,35.000,35.000,31.996,34.707,34.965,33.164,6.053,0.116,14.767,1825.336,1693.002,1836.000,1700.000,0.000,,,,2,1789719351.349,100,0
1452.039,44.387,47.547,40.938,40.000,41.000,42.000,41.000,40.000,40.000,41.000,40.000,41.000,42.125,41.000,42.125,38.125,35.000,35.000,31.996,34.707,34.961,33.164,7.422,0.125,14.761,1827.755,1708.461,1836.000,1700.000,0.000,,,,2,1789719352.351,100,0
1453.043,44.316,47.477,41.000,41.000,41.000,43.000,42.000,40.000,40.000,41.000,40.000,41.000,43.000,41.000,42.156,38.062,35.000,35.000,31.996,34.707,34.965,33.160,7.762,0.126,16.198,1830.021,1708.955,1836.000,1700.000,0.000,,,,2,1789719353.354,100,0
1454.046,44.266,47.426,40.938,42.000,41.000,43.000,42.000,41.000,40.000,41.000,40.000,42.000,43.000,41.000,42.625,38.188,35.000,35.000,31.996,34.707,34.961,33.156,9.557,0.139,16.785,1855.182,1696.593,1836.000,1700.000,0.000,,,,2,1789719354.356,100,0
1455.047,44.223,47.383,41.250,41.000,41.000,42.000,42.000,40.000,40.000,41.000,40.000,41.000,42.891,41.000,42.891,38.125,35.000,35.000,31.996,34.703,34.965,33.156,10.417,0.150,18.130,1834.741,1692.986,1836.000,1700.000,0.000,,,,2,1789719355.359,100,0
1456.051,46.488,50.016,41.250,48.000,46.000,49.000,49.000,74.000,47.000,47.000,44.000,43.000,74.000,47.000,53.297,38.125,35.000,35.000,31.996,34.703,34.965,33.152,14.916,0.171,19.379,1830.189,1698.754,1836.000,1700.000,0.000,,,,2,1789719356.366,100,0
1457.056,46.383,49.555,41.312,40.000,40.000,42.000,41.000,40.000,39.000,41.000,40.000,41.000,43.125,40.000,43.125,38.250,35.000,35.000,31.996,34.703,34.965,33.145,8.543,0.155,21.584,1832.602,1704.844,1836.000,1700.000,0.000,,,,2,1789719357.373,100,0
1458.058,46.227,49.082,41.312,41.000,40.000,41.000,41.000,40.000,39.000,40.000,40.000,41.000,41.391,40.000,41.391,38.188,35.000,35.000,31.996,34.699,34.965,33.141,4.191,0.085,23.410,1843.658,1687.795,1836.000,1700.000,0.000,,,,2,1789719358.373,100,0
1459.063,46.070,48.926,41.312,40.000,40.000,41.000,40.000,40.000,40.000,41.000,40.000,41.000,41.328,40.000,41.328,38.125,35.000,35.000,31.996,34.699,34.965,33.141,5.785,0.103,12.469,1843.261,1705.232,1836.000,1700.000,0.000,,,,2,1789719359.380,100,0
1460.065,45.914,48.770,41.125,40.000,39.000,41.000,41.000,40.000,39.000,40.000,40.000,41.000,41.000,39.000,40.969,38.188,35.000,35.000,31.996,34.699,34.965,33.137,3.790,0.082,14.369,1827.458,1693.058,1836.000,1700.000,0.000,,,,2,1789719360.379,100,0
1461.066,45.754,48.609,41.000,39.000,39.000,40.000,40.000,39.000,39.000,40.000,40.000,40.000,40.891,39.000,40.891,38.062,35.000,35.000,31.996,34.699,34.965,33.133,3.793,0.082,12.693,1829.835,1705.191,1836.000,1700.000,0.000,,,,2,1789719361.384,100,0
1462.070,45.594,48.449,41.000,42.000,41.000,44.000,42.000,44.000,40.000,43.000,42.000,41.000,44.000,41.000,40.625,37.938,35.000,35.000,31.996,34.691,34.957,33.129,3.509,0.078,12.237,1841.668,1685.235,1836.000,1700.000,0.000,,,,2,1789719362.379,100,0
1463.073,45.449,48.305,40.812,40.000,39.000,40.000,40.000,39.000,39.000,41.000,39.000,40.000,41.000,39.000,40.969,37.812,35.000,35.000,31.996,34.691,34.957,33.125,6.857,0.100,11.926,1825.567,1699.155,1836.000,1700.000,0.000,,,,2,1789719363.391,100,0
1464.077,45.387,48.242,40.688,47.000,43.000,45.000,49.000,41.000,42.000,42.000,41.000,42.000,49.000,43.000,43.438,37.812,35.000,35.000,31.996,34.688,34.957,33.125,5.914,0.084,15.154,1832.695,1699.628,1836.000,1700.000,0.000,,,,2,1789719364.388,100,0
1465.078,45.465,48.320,41.000,46.000,47.000,47.000,47.000,45.000,47.000,44.000,47.000,43.000,47.656,44.000,47.656,37.812,35.000,35.000,31.996,34.688,34.957,33.117,22.655,0.216,12.315,1825.586,1698.963,1836.000,1700.000,0.000,,,,2,1789719365.391,100,0
1466.080,45.414,48.270,41.312,41.000,44.000,42.000,42.000,41.000,40.000,42.000,41.000,41.000,44.000,41.000,43.891,38.000,35.000,35.000,31.996,34.684,34.949,33.113,10.590,0.116,33.015,1839.325,1704.973,1836.000,1700.000,0.000,,,,2,1789719366.392,100,0
1467.081,45.332,48.188,41.562,43.000,41.000,42.000,42.000,40.000,40.000,41.000,41.000,41.000,43.000,41.000,42.812,37.938,35.000,35.000,31.996,34.680,34.949,33.113,8.965,0.111,22.145,1818.467,1687.360,1836.000,1700.000,0.000,,,,2,1789719367.394,100,0
1468.084,45.293,47.863,41.562,47.000,43.000,52.000,46.000,42.000,41.000,42.000,41.000,41.000,52.000,43.000,44.016,38.000,35.000,35.000,31.996,34.680,34.949,33.109,9.700,0.110,17.812,1827.949,1711.677,1836.000,1700.000,0.000,,,,2,1789719368.397,100,0
1469.085,45.168,47.738,41.688,40.000,40.000,41.000,41.000,39.000,39.000,41.000,40.000,41.000,41.312,40.000,41.312,38.062,35.000,35.000,31.996,34.676,34.938,33.102,6.420,0.111,18.019,1834.769,1707.642,1836.000,1700.000,0.000,,,,2,1789719369.395,100,0
1470.086,45.070,47.641,41.500,41.000,41.000,42.000,41.000,40.000,40.000,41.000,40.000,41.000,42.062,41.000,42.062,37.938,35.000,35.000,31.996,34.672,34.941,33.102,10.223,0.118,15.906,1832.331,1699.123,1836.000,1700.000,0.000,,,,2,1789719370.396,100,0
1471.086,44.977,47.547,41.500,41.000,41.000,42.000,41.000,40.000,40.000,41.000,40.000,41.000,42.094,41.000,42.094,37.938,35.000,35.000,31.996,34.672,34.941,33.098,8.909,0.131,19.148,1839.240,1699.636,1836.000,1700.000,0.000,,,,2,1789719371.396,100,0
1472.087,44.891,47.461,41.375,40.000,41.000,42.000,41.000,42.000,39.000,41.000,40.000,41.000,42.203,41.000,42.203,37.938,35.000,35.000,31.996,34.668,34.938,33.094,9.477,0.131,17.971,1823.551,1701.315,1836.000,1700.000,0.000,,,,2,1789719372.396,100,0
1473.089,44.809,47.379,41.500,40.000,41.000,41.000,41.000,40.000,40.000,41.000,41.000,42.000,42.234,41.000,42.234,38.062,35.000,35.000,31.996,34.664,34.934,33.090,9.401,0.138,18.188,1825.271,1693.464,1836.000,1700.000,0.000,,,,2,1789719373.400,100,0
1474.093,45.152,47.723,41.625,43.000,42.000,44.000,43.000,42.000,41.000,41.000,41.000,42.000,52.719,42.000,52.719,38.062,35.000,35.000,31.996,34.656,34.926,33.082,15.438,0.164,18.369,1822.988,1699.540,1836.000,1700.000,0.000,,,,2,1789719374.405,100,0
1475.093,45.047,47.617,41.500,41.000,40.000,41.000,41.000,40.000,39.000,41.000,40.000,41.000,41.891,40.000,41.891,38.188,35.000,35.000,31.996,34.656,34.922,33.078,5.435,0.122,24.863,1834.227,1703.610,1836.000,1700.000,0.000,,,,2,1789719375.407,100,0
1476.097,44.922,47.492,41.562,39.000,39.000,40.000,40.000,39.000,39.000,40.000,40.000,41.000,41.016,39.000,41.016,37.938,35.000,35.000,31.996,34.648,34.914,33.074,3.408,0.080,12.425,1837.072,1683.667,1836.000,1700.000,0.000,,,,2,1789719376.415,100,0
1477.102,44.801,47.371,41.438,39.000,39.000,40.000,40.000,39.000,39.000,40.000,39.000,41.000,41.000,39.000,40.984,38.062,35.000,35.000,31.996,34.645,34.910,33.070,3.305,0.071,11.670,1818.917,1699.604,1836.000,1700.000,0.000,,,,2,1789719377.421,100,0
1478.107,44.668,47.238,41.188,39.000,39.000,41.000,40.000,39.000,39.000,40.000,39.000,40.000,41.000,39.000,40.547,38.000,35.000,35.000,31.996,34.641,34.902,33.066,2.868,0.066,11.036,1836.922,1699.203,1836.000,1700.000,0.000,,,,2,1789719378.425,100,0
1479.110,44.570,47.141,41.062,40.000,41.000,41.000,41.000,39.000,39.000,40.000,40.000,40.000,41.547,40.000,41.547,37.875,35.000,35.000,31.996,34.637,34.895,33.062,5.312,0.064,13.362,1846.324,1699.741,1836.000,1700.000,0.000,,,,2,1789719379.423,100,0
1480.115,44.500,47.070,41.188,40.000,39.000,41.000,40.000,42.000,39.000,40.000,39.000,41.000,42.406,40.000,42.406,37.750,35.000,35.000,31.996,34.633,34.887,33.059,6.918,0.068,14.900,1839.353,1699.612,1836.000,1700.000,0.000,,,,2,1789719380.428,100,0
1481.116,44.387,46.957,41.312,39.000,39.000,40.000,40.000,39.000,38.000,39.000,40.000,40.000,40.844,39.000,40.844,37.812,35.000,35.000,31.996,34.629,34.883,33.055,4.833,0.072,12.818,1834.647,1699.628,1836.000,1700.000,0.000,,,,2,1789719381.430,100,0
1482.120,44.258,46.828,41.062,39.000,38.000,39.000,40.000,38.000,38.000,39.000,39.000,41.000,41.000,39.000,40.234,37.688,35.000,35.000,31.996,34.625,34.875,33.051,2.715,0.065,10.591,1832.285,1698.834,1836.000,1700.000,0.000,,,,2,1789719382.433,100,0
1483.123,44.125,46.695,40.875,39.000,39.000,40.000,39.000,38.000,38.000,39.000,39.000,40.000,40.078,38.000,40.078,37.750,35.000,35.000,31.996,34.621,34.867,33.047,2.749,0.066,10.817,1832.238,1699.011,1836.000,1700.000,0.000,,,,2,1789719383.433,100,0
1484.123,44.000,46.570,40.750,39.000,38.000,39.000,40.000,38.000,39.000,40.000,39.000,40.000,40.094,38.000,40.094,37.750,35.000,35.000,31.996,34.613,34.863,33.043,2.871,0.066,10.832,1850.738,1699.380,1836.000,1700.000,0.000,,,,2,1789719384.435,100,0
1485.124,43.879,46.449,40.562,39.000,38.000,40.000,39.000,39.000,38.000,39.000,39.000,40.000,40.094,38.000,40.094,37.562,35.000,35.000,31.996,34.609,34.855,33.039,2.931,0.067,10.912,1839.297,1699.211,1836.000,1700.000,0.000,,,,2,1789719385.436,100,0
1486.126,43.762,46.332,40.438,39.000,38.000,40.000,39.000,38.000,38.000,39.000,39.000,40.000,40.078,38.000,40.078,37.500,35.000,35.000,31.996,34.605,34.848,33.035,2.735,0.065,10.910,1823.256,1699.171,1836.000,1700.000,0.000,,,,2,1789719386.437,100,0
1487.127,43.645,46.215,40.312,39.000,38.000,39.000,40.000,38.000,38.000,40.000,39.000,40.000,40.031,38.000,40.031,37.438,35.000,35.000,31.996,34.598,34.840,33.027,2.729,0.064,10.551,1848.752,1699.315,1836.000,1700.000,0.000,,,,2,1789719387.440,100,0
1488.130,43.535,46.105,40.062,39.000,38.000,39.000,40.000,38.000,38.000,40.000,38.000,40.000,40.141,38.000,40.141,37.312,35.000,35.000,31.996,34.594,34.832,33.027,3.437,0.074,11.582,1834.788,1699.428,1836.000,1700.000,0.000,,,,2,1789719388.441,100,0
1489.130,43.445,46.016,40.312,39.000,39.000,40.000,40.000,39.000,38.000,40.000,39.000,40.000,40.688,39.000,40.688,37.438,35.000,35.000,31.996,34.586,34.824,33.020,4.362,0.092,12.631,1846.542,1699.693,1836.000,1700.000,0.000,,,,2,1789719389.442,100,0
1490.130,43.332,45.902,40.188,39.000,38.000,39.000,39.000,38.000,38.000,39.000,39.000,40.000,40.000,38.000,39.844,37.375,35.000,35.000,31.996,34.582,34.816,33.016,2.874,0.074,10.835,1825.910,1699.276,1836.000,1700.000,0.000,,,,2,1789719390.443,100,0
1491.134,46.246,49.434,40.062,43.000,45.000,43.000,46.000,42.000,42.000,41.000,41.000,41.000,55.000,44.000,55.000,37.250,35.000,35.000,31.996,34.574,34.805,33.012,12.740,0.123,21.602,1834.937,1699.091,1836.000,1700.000,0.000,,,,2,1789719391.443,100,0
1492.135,46.090,48.961,40.188,40.000,39.000,41.000,40.000,39.000,38.000,39.000,39.000,40.000,41.250,39.000,41.250,37.312,35.000,35.000,31.996,34.566,34.797,33.008,6.679,0.142,17.868,1830.235,1698.987,1836.000,1700.000,0.000,,,,2,1789719392.447,100,0
1493.136,45.926,48.797,40.312,40.000,39.000,40.000,40.000,39.000,39.000,40.000,39.000,40.000,40.922,39.000,40.922,37.312,35.000,35.000,31.996,34.562,34.789,33.004,6.590,0.123,15.428,1844.291,1699.548,1836.000,1700.000,0.000,,,,2,1789719393.449,100,0
1494.141,45.758,48.629,40.438,39.000,39.000,40.000,40.000,39.000,39.000,40.000,39.000,40.000,40.500,39.000,40.500,37.250,35.000,35.000,31.996,34.555,34.781,32.996,5.740,0.111,14.383,1844.026,1703.320,1836.000,1700.000,0.000,,,,2,1789719394.455,100,0
1495.146,45.590,48.461,40.188,39.000,39.000,40.000,39.000,39.000,38.000,40.000,39.000,40.000,40.406,39.000,40.406,37.312,35.000,35.000,31.996,34.551,34.770,32.992,5.912,0.113,14.924,1846.542,1699.267,1836.000,1700.000,0.000,,,,2,1789719395.460,100,0
1496.149,45.418,48.289,40.188,39.000,39.000,40.000,40.000,39.000,38.000,40.000,39.000,40.000,40.141,39.000,40.141,37.375,35.000,35.000,31.996,34.547,34.762,32.984,5.126,0.104,13.941,1844.055,1699.364,1836.000,1700.000,0.000,,,,2,1789719396.462,100,0
1497.151,45.254,48.125,40.250,39.000,39.000,40.000,40.000,38.000,38.000,39.000,39.000,40.000,40.094,39.000,40.094,37.188,35.000,35.000,31.996,34.539,34.754,32.980,5.184,0.106,13.789,1835.040,1695.442,1836.000,1700.000,0.000,,,,2,1789719397.466,100,0
1498.152,45.090,47.961,40.188,39.000,39.000,40.000,40.000,38.000,39.000,39.000,39.000,40.000,40.047,38.000,40.047,37.188,35.000,35.000,31.996,34.535,34.746,32.977,5.395,0.107,13.825,1825.697,1699.380,1836.000,1700.000,0.000,,,,2,1789719398.464,100,0
1499.153,44.941,47.812,40.188,41.000,40.000,41.000,41.000,39.000,39.000,40.000,39.000,40.000,41.000,40.000,40.359,37.312,35.000,35.000,31.996,34.527,34.734,32.969,5.783,0.108,15.031,1829.901,1700.102,1836.000,1700.000,0.000,,,,2,1789719399.465,100,0
1500.156,44.805,47.676,40.000,41.000,39.000,41.000,41.000,39.000,39.000,39.000,39.000,40.000,41.000,39.000,40.578,37.125,35.000,35.000,31.996,34.520,34.727,32.965,6.786,0.120,15.382,1829.966,1699.243,1836.000,1700.000,0.000,,,,2,1789719400.467,100,0
1501.159,44.684,47.555,40.188,40.000,40.000,41.000,41.000,39.000,39.000,40.000,39.000,41.000,41.000,40.000,40.891,37.250,35.000,35.000,31.996,34.516,34.715,32.957,8.618,0.136,17.561,1823.191,1691.618,1836.000,1700.000,0.000,,,,2,1789719401.471,100,0
1502.161,44.598,47.324,40.312,44.000,42.000,41.000,41.000,40.000,39.000,40.000,39.000,41.000,44.000,40.000,41.906,37.125,35.000,35.000,31.996,34.508,34.707,32.949,9.832,0.149,18.782,1832.714,1699.540,1836.000,1700.000,0.000,,,,2,1789719402.472,100,0
1503.161,44.500,47.227,40.375,41.000,40.000,41.000,41.000,39.000,39.000,40.000,39.000,40.000,41.484,40.000,41.484,37.188,35.000,35.000,31.996,34.500,34.699,32.945,9.553,0.134,18.455,1837.203,1699.893,1836.000,1700.000,0.000,,,,2,1789719403.473,100,0
1504.162,44.398,47.125,40.312,41.000,40.000,41.000,42.000,40.000,39.000,40.000,39.000,41.000,42.000,40.000,41.297,37.125,35.000,35.000,31.996,34.496,34.691,32.938,9.214,0.132,18.097,1837.203,1717.943,1836.000,1700.000,0.000,,,,2,1789719404.472,100,0
1505.167,44.375,46.828,40.312,48.000,47.000,49.000,47.000,46.000,47.000,46.000,47.000,42.000,49.000,44.000,43.578,37.188,35.000,35.000,31.996,34.488,34.684,32.934,13.710,0.152,25.029,1846.514,1699.508,1836.000,1700.000,0.000,,,,2,1789719405.476,100,0
1506.167,44.484,46.770,40.688,41.000,40.000,42.000,41.000,40.000,41.000,41.000,41.000,41.000,45.250,40.000,45.250,37.250,35.000,35.000,31.996,34.484,34.676,32.926,20.046,0.203,28.545,1839.663,1707.302,1836.000,1700.000,0.000,,,,2,1789719406.477,100,0
1507.169,44.383,46.438,40.812,40.000,41.000,42.000,40.000,39.000,39.000,40.000,40.000,40.000,42.000,40.000,41.234,37.500,35.000,35.000,31.996,34.477,34.668,32.922,6.447,0.113,15.874,1846.665,1688.302,1836.000,1700.000,0.000,,,,2,1789719407.488,100,0
1508.171,44.273,46.328,40.625,40.000,39.000,40.000,40.000,39.000,39.000,40.000,40.000,41.000,41.000,39.000,40.984,37.500,35.000,35.000,31.996,34.473,34.660,32.918,5.889,0.106,15.174,1841.517,1694.078,1836.000,1700.000,0.000,,,,2,1789719408.484,100,0
1509.176,44.152,46.207,40.500,39.000,38.000,41.000,40.000,39.000,39.000,40.000,39.000,40.000,41.000,38.000,40.312,37.500,35.000,35.000,31.996,34.469,34.652,32.910,3.967,0.083,12.557,1851.261,1718.254,1836.000,1700.000,0.000,,,,2,1789719409.489,100,0
1510.179,44.023,46.078,40.375,39.000,38.000,39.000,39.000,38.000,39.000,39.000,39.000,40.000,40.078,38.000,40.078,37.312,35.000,35.000,31.996,34.461,34.648,32.902,3.219,0.075,11.843,1830.143,1698.001,1836.000,1700.000,0.000,,,,2,1789719410.498,100,0
1511.179,43.898,45.953,40.312,39.000,38.000,40.000,39.000,38.000,38.000,39.000,39.000,40.000,40.000,38.000,40.000,37.375,35.000,35.000,31.996,34.457,34.641,32.898,3.250,0.073,11.627,1827.931,1687.669,1836.000,1700.000,0.000,,,,2,1789719411.498,100,0
1512.180,43.773,45.828,40.312,39.000,38.000,39.000,38.000,38.000,38.000,39.000,39.000,40.000,40.000,37.000,39.969,37.250,35.000,35.000,31.996,34.453,34.633,32.891,2.933,0.070,11.064,1848.429,1693.647,1836.000,1700.000,0.000,,,,2,1789719412.497,100,0
1513.185,43.648,45.703,40.188,39.000,38.000,39.000,38.000,38.000,37.000,39.000,39.000,40.000,40.000,38.000,39.688,37.250,35.000,35.000,31.996,34.445,34.625,32.883,2.780,0.068,10.822,1846.362,1693.313,1836.000,1700.000,0.000,,,,2,1789719413.503,100,0
1514.190,43.523,45.578,40.000,39.000,38.000,39.000,38.000,38.000,37.000,39.000,39.000,39.000,39.672,38.000,39.672,37.125,35.000,35.000,31.996,34.441,34.613,32.879,2.771,0.064,10.787,1839.268,1715.896,1836.000,1700.000,0.000,,,,2,1789719414.508,100,0
1515.190,43.414,45.469,39.875,39.000,38.000,39.000,38.000,38.000,38.000,39.000,39.000,40.000,40.000,38.000,40.000,37.125,35.000,35.000,31.996,34.434,34.605,32.875,3.876,0.069,11.813,1832.042,1697.737,1836.000,1700.000,0.000,,,,2,1789719415.509,100,0
1516.195,43.305,45.359,39.812,39.000,38.000,39.000,38.000,38.000,38.000,39.000,38.000,40.000,40.000,38.000,39.891,36.938,35.000,35.000,31.996,34.430,34.602,32.867,4.384,0.078,12.857,1851.414,1701.870,1836.000,1700.000,0.000,,,,2,1789719416.514,100,0
1517.196,43.184,45.238,39.812,39.000,38.000,39.000,38.000,38.000,37.000,39.000,38.000,39.000,39.453,38.000,39.453,37.000,35.000,35.000,31.996,34.422,34.590,32.863,2.850,0.067,10.755,1837.466,1703.457,1836.000,1700.000,0.000,,,,2,1789719417.513,100,0
1518.201,43.066,45.121,39.750,37.000,38.000,39.000,38.000,38.000,37.000,39.000,38.000,39.000,39.469,38.000,39.469,37.000,35.000,35.000,31.996,34.414,34.582,32.855,2.714,0.063,10.499,1846.675,1693.926,1836.000,1700.000,0.000,,,,2,1789719418.520,100,0
1519.206,42.957,45.012,39.625,38.000,38.000,39.000,38.000,37.000,37.000,39.000,38.000,40.000,40.000,37.000,39.531,36.938,35.000,35.000,31.996,34.410,34.574,32.852,3.341,0.073,11.202,1839.372,1694.189,1836.000,1700.000,0.000,,,,2,1789719419.524,100,0
1520.210,42.848,44.902,39.500,38.000,38.000,39.000,38.000,38.000,37.000,39.000,38.000,40.000,40.000,37.000,39.469,36.938,35.000,35.000,31.996,34.402,34.562,32.844,3.459,0.080,11.493,1829.994,1701.918,1836.000,1700.000,0.000,,,,2,1789719420.529,100,0
1521.215,42.738,44.793,39.438,38.000,38.000,39.000,38.000,38.000,37.000,39.000,39.000,40.000,40.000,37.000,39.312,36.875,35.000,35.000,31.996,34.395,34.555,32.840,2.888,0.070,11.094,1825.586,1715.601,1836.000,1700.000,0.000,,,,2,1789719421.534,100,0
1522.220,42.629,44.684,39.250,37.000,37.000,39.000,38.000,37.000,37.000,39.000,38.000,39.000,39.266,37.000,39.266,36.750,35.000,35.000,31.996,34.391,34.543,32.832,2.688,0.065,10.459,1834.769,1709.913,1836.000,1700.000,0.000,,,,2,1789719422.539,100,0
1523.225,42.523,44.578,39.375,38.000,38.000,39.000,38.000,37.000,37.000,38.000,38.000,40.000,40.000,38.000,39.250,36.812,35.000,35.000,31.996,34.383,34.535,32.824,2.936,0.072,11.129,1836.978,1709.442,1836.000,1700.000,0.000,,,,2,1789719423.544,100,0
1524.226,42.418,44.473,39.250,38.000,38.000,39.000,38.000,37.000,37.000,38.000,38.000,39.000,39.172,37.000,39.172,36.688,35.000,35.000,31.996,34.375,34.523,32.816,2.709,0.069,10.598,1823.237,1700.118,1836.000,1700.000,0.000,,,,2,1789719424.545,100,0
1525.230,42.316,44.266,39.125,37.000,38.000,39.000,38.000,37.000,37.000,38.000,38.000,40.000,40.000,37.000,39.234,36.750,35.000,35.000,31.996,34.367,34.512,32.809,3.260,0.078,11.218,1823.699,1694.413,1836.000,1700.000,0.000,,,,2,1789719425.550,100,0
1526.231,42.219,44.168,39.000,37.000,37.000,38.000,38.000,37.000,37.000,38.000,38.000,39.000,39.188,37.000,39.188,36.562,35.000,35.000,31.996,34.359,34.500,32.805,2.937,0.073,10.755,1834.928,1705.870,1836.000,1700.000,0.000,,,,2,1789719426.543,100,0
1527.236,42.133,44.082,39.062,37.000,38.000,39.000,38.000,37.000,37.000,39.000,38.000,39.000,39.438,38.000,39.438,36.562,35.000,35.000,31.996,34.352,34.492,32.797,4.832,0.094,12.864,1851.509,1702.281,1836.000,1700.000,0.000,,,,2,1789719427.554,100,0
1528.237,42.062,44.012,39.000,39.000,39.000,40.000,40.000,38.000,38.000,39.000,39.000,39.000,40.000,38.000,39.891,36.500,35.000,35.000,31.996,34.344,34.480,32.789,4.351,0.086,12.259,1842.299,1700.479,1836.000,1700.000,0.000,,,,2,1789719428.556,100,0
1529.238,46.164,49.148,38.938,47.000,44.000,50.000,47.000,45.000,44.000,43.000,41.000,41.000,58.469,43.000,58.469,36.500,35.000,35.000,31.996,34.336,34.473,32.785,14.122,0.129,22.925,1816.668,1709.726,1836.000,1700.000,0.000,,,,2,1789719429.550,100,0
1530.240,45.996,48.680,39.188,39.000,39.000,40.000,39.000,38.000,38.000,39.000,39.000,39.000,40.844,38.000,40.844,36.500,35.000,35.000,31.996,34.324,34.461,32.777,6.873,0.141,18.274,1851.518,1709.629,1836.000,1700.000,0.000,,,,2,1789719430.551,100,0
1531.244,45.840,48.258,39.375,39.000,39.000,40.000,40.000,38.000,39.000,39.000,39.000,40.000,41.047,39.000,41.047,36.625,35.000,35.000,31.996,34.320,34.449,32.770,8.059,0.136,17.054,1837.522,1694.197,1836.000,1700.000,0.000,,,,2,1789719431.557,100,0
1532.244,45.660,48.078,39.312,39.000,39.000,39.000,40.000,38.000,38.000,39.000,39.000,40.000,40.047,38.000,40.047,36.562,35.000,35.000,31.996,34.312,34.438,32.762,5.902,0.117,15.146,1835.442,1687.930,1836.000,1700.000,0.000,,,,2,1789719432.555,100,0
1533.248,45.473,47.891,39.312,39.000,39.000,39.000,40.000,38.000,38.000,38.000,39.000,39.000,40.000,38.000,39.641,36.688,35.000,35.000,31.996,34.305,34.430,32.754,5.394,0.104,14.080,1839.908,1691.610,1836.000,1700.000,0.000,,,,2,1789719433.565,100,0
1534.253,45.914,48.355,39.375,47.000,47.000,47.000,48.000,50.000,43.000,42.000,41.000,41.000,50.000,45.000,48.578,36.562,35.000,35.000,31.996,34.301,34.418,32.750,11.721,0.137,20.865,1837.588,1693.624,1836.000,1700.000,0.000,,,,2,1789719434.563,100,0
1535.256,50.617,54.227,39.625,59.000,46.000,49.000,50.000,46.000,47.000,44.000,44.000,43.000,64.734,46.000,64.734,36.750,35.000,35.000,31.996,34.293,34.410,32.742,30.701,0.205,39.723,1851.376,1688.223,1836.000,1700.000,0.000,,,,2,1789719435.565,100,0
1536.260,50.555,53.801,40.125,42.000,42.000,43.000,43.000,41.000,40.000,41.000,41.000,42.000,48.641,42.000,48.641,36.812,35.000,35.000,31.996,34.285,34.398,32.734,22.297,0.191,31.548,1837.522,1699.974,1836.000,1700.000,0.000,,,,2,1789719436.571,100,0
1537.262,50.285,53.207,40.125,41.000,41.000,41.000,41.000,39.000,39.000,40.000,40.000,41.000,41.969,41.000,41.969,36.938,35.000,35.000,31.996,34.281,34.391,32.730,9.422,0.132,18.023,1842.280,1699.781,1836.000,1700.000,0.000,,,,2,1789719437.574,100,0
1538.265,50.008,52.637,40.188,40.000,40.000,41.000,41.000,39.000,39.000,40.000,40.000,41.000,41.375,40.000,41.375,37.250,35.000,35.000,31.996,34.273,34.383,32.723,7.429,0.124,16.279,1826.039,1694.150,1836.000,1700.000,0.000,,,,2,1789719438.577,100,0
1539.269,49.746,52.375,40.312,41.000,40.000,42.000,41.000,40.000,39.000,40.000,39.000,41.000,42.000,41.000,41.609,37.188,35.000,35.000,31.996,34.266,34.375,32.715,8.194,0.137,17.105,1832.891,1701.991,1836.000,1700.000,0.000,,,,2,1789719439.580,100,0
1540.274,49.488,52.117,40.312,41.000,40.000,42.000,42.000,39.000,39.000,40.000,40.000,41.000,42.000,41.000,41.609,37.188,35.000,35.000,31.996,34.262,34.367,32.711,8.530,0.137,17.543,1839.785,1699.965,1836.000,1700.000,0.000,,,,2,1789719440.586,100,0
1541.275,49.246,51.875,40.375,41.000,41.000,41.000,41.000,40.000,40.000,40.000,40.000,41.000,41.625,40.000,41.625,37.188,35.000,35.000,31.996,34.254,34.359,32.703,9.042,0.139,17.785,1825.734,1694.150,1836.000,1700.000,0.000,,,,2,1789719441.585,100,0
1542.277,49.031,51.660,40.438,41.000,40.000,42.000,42.000,39.000,39.000,40.000,40.000,41.000,42.469,40.000,42.469,37.125,35.000,35.000,31.996,34.246,34.352,32.695,12.867,0.157,21.476,1839.635,1702.514,1836.000,1700.000,0.000,,,,2,1789719442.588,100,0
1543.278,49.539,52.469,40.438,46.000,43.000,46.000,46.000,42.000,42.000,42.000,41.000,41.000,55.156,43.000,55.156,37.250,35.000,35.000,31.996,34.242,34.348,32.691,15.496,0.162,24.527,1839.889,1712.272,1836.000,1700.000,0.000,,,,2,1789719443.595,100,0
1544.278,49.293,52.223,40.562,40.000,39.000,41.000,40.000,40.000,39.000,40.000,39.000,41.000,41.672,39.000,41.672,37.312,35.000,35.000,31.996,34.234,34.340,32.684,6.188,0.124,16.895,1842.431,1696.649,1836.000,1700.000,0.000,,,,2,1789719444.588,100,0
1545.283,49.023,51.953,40.625,39.000,39.000,40.000,40.000,38.000,39.000,40.000,39.000,40.000,40.672,39.000,40.672,37.312,35.000,35.000,31.996,34.230,34.336,32.680,4.847,0.092,14.358,1840.086,1694.213,1836.000,1700.000,0.000,,,,2,1789719445.602,100,0
1546.286,48.742,51.672,40.375,39.000,38.000,39.000,38.000,38.000,38.000,40.000,39.000,40.000,40.109,38.000,40.109,37.375,35.000,35.000,31.996,34.227,34.328,32.676,3.597,0.068,12.041,1841.828,1700.720,1836.000,1700.000,0.000,,,,2,1789719446.604,100,0
1547.290,48.477,51.406,40.312,39.000,38.000,40.000,39.000,39.000,39.000,39.000,39.000,40.000,40.203,38.000,40.203,37.312,35.000,35.000,31.996,34.219,34.320,32.668,3.528,0.074,11.992,1830.412,1714.212,1836.000,1700.000,0.000,,,,2,1789719447.608,100,0
1548.293,48.219,51.148,40.062,39.000,38.000,40.000,40.000,38.000,38.000,39.000,39.000,40.000,40.172,38.000,40.172,37.250,35.000,35.000,31.996,34.215,34.316,32.660,2.758,0.066,10.669,1842.196,1694.253,1836.000,1700.000,0.000,,,,2,1789719448.610,100,0
1549.294,47.961,50.891,40.000,39.000,38.000,39.000,38.000,38.000,38.000,39.000,39.000,40.000,40.000,38.000,40.000,37.125,35.000,35.000,31.996,34.211,34.309,32.656,2.768,0.068,10.765,1832.565,1692.310,1836.000,1700.000,0.000,,,,2,1789719449.613,100,0
1550.294,47.711,50.641,39.812,38.000,38.000,39.000,38.000,38.000,38.000,39.000,39.000,39.000,39.953,38.000,39.953,37.188,35.000,35.000,31.996,34.207,34.305,32.652,2.843,0.069,10.547,1839.494,1694.389,1836.000,1700.000,0.000,,,,2,1789719450.605,100,0
1551.299,47.469,50.398,39.812,39.000,38.000,40.000,39.000,38.000,38.000,39.000,39.000,40.000,40.016,38.000,40.016,37.062,35.000,35.000,31.996,34.199,34.297,32.648,4.646,0.094,13.316,1830.161,1706.080,1836.000,1700.000,0.000,,,,2,1789719451.610,100,0
1552.302,47.242,50.172,39.875,39.000,38.000,39.000,39.000,38.000,37.000,39.000,39.000,40.000,40.234,38.000,40.234,37.000,35.000,35.000,31.996,34.195,34.289,32.641,5.042,0.098,13.344,1830.524,1694.237,1836.000,1700.000,0.000,,,,2,1789719452.613,100,0
1553.305,47.012,49.941,39.750,39.000,38.000,39.000,38.000,38.000,37.000,39.000,39.000,40.000,40.000,38.000,39.828,36.875,35.000,35.000,31.996,34.191,34.281,32.633,3.322,0.076,12.029,1837.635,1694.588,1836.000,1700.000,0.000,,,,2,1789719453.618,100,0
1554.306,46.785,49.715,39.688,39.000,37.000,39.000,38.000,38.000,37.000,39.000,38.000,40.000,40.000,37.000,39.797,36.938,35.000,35.000,31.996,34.184,34.273,32.629,3.057,0.070,11.268,1832.863,1705.886,1836.000,1700.000,0.000,,,,2,1789719454.618,100,0
1555.307,46.559,49.488,39.562,38.000,37.000,39.000,38.000,37.000,37.000,38.000,38.000,39.000,39.469,37.000,39.469,36.938,35.000,35.000,31.996,34.176,34.270,32.625,3.018,0.069,11.048,1837.607,1680.845,1836.000,1700.000,0.000,,,,2,1789719455.620,100,0
1556.309,46.332,49.262,39.438,39.000,38.000,40.000,38.000,38.000,37.000,39.000,38.000,40.000,40.000,38.000,39.375,36.938,35.000,35.000,31.996,34.172,34.262,32.621,2.793,0.068,11.174,1839.673,1686.593,1836.000,1700.000,0.000,,,,2,1789719456.620,100,0
1557.310,46.133,49.062,39.500,40.000,38.000,39.000,39.000,38.000,37.000,39.000,39.000,40.000,40.000,38.000,39.938,36.875,35.000,35.000,31.996,34.164,34.254,32.617,5.518,0.090,13.527,1828.339,1700.712,1836.000,1700.000,0.000,,,,2,1789719457.621,100,0
1558.311,45.926,48.855,39.438,38.000,37.000,39.000,38.000,37.000,37.000,39.000,38.000,39.000,39.484,38.000,39.484,36.750,35.000,35.000,31.996,34.160,34.246,32.613,3.964,0.075,12.114,1840.020,1710.393,1836.000,1700.000,0.000,,,,2,1789719458.623,100,0
1559.312,45.715,48.645,39.312,38.000,37.000,39.000,38.000,37.000,37.000,39.000,38.000,39.000,39.203,37.000,39.203,36.750,35.000,35.000,31.996,34.152,34.242,32.605,2.911,0.070,10.863,1842.299,1700.367,1836.000,1700.000,0.000,,,,2,1789719459.624,100,0
1560.313,45.512,48.441,39.312,38.000,37.000,39.000,38.000,37.000,37.000,38.000,39.000,39.000,39.250,38.000,39.250,36.500,35.000,35.000,30.996,34.148,34.234,32.594,2.888,0.068,10.978,1826.345,1695.953,1836.000,1700.000,0.000,,,,2,1789719460.626,100,0
1561.314,45.316,48.246,39.062,37.000,37.000,39.000,38.000,38.000,37.000,39.000,38.000,39.000,39.188,37.000,39.188,36.625,35.000,35.000,30.996,34.141,34.227,32.582,3.007,0.072,11.223,1823.893,1696.169,1836.000,1700.000,0.000,,,,2,1789719461.629,100,0
1562.315,45.125,48.055,39.062,38.000,37.000,39.000,38.000,37.000,36.000,39.000,38.000,39.000,39.172,37.000,39.172,36.500,35.000,35.000,30.996,34.137,34.215,32.570,2.756,0.069,11.164,1840.086,1688.785,1836.000,1700.000,0.000,,,,2,1789719462.627,100,0
1563.316,44.938,47.867,39.000,38.000,37.000,39.000,37.000,37.000,36.000,38.000,38.000,40.000,40.000,37.000,39.188,36.500,35.000,35.000,30.996,34.129,34.211,32.559,2.899,0.071,10.800,1840.030,1694.389,1836.000,1700.000,0.000,,,,2,1789719463.628,100,0
1564.316,44.758,47.688,38.938,38.000,37.000,38.000,38.000,37.000,36.000,38.000,38.000,40.000,40.000,37.000,39.156,36.500,35.000,35.000,30.996,34.125,34.199,32.547,3.066,0.077,11.132,1819.533,1693.624,1836.000,1700.000,0.000,,,,2,1789719464.626,100,0
1565.318,44.609,47.539,39.000,37.000,38.000,39.000,38.000,37.000,37.000,39.000,39.000,40.000,40.047,37.000,40.047,36.438,35.000,35.000,30.996,34.117,34.191,32.535,6.826,0.086,15.144,1839.908,1702.152,1836.000,1700.000,0.000,,,,2,1789719465.630,100,0
1566.318,44.449,47.230,38.812,38.000,37.000,39.000,38.000,37.000,37.000,38.000,39.000,39.000,39.453,37.000,39.453,36.438,35.000,35.000,30.996,34.109,34.184,32.523,3.542,0.076,11.936,1824.392,1696.433,1836.000,1700.000,0.000,,,,2,1789719466.630,100,0
1567.319,44.391,47.172,38.875,39.000,38.000,40.000,39.000,38.000,37.000,39.000,39.000,39.000,42.531,38.000,42.531,36.500,35.000,35.000,30.996,34.102,34.176,32.512,5.091,0.075,13.175,1826.197,1694.492,1836.000,1700.000,0.000,,,,2,1789719467.631,100,0
1568.321,44.227,47.008,39.000,39.000,37.000,39.000,38.000,37.000,37.000,39.000,38.000,39.000,39.203,37.000,39.203,36.438,35.000,35.000,30.996,34.098,34.168,32.500,2.811,0.069,11.181,1839.917,1692.374,1836.000,1700.000,0.000,,,,2,1789719468.633,100,0
1569.321,44.070,46.852,38.750,40.000,38.000,39.000,39.000,37.000,40.000,38.000,40.000,39.000,40.000,38.000,39.234,36.438,35.000,35.000,30.996,34.090,34.160,32.492,3.009,0.071,11.151,1840.105,1688.619,1836.000,1700.000,0.000,,,,2,1789719469.633,100,0
1570.325,43.918,46.699,38.688,37.000,37.000,39.000,38.000,37.000,37.000,39.000,38.000,39.000,39.188,37.000,39.188,36.438,35.000,35.000,30.996,34.086,34.148,32.480,2.908,0.069,10.918,1824.115,1692.692,1836.000,1700.000,0.000,,,,2,1789719470.637,100,0
1571.330,43.773,46.555,38.625,38.000,37.000,38.000,38.000,38.000,36.000,38.000,38.000,39.000,39.219,37.000,39.219,36.312,35.000,35.000,30.996,34.074,34.141,32.465,3.148,0.076,11.056,1840.068,1677.266,1836.000,1700.000,0.000,,,,2,1789719471.648,100,0
1572.330,43.625,46.406,38.562,37.000,37.000,38.000,38.000,37.000,36.000,38.000,38.000,40.000,40.000,37.000,39.125,36.375,35.000,35.000,30.996,34.070,34.133,32.457,2.873,0.073,10.820,1840.246,1682.762,1836.000,1700.000,0.000,,,,2,1789719472.648,100,0
1573.335,43.484,46.266,38.500,37.000,37.000,39.000,37.000,37.000,37.000,38.000,38.000,39.000,39.109,37.000,39.109,36.250,35.000,35.000,30.996,34.062,34.125,32.445,2.834,0.072,10.397,1817.154,1696.001,1836.000,1700.000,0.000,,,,2,1789719473.649,100,0
1574.337,43.348,46.129,38.438,37.000,37.000,38.000,38.000,37.000,37.000,38.000,38.000,40.000,40.000,37.000,39.078,36.250,35.000,35.000,30.996,34.055,34.117,32.438,2.907,0.072,10.669,1839.560,1700.471,1836.000,1700.000,0.000,,,,2,1789719474.656,100,0
1575.341,43.211,45.992,38.375,37.000,37.000,38.000,38.000,37.000,37.000,38.000,37.000,39.000,39.016,36.000,39.016,36.125,35.000,35.000,30.996,34.047,34.105,32.422,2.726,0.070,10.974,1826.373,1703.505,1836.000,1700.000,0.000,,,,2,1789719475.655,100,0
1576.343,43.082,45.723,38.375,37.000,37.000,38.000,37.000,37.000,37.000,38.000,37.000,39.000,39.000,37.000,39.000,36.125,35.000,35.000,30.996,34.043,34.094,32.410,2.768,0.068,10.965,1839.945,1700.255,1836.000,1700.000,0.000,,,,2,1789719476.661,100,0
1577.343,42.953,45.594,38.312,37.000,37.000,38.000,37.000,36.000,36.000,38.000,37.000,39.000,39.031,36.000,39.031,36.188,35.000,35.000,30.996,34.031,34.082,32.402,2.698,0.066,10.670,1826.039,1700.560,1836.000,1700.000,0.000,,,,2,1789719477.661,100,0
1578.346,42.828,45.469,38.250,37.000,36.000,38.000,37.000,36.000,36.000,38.000,37.000,39.000,39.000,36.000,38.953,36.125,35.000,35.000,30.996,34.023,34.070,32.391,3.092,0.070,11.360,1838.254,1696.161,1836.000,1700.000,0.000,,,,2,1789719478.665,100,0
1579.348,42.703,45.344,38.188,37.000,37.000,38.000,37.000,37.000,36.000,38.000,38.000,39.000,39.000,36.000,38.844,36.125,35.000,35.000,30.996,34.012,34.055,32.379,2.795,0.068,10.532,1840.698,1702.651,1836.000,1700.000,0.000,,,,2,1789719479.667,100,0
1580.351,42.586,45.227,38.062,37.000,37.000,38.000,37.000,37.000,36.000,38.000,37.000,39.000,39.000,36.000,38.906,36.000,35.000,35.000,30.996,34.004,34.039,32.367,2.996,0.072,11.105,1831.110,1700.495,1836.000,1700.000,0.000,,,,2,1789719480.669,100,0
1581.356,42.465,45.105,38.000,37.000,36.000,38.000,37.000,37.000,36.000,38.000,37.000,39.000,39.000,36.000,38.656,36.000,35.000,35.000,30.996,33.996,34.031,32.355,2.758,0.069,10.636,1831.399,1699.933,1836.000,1700.000,0.000,,,,2,1789719481.674,100,0
1582.358,42.336,44.977,37.938,37.000,36.000,38.000,38.000,36.000,36.000,38.000,37.000,39.000,39.000,36.000,38.375,36.000,35.000,35.000,30.996,33.984,34.020,32.348,2.674,0.067,10.520,1840.378,1706.008,1836.000,1700.000,0.000,,,,2,1789719482.678,100,0
1583.363,42.207,44.848,37.938,37.000,36.000,38.000,37.000,36.000,36.000,38.000,37.000,38.000,38.266,36.000,38.266,35.938,35.000,35.000,30.996,33.977,34.004,32.332,2.819,0.069,10.578,1840.472,1704.239,1836.000,1700.000,0.000,,,,2,1789719483.682,100,0
1584.368,42.090,44.730,37.938,37.000,36.000,38.000,37.000,37.000,37.000,38.000,37.000,38.000,38.391,36.000,38.391,35.812,35.000,35.000,30.996,33.965,33.996,32.324,3.059,0.069,11.193,1826.234,1696.665,1836.000,1700.000,0.000,,,,2,1789719484.687,100,0
1585.370,41.977,44.617,37.812,37.000,36.000,38.000,37.000,36.000,35.000,38.000,37.000,39.000,39.000,36.000,38.516,35.875,35.000,35.000,30.996,33.957,33.988,32.312,2.865,0.071,10.914,1824.346,1692.573,1836.000,1700.000,0.000,,,,2,1789719485.688,100,0
1586.374,41.859,44.371,37.812,37.000,37.000,38.000,37.000,36.000,36.000,38.000,38.000,38.000,38.156,37.000,38.156,35.750,35.000,35.000,30.996,33.945,33.973,32.301,2.740,0.065,10.591,1847.376,1694.756,1836.000,1700.000,0.000,,,,2,1789719486.691,100,0
1587.376,41.742,44.254,37.750,37.000,36.000,38.000,37.000,36.000,36.000,37.000,37.000,38.000,38.141,36.000,38.141,35.688,35.000,35.000,30.996,33.938,33.961,32.289,2.630,0.063,10.451,1840.246,1706.566,1836.000,1700.000,0.000,,,,2,1789719487.691,100,0
1588.378,41.629,44.141,37.688,37.000,36.000,38.000,38.000,36.000,36.000,37.000,37.000,38.000,38.141,36.000,38.141,35.750,35.000,35.000,30.996,33.930,33.953,32.281,3.140,0.069,10.911,1831.241,1707.075,1836.000,1700.000,0.000,,,,2,1789719488.697,100,0
1589.383,41.516,44.027,37.625,37.000,36.000,38.000,37.000,36.000,36.000,37.000,37.000,38.000,38.047,36.000,38.047,35.750,35.000,35.000,30.996,33.922,33.938,32.270,2.815,0.068,11.062,1817.530,1700.495,1836.000,1700.000,0.000,,,,2,1789719489.700,100,0
1590.388,41.410,43.922,37.688,37.000,36.000,38.000,37.000,36.000,36.000,38.000,38.000,38.000,38.062,36.000,38.062,35.750,35.000,35.000,30.996,33.910,33.926,32.258,2.745,0.071,10.343,1842.893,1688.508,1836.000,1700.000,0.000,,,,2,1789719490.699,100,0
1591.391,41.320,43.832,37.438,37.000,36.000,38.000,37.000,37.000,36.000,38.000,37.000,38.000,38.609,36.000,38.609,35.562,35.000,35.000,30.996,33.898,33.906,32.246,4.444,0.086,12.382,1845.397,1686.925,1836.000,1700.000,0.000,,,,2,1789719491.709,100,0
1592.393,41.230,43.742,37.688,37.000,36.000,38.000,38.000,37.000,36.000,38.000,37.000,38.000,38.344,37.000,38.344,35.688,35.000,35.000,30.996,33.887,33.898,32.234,4.166,0.084,12.201,1842.629,1688.254,1836.000,1700.000,0.000,,,,2,1789719492.706,100,0
1593.394,41.145,43.656,37.625,37.000,36.000,38.000,37.000,36.000,36.000,38.000,37.000,38.000,38.516,37.000,38.516,35.625,35.000,35.000,30.996,33.875,33.883,32.227,5.260,0.102,13.871,1833.750,1700.287,1836.000,1700.000,0.000,,,,2,1789719493.713,100,0
1594.395,41.055,43.566,37.562,37.000,37.000,38.000,37.000,37.000,36.000,38.000,37.000,39.000,39.000,36.000,38.297,35.625,35.000,35.000,30.996,33.867,33.871,32.215,2.696,0.068,10.574,1827.031,1700.921,1836.000,1700.000,0.000,,,,2,1789719494.713,100,0
1595.396,40.984,43.496,37.562,37.000,37.000,38.000,38.000,37.000,37.000,38.000,37.000,38.000,38.844,37.000,38.844,35.688,35.000,35.000,30.996,33.855,33.859,32.203,4.022,0.081,12.139,1833.750,1694.309,1836.000,1700.000,0.000,,,,2,1789719495.713,100,0
1596.400,40.906,43.289,37.562,37.000,39.000,39.000,38.000,39.000,36.000,38.000,37.000,38.000,39.000,37.000,38.406,35.625,35.000,35.000,30.996,33.848,33.848,32.195,4.164,0.092,12.999,1852.538,1700.520,1836.000,1700.000,0.000,,,,2,1789719496.710,100,0
1597.403,40.848,43.230,37.688,37.000,38.000,39.000,39.000,37.000,37.000,39.000,37.000,39.000,39.031,37.000,39.031,35.562,35.000,35.000,30.996,33.836,33.832,32.184,5.579,0.099,13.657,1834.245,1700.359,1836.000,1700.000,0.000,,,,2,1789719497.714,100,0
1598.406,40.781,43.164,37.688,37.000,37.000,38.000,38.000,37.000,36.000,38.000,37.000,38.000,38.797,37.000,38.797,35.562,35.000,35.000,30.996,33.824,33.816,32.172,4.975,0.098,13.202,1842.940,1712.296,1836.000,1700.000,0.000,,,,2,1789719498.716,100,0
1599.410,41.355,44.016,37.562,39.000,39.000,41.000,40.000,39.000,39.000,39.000,39.000,39.000,46.531,39.000,46.531,35.625,35.000,35.000,30.996,33.812,33.801,32.164,15.071,0.153,25.276,1829.352,1706.210,1836.000,1700.000,0.000,,,,2,1789719499.721,100,0
1600.413,41.305,43.699,37.812,38.000,38.000,39.000,39.000,37.000,37.000,38.000,37.000,39.000,39.828,38.000,39.828,35.625,35.000,35.000,30.996,33.805,33.781,32.152,7.234,0.132,17.580,1847.916,1699.773,1836.000,1700.000,0.000,,,,2,1789719500.726,100,0
1601.418,41.238,43.633,37.938,38.000,37.000,38.000,38.000,37.000,37.000,38.000,37.000,39.000,39.156,37.000,39.156,35.750,35.000,35.000,30.996,33.797,33.777,32.141,5.778,0.108,14.452,1836.416,1706.638,1836.000,1700.000,0.000,,,,2,1789719501.730,100,0
1602.421,41.176,43.570,37.938,38.000,38.000,39.000,38.000,37.000,37.000,38.000,37.000,38.000,39.203,38.000,39.203,35.750,35.000,35.000,30.996,33.785,33.762,32.129,6.058,0.110,14.582,1845.662,1706.169,1836.000,1700.000,0.000,,,,2,1789719502.736,100,0
1603.425,41.105,43.500,37.938,38.000,38.000,39.000,38.000,37.000,37.000,38.000,37.000,38.000,39.000,37.000,38.969,35.750,35.000,35.000,30.996,33.773,33.746,32.121,5.592,0.102,14.540,1836.304,1710.636,1836.000,1700.000,0.000,,,,2,1789719503.738,100,0
1604.428,41.035,43.430,37.938,37.000,37.000,38.000,38.000,37.000,37.000,38.000,38.000,39.000,39.000,37.000,38.891,35.750,35.000,35.000,30.996,33.766,33.730,32.109,5.076,0.102,13.844,1834.189,1701.339,1836.000,1700.000,0.000,,,,2,1789719504.740,100,0
1605.430,40.977,43.371,37.938,37.000,37.000,39.000,38.000,37.000,37.000,38.000,38.000,39.000,39.047,38.000,39.047,35.688,35.000,35.000,30.996,33.754,33.719,32.098,5.526,0.108,14.191,1852.652,1710.498,1836.000,1700.000,0.000,,,,2,1789719505.743,100,0
1606.434,40.910,43.305,37.875,37.000,37.000,38.000,38.000,37.000,37.000,38.000,37.000,39.000,39.000,37.000,38.953,35.688,35.000,35.000,30.996,33.742,33.703,32.090,5.222,0.104,13.853,1838.113,1704.247,1836.000,1700.000,0.000,,,,2,1789719506.748,100,0
1607.436,40.848,43.242,37.812,38.000,37.000,38.000,38.000,36.000,36.000,38.000,38.000,39.000,39.000,38.000,38.922,35.688,35.000,35.000,30.996,33.734,33.691,32.078,5.374,0.108,14.159,1838.479,1685.401,1836.000,1700.000,0.000,,,,2,1789719507.751,100,0
1608.439,40.789,43.184,38.000,38.000,37.000,38.000,38.000,37.000,36.000,38.000,37.000,38.000,38.906,37.000,38.906,35.750,35.000,35.000,30.996,33.723,33.680,32.066,5.140,0.102,13.818,1838.695,1692.811,1836.000,1700.000,0.000,,,,2,1789719508.751,100,0
1609.443,40.730,43.125,37.875,37.000,37.000,38.000,38.000,37.000,36.000,38.000,37.000,39.000,39.000,37.000,38.984,35.625,35.000,35.000,30.996,33.715,33.668,32.059,5.250,0.106,13.919,1838.207,1704.521,1836.000,1700.000,0.000,,,,2,1789719509.755,100,0
1610.443,40.680,42.953,38.062,37.000,37.000,39.000,38.000,37.000,37.000,38.000,38.000,39.000,39.031,37.000,39.031,35.750,35.000,35.000,30.996,33.703,33.652,32.047,5.737,0.110,14.532,1847.926,1693.034,1836.000,1700.000,0.000,,,,2,1789719510.755,100,0
1611.446,40.617,42.891,37.875,38.000,37.000,38.000,38.000,37.000,37.000,38.000,37.000,38.000,38.672,37.000,38.672,35.750,35.000,35.000,30.996,33.691,33.641,32.039,5.335,0.107,13.957,1845.605,1697.153,1836.000,1700.000,0.000,,,,2,1789719511.758,100,0
1612.446,40.562,42.836,37.875,38.000,37.000,38.000,38.000,37.000,37.000,37.000,38.000,39.000,39.000,37.000,38.891,35.688,35.000,35.000,30.996,33.684,33.629,32.031,5.392,0.108,14.262,1845.416,1703.094,1836.000,1700.000,0.000,,,,2,1789719512.757,100,0
1613.451,40.531,42.805,37.875,39.000,38.000,39.000,39.000,37.000,37.000,38.000,38.000,39.000,39.609,38.000,39.609,35.750,35.000,35.000,30.996,33.676,33.617,32.020,7.448,0.125,16.555,1845.624,1693.385,1836.000,1700.000,0.000,,,,2,1789719513.761,100,0
1614.453,40.527,42.801,38.000,40.000,40.000,40.000,40.000,39.000,38.000,39.000,38.000,39.000,40.297,39.000,40.297,35.750,35.000,35.000,30.996,33.664,33.605,32.012,9.036,0.143,17.861,1845.794,1689.443,1836.000,1700.000,0.000,,,,2,1789719514.764,100,0
1615.456,40.512,42.785,38.188,39.000,39.000,40.000,40.000,38.000,37.000,38.000,38.000,39.000,40.109,39.000,40.109,35.688,35.000,35.000,30.996,33.656,33.594,32.004,9.222,0.140,18.361,1845.737,1701.146,1836.000,1700.000,0.000,,,,2,1789719515.767,100,0
1616.456,40.520,42.793,38.125,40.000,39.000,40.000,40.000,38.000,38.000,38.000,38.000,39.000,40.719,39.000,40.719,35.812,35.000,35.000,30.996,33.648,33.582,31.992,10.382,0.146,19.165,1829.622,1695.338,1836.000,1700.000,0.000,,,,2,1789719516.767,100,0
1617.457,40.574,42.848,38.438,40.000,40.000,40.000,41.000,40.000,38.000,39.000,39.000,41.000,42.016,40.000,42.016,35.812,35.000,35.000,30.996,33.637,33.574,31.984,14.716,0.171,23.432,1834.021,1706.655,1836.000,1700.000,0.000,,,,2,1789719517.767,100,0
1618.458,40.582,42.855,38.625,39.000,39.000,41.000,40.000,38.000,37.000,38.000,39.000,39.000,41.000,38.000,40.719,36.000,35.000,35.000,30.996,33.629,33.562,31.977,9.453,0.150,19.129,1852.519,1701.211,1836.000,1700.000,0.000,,,,2,1789719518.769,100,0
1619.460,40.574,42.848,38.688,39.000,39.000,40.000,39.000,38.000,38.000,38.000,38.000,39.000,40.453,39.000,40.453,36.000,35.000,35.000,30.996,33.621,33.555,31.965,8.313,0.142,17.292,1829.538,1694.636,1836.000,1700.000,0.000,,,,2,1789719519.771,100,0
1620.464,40.566,42.797,38.688,39.000,39.000,41.000,40.000,38.000,38.000,38.000,38.000,39.000,41.000,39.000,40.266,36.000,35.000,35.000,30.996,33.613,33.547,31.961,7.576,0.140,16.440,1834.096,1693.098,1836.000,1700.000,0.000,,,,2,1789719520.773,100,0
1621.469,40.566,42.797,38.812,39.000,39.000,39.000,40.000,38.000,38.000,39.000,38.000,40.000,40.531,39.000,40.531,36.125,35.000,35.000,30.996,33.609,33.535,31.949,9.650,0.152,18.477,1838.536,1694.995,1836.000,1700.000,0.000,,,,2,1789719521.782,100,0
1622.469,40.566,42.797,38.812,39.000,38.000,40.000,40.000,38.000,38.000,39.000,39.000,40.000,40.562,39.000,40.562,36.188,35.000,35.000,30.996,33.602,33.527,31.941,9.962,0.131,18.852,1835.620,1715.307,1836.000,1700.000,0.000,,,,2,1789719522.783,100,0
1623.470,40.652,42.773,38.875,41.000,41.000,44.000,46.000,40.000,40.000,43.000,39.000,40.000,46.000,41.000,41.797,36.000,35.000,35.000,30.996,33.594,33.520,31.934,8.732,0.124,16.553,1824.392,1692.763,1836.000,1700.000,0.000,,,,2,1789719523.785,100,0
1624.471,40.750,42.820,39.188,40.000,40.000,40.000,41.000,39.000,39.000,39.000,39.000,40.000,42.375,40.000,42.375,36.125,35.000,35.000,30.996,33.586,33.512,31.926,17.081,0.173,28.986,1845.643,1698.378,1836.000,1700.000,0.000,,,,2,1789719524.787,100,0
1625.471,40.738,42.809,39.062,39.000,38.000,39.000,39.000,38.000,38.000,39.000,39.000,39.000,40.484,38.000,40.484,36.250,35.000,35.000,30.996,33.578,33.504,31.918,5.966,0.103,15.520,1838.282,1710.693,1836.000,1700.000,0.000,,,,2,1789719525.783,100,0
1626.476,40.727,42.797,39.062,39.000,39.000,40.000,40.000,38.000,38.000,39.000,39.000,41.000,41.000,39.000,40.375,36.250,35.000,35.000,30.996,33.574,33.496,31.910,5.962,0.088,14.024,1833.648,1700.568,1836.000,1700.000,0.000,,,,2,1789719526.792,100,0
1627.481,40.688,42.758,39.000,37.000,37.000,39.000,38.000,38.000,37.000,38.000,39.000,39.000,39.469,38.000,39.469,36.188,35.000,35.000,30.996,33.566,33.488,31.902,4.772,0.091,13.906,1838.508,1683.140,1836.000,1700.000,0.000,,,,2,1789719527.800,100,0
1628.485,40.645,42.715,38.875,38.000,37.000,38.000,38.000,37.000,37.000,38.000,39.000,39.000,39.219,37.000,39.219,36.188,35.000,35.000,30.996,33.559,33.480,31.895,2.768,0.071,10.199,1828.757,1718.246,1836.000,1700.000,0.000,,,,2,1789719528.803,100,0
1629.489,40.602,42.672,38.750,39.000,38.000,39.000,38.000,38.000,37.000,39.000,38.000,39.000,39.266,38.000,39.266,36.188,35.000,35.000,30.996,33.555,33.477,31.891,4.032,0.084,12.575,1846.807,1689.031,1836.000,1700.000,0.000,,,,2,1789719529.808,100,0
1630.494,40.555,42.625,38.625,37.000,37.000,38.000,38.000,37.000,37.000,38.000,38.000,39.000,39.156,37.000,39.156,36.250,35.000,35.000,30.996,33.547,33.469,31.879,3.067,0.074,11.557,1842.167,1688.563,1836.000,1700.000,0.000,,,,2,1789719530.812,100,0
1631.496,40.512,42.582,38.562,37.000,37.000,38.000,38.000,37.000,37.000,38.000,38.000,39.000,39.156,37.000,39.156,36.062,35.000,35.000,30.996,33.539,33.461,31.875,2.831,0.070,10.831,1833.003,1683.376,1836.000,1700.000,0.000,,,,2,1789719531.814,100,0
1632.500,40.469,42.539,38.562,37.000,37.000,38.000,38.000,38.000,36.000,38.000,38.000,39.000,39.141,37.000,39.141,36.250,35.000,35.000,30.996,33.531,33.453,31.867,2.883,0.072,11.159,1835.751,1708.793,1836.000,1700.000,0.000,,,,2,1789719532.815,100,0
1633.501,40.430,42.500,38.500,38.000,37.000,38.000,38.000,36.000,37.000,38.000,38.000,39.000,39.172,36.000,39.172,36.062,35.000,35.000,30.996,33.527,33.445,31.859,3.971,0.086,12.026,1856.570,1693.058,1836.000,1700.000,0.000,,,,2,1789719533.811,100,0
1634.501,42.012,44.824,38.438,42.000,40.000,42.000,43.000,41.000,40.000,40.000,39.000,40.000,51.516,40.000,51.516,36.125,35.000,35.000,30.996,33.520,33.438,31.852,13.702,0.136,22.652,1828.655,1704.554,1836.000,1700.000,0.000,,,,2,1789719534.811,100,0
1635.506,41.953,44.484,38.625,39.000,38.000,39.000,39.000,37.000,37.000,39.000,38.000,40.000,40.219,38.000,40.219,36.125,35.000,35.000,30.996,33.512,33.434,31.848,6.996,0.138,18.494,1845.122,1701.050,1836.000,1700.000,0.000,,,,2,1789719535.818,100,0
1636.510,41.875,44.406,38.812,38.000,38.000,39.000,39.000,38.000,38.000,38.000,38.000,39.000,39.469,38.000,39.469,36.188,35.000,35.000,30.996,33.508,33.426,31.840,5.791,0.106,14.735,1835.573,1702.828,1836.000,1700.000,0.000,,,,2,1789719536.823,100,0
1637.515,41.797,44.328,38.625,39.000,38.000,39.000,38.000,37.000,37.000,38.000,38.000,39.000,39.375,38.000,39.375,36.188,35.000,35.000,30.996,33.500,33.418,31.832,5.527,0.110,14.529,1838.141,1706.744,1836.000,1700.000,0.000,,,,2,1789719537.826,100,0
1638.519,41.719,44.250,38.625,38.000,38.000,39.000,38.000,37.000,37.000,38.000,38.000,39.000,39.219,38.000,39.219,36.125,35.000,35.000,30.996,33.496,33.410,31.828,5.302,0.096,13.740,1835.807,1700.471,1836.000,1700.000,0.000,,,,2,1789719538.835,100,0
1639.524,41.641,44.172,38.750,38.000,38.000,39.000,39.000,37.000,37.000,38.000,38.000,39.000,39.266,38.000,39.266,36.125,35.000,35.000,30.996,33.492,33.406,31.820,5.337,0.100,13.879,1837.963,1706.460,1836.000,1700.000,0.000,,,,2,1789719539.838,100,0
1640.527,41.566,44.098,38.688,38.000,38.000,39.000,38.000,38.000,37.000,39.000,38.000,39.000,39.234,38.000,39.234,36.000,35.000,35.000,30.996,33.484,33.398,31.816,5.273,0.104,14.002,1844.924,1694.923,1836.000,1700.000,0.000,,,,2,1789719540.840,100,0
1641.531,41.492,44.023,38.625,38.000,38.000,39.000,38.000,37.000,37.000,38.000,38.000,39.000,39.219,38.000,39.219,36.062,35.000,35.000,30.996,33.480,33.395,31.812,5.192,0.101,14.156,1835.732,1710.539,1836.000,1700.000,0.000,,,,2,1789719541.844,100,0
1642.535,41.418,43.949,38.625,38.000,38.000,39.000,38.000,37.000,37.000,38.000,38.000,39.000,39.172,37.000,39.172,36.125,35.000,35.000,30.996,33.473,33.387,31.805,5.121,0.100,13.661,1826.466,1700.576,1836.000,1700.000,0.000,,,,2,1789719542.847,100,0
1643.539,41.352,43.883,38.562,38.000,38.000,39.000,38.000,38.000,37.000,38.000,38.000,39.000,39.188,37.000,39.188,36.125,35.000,35.000,30.996,33.469,33.379,31.797,5.606,0.106,14.188,1842.912,1702.812,1836.000,1700.000,0.000,,,,2,1789719543.852,100,0
1644.541,41.281,43.684,38.438,38.000,38.000,39.000,38.000,37.000,37.000,38.000,37.000,40.000,40.000,38.000,39.203,35.938,35.000,35.000,30.996,33.461,33.375,31.793,5.158,0.106,14.111,1833.713,1710.897,1836.000,1700.000,0.000,,,,2,1789719544.851,100,0
1645.542,41.316,43.719,38.562,39.000,40.000,40.000,41.000,40.000,39.000,39.000,39.000,40.000,42.391,40.000,42.391,36.125,35.000,35.000,30.996,33.457,33.367,31.789,10.295,0.144,19.420,1819.597,1701.170,1836.000,1700.000,0.000,,,,2,1789719545.852,100,0
1646.546,41.273,43.676,38.688,39.000,39.000,40.000,40.000,38.000,38.000,39.000,38.000,39.000,40.000,38.000,39.953,36.000,35.000,35.000,30.996,33.449,33.363,31.781,7.087,0.126,15.754,1831.157,1687.424,1836.000,1700.000,0.000,,,,2,1789719546.857,100,0
1647.546,41.676,44.359,38.812,44.000,42.000,45.000,44.000,41.000,42.000,41.000,40.000,40.000,46.922,42.000,46.922,36.000,35.000,35.000,30.996,33.441,33.355,31.777,14.671,0.179,23.701,1826.540,1695.203,1836.000,1700.000,0.000,,,,2,1789719547.857,100,0
1648.549,41.672,44.090,38.938,39.000,39.000,41.000,41.000,39.000,38.000,40.000,39.000,41.000,41.672,40.000,41.672,36.188,35.000,35.000,30.996,33.438,33.352,31.773,10.650,0.146,18.877,1840.209,1704.949,1836.000,1700.000,0.000,,,,2,1789719548.860,100,0
1649.549,41.656,44.074,39.062,39.000,39.000,41.000,40.000,39.000,38.000,39.000,38.000,40.000,41.109,39.000,41.109,36.188,35.000,35.000,30.996,33.430,33.348,31.770,10.048,0.150,18.492,1830.766,1700.889,1836.000,1700.000,0.000,,,,2,1789719549.859,100,0
1650.549,41.645,44.062,39.188,40.000,40.000,40.000,41.000,39.000,39.000,39.000,39.000,40.000,41.250,40.000,41.250,36.250,35.000,35.000,30.996,33.426,33.340,31.762,8.983,0.144,17.636,1833.451,1694.724,1836.000,1700.000,0.000,,,,2,1789719550.860,100,0
1651.551,41.617,44.035,39.250,39.000,39.000,40.000,40.000,39.000,38.000,40.000,38.000,40.000,40.828,39.000,40.828,36.312,35.000,35.000,30.996,33.418,33.336,31.758,8.666,0.140,17.280,1835.845,1700.736,1836.000,1700.000,0.000,,,,2,1789719551.861,100,0
1652.556,41.625,44.043,39.438,39.000,40.000,41.000,41.000,39.000,39.000,39.000,39.000,41.000,41.875,39.000,41.875,36.312,35.000,35.000,30.996,33.414,33.332,31.754,12.670,0.147,21.320,1838.310,1710.823,1836.000,1700.000,0.000,,,,2,1789719552.867,100,0
1653.559,41.605,44.023,39.438,40.000,39.000,40.000,40.000,38.000,38.000,39.000,39.000,40.000,40.984,39.000,40.984,36.375,35.000,35.000,30.996,33.406,33.328,31.750,8.935,0.130,17.245,1844.971,1697.241,1836.000,1700.000,0.000,,,,2,1789719553.873,100,0
1654.563,41.555,43.973,39.500,39.000,39.000,39.000,39.000,38.000,37.000,39.000,38.000,39.000,39.969,38.000,39.969,36.438,35.000,35.000,30.996,33.402,33.328,31.746,6.013,0.109,14.115,1847.291,1700.688,1836.000,1700.000,0.000,,,,2,1789719554.875,100,0
1655.568,41.602,44.020,39.438,40.000,39.000,41.000,40.000,39.000,39.000,40.000,39.000,40.000,43.078,39.000,43.078,36.438,35.000,35.000,30.996,33.395,33.324,31.742,15.045,0.168,25.715,1830.962,1700.897,1836.000,1700.000,0.000,,,,2,1789719555.886,100,0
1656.571,41.551,43.969,39.438,39.000,38.000,39.000,39.000,38.000,37.000,39.000,38.000,40.000,40.000,37.000,39.953,36.500,35.000,35.000,30.996,33.391,33.320,31.738,4.738,0.097,13.957,1813.246,1701.018,1836.000,1700.000,0.000,,,,2,1789719556.889,100,0
1657.573,41.488,43.906,39.375,39.000,38.000,39.000,39.000,38.000,37.000,39.000,38.000,40.000,40.000,38.000,39.594,36.500,35.000,35.000,30.996,33.387,33.316,31.734,3.178,0.072,11.380,1822.038,1698.754,1836.000,1700.000,0.000,,,,2,1789719557.884,100,0
1658.576,41.453,43.820,39.188,39.000,38.000,40.000,40.000,38.000,38.000,39.000,38.000,39.000,40.375,39.000,40.375,36.375,35.000,35.000,30.996,33.383,33.312,31.727,5.736,0.108,14.522,1845.151,1712.752,1836.000,1700.000,0.000,,,,2,1789719558.893,100,0
1659.578,41.406,43.773,39.312,39.000,38.000,39.000,39.000,38.000,37.000,39.000,38.000,39.000,39.922,38.000,39.922,36.375,35.000,35.000,30.996,33.375,33.309,31.723,5.569,0.113,14.768,1854.236,1697.273,1836.000,1700.000,0.000,,,,2,1789719559.894,100,0
1660.580,41.359,43.727,39.250,39.000,38.000,39.000,40.000,38.000,37.000,39.000,38.000,40.000,40.000,38.000,39.906,36.438,35.000,35.000,30.996,33.375,33.305,31.719,4.601,0.090,13.326,1833.806,1695.011,1836.000,1700.000,0.000,,,,2,1789719560.891,100,0
1661.580,41.727,44.516,39.250,40.000,40.000,41.000,41.000,40.000,39.000,40.000,40.000,41.000,48.344,40.000,48.344,36.500,35.000,35.000,30.996,33.371,33.301,31.715,13.768,0.138,24.451,1845.302,1701.476,1836.000,1700.000,0.000,,,,2,1789719561.890,100,0
1662.585,41.695,44.484,39.438,39.000,39.000,39.000,40.000,38.000,38.000,39.000,38.000,40.000,40.812,38.000,40.812,36.500,35.000,35.000,30.996,33.363,33.297,31.715,7.653,0.140,18.867,1826.466,1715.241,1836.000,1700.000,0.000,,,,2,1789719562.896,100,0
1663.588,41.648,44.438,39.312,39.000,38.000,39.000,39.000,38.000,38.000,39.000,38.000,40.000,40.141,38.000,40.141,36.500,35.000,35.000,30.996,33.363,33.293,31.711,6.025,0.113,14.579,1826.141,1703.247,1836.000,1700.000,0.000,,,,2,1789719563.900,100,0
1664.589,41.590,44.379,39.312,39.000,38.000,39.000,39.000,38.000,38.000,39.000,38.000,39.000,39.844,38.000,39.844,36.562,35.000,35.000,30.996,33.359,33.289,31.703,5.641,0.112,14.688,1831.595,1707.594,1836.000,1700.000,0.000,,,,2,1789719564.901,100,0
1665.592,41.535,44.324,39.250,39.000,38.000,39.000,39.000,38.000,37.000,39.000,38.000,39.000,39.844,38.000,39.844,36.375,35.000,35.000,30.996,33.355,33.285,31.703,5.453,0.107,14.313,1844.886,1695.203,1836.000,1700.000,0.000,,,,2,1789719565.903,100,0
1666.596,41.480,44.270,39.250,39.000,38.000,39.000,39.000,37.000,38.000,38.000,38.000,39.000,39.719,38.000,39.719,36.250,35.000,35.000,30.996,33.352,33.285,31.699,5.081,0.104,14.095,1833.283,1687.700,1836.000,1700.000,0.000,,,,2,1789719566.907,100,0
1667.600,41.422,44.211,39.125,39.000,38.000,39.000,39.000,37.000,38.000,39.000,38.000,39.000,39.641,38.000,39.641,36.438,35.000,35.000,30.996,33.352,33.281,31.695,5.317,0.102,14.046,1840.528,1700.865,1836.000,1700.000,0.000,,,,2,1789719567.914,100,0
1668.605,41.367,44.156,39.250,39.000,38.000,39.000,39.000,38.000,38.000,39.000,38.000,40.000,40.000,38.000,39.625,36.438,35.000,35.000,30.996,33.348,33.277,31.695,5.163,0.107,13.897,1840.472,1701.002,1836.000,1700.000,0.000,,,,2,1789719568.920,100,0
1669.606,41.312,44.102,39.188,39.000,38.000,39.000,39.000,38.000,37.000,39.000,38.000,39.000,39.609,38.000,39.609,36.375,35.000,35.000,30.996,33.344,33.277,31.691,5.317,0.108,14.141,1823.819,1710.653,1836.000,1700.000,0.000,,,,2,1789719569.921,100,0
1670.606,41.258,44.047,39.125,39.000,38.000,39.000,39.000,38.000,37.000,39.000,38.000,39.000,39.547,38.000,39.547,36.375,35.000,35.000,30.996,33.340,33.273,31.688,5.213,0.103,13.991,1828.720,1700.929,1836.000,1700.000,0.000,,,,2,1789719570.920,100,0
1671.606,41.203,43.852,39.062,39.000,38.000,40.000,39.000,37.000,37.000,39.000,38.000,39.000,40.000,38.000,39.547,36.438,35.000,35.000,30.996,33.336,33.270,31.688,5.184,0.106,13.870,1830.980,1701.299,1836.000,1700.000,0.000,,,,2,1789719571.920,100,0
1672.607,41.160,43.809,38.938,39.000,39.000,40.000,40.000,38.000,38.000,39.000,38.000,39.000,40.000,38.000,39.812,36.375,35.000,35.000,30.996,33.332,33.270,31.684,5.718,0.108,14.256,1847.101,1701.090,1836.000,1700.000,0.000,,,,2,1789719572.917,100,0
1673.608,41.398,44.094,39.125,45.000,45.000,49.000,45.000,43.000,42.000,44.000,41.000,42.000,49.000,44.000,44.531,36.312,35.000,35.000,30.996,33.328,33.262,31.680,15.179,0.161,21.836,1831.185,1701.146,1836.000,1700.000,0.000,,,,2,1789719573.919,100,0
1674.613,41.535,44.141,39.438,41.000,40.000,41.000,40.000,40.000,39.000,40.000,39.000,40.000,43.328,40.000,43.328,36.375,35.000,35.000,30.996,33.324,33.262,31.676,19.065,0.190,30.685,1844.829,1698.858,1836.000,1700.000,0.000,,,,2,1789719574.923,100,0
1675.614,43.320,46.203,39.500,44.000,44.000,46.000,46.000,44.000,42.000,42.000,41.000,43.000,48.688,43.000,48.688,36.438,35.000,35.000,30.996,33.320,33.258,31.676,20.409,0.199,28.057,1842.469,1700.198,1836.000,1700.000,0.000,,,,2,1789719575.925,100,0
1676.617,43.426,46.051,39.812,41.000,41.000,42.000,42.000,40.000,40.000,41.000,40.000,43.000,43.734,41.000,43.734,36.562,35.000,35.000,30.996,33.316,33.258,31.672,18.149,0.196,27.937,1839.879,1704.513,1836.000,1700.000,0.000,,,,2,1789719576.928,100,0
1677.622,43.418,45.777,40.125,41.000,40.000,42.000,42.000,40.000,40.000,41.000,40.000,42.000,43.203,41.000,43.203,36.625,35.000,35.000,30.996,33.312,33.258,31.668,15.310,0.173,23.959,1840.049,1696.953,1836.000,1700.000,0.000,,,,2,1789719577.936,100,0
1678.623,43.352,45.711,40.188,40.000,41.000,41.000,41.000,39.000,39.000,40.000,39.000,42.000,42.000,40.000,41.375,36.812,35.000,35.000,30.996,33.309,33.254,31.664,7.974,0.118,16.853,1840.086,1700.777,1836.000,1700.000,0.000,,,,2,1789719578.934,100,0
1679.627,43.332,45.691,40.188,43.000,42.000,42.000,43.000,41.000,40.000,41.000,40.000,44.000,44.000,41.000,42.672,36.812,35.000,35.000,30.996,33.305,33.258,31.664,12.974,0.139,21.077,1831.157,1710.791,1836.000,1700.000,0.000,,,,2,1789719579.937,100,0
1680.630,43.332,45.691,40.312,42.000,42.000,43.000,42.000,40.000,40.000,41.000,40.000,43.000,43.375,41.000,43.375,36.875,35.000,35.000,30.996,33.301,33.262,31.664,15.913,0.170,24.931,1851.947,1701.074,1836.000,1700.000,0.000,,,,2,1789719580.940,100,0
1681.633,43.363,45.723,40.375,41.000,41.000,42.000,43.000,41.000,40.000,41.000,40.000,45.000,45.000,41.000,44.125,37.000,35.000,35.000,30.996,33.301,33.262,31.660,11.920,0.143,20.244,1824.263,1688.880,1836.000,1700.000,0.000,,,,2,1789719581.944,100,0
1682.638,43.363,45.723,40.562,40.000,40.000,42.000,41.000,40.000,40.000,40.000,40.000,41.000,43.391,40.000,43.391,37.125,35.000,35.000,30.996,33.297,33.266,31.656,15.827,0.172,25.601,1831.055,1701.331,1836.000,1700.000,0.000,,,,2,1789719582.950,100,0
1683.643,43.293,45.652,40.625,39.000,39.000,40.000,40.000,39.000,39.000,40.000,39.000,41.000,41.141,39.000,41.141,37.188,35.000,35.000,30.996,33.293,33.270,31.656,5.503,0.105,14.092,1840.190,1701.058,1836.000,1700.000,0.000,,,,2,1789719583.955,100,0
1684.648,43.574,46.211,40.688,43.000,43.000,45.000,44.000,42.000,42.000,42.000,42.000,42.000,48.688,43.000,48.688,37.062,35.000,35.000,30.996,33.289,33.270,31.652,21.144,0.218,30.325,1849.682,1701.187,1836.000,1700.000,0.000,,,,2,1789719584.960,100,0
1685.650,43.535,46.172,40.938,41.000,40.000,41.000,41.000,39.000,39.000,40.000,40.000,41.000,42.359,40.000,42.359,37.250,35.000,35.000,30.996,33.289,33.273,31.652,8.524,0.160,19.651,1844.763,1689.483,1836.000,1700.000,0.000,,,,2,1789719585.960,100,0
1686.650,43.953,46.828,40.938,48.000,46.000,49.000,49.000,47.000,46.000,44.000,45.000,47.000,49.000,45.000,48.984,37.375,35.000,35.000,30.996,33.285,33.277,31.652,23.425,0.195,31.499,1835.480,1701.090,1836.000,1700.000,0.000,,,,2,1789719586.960,100,0
1687.653,44.547,47.492,41.125,42.000,42.000,44.000,43.000,42.000,42.000,42.000,42.000,42.000,48.109,42.000,48.109,37.375,35.000,35.000,30.996,33.281,33.277,31.648,18.139,0.193,27.457,1846.959,1700.680,1836.000,1700.000,0.000,,,,2,1789719587.964,100,0
1688.655,44.461,47.406,41.188,41.000,40.000,41.000,40.000,39.000,39.000,40.000,39.000,41.000,41.859,39.000,41.859,37.500,35.000,35.000,30.996,33.281,33.281,31.648,5.703,0.105,14.437,1847.319,1700.986,1836.000,1700.000,0.000,,,,2,1789719588.973,100,0
1689.655,44.355,47.301,41.125,39.000,39.000,41.000,40.000,39.000,39.000,40.000,40.000,41.000,41.125,39.000,41.125,37.562,35.000,35.000,30.996,33.281,33.285,31.648,4.185,0.072,12.828,1831.148,1701.195,1836.000,1700.000,0.000,,,,2,1789719589.974,100,0
1690.655,44.273,47.219,41.000,49.000,44.000,45.000,47.000,41.000,47.000,40.000,40.000,41.000,49.000,42.000,41.750,37.500,35.000,35.000,30.996,33.277,33.289,31.645,4.947,0.078,13.621,1847.177,1701.203,1836.000,1700.000,0.000,,,,2,1789719590.974,100,0
1691.660,44.172,47.117,40.812,39.000,39.000,41.000,40.000,39.000,39.000,40.000,39.000,41.000,41.000,39.000,40.938,37.500,35.000,35.000,30.996,33.277,33.289,31.645,4.383,0.080,12.748,1833.012,1700.833,1836.000,1700.000,0.000,,,,2,1789719591.978,100,0
1692.664,44.066,47.012,40.688,39.000,39.000,40.000,40.000,39.000,39.000,40.000,39.000,41.000,41.000,38.000,40.781,37.375,35.000,35.000,30.996,33.277,33.293,31.648,3.094,0.069,11.352,1846.770,1700.873,1836.000,1700.000,0.000,,,,2,1789719592.983,100,0
1693.667,43.953,46.898,40.625,39.000,38.000,40.000,39.000,38.000,38.000,39.000,39.000,40.000,40.516,38.000,40.516,37.312,35.000,35.000,30.996,33.277,33.297,31.648,2.997,0.070,11.093,1833.050,1679.559,1836.000,1700.000,0.000,,,,2,1789719593.986,100,0
1694.672,43.844,46.789,40.562,39.000,38.000,40.000,39.000,38.000,38.000,39.000,39.000,41.000,41.000,39.000,40.438,37.312,35.000,35.000,30.996,33.273,33.301,31.645,3.248,0.074,11.497,1826.049,1700.785,1836.000,1700.000,0.000,,,,2,1789719594.991,100,0
1695.674,43.730,46.676,40.250,39.000,38.000,40.000,39.000,39.000,37.000,40.000,39.000,40.000,40.234,39.000,40.234,37.188,35.000,35.000,30.996,33.273,33.301,31.648,2.853,0.067,10.993,1844.517,1700.753,1836.000,1700.000,0.000,,,,2,1789719595.986,100,0
1696.677,43.648,46.594,40.125,48.000,46.000,50.000,47.000,48.000,47.000,48.000,48.000,41.000,50.000,42.000,41.016,37.250,35.000,35.000,30.996,33.273,33.301,31.648,5.131,0.087,14.526,1847.338,1700.471,1836.000,1700.000,0.000,,,,2,1789719596.995,100,0
1697.681,43.570,46.516,40.188,40.000,39.000,41.000,41.000,40.000,39.000,40.000,39.000,40.000,41.234,39.000,41.234,37.125,35.000,35.000,30.996,33.270,33.301,31.648,6.625,0.108,14.387,1837.850,1700.279,1836.000,1700.000,0.000,,,,2,1789719597.990,100,0
1698.685,46.699,50.289,40.062,45.000,42.000,48.000,46.000,44.000,43.000,43.000,41.000,42.000,56.094,42.000,56.094,37.188,35.000,35.000,30.996,33.270,33.305,31.652,13.550,0.138,22.007,1840.077,1700.889,1836.000,1700.000,0.000,,,,2,1789719598.997,100,0
1699.686,46.547,49.777,40.312,40.000,41.000,41.000,41.000,39.000,39.000,40.000,39.000,40.000,41.875,40.000,41.875,37.125,35.000,35.000,30.996,33.266,33.305,31.652,7.107,0.141,18.719,1819.238,1700.745,1836.000,1700.000,0.000,,,,2,1789719599.997,100,0
1700.688,46.414,49.645,40.188,40.000,41.000,42.000,41.000,40.000,39.000,40.000,39.000,41.000,42.250,40.000,42.250,37.125,35.000,35.000,30.996,33.266,33.305,31.648,8.376,0.148,17.525,1833.040,1700.431,1836.000,1700.000,0.000,,,,2,1789719601.000,100,0
1701.688,46.238,49.469,40.375,39.000,39.000,40.000,40.000,38.000,39.000,40.000,39.000,41.000,41.000,39.000,40.875,37.188,35.000,35.000,30.996,33.266,33.305,31.652,6.089,0.117,15.011,1826.160,1701.154,1836.000,1700.000,0.000,,,,2,1789719602.001,100,0
1702.693,46.082,49.312,40.312,40.000,40.000,41.000,40.000,39.000,39.000,40.000,39.000,40.000,41.203,40.000,41.203,37.188,35.000,35.000,30.996,33.266,33.305,31.652,6.593,0.122,15.640,1833.367,1700.801,1836.000,1700.000,0.000,,,,2,1789719603.008,100,0
1703.695,45.902,49.133,40.312,39.000,39.000,40.000,40.000,39.000,38.000,40.000,39.000,40.000,40.312,39.000,40.312,37.125,35.000,35.000,30.996,33.266,33.305,31.652,5.455,0.110,14.187,1840.265,1700.391,1836.000,1700.000,0.000,,,,2,1789719604.007,100,0
1704.696,45.734,48.965,40.125,39.000,39.000,40.000,40.000,38.000,38.000,39.000,39.000,40.000,40.500,39.000,40.500,37.125,35.000,35.000,30.996,33.262,33.305,31.652,5.581,0.104,14.268,1831.101,1701.275,1836.000,1700.000,0.000,,,,2,1789719605.007,100,0
1705.696,45.566,48.797,40.125,40.000,43.000,40.000,40.000,39.000,39.000,39.000,39.000,40.000,43.000,40.000,40.359,37.062,35.000,35.000,30.996,33.262,33.305,31.652,5.538,0.111,14.900,1842.790,1700.592,1836.000,1700.000,0.000,,,,2,1789719606.008,100,0
1706.697,45.406,48.637,40.000,39.000,39.000,40.000,40.000,38.000,39.000,40.000,39.000,40.000,40.469,38.000,40.469,37.000,35.000,35.000,30.996,33.262,33.309,31.652,5.912,0.111,14.187,1826.095,1701.275,1836.000,1700.000,0.000,,,,2,1789719607.009,100,0
1707.702,45.281,48.512,40.125,39.000,40.000,41.000,40.000,39.000,39.000,40.000,39.000,40.000,41.406,39.000,41.406,37.000,35.000,35.000,30.996,33.262,33.309,31.656,8.547,0.121,17.365,1826.456,1714.474,1836.000,1700.000,0.000,,,,2,1789719608.013,100,0
1708.704,45.141,48.371,40.062,39.000,39.000,40.000,40.000,38.000,38.000,40.000,38.000,40.000,40.859,38.000,40.859,37.000,35.000,35.000,30.996,33.258,33.305,31.656,5.743,0.110,14.896,1853.835,1706.703,1836.000,1700.000,0.000,,,,2,1789719609.016,100,0
1709.708,45.008,48.238,40.062,39.000,39.000,41.000,40.000,39.000,38.000,39.000,39.000,40.000,41.000,39.000,40.797,37.000,35.000,35.000,30.996,33.258,33.309,31.656,5.707,0.104,14.299,1825.984,1700.576,1836.000,1700.000,0.000,,,,2,1789719610.021,100,0
1710.711,44.859,48.090,40.125,39.000,39.000,40.000,40.000,38.000,38.000,39.000,39.000,40.000,40.359,38.000,40.359,36.938,35.000,35.000,30.996,33.254,33.309,31.656,5.283,0.096,13.843,1852.023,1700.423,1836.000,1700.000,0.000,,,,2,1789719611.025,100,0
1711.715,44.723,47.953,39.938,39.000,39.000,40.000,39.000,38.000,38.000,39.000,39.000,40.000,40.391,39.000,40.391,36.938,35.000,35.000,30.996,33.254,33.309,31.660,5.177,0.099,13.752,1833.470,1700.351,1836.000,1700.000,0.000,,,,2,1789719612.029,100,0
1712.718,44.578,47.809,39.875,40.000,41.000,41.000,40.000,38.000,38.000,40.000,39.000,40.000,41.000,39.000,40.156,36.938,35.000,35.000,30.996,33.250,33.309,31.660,5.234,0.103,14.428,1835.826,1696.969,1836.000,1700.000,0.000,,,,2,1789719613.030,100,0
1713.719,44.465,47.695,40.000,40.000,39.000,41.000,41.000,38.000,39.000,40.000,39.000,40.000,41.000,39.000,40.906,36.812,35.000,35.000,30.996,33.250,33.305,31.660,8.247,0.120,16.218,1840.378,1700.343,1836.000,1700.000,0.000,,,,2,1789719614.029,100,0
1714.723,44.375,47.605,40.000,41.000,40.000,41.000,41.000,39.000,38.000,40.000,39.000,40.000,41.625,40.000,41.625,36.875,35.000,35.000,30.996,33.246,33.309,31.660,8.986,0.134,17.509,1812.534,1700.712,1836.000,1700.000,0.000,,,,2,1789719615.035,100,0
1715.726,44.285,47.516,40.000,40.000,41.000,41.000,40.000,39.000,39.000,40.000,39.000,40.000,41.453,40.000,41.453,37.000,35.000,35.000,30.996,33.246,33.309,31.660,9.378,0.132,18.102,1823.911,1701.050,1836.000,1700.000,0.000,,,,2,1789719616.038,100,0
1716.729,44.203,47.434,40.062,40.000,41.000,41.000,41.000,39.000,39.000,40.000,39.000,40.000,41.719,40.000,41.719,36.938,35.000,35.000,30.996,33.242,33.309,31.664,9.478,0.141,18.063,1844.933,1700.857,1836.000,1700.000,0.000,,,,2,1789719617.040,100,0
1717.733,44.117,47.348,40.125,40.000,40.000,41.000,41.000,39.000,39.000,40.000,40.000,40.000,41.438,40.000,41.438,36.938,35.000,35.000,30.996,33.242,33.309,31.664,9.021,0.139,17.990,1844.697,1702.643,1836.000,1700.000,0.000,,,,2,1789719618.044,100,0
1718.733,44.043,47.273,40.188,40.000,40.000,41.000,41.000,39.000,39.000,40.000,39.000,40.000,41.688,40.000,41.688,37.000,35.000,35.000,30.996,33.238,33.309,31.664,9.934,0.140,18.733,1851.747,1700.479,1836.000,1700.000,0.000,,,,2,1789719619.043,100,0
1719.734,43.984,47.215,40.312,41.000,41.000,41.000,41.000,39.000,40.000,40.000,39.000,41.000,42.188,40.000,42.188,37.000,35.000,35.000,30.996,33.238,33.312,31.664,10.526,0.150,19.409,1817.181,1700.415,1836.000,1700.000,0.000,,,,2,1789719620.045,100,0
1720.735,43.926,47.156,40.375,42.000,41.000,41.000,41.000,40.000,40.000,40.000,39.000,41.000,42.094,41.000,42.094,37.062,35.000,35.000,30.996,33.234,33.312,31.664,10.183,0.152,19.140,1833.311,1712.369,1836.000,1700.000,0.000,,,,2,1789719621.045,100,0
1721.738,43.906,46.973,40.562,42.000,42.000,42.000,42.000,40.000,40.000,40.000,39.000,41.000,43.359,41.000,43.359,37.062,35.000,35.000,30.996,33.234,33.312,31.664,13.450,0.158,22.527,1844.735,1700.536,1836.000,1700.000,0.000,,,,2,1789719622.050,100,0
1722.743,43.941,47.008,40.625,41.000,41.000,41.000,42.000,40.000,40.000,41.000,40.000,40.000,44.734,40.000,44.734,37.125,35.000,35.000,30.996,33.230,33.316,31.668,17.071,0.187,27.661,1824.207,1700.295,1836.000,1700.000,0.000,,,,2,1789719623.061,100,0
1723.746,43.852,46.918,40.500,39.000,40.000,41.000,40.000,39.000,39.000,40.000,39.000,40.000,41.156,39.000,41.156,37.188,35.000,35.000,30.996,33.230,33.316,31.668,5.488,0.110,17.330,1825.984,1700.295,1836.000,1700.000,0.000,,,,2,1789719624.063,100,0
1724.751,43.738,46.805,40.500,39.000,39.000,40.000,40.000,38.000,38.000,39.000,38.000,40.000,40.219,38.000,40.219,37.188,35.000,35.000,30.996,33.230,33.316,31.668,3.805,0.072,12.251,1833.050,1700.761,1836.000,1700.000,0.000,,,,2,1789719625.067,100,0
1725.752,43.629,46.695,40.188,39.000,38.000,39.000,40.000,38.000,38.000,40.000,39.000,40.000,40.188,38.000,40.188,37.125,35.000,35.000,30.996,33.230,33.316,31.664,3.603,0.079,11.856,1826.012,1700.504,1836.000,1700.000,0.000,,,,2,1789719626.070,100,0
1726.757,43.520,46.586,40.062,39.000,39.000,39.000,39.000,38.000,37.000,39.000,39.000,40.000,40.156,38.000,40.156,37.062,35.000,35.000,30.996,33.230,33.316,31.664,2.900,0.069,10.724,1830.719,1700.640,1836.000,1700.000,0.000,,,,2,1789719627.076,100,0
1727.762,43.414,46.480,40.062,39.000,38.000,40.000,39.000,38.000,38.000,39.000,38.000,40.000,40.141,38.000,40.141,37.000,35.000,35.000,30.996,33.230,33.316,31.668,3.072,0.072,10.715,1837.391,1702.965,1836.000,1700.000,0.000,,,,2,1789719628.080,100,0
1728.766,43.305,46.371,39.812,39.000,38.000,40.000,40.000,38.000,37.000,39.000,38.000,40.000,40.000,38.000,39.938,36.875,35.000,35.000,30.996,33.230,33.316,31.664,2.797,0.070,11.085,1823.533,1700.319,1836.000,1700.000,0.000,,,,2,1789719629.084,100,0
1729.771,43.191,46.258,39.812,38.000,38.000,39.000,38.000,38.000,37.000,39.000,39.000,39.000,39.719,37.000,39.719,36.812,35.000,35.000,30.996,33.230,33.316,31.668,2.698,0.068,10.909,1825.928,1700.696,1836.000,1700.000,0.000,,,,2,1789719630.088,100,0
1730.777,43.082,46.148,39.562,38.000,38.000,40.000,39.000,37.000,37.000,39.000,38.000,39.000,40.000,37.000,39.641,36.812,35.000,35.000,30.996,33.227,33.316,31.668,2.772,0.070,10.326,1832.630,1700.504,1836.000,1700.000,0.000,,,,2,1789719631.092,100,0
1731.782,42.973,45.926,39.750,38.000,38.000,39.000,38.000,37.000,37.000,39.000,38.000,40.000,40.000,37.000,39.547,36.812,35.000,35.000,30.996,33.227,33.316,31.668,2.699,0.064,10.504,1840.265,1696.697,1836.000,1700.000,0.000,,,,2,1789719632.094,100,0
1732.786,42.871,45.824,39.438,39.000,38.000,39.000,39.000,38.000,37.000,39.000,38.000,39.000,39.719,38.000,39.719,36.750,35.000,35.000,30.996,33.223,33.316,31.668,3.012,0.065,11.019,1826.076,1700.640,1836.000,1700.000,0.000,,,,2,1789719633.098,100,0
1733.790,42.766,45.719,39.500,39.000,38.000,39.000,39.000,38.000,37.000,39.000,38.000,39.000,39.531,38.000,39.531,36.500,35.000,35.000,30.996,33.223,33.316,31.668,2.751,0.060,11.060,1853.864,1701.058,1836.000,1700.000,0.000,,,,2,1789719634.102,100,0
1734.795,42.672,45.625,39.375,39.000,38.000,39.000,39.000,38.000,38.000,39.000,38.000,39.000,39.766,38.000,39.766,36.625,35.000,35.000,30.996,33.219,33.312,31.668,4.625,0.080,12.817,1826.021,1700.841,1836.000,1700.000,0.000,,,,2,1789719635.105,100,0
1735.800,42.586,45.539,39.375,39.000,38.000,39.000,39.000,38.000,37.000,39.000,38.000,39.000,39.906,37.000,39.906,36.625,35.000,35.000,30.996,33.215,33.312,31.668,3.863,0.073,12.092,1833.274,1700.921,1836.000,1700.000,0.000,,,,2,1789719636.118,100,0
1736.804,42.520,45.473,39.125,41.000,39.000,42.000,42.000,41.000,40.000,40.000,39.000,41.000,42.000,40.000,40.531,36.562,35.000,35.000,30.996,33.215,33.309,31.668,5.113,0.091,11.879,1840.011,1700.913,1836.000,1700.000,0.000,,,,2,1789719637.122,100,0
1737.808,42.430,45.383,39.312,39.000,38.000,40.000,39.000,38.000,38.000,39.000,38.000,39.000,40.000,38.000,39.625,36.562,35.000,35.000,30.996,33.211,33.309,31.668,3.668,0.085,13.147,1840.209,1700.600,1836.000,1700.000,0.000,,,,2,1789719638.118,100,0
1738.811,42.586,45.570,39.375,40.000,40.000,41.000,42.000,39.000,40.000,40.000,39.000,40.000,45.875,40.000,45.875,36.500,35.000,35.000,30.996,33.207,33.305,31.668,14.917,0.157,24.665,1856.187,1708.809,1836.000,1700.000,0.000,,,,2,1789719639.121,100,0
1739.814,42.555,45.539,39.312,40.000,39.000,41.000,40.000,38.000,39.000,39.000,39.000,40.000,41.609,39.000,41.609,36.625,35.000,35.000,30.996,33.207,33.301,31.668,9.498,0.154,20.161,1840.604,1700.825,1836.000,1700.000,0.000,,,,2,1789719640.130,100,0
1740.818,42.484,45.469,39.500,40.000,38.000,40.000,40.000,38.000,37.000,39.000,38.000,39.000,40.281,38.000,40.281,36.625,35.000,35.000,30.996,33.203,33.301,31.668,5.711,0.115,14.245,1844.659,1700.584,1836.000,1700.000,0.000,,,,2,1789719641.130,100,0
1741.822,42.406,45.391,39.438,39.000,39.000,39.000,39.000,38.000,38.000,40.000,38.000,40.000,40.062,38.000,40.062,36.750,35.000,35.000,30.996,33.203,33.297,31.668,5.896,0.117,14.608,1852.014,1700.311,1836.000,1700.000,0.000,,,,2,1789719642.134,100,0
1742.825,42.355,45.340,39.438,39.000,39.000,40.000,40.000,38.000,38.000,39.000,39.000,40.000,40.703,39.000,40.703,36.625,35.000,35.000,30.996,33.199,33.297,31.664,6.327,0.113,14.589,1830.859,1700.849,1836.000,1700.000,0.000,,,,2,1789719643.138,100,0
1743.828,42.281,45.266,39.375,39.000,39.000,40.000,40.000,38.000,38.000,39.000,38.000,40.000,40.094,39.000,40.094,36.625,35.000,35.000,30.996,33.199,33.297,31.668,5.696,0.116,14.212,1853.826,1700.881,1836.000,1700.000,0.000,,,,2,1789719644.141,100,0
1744.832,42.211,45.195,39.375,40.000,38.000,40.000,40.000,38.000,38.000,39.000,38.000,40.000,40.031,39.000,40.031,36.625,35.000,35.000,30.996,33.195,33.289,31.668,5.483,0.112,14.011,1830.794,1700.584,1836.000,1700.000,0.000,,,,2,1789719645.145,100,0
1745.836,42.148,45.133,39.375,39.000,39.000,39.000,39.000,38.000,38.000,39.000,38.000,39.000,40.141,39.000,40.141,36.625,35.000,35.000,30.996,33.191,33.285,31.668,5.724,0.112,14.104,1835.386,1690.593,1836.000,1700.000,0.000,,,,2,1789719646.146,100,0
1746.838,42.324,45.523,39.438,42.000,41.000,43.000,43.000,41.000,41.000,41.000,41.000,41.000,46.391,41.000,46.391,36.562,35.000,35.000,30.996,33.188,33.281,31.664,13.460,0.155,22.026,1817.044,1700.287,1836.000,1700.000,0.000,,,,2,1789719647.152,100,0
1747.839,42.266,45.465,39.500,39.000,39.000,41.000,40.000,39.000,38.000,40.000,38.000,40.000,41.000,38.000,40.500,36.750,35.000,35.000,30.996,33.184,33.273,31.664,6.346,0.122,14.716,1851.757,1701.026,1836.000,1700.000,0.000,,,,2,1789719648.150,100,0
1748.840,42.352,45.551,39.625,41.000,40.000,42.000,41.000,39.000,39.000,40.000,39.000,40.000,44.188,40.000,44.188,36.688,35.000,35.000,30.996,33.180,33.273,31.664,15.719,0.172,26.488,1844.688,1700.592,1836.000,1700.000,0.000,,,,2,1789719649.153,100,0
1749.843,42.312,45.512,39.750,40.000,39.000,41.000,41.000,39.000,39.000,39.000,39.000,40.000,41.188,39.000,41.188,36.688,35.000,35.000,30.996,33.176,33.262,31.664,6.652,0.124,16.020,1840.115,1700.222,1836.000,1700.000,0.000,,,,2,1789719650.155,100,0
1750.845,42.250,45.449,39.688,40.000,39.000,41.000,40.000,38.000,39.000,39.000,39.000,40.000,41.000,38.000,40.328,36.750,35.000,35.000,30.996,33.172,33.258,31.664,5.282,0.103,13.476,1837.701,1701.066,1836.000,1700.000,0.000,,,,2,1789719651.156,100,0
1751.848,42.203,45.402,39.562,40.000,40.000,40.000,40.000,39.000,39.000,39.000,39.000,40.000,40.688,39.000,40.688,36.562,35.000,35.000,30.996,33.164,33.250,31.660,6.921,0.116,15.648,1823.865,1700.785,1836.000,1700.000,0.000,,,,2,1789719652.162,100,0
1752.852,42.156,45.355,39.625,40.000,40.000,41.000,41.000,39.000,39.000,40.000,40.000,40.000,41.000,39.000,40.750,36.688,35.000,35.000,30.996,33.164,33.250,31.660,7.569,0.122,16.078,1844.971,1701.548,1836.000,1700.000,0.000,,,,2,1789719653.165,100,0
1753.853,42.109,45.309,39.562,40.000,39.000,41.000,40.000,38.000,39.000,40.000,39.000,40.000,41.000,39.000,40.672,36.625,35.000,35.000,30.996,33.156,33.242,31.660,7.303,0.126,15.881,1839.992,1696.713,1836.000,1700.000,0.000,,,,2,1789719654.165,100,0
1754.854,42.059,45.258,39.625,39.000,40.000,40.000,40.000,39.000,39.000,39.000,39.000,40.000,40.438,39.000,40.438,36.750,35.000,35.000,30.996,33.152,33.234,31.660,6.848,0.115,15.124,1814.864,1700.857,1836.000,1700.000,0.000,,,,2,1789719655.165,100,0
1755.854,42.008,45.207,39.688,40.000,39.000,41.000,40.000,38.000,39.000,39.000,39.000,40.000,41.000,39.000,40.484,36.750,35.000,35.000,30.996,33.152,33.234,31.660,7.013,0.121,15.319,1839.983,1700.793,1836.000,1700.000,0.000,,,,2,1789719656.166,100,0
1756.859,41.969,45.168,39.625,40.000,39.000,41.000,40.000,38.000,38.000,40.000,39.000,40.000,41.000,39.000,40.688,36.688,35.000,35.000,30.996,33.152,33.234,31.660,7.195,0.126,15.794,1842.337,1700.905,1836.000,1700.000,0.000,,,,2,1789719657.170,100,0
1757.864,41.922,45.121,39.562,40.000,39.000,41.000,41.000,38.000,38.000,40.000,39.000,40.000,41.000,39.000,40.516,36.750,35.000,35.000,30.996,33.145,33.230,31.660,6.910,0.116,15.418,1830.626,1700.921,1836.000,1700.000,0.000,,,,2,1789719658.174,100,0
1758.868,41.875,44.914,39.562,41.000,40.000,41.000,41.000,39.000,39.000,40.000,38.000,40.000,41.000,40.000,40.422,36.750,35.000,35.000,30.996,33.141,33.223,31.656,6.939,0.118,15.432,1840.293,1700.407,1836.000,1700.000,0.000,,,,2,1789719659.179,100,0
1759.873,41.836,44.875,39.688,41.000,40.000,41.000,42.000,39.000,39.000,40.000,39.000,40.000,42.000,40.000,40.656,36.688,35.000,35.000,30.996,33.137,33.215,31.656,7.536,0.122,15.559,1830.887,1700.841,1836.000,1700.000,0.000,,,,2,1789719660.186,100,0
1760.876,41.797,44.836,39.688,42.000,41.000,41.000,40.000,39.000,39.000,39.000,39.000,40.000,42.000,40.000,40.547,36.750,35.000,35.000,30.996,33.129,33.211,31.656,6.776,0.109,15.043,1842.507,1700.616,1836.000,1700.000,0.000,,,,2,1789719661.188,100,0
1761.880,41.762,44.801,39.625,41.000,41.000,41.000,40.000,39.000,39.000,40.000,39.000,40.000,41.000,40.000,40.609,36.688,35.000,35.000,30.996,33.129,33.207,31.652,7.252,0.125,15.749,1839.908,1697.281,1836.000,1700.000,0.000,,,,2,1789719662.193,100,0
1762.885,41.715,44.754,39.625,40.000,40.000,40.000,41.000,38.000,39.000,39.000,38.000,39.000,41.000,40.000,40.312,36.750,35.000,35.000,30.996,33.121,33.203,31.652,6.940,0.119,15.549,1849.768,1710.531,1836.000,1700.000,0.000,,,,2,1789719663.197,100,0
1763.886,41.727,44.766,39.812,41.000,41.000,41.000,40.000,39.000,39.000,40.000,39.000,40.000,42.141,40.000,42.141,36.688,35.000,35.000,29.996,33.121,33.203,31.645,10.813,0.144,19.233,1839.870,1695.187,1836.000,1700.000,0.000,,,,2,1789719664.197,100,0
1764.889,41.719,44.758,39.875,42.000,40.000,41.000,41.000,39.000,39.000,40.000,39.000,40.000,42.000,40.000,41.422,36.688,35.000,35.000,29.996,33.113,33.195,31.637,9.834,0.127,18.207,1830.561,1700.881,1836.000,1700.000,0.000,,,,2,1789719665.199,100,0
1765.893,45.684,49.605,39.938,59.000,52.000,54.000,57.000,53.000,49.000,51.000,51.000,44.000,59.000,48.000,57.578,36.688,35.000,35.000,30.996,33.109,33.191,31.637,29.366,0.235,38.651,1823.865,1700.110,1836.000,1700.000,0.000,,,,2,1789719666.205,100,0
1766.895,45.617,49.148,40.250,41.000,41.000,44.000,42.000,40.000,40.000,41.000,39.000,40.000,44.000,40.000,43.609,36.938,35.000,35.000,30.996,33.105,33.184,31.637,10.540,0.126,18.191,1824.031,1688.690,1836.000,1700.000,0.000,,,,2,1789719667.206,100,0
1767.900,45.512,48.688,40.438,41.000,40.000,41.000,41.000,40.000,42.000,40.000,40.000,41.000,42.250,40.000,42.250,36.938,35.000,35.000,29.996,33.098,33.180,31.629,9.601,0.126,18.155,1847.376,1700.938,1836.000,1700.000,0.000,,,,2,1789719668.213,100,0
1768.902,45.391,48.566,40.500,41.000,40.000,41.000,42.000,40.000,39.000,40.000,39.000,41.000,42.000,40.000,41.672,37.125,35.000,35.000,29.996,33.098,33.180,31.621,9.026,0.131,17.521,1830.868,1700.825,1836.000,1700.000,0.000,,,,2,1789719669.217,100,0
1769.905,45.242,48.418,40.375,40.000,39.000,41.000,40.000,39.000,39.000,40.000,39.000,40.000,41.000,39.000,40.641,37.062,35.000,35.000,29.996,33.094,33.176,31.613,5.795,0.111,14.139,1832.975,1700.367,1836.000,1700.000,0.000,,,,2,1789719670.220,100,0
1770.906,45.102,48.277,40.375,40.000,41.000,41.000,40.000,39.000,39.000,40.000,39.000,40.000,41.000,39.000,40.656,37.062,35.000,35.000,29.996,33.090,33.176,31.605,6.222,0.124,14.535,1838.010,1700.560,1836.000,1700.000,0.000,,,,2,1789719671.218,100,0
1771.910,44.965,48.141,40.188,39.000,40.000,41.000,40.000,39.000,39.000,40.000,39.000,40.000,41.000,39.000,40.781,37.000,35.000,35.000,29.996,33.086,33.172,31.602,6.532,0.127,15.069,1831.287,1700.624,1836.000,1700.000,0.000,,,,2,1789719672.222,100,0
1772.913,44.832,48.008,40.250,40.000,40.000,41.000,42.000,39.000,39.000,40.000,39.000,40.000,42.000,39.000,40.750,37.062,35.000,35.000,29.996,33.082,33.164,31.594,6.233,0.123,14.621,1819.634,1700.624,1836.000,1700.000,0.000,,,,2,1789719673.225,100,0
1773.916,44.715,47.891,40.250,40.000,40.000,41.000,40.000,39.000,39.000,40.000,39.000,40.000,41.031,39.000,41.031,37.125,35.000,35.000,29.996,33.082,33.164,31.586,6.991,0.139,15.672,1840.284,1700.785,1836.000,1700.000,0.000,,,,2,1789719674.227,100,0
1774.919,44.605,47.781,40.188,40.000,40.000,41.000,41.000,39.000,39.000,40.000,39.000,40.000,41.203,40.000,41.203,37.062,35.000,35.000,29.996,33.078,33.160,31.582,7.304,0.141,15.536,1845.000,1701.170,1836.000,1700.000,0.000,,,,2,1789719675.234,100,0
1775.922,44.477,47.652,40.125,40.000,40.000,41.000,41.000,40.000,39.000,40.000,38.000,40.000,41.000,40.000,40.469,36.938,35.000,35.000,29.996,33.078,33.160,31.574,6.170,0.123,15.220,1826.475,1700.736,1836.000,1700.000,0.000,,,,2,1789719676.236,100,0
1776.926,44.344,47.520,40.062,40.000,39.000,41.000,41.000,39.000,39.000,40.000,39.000,40.000,41.000,40.000,40.312,37.125,35.000,35.000,29.996,33.074,33.160,31.570,6.479,0.132,15.288,1833.106,1693.663,1836.000,1700.000,0.000,,,,2,1789719677.239,100,0
1777.927,44.219,47.234,40.062,40.000,39.000,41.000,41.000,39.000,39.000,39.000,38.000,40.000,41.000,40.000,40.297,37.000,35.000,35.000,29.996,33.070,33.152,31.562,6.085,0.126,14.535,1817.072,1701.106,1836.000,1700.000,0.000,,,,2,1789719678.238,100,0
1778.931,44.125,47.141,40.125,41.000,41.000,43.000,41.000,39.000,39.000,39.000,39.000,40.000,43.000,40.000,41.219,36.938,35.000,35.000,29.996,33.066,33.145,31.555,6.501,0.115,14.826,1830.952,1700.327,1836.000,1700.000,0.000,,,,2,1789719679.245,100,0
1779.935,44.059,47.074,40.000,41.000,40.000,42.000,42.000,41.000,39.000,42.000,39.000,41.000,42.000,40.000,41.969,36.938,35.000,35.000,29.996,33.062,33.145,31.551,9.371,0.122,18.171,1830.952,1700.680,1836.000,1700.000,0.000,,,,2,1789719680.245,100,0
1780.939,44.004,47.020,40.250,43.000,42.000,44.000,43.000,41.000,40.000,41.000,40.000,41.000,44.000,41.000,42.391,36.875,35.000,35.000,29.996,33.059,33.137,31.547,9.607,0.133,17.699,1844.196,1700.190,1836.000,1700.000,0.000,,,,2,1789719681.251,100,0
1781.943,43.895,46.910,40.188,41.000,41.000,41.000,42.000,39.000,38.000,41.000,39.000,40.000,42.000,40.000,40.391,36.938,35.000,35.000,29.996,33.055,33.133,31.539,5.546,0.110,15.607,1846.883,1700.624,1836.000,1700.000,0.000,,,,2,1789719682.255,100,0
1782.947,43.781,46.797,40.062,43.000,41.000,41.000,41.000,39.000,39.000,40.000,39.000,40.000,43.000,40.000,40.344,36.938,35.000,35.000,29.996,33.051,33.129,31.535,6.288,0.126,14.951,1830.719,1700.809,1836.000,1700.000,0.000,,,,2,1789719683.257,100,0
1783.952,43.668,46.684,40.125,42.000,41.000,41.000,41.000,39.000,38.000,40.000,39.000,40.000,42.000,40.000,40.188,36.938,35.000,35.000,29.996,33.047,33.125,31.527,6.178,0.125,14.725,1840.086,1700.704,1836.000,1700.000,0.000,,,,2,1789719684.266,100,0
1784.953,43.559,46.574,39.938,40.000,41.000,40.000,40.000,39.000,38.000,39.000,39.000,40.000,41.000,40.000,40.172,36.938,35.000,35.000,29.996,33.043,33.117,31.523,5.694,0.126,14.197,1840.265,1701.058,1836.000,1700.000,0.000,,,,2,1789719685.266,100,0
1785.958,43.453,46.469,40.000,42.000,39.000,41.000,40.000,39.000,38.000,40.000,39.000,40.000,42.000,40.000,40.141,36.875,35.000,35.000,29.996,33.039,33.113,31.520,6.306,0.123,15.105,1844.688,1693.169,1836.000,1700.000,0.000,,,,2,1789719686.269,100,0
1786.960,43.352,46.367,39.875,41.000,39.000,40.000,40.000,39.000,38.000,39.000,39.000,40.000,41.000,39.000,40.141,36.938,35.000,35.000,29.996,33.035,33.109,31.516,9.456,0.145,15.071,1835.311,1701.002,1836.000,1700.000,0.000,,,,2,1789719687.271,100,0
1787.962,43.316,46.180,40.000,42.000,42.000,41.000,41.000,40.000,39.000,41.000,39.000,40.000,42.344,41.000,42.344,36.875,35.000,35.000,29.996,33.031,33.105,31.508,7.503,0.140,18.217,1833.031,1706.380,1836.000,1700.000,0.000,,,,2,1789719688.274,100,0
1788.967,43.230,46.094,40.125,40.000,39.000,40.000,40.000,39.000,38.000,39.000,39.000,40.000,40.516,40.000,40.094,36.875,35.000,35.000,29.996,33.027,33.102,31.504,6.208,0.125,16.556,1826.076,1694.875,1836.000,1700.000,0.000,,,,2,1789719689.282,100,0
1789.970,43.133,45.996,40.062,39.000,39.000,40.000,40.000,38.000,39.000,39.000,39.000,40.000,40.094,39.000,40.047,36.875,35.000,35.000,29.996,33.023,33.098,31.500,5.642,0.113,14.799,1842.337,1700.962,1836.000,1700.000,0.000,,,,2,1789719690.284,100,0
1790.971,43.035,45.898,39.875,40.000,39.000,40.000,40.000,38.000,38.000,39.000,39.000,40.000,40.047,39.000,40.109,36.875,35.000,35.000,29.996,33.023,33.094,31.496,6.111,0.122,14.218,1842.412,1700.584,1836.000,1700.000,0.000,,,,2,1789719691.285,100,0
1791.974,42.945,45.809,39.938,39.000,39.000,40.000,40.000,39.000,38.000,40.000,39.000,40.000,40.109,39.000,40.172,36.938,35.000,35.000,29.996,33.020,33.090,31.488,6.303,0.121,14.678,1845.179,1700.568,1836.000,1700.000,0.000,,,,2,1789719692.286,100,0
1792.978,42.859,45.723,39.750,39.000,39.000,40.000,40.000,38.000,38.000,39.000,38.000,40.000,40.172,38.000,40.016,36.812,35.000,35.000,29.996,33.012,33.086,31.484,5.678,0.114,14.759,1840.077,1700.431,1836.000,1700.000,0.000,,,,2,1789719693.290,100,0
1793.982,42.770,45.633,39.750,39.000,39.000,40.000,40.000,38.000,38.000,39.000,38.000,40.000,40.016,38.000,40.031,36.812,35.000,35.000,29.996,33.012,33.078,31.480,6.011,0.121,14.273,1835.517,1701.195,1836.000,1700.000,0.000,,,,2,1789719694.292,100,0
1794.985,42.684,45.547,39.625,39.000,39.000,40.000,40.000,39.000,38.000,39.000,39.000,40.000,40.141,39.000,40.141,36.688,35.000,35.000,29.996,33.004,33.074,31.473,6.637,0.124,14.476,1845.122,1700.953,1836.000,1700.000,0.000,,,,2,1789719695.299,100,0
1795.988,42.527,45.391,39.812,39.000,38.000,40.000,40.000,38.000,38.000,39.000,38.000,40.000,40.203,38.000,40.203,36.812,35.000,35.000,29.996,33.000,33.070,31.469,7.787,0.125,15.039,1840.340,1701.050,1836.000,1700.000,0.000,,,,2,1789719696.300,100,0
1796.993,44.113,47.164,39.625,58.000,46.000,61.000,49.000,44.000,45.000,50.000,43.000,43.000,61.000,46.000,48.875,36.875,35.000,35.000,29.996,32.996,33.066,31.465,11.693,0.142,16.687,1847.594,1701.203,1836.000,1700.000,0.000,,,,2,1789719697.303,100,0
1797.994,44.043,46.789,39.750,40.000,39.000,41.000,40.000,39.000,39.000,40.000,39.000,40.000,41.953,39.000,41.953,36.750,35.000,35.000,29.996,32.992,33.059,31.461,10.355,0.151,20.039,1826.447,1701.637,1836.000,1700.000,0.000,,,,2,1789719698.306,100,0
1798.996,43.922,46.395,39.875,39.000,38.000,40.000,40.000,38.000,38.000,40.000,38.000,40.000,40.141,38.000,40.141,36.875,35.000,35.000,29.996,32.988,33.059,31.457,5.546,0.114,22.012,1826.067,1701.524,1836.000,1700.000,0.000,,,,2,1789719699.308,100,0
1800.000,43.812,46.285,39.750,39.000,39.000,41.000,40.000,39.000,39.000,40.000,39.000,40.000,41.000,39.000,40.453,36.812,35.000,35.000,29.996,32.988,33.055,31.453,5.858,0.111,14.748,1844.905,1700.729,1836.000,1700.000,0.000,,,,2,1789719700.315,100,0
1801.002,43.695,46.168,39.812,39.000,38.000,39.000,39.000,38.000,37.000,39.000,38.000,40.000,40.047,38.000,40.047,36.875,35.000,35.000,29.996,32.984,33.051,31.449,5.394,0.107,13.841,1824.198,1701.307,1836.000,1700.000,0.000,,,,2,1789719701.317,100,0
1802.006,43.582,46.055,39.812,39.000,38.000,39.000,39.000,38.000,38.000,39.000,38.000,40.000,40.062,38.000,40.062,36.750,35.000,35.000,29.996,32.980,33.047,31.445,5.544,0.107,13.466,1842.752,1701.492,1836.000,1700.000,0.000,,,,2,1789719702.319,100,0
1803.010,43.465,45.938,39.625,39.000,38.000,39.000,40.000,38.000,38.000,39.000,38.000,40.000,40.000,38.000,39.859,36.750,35.000,35.000,29.996,32.980,33.043,31.438,5.055,0.101,13.516,1840.745,1702.965,1836.000,1700.000,0.000,,,,2,1789719703.322,100,0
1804.013,43.352,45.824,39.625,39.000,38.000,39.000,39.000,38.000,37.000,39.000,38.000,39.000,39.781,38.000,39.781,36.688,35.000,35.000,29.996,32.977,33.039,31.434,5.219,0.101,13.001,1845.047,1701.396,1836.000,1700.000,0.000,,,,2,1789719704.326,100,0
1805.017,43.246,45.719,39.500,39.000,39.000,39.000,40.000,38.000,37.000,39.000,38.000,40.000,40.000,38.000,39.953,36.812,35.000,35.000,29.996,32.973,33.035,31.430,5.888,0.106,13.212,1826.669,1701.235,1836.000,1700.000,0.000,,,,2,1789719705.330,100,0
1806.021,43.156,45.629,39.438,39.000,39.000,39.000,40.000,39.000,38.000,40.000,38.000,40.000,40.375,39.000,40.375,36.688,35.000,35.000,29.996,32.969,33.031,31.426,7.157,0.123,14.001,1831.362,1700.929,1836.000,1700.000,0.000,,,,2,1789719706.334,100,0
1807.026,44.879,47.621,39.688,59.000,44.000,65.000,49.000,45.000,44.000,42.000,42.000,42.000,65.000,45.000,50.047,36.625,35.000,35.000,29.996,32.965,33.027,31.426,11.894,0.137,15.738,1852.309,1689.395,1836.000,1700.000,0.000,,,,2,1789719707.336,100,0
1808.029,44.750,47.219,39.750,39.000,38.000,40.000,39.000,38.000,38.000,39.000,39.000,40.000,40.828,39.000,40.828,36.750,35.000,35.000,29.996,32.961,33.023,31.418,8.050,0.134,21.420,1840.538,1708.834,1836.000,1700.000,0.000,,,,2,1789719708.344,100,0
1809.030,44.590,47.059,39.625,39.000,38.000,40.000,39.000,38.000,38.000,38.000,38.000,39.000,40.000,38.000,39.594,36.812,35.000,35.000,29.996,32.961,33.020,31.418,4.273,0.090,18.107,1842.563,1701.347,1836.000,1700.000,0.000,,,,2,1789719709.348,100,0
1810.035,44.426,46.895,39.500,38.000,38.000,39.000,39.000,38.000,38.000,39.000,38.000,40.000,40.000,37.000,39.359,36.750,35.000,35.000,29.996,32.957,33.020,31.414,3.732,0.072,13.412,1840.209,1700.865,1836.000,1700.000,0.000,,,,2,1789719710.351,100,0
1811.039,44.270,46.738,39.500,38.000,38.000,39.000,38.000,38.000,37.000,39.000,38.000,39.000,39.453,38.000,39.453,36.688,35.000,35.000,29.996,32.957,33.012,31.410,3.916,0.081,11.808,1844.716,1709.061,1836.000,1700.000,0.000,,,,2,1789719711.357,100,0
1812.044,44.133,46.602,39.375,39.000,38.000,39.000,38.000,38.000,38.000,38.000,38.000,39.000,39.828,38.000,39.828,36.625,35.000,35.000,29.996,32.953,33.012,31.410,3.626,0.078,11.750,1840.246,1700.994,1836.000,1700.000,0.000,,,,2,1789719712.362,100,0
1813.047,43.992,46.461,39.250,39.000,38.000,39.000,39.000,38.000,38.000,39.000,38.000,39.000,39.688,38.000,39.688,36.625,35.000,35.000,29.996,32.953,33.008,31.402,4.276,0.092,11.240,1831.176,1703.070,1836.000,1700.000,0.000,,,,2,1789719713.366,100,0
1814.052,43.855,46.324,39.250,38.000,38.000,39.000,39.000,38.000,37.000,39.000,38.000,39.000,39.578,37.000,39.578,36.750,35.000,35.000,29.996,32.949,33.004,31.398,4.330,0.080,12.402,1833.181,1707.075,1836.000,1700.000,0.000,,,,2,1789719714.372,100,0
1815.056,43.723,46.191,39.125,38.000,38.000,39.000,38.000,37.000,37.000,39.000,38.000,39.000,39.594,38.000,39.594,36.562,35.000,35.000,29.996,32.945,33.000,31.395,3.583,0.067,11.783,1832.845,1707.075,1836.000,1700.000,0.000,,,,2,1789719715.374,100,0
1816.060,43.578,46.047,39.062,37.000,37.000,39.000,38.000,37.000,37.000,38.000,38.000,39.000,39.188,37.000,39.188,36.500,35.000,35.000,29.996,32.945,32.996,31.391,2.848,0.067,11.400,1832.574,1701.034,1836.000,1700.000,0.000,,,,2,1789719716.379,100,0
1817.064,43.445,45.914,38.938,39.000,37.000,39.000,38.000,37.000,37.000,38.000,38.000,39.000,39.266,37.000,39.266,36.500,35.000,35.000,29.996,32.941,32.992,31.391,3.365,0.076,10.514,1846.750,1701.436,1836.000,1700.000,0.000,,,,2,1789719717.382,100,0
1818.068,43.316,45.785,38.875,38.000,38.000,39.000,38.000,37.000,37.000,38.000,38.000,39.000,39.344,38.000,39.344,36.438,35.000,35.000,29.996,32.938,32.984,31.383,3.954,0.080,10.960,1846.930,1700.769,1836.000,1700.000,0.000,,,,2,1789719718.385,100,0
1819.072,43.188,45.656,38.812,38.000,37.000,39.000,38.000,37.000,37.000,39.000,38.000,40.000,40.000,37.000,39.156,36.438,35.000,35.000,29.996,32.934,32.984,31.383,2.840,0.070,11.666,1832.966,1693.416,1836.000,1700.000,0.000,,,,2,1789719719.390,100,0
1820.077,43.062,45.531,38.875,38.000,37.000,39.000,38.000,37.000,36.000,38.000,37.000,39.000,39.188,37.000,39.188,36.438,35.000,35.000,29.996,32.930,32.977,31.375,3.199,0.075,10.373,1833.321,1692.827,1836.000,1700.000,0.000,,,,2,1789719720.392,100,0
1821.082,42.945,45.414,38.750,38.000,38.000,39.000,38.000,38.000,37.000,38.000,38.000,39.000,39.359,37.000,39.359,36.375,35.000,35.000,29.996,32.926,32.973,31.375,3.312,0.076,11.242,1856.273,1700.600,1836.000,1700.000,0.000,,,,2,1789719721.399,100,0
1822.084,42.832,45.301,38.750,37.000,37.000,39.000,38.000,37.000,37.000,38.000,37.000,39.000,39.234,37.000,39.234,36.375,35.000,35.000,29.996,32.922,32.965,31.371,3.662,0.074,10.591,1824.253,1703.038,1836.000,1700.000,0.000,,,,2,1789719722.402,100,0
1823.089,42.715,45.184,38.688,38.000,37.000,39.000,38.000,37.000,36.000,38.000,37.000,39.000,39.125,36.000,39.125,36.125,35.000,35.000,29.996,32.918,32.961,31.363,2.846,0.071,10.484,1844.943,1700.648,1836.000,1700.000,0.000,,,,2,1789719723.407,100,0
1824.094,42.602,45.070,38.562,38.000,37.000,39.000,38.000,37.000,37.000,38.000,38.000,39.000,39.078,37.000,39.078,36.188,35.000,35.000,29.996,32.914,32.957,31.363,2.905,0.070,10.138,1826.391,1700.608,1836.000,1700.000,0.000,,,,2,1789719724.408,100,0
1825.098,42.492,44.961,38.500,39.000,40.000,39.000,39.000,38.000,38.000,38.000,38.000,39.000,40.000,37.000,39.109,36.188,35.000,35.000,29.996,32.906,32.949,31.359,3.298,0.075,11.611,1819.827,1701.114,1836.000,1700.000,0.000,,,,2,1789719725.409,100,0
1826.103,42.383,44.852,38.500,38.000,38.000,39.000,38.000,37.000,36.000,38.000,38.000,39.000,39.047,37.000,39.047,36.125,35.000,35.000,29.996,32.902,32.945,31.352,3.385,0.076,11.568,1847.338,1706.630,1836.000,1700.000,0.000,,,,2,1789719726.421,100,0
1827.106,42.281,44.750,38.375,37.000,37.000,39.000,38.000,38.000,37.000,38.000,37.000,39.000,39.078,37.000,39.078,36.250,35.000,35.000,29.996,32.898,32.938,31.352,3.028,0.069,10.236,1840.284,1699.251,1836.000,1700.000,0.000,,,,2,1789719727.419,100,0
1828.110,42.180,44.648,38.375,37.000,37.000,39.000,38.000,36.000,36.000,38.000,37.000,38.000,39.016,36.000,39.016,36.125,35.000,35.000,29.996,32.895,32.930,31.344,3.173,0.073,11.489,1847.262,1700.696,1836.000,1700.000,0.000,,,,2,1789719728.428,100,0
1829.115,42.078,44.422,38.312,37.000,37.000,38.000,38.000,37.000,36.000,38.000,37.000,39.000,39.000,37.000,38.953,36.062,35.000,35.000,29.996,32.891,32.926,31.344,2.876,0.069,10.596,1837.897,1701.211,1836.000,1700.000,0.000,,,,2,1789719729.434,100,0
1830.118,41.977,44.320,38.125,37.000,37.000,38.000,38.000,37.000,37.000,38.000,37.000,39.000,39.000,37.000,38.891,36.062,35.000,35.000,29.996,32.883,32.918,31.336,2.706,0.065,10.561,1845.122,1697.433,1836.000,1700.000,0.000,,,,2,1789719730.437,100,0
1831.123,41.879,44.223,38.125,37.000,36.000,38.000,38.000,37.000,36.000,38.000,37.000,39.000,39.000,37.000,38.828,36.125,35.000,35.000,29.996,32.879,32.914,31.332,2.763,0.069,10.534,1845.435,1703.441,1836.000,1700.000,0.000,,,,2,1789719731.442,100,0
1832.126,41.785,44.129,38.188,38.000,37.000,38.000,37.000,36.000,36.000,38.000,37.000,39.000,39.000,37.000,38.812,36.000,35.000,35.000,29.996,32.875,32.906,31.328,2.738,0.068,10.577,1833.358,1708.526,1836.000,1700.000,0.000,,,,2,1789719732.444,100,0
1833.131,41.684,44.027,38.062,37.000,37.000,38.000,37.000,36.000,35.000,38.000,37.000,39.000,39.000,36.000,38.609,35.812,35.000,35.000,29.996,32.871,32.898,31.324,2.893,0.073,10.823,1838.414,1689.451,1836.000,1700.000,0.000,,,,2,1789719733.449,100,0
1834.136,41.617,43.727,37.938,38.000,48.000,38.000,40.000,38.000,37.000,38.000,37.000,39.000,48.000,41.000,39.500,35.938,35.000,35.000,29.996,32.863,32.891,31.320,3.618,0.073,10.806,1840.528,1689.221,1836.000,1700.000,0.000,,,,2,1789719734.447,100,0
1835.136,41.617,43.727,38.188,46.000,45.000,46.000,49.000,49.000,50.000,48.000,78.000,44.000,78.000,46.000,75.672,35.875,35.000,35.000,29.996,32.859,32.887,31.316,32.799,0.078,38.163,1813.419,1706.946,1836.000,1700.000,0.000,,,,2,1789719735.447,100,0
1836.136,43.078,45.414,38.688,40.000,39.000,41.000,40.000,39.000,39.000,40.000,39.000,40.000,47.469,39.000,47.469,36.125,35.000,35.000,29.996,32.852,32.879,31.312,20.297,0.110,30.529,1833.853,1706.315,1836.000,1700.000,0.000,,,,2,1789719736.449,100,0
1837.136,42.973,45.074,38.688,39.000,38.000,39.000,39.000,38.000,37.000,39.000,38.000,40.000,40.000,37.000,39.703,36.375,35.000,35.000,29.996,32.848,32.871,31.309,3.913,0.081,11.510,1833.666,1706.695,1836.000,1700.000,0.000,,,,2,1789719737.455,100,0
1838.139,42.859,44.961,38.688,39.000,38.000,39.000,38.000,38.000,37.000,39.000,38.000,39.000,39.359,37.000,39.359,36.312,35.000,35.000,29.996,32.844,32.867,31.305,3.102,0.068,10.730,1826.493,1703.199,1836.000,1700.000,0.000,,,,2,1789719738.457,100,0
1839.142,42.746,44.848,38.438,39.000,37.000,39.000,39.000,37.000,37.000,38.000,38.000,39.000,39.234,37.000,39.234,36.375,35.000,35.000,29.996,32.836,32.859,31.297,2.859,0.063,10.495,1826.966,1700.889,1836.000,1700.000,0.000,,,,2,1789719739.460,100,0
1840.143,42.633,44.734,38.500,37.000,37.000,39.000,38.000,37.000,36.000,38.000,38.000,39.000,39.156,37.000,39.156,36.312,35.000,35.000,29.996,32.832,32.855,31.297,2.878,0.062,10.728,1838.301,1697.745,1836.000,1700.000,0.000,,,,2,1789719740.454,100,0
1841.148,42.523,44.625,38.375,39.000,37.000,39.000,38.000,37.000,36.000,38.000,38.000,39.000,39.109,37.000,39.109,36.188,35.000,35.000,29.996,32.824,32.848,31.293,2.913,0.066,11.077,1852.300,1698.810,1836.000,1700.000,0.000,,,,2,1789719741.467,100,0
1842.153,42.414,44.516,38.375,38.000,37.000,39.000,38.000,37.000,37.000,38.000,37.000,39.000,39.062,37.000,39.062,36.250,35.000,35.000,29.996,32.820,32.840,31.285,2.761,0.062,10.970,1826.920,1701.154,1836.000,1700.000,0.000,,,,2,1789719742.472,100,0
1843.158,42.309,44.410,38.250,38.000,37.000,39.000,38.000,37.000,37.000,39.000,38.000,39.000,39.094,37.000,39.094,36.250,35.000,35.000,29.996,32.816,32.836,31.281,2.972,0.066,11.101,1843.205,1700.841,1836.000,1700.000,0.000,,,,2,1789719743.476,100,0
1844.162,42.207,44.309,38.250,37.000,37.000,38.000,38.000,37.000,37.000,38.000,38.000,39.000,39.062,37.000,39.062,36.125,35.000,35.000,29.996,32.809,32.828,31.277,2.917,0.067,11.020,1826.957,1695.011,1836.000,1700.000,0.000,,,,2,1789719744.480,100,0
1845.167,42.109,44.211,38.188,37.000,37.000,38.000,38.000,37.000,36.000,38.000,37.000,39.000,39.000,37.000,39.000,36.062,35.000,35.000,29.996,32.805,32.824,31.273,2.767,0.067,10.607,1827.161,1698.899,1836.000,1700.000,0.000,,,,2,1789719745.485,100,0
1846.167,42.012,44.113,38.125,37.000,36.000,38.000,38.000,37.000,37.000,38.000,37.000,39.000,39.000,37.000,38.984,36.125,35.000,35.000,29.996,32.801,32.820,31.270,3.057,0.069,10.982,1848.296,1692.724,1836.000,1700.000,0.000,,,,2,1789719746.486,100,0
1847.172,41.918,43.914,38.125,37.000,37.000,38.000,38.000,37.000,37.000,38.000,37.000,39.000,39.016,37.000,39.016,36.062,35.000,35.000,29.996,32.797,32.812,31.266,2.758,0.066,10.510,1831.511,1703.134,1836.000,1700.000,0.000,,,,2,1789719747.491,100,0
1848.177,41.824,43.820,38.062,39.000,37.000,38.000,38.000,37.000,36.000,38.000,37.000,38.000,39.000,37.000,38.938,36.062,35.000,35.000,29.996,32.793,32.805,31.262,3.024,0.073,10.835,1825.095,1701.074,1836.000,1700.000,0.000,,,,2,1789719748.493,100,0
1849.181,41.730,43.727,37.938,37.000,37.000,38.000,38.000,36.000,36.000,38.000,37.000,39.000,39.000,37.000,38.875,36.000,35.000,35.000,29.996,32.785,32.801,31.258,2.684,0.066,10.398,1827.689,1694.668,1836.000,1700.000,0.000,,,,2,1789719749.500,100,0
1850.186,41.637,43.633,37.875,37.000,37.000,38.000,38.000,37.000,37.000,38.000,37.000,39.000,39.000,37.000,38.688,36.000,35.000,35.000,29.996,32.781,32.793,31.254,2.683,0.063,10.445,1827.485,1693.305,1836.000,1700.000,0.000,,,,2,1789719750.504,100,0
1851.191,41.539,43.535,37.875,37.000,36.000,38.000,38.000,37.000,36.000,38.000,37.000,39.000,39.000,36.000,38.500,35.938,35.000,35.000,29.996,32.777,32.789,31.250,2.820,0.069,10.558,1852.814,1708.761,1836.000,1700.000,0.000,,,,2,1789719751.509,100,0
1852.196,41.523,43.520,37.875,39.000,38.000,40.000,40.000,38.000,37.000,38.000,37.000,39.000,41.078,38.000,41.078,35.875,35.000,35.000,29.996,32.773,32.781,31.246,4.947,0.083,12.607,1845.936,1694.851,1836.000,1700.000,0.000,,,,2,1789719752.514,100,0
1853.201,41.434,43.430,37.812,37.000,37.000,38.000,38.000,37.000,36.000,38.000,37.000,39.000,39.000,37.000,38.656,35.938,35.000,35.000,29.996,32.770,32.777,31.242,2.729,0.065,10.505,1827.801,1695.410,1836.000,1700.000,0.000,,,,2,1789719753.520,100,0
1854.206,41.348,43.344,37.812,37.000,36.000,38.000,37.000,37.000,36.000,38.000,37.000,38.000,38.672,36.000,38.672,35.812,35.000,35.000,29.996,32.762,32.770,31.238,2.942,0.066,10.692,1838.987,1707.294,1836.000,1700.000,0.000,,,,2,1789719754.525,100,0
1855.211,41.258,43.254,37.625,37.000,36.000,38.000,37.000,37.000,36.000,38.000,37.000,38.000,38.469,36.000,38.469,35.625,35.000,35.000,29.996,32.758,32.766,31.234,2.822,0.069,10.512,1836.707,1707.132,1836.000,1700.000,0.000,,,,2,1789719755.530,100,0
1856.214,41.203,43.199,37.812,39.000,37.000,38.000,38.000,37.000,36.000,38.000,37.000,39.000,39.469,37.000,39.469,35.812,35.000,35.000,29.996,32.754,32.758,31.230,7.728,0.093,15.888,1857.662,1719.001,1836.000,1700.000,0.000,,,,2,1789719756.531,100,0
1857.219,41.133,43.027,37.812,37.000,37.000,38.000,37.000,37.000,36.000,38.000,37.000,39.000,39.000,36.000,38.969,35.750,35.000,35.000,29.996,32.746,32.750,31.227,3.614,0.072,11.317,1845.681,1693.161,1836.000,1700.000,0.000,,,,2,1789719757.537,100,0
1858.224,41.059,42.953,37.750,37.000,37.000,38.000,38.000,37.000,36.000,38.000,37.000,39.000,39.000,37.000,38.734,35.750,35.000,35.000,29.996,32.742,32.746,31.223,3.793,0.071,11.705,1845.264,1706.816,1836.000,1700.000,0.000,,,,2,1789719758.542,100,0
1859.229,40.988,42.883,37.625,37.000,37.000,38.000,37.000,37.000,36.000,38.000,37.000,38.000,38.844,36.000,38.844,35.688,35.000,35.000,29.996,32.738,32.738,31.219,2.722,0.067,8.383,1836.547,1707.221,1836.000,1700.000,0.000,,,,2,1789719759.547,100,0
1860.234,40.918,42.812,37.688,37.000,37.000,38.000,37.000,36.000,36.000,38.000,37.000,38.000,38.672,36.000,38.672,35.625,35.000,35.000,29.996,32.730,32.730,31.215,3.031,0.073,8.686,1846.277,1695.466,1836.000,1700.000,0.000,,,,2,1789719760.551,100,0
1861.239,40.840,42.734,37.500,37.000,37.000,38.000,37.000,37.000,36.000,38.000,37.000,38.000,38.406,36.000,38.406,35.625,35.000,35.000,29.996,32.727,32.723,31.211,2.714,0.069,7.878,1845.879,1717.025,1836.000,1700.000,0.000,,,,2,1789719761.557,100,0
1862.240,40.758,42.652,37.562,38.000,37.000,38.000,37.000,37.000,36.000,38.000,37.000,38.000,38.219,37.000,38.219,35.562,35.000,35.000,29.996,32.723,32.719,31.203,2.668,0.062,8.991,1831.865,1697.177,1836.000,1700.000,0.000,,,,2,1789719762.550,100,0
1863.240,40.699,42.594,37.562,37.000,38.000,38.000,37.000,36.000,36.000,38.000,37.000,38.000,38.969,36.000,38.969,35.500,35.000,35.000,29.996,32.715,32.707,31.195,5.547,0.087,10.416,1818.310,1701.170,1836.000,1700.000,0.000,,,,2,1789719763.557,100,0
1864.241,40.938,43.094,37.688,38.000,38.000,40.000,40.000,39.000,38.000,39.000,39.000,39.000,45.484,38.000,45.484,35.562,35.000,35.000,29.996,32.711,32.703,31.191,15.485,0.112,21.818,1831.819,1688.896,1836.000,1700.000,0.000,,,,2,1789719764.558,100,0
1865.242,40.926,43.082,37.875,38.000,37.000,39.000,38.000,37.000,37.000,39.000,38.000,39.000,40.562,38.000,40.562,35.688,35.000,35.000,29.996,32.707,32.695,31.188,6.878,0.085,12.871,1848.211,1700.994,1836.000,1700.000,0.000,,,,2,1789719765.557,100,0
1866.243,40.980,43.027,37.875,39.000,38.000,39.000,40.000,38.000,37.000,39.000,38.000,39.000,42.031,38.000,42.031,35.688,35.000,35.000,29.996,32.699,32.691,31.184,8.333,0.107,13.863,1820.545,1696.817,1836.000,1700.000,0.000,,,,2,1789719766.558,100,0
1867.245,40.922,42.969,37.938,38.000,37.000,39.000,38.000,37.000,37.000,38.000,37.000,39.000,39.188,38.000,39.188,35.688,35.000,35.000,29.996,32.695,32.680,31.180,3.822,0.077,9.099,1834.096,1694.907,1836.000,1700.000,0.000,,,,2,1789719767.558,100,0
1868.250,40.855,42.902,37.875,37.000,37.000,38.000,38.000,37.000,37.000,38.000,37.000,38.000,38.812,37.000,38.812,35.688,35.000,35.000,29.996,32.691,32.676,31.176,3.429,0.071,8.807,1829.482,1704.481,1836.000,1700.000,0.000,,,,2,1789719768.567,100,0
1869.254,40.805,42.852,37.688,38.000,37.000,39.000,38.000,37.000,36.000,38.000,37.000,38.000,39.203,37.000,39.203,35.688,35.000,35.000,29.996,32.688,32.672,31.172,3.608,0.074,8.767,1831.614,1694.620,1836.000,1700.000,0.000,,,,2,1789719769.568,100,0
1870.257,40.746,42.793,37.688,38.000,37.000,39.000,37.000,37.000,35.000,37.000,37.000,39.000,39.000,37.000,38.922,35.750,35.000,35.000,29.996,32.680,32.664,31.168,2.743,0.068,8.024,1845.889,1712.500,1836.000,1700.000,0.000,,,,2,1789719770.568,100,0
1871.261,40.688,42.734,37.688,37.000,36.000,38.000,37.000,36.000,35.000,37.000,38.000,39.000,39.000,36.000,38.906,35.688,35.000,35.000,29.996,32.672,32.660,31.164,2.816,0.070,8.450,1850.710,1704.755,1836.000,1700.000,0.000,,,,2,1789719771.572,100,0
1872.264,40.633,42.680,37.562,40.000,40.000,41.000,39.000,41.000,37.000,41.000,40.000,39.000,41.000,38.000,38.922,35.625,35.000,35.000,29.996,32.668,32.652,31.156,2.967,0.070,13.881,1841.573,1706.914,1836.000,1700.000,0.000,,,,2,1789719772.574,100,0
1873.271,45.277,48.516,37.812,50.000,57.000,52.000,49.000,44.000,44.000,43.000,41.000,42.000,59.219,48.000,59.219,35.625,35.000,35.000,29.996,32.664,32.648,31.152,29.258,0.229,35.349,1827.662,1695.498,1836.000,1700.000,0.000,,,,2,1789719773.581,100,0
1874.273,45.484,48.461,38.438,43.000,41.000,43.000,42.000,40.000,39.000,40.000,39.000,40.000,46.109,40.000,46.109,35.938,35.000,35.000,29.996,32.656,32.641,31.148,22.961,0.194,29.230,1841.347,1695.530,1836.000,1700.000,0.000,,,,2,1789719774.585,100,0
1875.277,50.996,55.328,39.375,71.000,60.000,61.000,59.000,53.000,52.000,48.000,47.000,46.000,71.000,54.000,67.531,36.062,35.000,35.000,29.996,32.652,32.637,31.145,62.465,0.333,68.213,1824.845,1696.489,1836.000,1700.000,0.000,,,,2,1789719775.591,100,0
1876.287,51.352,55.355,40.125,58.000,54.000,72.000,53.000,51.000,65.000,46.000,47.000,44.000,72.000,49.000,52.406,36.438,35.000,35.000,29.996,32.648,32.633,31.141,28.472,0.178,31.217,1813.949,1711.539,1836.000,1700.000,0.000,,,,2,1789719776.600,100,0
1877.288,51.098,54.699,40.312,42.000,41.000,43.000,42.000,41.000,39.000,40.000,40.000,41.000,43.297,41.000,43.297,36.750,35.000,35.000,29.996,32.645,32.625,31.137,9.417,0.089,19.196,1848.097,1700.616,1836.000,1700.000,0.000,,,,2,1789719777.603,100,0
1878.298,50.812,54.055,40.188,42.000,40.000,41.000,40.000,39.000,39.000,40.000,39.000,41.000,42.000,40.000,41.953,36.938,35.000,35.000,29.996,32.641,32.625,31.133,6.285,0.068,10.606,1831.725,1695.562,1836.000,1700.000,0.000,,,,2,1789719778.611,100,0
1879.298,50.547,53.465,40.250,43.000,42.000,45.000,41.000,41.000,39.000,41.000,40.000,41.000,45.000,41.000,42.344,37.062,35.000,35.000,29.996,32.637,32.617,31.129,7.139,0.073,11.043,1848.268,1695.729,1836.000,1700.000,0.000,,,,2,1789719779.612,100,0
1880.300,50.266,53.184,40.125,39.000,39.000,41.000,40.000,40.000,39.000,41.000,40.000,41.000,41.484,40.000,41.484,36.875,35.000,35.000,29.996,32.633,32.617,31.129,6.502,0.067,11.153,1848.239,1702.120,1836.000,1700.000,0.000,,,,2,1789719780.613,100,0
1881.300,49.988,52.906,40.188,40.000,41.000,40.000,40.000,39.000,39.000,41.000,39.000,40.000,41.375,40.000,41.375,36.938,35.000,35.000,29.996,32.625,32.613,31.121,6.576,0.071,11.054,1841.197,1713.241,1836.000,1700.000,0.000,,,,2,1789719781.615,100,0
1882.310,49.707,52.625,40.062,40.000,40.000,42.000,40.000,39.000,39.000,40.000,40.000,40.000,42.000,40.000,41.016,36.938,35.000,35.000,29.996,32.621,32.613,31.121,6.297,0.060,10.675,1840.754,1693.456,1836.000,1700.000,0.000,,,,2,1789719782.625,100,0
1883.311,49.438,52.355,40.062,40.000,41.000,41.000,40.000,39.000,39.000,40.000,39.000,40.000,41.172,40.000,41.172,37.062,35.000,35.000,29.996,32.617,32.613,31.121,6.286,0.058,10.905,1845.737,1695.706,1836.000,1700.000,0.000,,,,2,1789719783.621,100,0
1884.311,49.742,52.660,40.250,45.000,42.000,44.000,44.000,41.000,41.000,41.000,41.000,41.000,57.766,43.000,57.766,37.062,35.000,35.000,29.996,32.613,32.609,31.113,26.220,0.138,30.862,1848.533,1693.743,1836.000,1700.000,0.000,,,,2,1789719784.625,100,0
1885.321,49.504,52.422,40.438,41.000,41.000,41.000,41.000,39.000,39.000,41.000,40.000,41.000,42.203,40.000,42.203,37.000,35.000,35.000,29.996,32.609,32.613,31.117,6.322,0.066,10.717,1848.049,1689.736,1836.000,1700.000,0.000,,,,2,1789719785.634,100,0
1886.328,49.270,52.188,40.312,39.000,39.000,40.000,40.000,39.000,39.000,41.000,40.000,41.000,41.953,39.000,41.953,37.125,35.000,35.000,29.996,32.605,32.609,31.109,6.334,0.059,10.898,1827.207,1695.450,1836.000,1700.000,0.000,,,,2,1789719786.641,100,0
1887.328,49.047,51.965,40.438,41.000,40.000,41.000,40.000,39.000,39.000,40.000,39.000,41.000,42.156,40.000,42.156,37.062,35.000,35.000,29.996,32.602,32.605,31.109,8.705,0.077,12.993,1841.319,1695.234,1836.000,1700.000,0.000,,,,2,1789719787.642,100,0
1888.330,48.801,51.719,40.438,41.000,39.000,41.000,40.000,39.000,39.000,39.000,39.000,40.000,41.234,39.000,41.234,37.250,35.000,35.000,29.996,32.598,32.609,31.109,6.452,0.063,10.674,1834.245,1701.146,1836.000,1700.000,0.000,,,,2,1789719788.643,100,0
1889.330,48.562,51.480,40.250,41.000,39.000,40.000,40.000,39.000,39.000,40.000,39.000,40.000,41.172,40.000,41.172,37.000,35.000,35.000,29.996,32.594,32.605,31.105,6.244,0.063,10.999,1825.419,1695.770,1836.000,1700.000,0.000,,,,2,1789719789.644,100,0
1890.340,48.332,51.250,40.250,40.000,39.000,41.000,41.000,39.000,39.000,40.000,39.000,40.000,41.141,40.000,41.141,37.000,35.000,35.000,29.996,32.590,32.609,31.105,6.479,0.064,10.585,1827.671,1716.845,1836.000,1700.000,0.000,,,,2,1789719790.655,100,0
1891.347,48.109,51.027,40.312,41.000,39.000,40.000,40.000,38.000,38.000,40.000,39.000,40.000,41.156,39.000,41.156,37.062,35.000,35.000,29.996,32.590,32.609,31.105,6.545,0.071,11.554,1827.819,1707.294,1836.000,1700.000,0.000,,,,2,1789719791.662,100,0
1892.352,47.887,50.805,40.250,41.000,39.000,41.000,40.000,39.000,38.000,40.000,39.000,40.000,41.000,40.000,41.000,37.000,35.000,35.000,29.996,32.582,32.609,31.105,6.224,0.063,10.957,1846.381,1695.586,1836.000,1700.000,0.000,,,,2,1789719792.662,100,0
1893.353,47.730,50.648,40.250,41.000,40.000,41.000,41.000,39.000,39.000,40.000,40.000,40.000,42.891,40.000,42.891,37.000,35.000,35.000,29.996,32.582,32.609,31.102,10.559,0.090,15.048,1825.401,1695.227,1836.000,1700.000,0.000,,,,2,1789719793.667,100,0
1894.354,47.527,50.445,40.250,40.000,40.000,41.000,40.000,39.000,39.000,40.000,39.000,40.000,41.234,39.000,41.234,37.062,35.000,35.000,29.996,32.578,32.609,31.102,6.318,0.062,10.809,1852.929,1703.191,1836.000,1700.000,0.000,,,,2,1789719794.665,100,0
1895.362,47.328,50.246,40.125,41.000,39.000,41.000,40.000,39.000,38.000,40.000,39.000,40.000,41.156,39.000,41.156,36.938,35.000,35.000,29.996,32.578,32.609,31.102,6.199,0.061,10.884,1818.531,1703.030,1836.000,1700.000,0.000,,,,2,1789719795.676,100,0
1896.366,47.133,50.051,40.312,41.000,39.000,40.000,40.000,39.000,38.000,40.000,39.000,39.000,41.094,39.000,41.094,37.000,35.000,35.000,29.996,32.574,32.609,31.102,6.315,0.065,11.120,1850.766,1695.282,1836.000,1700.000,0.000,,,,2,1789719796.681,100,0
1897.376,46.938,49.855,40.125,41.000,39.000,41.000,40.000,38.000,38.000,39.000,39.000,40.000,41.000,39.000,40.922,36.875,35.000,35.000,29.996,32.570,32.609,31.102,6.252,0.066,10.577,1825.326,1695.107,1836.000,1700.000,0.000,,,,2,1789719797.690,100,0
1898.386,46.754,49.672,40.250,40.000,39.000,42.000,40.000,38.000,38.000,39.000,38.000,40.000,42.000,39.000,41.078,36.938,35.000,35.000,29.996,32.566,32.613,31.102,6.361,0.061,10.577,1845.974,1707.618,1836.000,1700.000,0.000,,,,2,1789719798.699,100,0
1899.396,46.574,49.492,40.125,40.000,39.000,41.000,40.000,38.000,38.000,39.000,38.000,40.000,41.000,39.000,40.969,36.875,35.000,35.000,29.996,32.562,32.613,31.102,6.282,0.063,10.915,1841.602,1695.546,1836.000,1700.000,0.000,,,,2,1789719799.710,100,0
1900.396,46.395,49.312,40.188,41.000,39.000,40.000,40.000,38.000,38.000,39.000,38.000,39.000,41.000,39.000,40.797,36.875,35.000,35.000,29.996,32.562,32.613,31.102,6.087,0.060,10.639,1821.024,1695.410,1836.000,1700.000,0.000,,,,2,1789719800.711,100,0
1901.397,46.219,49.137,40.062,40.000,39.000,40.000,40.000,39.000,38.000,40.000,38.000,39.000,40.766,39.000,40.766,36.875,35.000,35.000,29.996,32.559,32.613,31.102,6.341,0.063,10.932,1827.569,1700.849,1836.000,1700.000,0.000,,,,2,1789719801.711,100,0
1902.398,46.047,48.965,40.000,40.000,39.000,41.000,40.000,38.000,39.000,39.000,39.000,39.000,41.000,39.000,40.797,36.750,35.000,35.000,29.996,32.555,32.617,31.102,6.127,0.062,10.522,1839.203,1695.418,1836.000,1700.000,0.000,,,,2,1789719802.713,100,0
1903.401,45.891,48.809,40.062,40.000,39.000,41.000,40.000,39.000,38.000,40.000,39.000,40.000,41.031,38.000,41.031,36.750,35.000,35.000,29.996,32.555,32.617,31.105,6.378,0.065,11.266,1839.578,1696.945,1836.000,1700.000,0.000,,,,2,1789719803.714,100,0
1904.401,45.746,48.664,39.938,41.000,39.000,41.000,40.000,38.000,38.000,39.000,38.000,39.000,41.203,39.000,41.203,36.812,35.000,35.000,29.996,32.551,32.617,31.102,6.859,0.072,11.454,1843.837,1709.207,1836.000,1700.000,0.000,,,,2,1789719804.712,100,0
1905.404,45.598,48.516,40.125,40.000,38.000,41.000,39.000,38.000,38.000,40.000,38.000,39.000,41.000,39.000,40.984,36.750,35.000,35.000,29.996,32.551,32.617,31.105,6.511,0.069,10.944,1827.829,1707.391,1836.000,1700.000,0.000,,,,2,1789719805.719,100,0
1906.411,45.453,48.371,40.125,40.000,38.000,41.000,40.000,38.000,37.000,39.000,38.000,40.000,41.062,39.000,41.062,36.812,35.000,35.000,29.996,32.547,32.617,31.105,6.408,0.059,10.579,1834.386,1697.737,1836.000,1700.000,0.000,,,,2,1789719806.724,100,0
1907.411,45.312,48.082,39.938,41.000,38.000,40.000,40.000,38.000,37.000,39.000,38.000,39.000,41.000,38.000,40.875,36.625,35.000,35.000,29.996,32.543,32.617,31.105,6.048,0.059,10.118,1827.430,1707.318,1836.000,1700.000,0.000,,,,2,1789719807.725,100,0
1908.412,45.188,47.957,39.938,39.000,38.000,41.000,39.000,39.000,37.000,39.000,38.000,40.000,41.328,39.000,41.328,36.625,35.000,35.000,29.996,32.543,32.621,31.105,6.731,0.071,11.144,1825.104,1707.432,1836.000,1700.000,0.000,,,,2,1789719808.722,100,0
1909.412,45.062,47.832,39.875,41.000,38.000,41.000,40.000,39.000,38.000,39.000,38.000,39.000,41.141,39.000,41.141,36.750,35.000,35.000,29.996,32.539,32.617,31.102,6.814,0.074,11.532,1836.669,1705.111,1836.000,1700.000,0.000,,,,2,1789719809.723,100,0
1910.418,44.938,47.707,39.938,40.000,38.000,40.000,40.000,38.000,37.000,39.000,38.000,39.000,41.141,39.000,41.141,36.625,35.000,35.000,29.996,32.535,32.621,31.105,6.620,0.065,10.872,1839.090,1695.841,1836.000,1700.000,0.000,,,,2,1789719810.730,100,0
1911.426,44.805,47.574,39.875,39.000,40.000,39.000,40.000,38.000,37.000,40.000,39.000,39.000,40.719,39.000,40.719,36.688,35.000,35.000,29.996,32.535,32.621,31.102,6.591,0.070,10.978,1843.714,1709.369,1836.000,1700.000,0.000,,,,2,1789719811.738,100,0
1912.427,44.676,47.445,39.938,39.000,40.000,41.000,40.000,38.000,37.000,40.000,38.000,39.000,41.000,39.000,40.656,36.625,35.000,35.000,29.996,32.531,32.621,31.105,6.423,0.067,10.838,1836.960,1717.312,1836.000,1700.000,0.000,,,,2,1789719812.741,100,0
1913.430,44.559,47.328,40.000,40.000,40.000,41.000,40.000,39.000,37.000,39.000,39.000,39.000,41.000,39.000,40.844,36.562,35.000,35.000,29.996,32.527,32.621,31.105,6.367,0.063,10.801,1834.432,1697.057,1836.000,1700.000,0.000,,,,2,1789719813.743,100,0
1914.436,44.438,47.207,39.688,40.000,38.000,40.000,39.000,38.000,37.000,39.000,38.000,40.000,40.750,38.000,40.750,36.625,35.000,35.000,29.996,32.523,32.621,31.102,6.329,0.062,10.453,1848.230,1695.426,1836.000,1700.000,0.000,,,,2,1789719814.750,100,0
1915.445,44.316,47.086,39.812,40.000,39.000,40.000,39.000,38.000,38.000,39.000,39.000,39.000,40.516,39.000,40.516,36.500,35.000,35.000,29.996,32.520,32.621,31.102,6.687,0.066,11.030,1841.253,1689.546,1836.000,1700.000,0.000,,,,2,1789719815.758,100,0
1916.454,44.199,46.969,39.938,39.000,39.000,40.000,39.000,38.000,38.000,40.000,38.000,39.000,40.609,39.000,40.609,36.500,35.000,35.000,29.996,32.516,32.621,31.105,6.312,0.069,10.843,1836.669,1701.372,1836.000,1700.000,0.000,,,,2,1789719816.768,100,0
1917.464,44.082,46.715,39.812,39.000,40.000,39.000,40.000,38.000,37.000,39.000,39.000,39.000,40.406,39.000,40.406,36.500,35.000,35.000,29.996,32.516,32.621,31.102,6.193,0.065,10.128,1843.639,1695.195,1836.000,1700.000,0.000,,,,2,1789719817.777,100,0
1918.472,43.977,46.609,39.750,40.000,38.000,40.000,39.000,38.000,38.000,39.000,39.000,40.000,40.797,39.000,40.797,36.500,35.000,35.000,29.996,32.512,32.621,31.102,6.418,0.069,10.392,1834.292,1695.227,1836.000,1700.000,0.000,,,,2,1789719818.786,100,0
1919.475,43.879,46.512,39.750,39.000,38.000,41.000,39.000,38.000,38.000,39.000,38.000,40.000,41.000,39.000,40.734,36.500,35.000,35.000,29.996,32.504,32.617,31.102,6.260,0.065,10.578,1845.908,1701.090,1836.000,1700.000,0.000,,,,2,1789719819.789,100,0
1920.476,43.773,46.406,39.750,39.000,39.000,40.000,39.000,38.000,38.000,39.000,38.000,39.000,40.594,39.000,40.594,36.500,35.000,35.000,29.996,32.504,32.621,31.102,6.324,0.067,10.741,1841.291,1694.979,1836.000,1700.000,0.000,,,,2,1789719820.786,100,0
1921.477,43.742,46.375,39.688,40.000,41.000,40.000,40.000,38.000,39.000,39.000,39.000,39.000,42.719,39.000,42.719,36.500,35.000,35.000,29.996,32.496,32.621,31.102,10.639,0.093,15.235,1834.414,1707.164,1836.000,1700.000,0.000,,,,2,1789719821.788,100,0
1922.478,43.652,46.285,39.750,40.000,40.000,40.000,39.000,38.000,38.000,40.000,38.000,40.000,40.859,39.000,40.859,36.500,35.000,35.000,29.996,32.496,32.617,31.102,6.386,0.066,10.695,1837.053,1697.849,1836.000,1700.000,0.000,,,,2,1789719822.793,100,0
1923.488,43.555,46.188,39.625,39.000,38.000,40.000,39.000,38.000,39.000,39.000,38.000,40.000,40.516,39.000,40.516,36.562,35.000,35.000,29.996,32.492,32.617,31.102,6.253,0.064,10.890,1839.372,1697.713,1836.000,1700.000,0.000,,,,2,1789719823.801,100,0
1924.495,43.523,45.891,39.625,54.000,49.000,53.000,52.000,46.000,57.000,43.000,42.000,40.000,57.000,44.000,42.641,36.438,35.000,35.000,29.996,32.488,32.621,31.102,8.254,0.071,16.036,1832.248,1695.219,1836.000,1700.000,0.000,,,,2,1789719824.806,100,0
1925.495,43.887,46.129,39.812,42.000,41.000,41.000,41.000,39.000,39.000,40.000,39.000,40.000,44.984,40.000,44.984,36.500,35.000,35.000,29.996,32.484,32.617,31.098,17.130,0.123,18.657,1836.941,1726.875,1836.000,1700.000,0.000,,,,2,1789719825.806,100,0
1926.495,43.867,45.883,40.000,42.000,39.000,41.000,40.000,39.000,39.000,40.000,39.000,40.000,43.359,39.000,43.359,36.625,35.000,35.000,29.996,32.480,32.617,31.102,9.048,0.083,13.473,1813.940,1689.784,1836.000,1700.000,0.000,,,,2,1789719826.806,100,0
1927.496,43.801,45.617,40.000,39.000,40.000,40.000,40.000,39.000,38.000,41.000,38.000,40.000,41.672,40.000,41.672,36.562,35.000,35.000,29.996,32.477,32.617,31.098,7.321,0.067,11.627,1843.460,1695.594,1836.000,1700.000,0.000,,,,2,1789719827.807,100,0
1928.496,43.730,45.547,40.000,40.000,41.000,40.000,40.000,39.000,39.000,40.000,41.000,40.000,41.531,40.000,41.531,36.500,35.000,35.000,29.996,32.473,32.617,31.102,7.854,0.066,12.340,1828.042,1695.322,1836.000,1700.000,0.000,,,,2,1789719828.808,100,0
1929.501,43.676,45.492,40.188,40.000,40.000,42.000,41.000,39.000,38.000,40.000,39.000,40.000,42.047,39.000,42.047,36.625,35.000,35.000,29.996,32.469,32.613,31.098,8.049,0.068,12.398,1827.838,1700.849,1836.000,1700.000,0.000,,,,2,1789719829.812,100,0
1930.502,43.613,45.430,40.188,40.000,39.000,41.000,41.000,39.000,39.000,40.000,39.000,40.000,41.688,39.000,41.688,36.750,35.000,35.000,29.996,32.469,32.613,31.094,8.236,0.073,12.750,1825.289,1695.234,1836.000,1700.000,0.000,,,,2,1789719830.812,100,0
1931.503,43.555,45.371,40.188,40.000,39.000,41.000,40.000,39.000,39.000,40.000,39.000,39.000,41.703,39.000,41.703,36.562,35.000,35.000,29.996,32.465,32.613,31.094,7.935,0.070,12.355,1853.101,1711.319,1836.000,1700.000,0.000,,,,2,1789719831.813,100,0
1932.503,43.504,45.320,40.188,40.000,39.000,41.000,41.000,38.000,39.000,40.000,39.000,39.000,41.969,40.000,41.969,36.625,35.000,35.000,29.996,32.461,32.609,31.094,7.399,0.067,11.990,1843.648,1694.684,1836.000,1700.000,0.000,,,,2,1789719832.814,100,0
1933.509,43.461,45.277,40.062,40.000,39.000,41.000,40.000,38.000,38.000,40.000,38.000,39.000,42.109,39.000,42.109,36.625,35.000,35.000,29.996,32.457,32.609,31.090,7.711,0.073,12.013,1827.606,1695.498,1836.000,1700.000,0.000,,,,2,1789719833.824,100,0
1934.516,43.379,45.195,40.062,40.000,39.000,40.000,40.000,38.000,37.000,40.000,38.000,40.000,40.766,39.000,40.766,36.688,35.000,35.000,29.996,32.453,32.609,31.090,6.261,0.062,10.539,1841.508,1710.905,1836.000,1700.000,0.000,,,,2,1789719834.829,100,0
1935.523,43.301,45.117,40.000,40.000,39.000,40.000,40.000,38.000,38.000,39.000,38.000,40.000,40.953,39.000,40.953,36.625,35.000,35.000,29.996,32.449,32.609,31.090,6.491,0.066,11.317,1841.885,1695.602,1836.000,1700.000,0.000,,,,2,1789719835.838,100,0
1936.523,43.238,45.055,40.000,41.000,38.000,40.000,40.000,38.000,39.000,40.000,39.000,40.000,41.266,39.000,41.266,36.625,35.000,35.000,29.996,32.445,32.609,31.090,6.329,0.059,11.393,1838.855,1695.754,1836.000,1700.000,0.000,,,,2,1789719836.836,100,0
1937.523,43.164,44.887,39.812,40.000,38.000,40.000,39.000,38.000,38.000,39.000,39.000,40.000,40.891,38.000,40.891,36.688,35.000,35.000,29.996,32.441,32.609,31.086,6.620,0.069,10.908,1848.476,1700.994,1836.000,1700.000,0.000,,,,2,1789719837.838,100,0
1938.527,43.113,44.836,39.875,40.000,40.000,42.000,40.000,39.000,38.000,40.000,38.000,39.000,42.000,40.000,41.500,36.562,35.000,35.000,29.996,32.438,32.609,31.086,7.617,0.067,11.640,1839.259,1703.174,1836.000,1700.000,0.000,,,,2,1789719838.839,100,0
1939.537,43.051,44.773,40.062,41.000,39.000,40.000,40.000,38.000,40.000,40.000,39.000,40.000,41.141,39.000,41.141,36.562,35.000,35.000,29.996,32.438,32.609,31.086,7.634,0.071,11.725,1848.600,1689.609,1836.000,1700.000,0.000,,,,2,1789719839.850,100,0
1940.540,43.012,44.734,40.062,40.000,39.000,42.000,40.000,40.000,39.000,39.000,38.000,40.000,42.000,39.000,41.859,36.688,35.000,35.000,29.996,32.434,32.605,31.086,7.837,0.067,11.941,1827.467,1695.434,1836.000,1700.000,0.000,,,,2,1789719840.851,100,0
1941.543,43.070,44.793,40.188,40.000,41.000,42.000,41.000,40.000,39.000,40.000,42.000,40.000,44.828,40.000,44.828,36.562,35.000,35.000,29.996,32.430,32.605,31.086,16.728,0.122,21.046,1843.800,1717.139,1836.000,1700.000,0.000,,,,2,1789719841.855,100,0
1942.544,43.039,44.762,40.250,41.000,41.000,41.000,40.000,40.000,38.000,39.000,39.000,40.000,42.078,40.000,42.078,36.625,35.000,35.000,29.996,32.426,32.609,31.086,8.052,0.074,12.685,1841.658,1695.466,1836.000,1700.000,0.000,,,,2,1789719842.856,100,0
1943.546,42.996,44.719,40.250,40.000,40.000,41.000,40.000,41.000,39.000,40.000,39.000,40.000,41.688,40.000,41.688,36.688,35.000,35.000,29.996,32.422,32.605,31.082,7.911,0.070,11.952,1848.353,1695.570,1836.000,1700.000,0.000,,,,2,1789719843.858,100,0
1944.547,42.949,44.672,40.250,41.000,40.000,41.000,40.000,38.000,38.000,40.000,39.000,40.000,41.531,40.000,41.531,36.562,35.000,35.000,29.996,32.418,32.605,31.082,7.714,0.065,12.142,1834.685,1715.184,1836.000,1700.000,0.000,,,,2,1789719844.857,100,0
1945.556,43.117,44.840,40.312,42.000,40.000,43.000,42.000,41.000,42.000,41.000,40.000,40.000,46.891,40.000,46.891,36.625,35.000,35.000,29.996,32.414,32.605,31.082,16.041,0.105,20.572,1849.046,1687.962,1836.000,1700.000,0.000,,,,2,1789719845.869,100,0
1946.566,43.086,44.809,40.438,41.000,39.000,42.000,41.000,39.000,39.000,40.000,39.000,40.000,42.125,40.000,42.125,36.625,35.000,35.000,29.996,32.410,32.605,31.078,7.706,0.065,12.164,1835.012,1696.065,1836.000,1700.000,0.000,,,,2,1789719846.879,100,0
1947.569,45.793,48.156,40.500,62.000,48.000,64.000,70.000,48.000,73.000,44.000,47.000,43.000,73.000,48.000,53.922,36.688,35.000,35.000,29.996,32.406,32.605,31.078,18.032,0.107,21.060,1851.090,1707.480,1836.000,1700.000,0.000,,,,2,1789719847.882,100,0
1948.576,45.695,47.820,40.688,42.000,39.000,41.000,41.000,40.000,41.000,40.000,39.000,40.000,42.719,40.000,42.719,36.812,35.000,35.000,29.996,32.402,32.605,31.078,8.643,0.073,14.449,1827.569,1694.947,1836.000,1700.000,0.000,,,,2,1789719848.887,100,0
1949.576,45.594,47.508,40.625,41.000,39.000,41.000,40.000,39.000,40.000,40.000,41.000,40.000,42.422,40.000,42.422,36.938,35.000,35.000,29.996,32.398,32.605,31.078,11.448,0.089,15.811,1825.632,1695.274,1836.000,1700.000,0.000,,,,2,1789719849.890,100,0
1950.586,45.477,47.391,40.688,43.000,41.000,41.000,40.000,39.000,39.000,40.000,39.000,40.000,43.000,40.000,41.875,36.875,35.000,35.000,29.996,32.395,32.605,31.078,6.946,0.061,11.555,1844.272,1691.578,1836.000,1700.000,0.000,,,,2,1789719850.901,100,0
1951.587,45.363,47.277,40.625,41.000,40.000,41.000,41.000,39.000,39.000,40.000,39.000,40.000,41.906,40.000,41.906,36.812,35.000,35.000,29.996,32.391,32.605,31.078,7.220,0.060,11.650,1843.658,1706.986,1836.000,1700.000,0.000,,,,2,1789719851.901,100,0
1952.596,45.262,47.176,40.625,41.000,40.000,42.000,40.000,39.000,39.000,40.000,39.000,40.000,42.047,40.000,42.047,37.000,35.000,35.000,29.996,32.387,32.605,31.078,8.589,0.072,12.988,1827.764,1695.770,1836.000,1700.000,0.000,,,,2,1789719852.910,100,0
1953.602,45.160,47.074,40.625,41.000,40.000,43.000,41.000,39.000,39.000,39.000,39.000,40.000,43.000,40.000,42.016,36.938,35.000,35.000,29.996,32.387,32.609,31.078,7.810,0.067,11.908,1841.913,1689.570,1836.000,1700.000,0.000,,,,2,1789719853.916,100,0
1954.606,45.074,46.988,40.625,41.000,40.000,42.000,41.000,39.000,39.000,40.000,39.000,40.000,42.438,40.000,42.438,37.062,35.000,35.000,29.996,32.379,32.609,31.078,7.690,0.062,11.795,1844.036,1697.569,1836.000,1700.000,0.000,,,,2,1789719854.918,100,0
1955.606,44.988,46.902,40.625,41.000,39.000,42.000,41.000,42.000,39.000,41.000,39.000,40.000,42.328,40.000,42.328,36.812,35.000,35.000,29.996,32.379,32.609,31.078,7.883,0.065,12.190,1846.021,1695.530,1836.000,1700.000,0.000,,,,2,1789719855.921,100,0
1956.608,44.898,46.812,40.625,42.000,42.000,44.000,41.000,39.000,39.000,40.000,39.000,40.000,44.000,40.000,42.109,36.938,35.000,35.000,29.996,32.375,32.613,31.078,8.056,0.070,12.668,1827.485,1707.731,1836.000,1700.000,0.000,,,,2,1789719856.920,100,0
1957.609,44.785,46.699,40.688,40.000,40.000,41.000,40.000,39.000,38.000,40.000,39.000,40.000,41.250,40.000,41.250,37.000,35.000,35.000,29.996,32.371,32.613,31.078,6.415,0.061,10.435,1814.205,1695.187,1836.000,1700.000,0.000,,,,2,1789719857.923,100,0
1958.612,44.688,46.602,40.375,40.000,39.000,42.000,40.000,40.000,39.000,40.000,39.000,40.000,42.000,40.000,41.703,36.938,35.000,35.000,29.996,32.367,32.613,31.078,7.224,0.064,11.754,1850.881,1701.315,1836.000,1700.000,0.000,,,,2,1789719858.925,100,0
1959.612,44.602,46.516,40.562,40.000,39.000,42.000,41.000,39.000,39.000,40.000,39.000,40.000,42.000,39.000,41.844,36.812,35.000,35.000,29.996,32.363,32.613,31.078,7.819,0.065,11.923,1846.315,1695.714,1836.000,1700.000,0.000,,,,2,1789719859.925,100,0
1960.622,44.520,46.434,40.438,40.000,40.000,41.000,42.000,39.000,38.000,40.000,39.000,39.000,42.047,40.000,42.047,36.812,35.000,35.000,29.996,32.359,32.613,31.078,7.726,0.065,12.010,1841.677,1700.777,1836.000,1700.000,0.000,,,,2,1789719860.935,100,0
1961.626,44.422,46.336,40.500,39.000,39.000,41.000,41.000,39.000,39.000,39.000,39.000,39.000,41.406,39.000,41.406,36.812,35.000,35.000,29.996,32.359,32.617,31.082,7.060,0.062,11.607,1816.549,1705.264,1836.000,1700.000,0.000,,,,2,1789719861.939,100,0
1962.627,44.352,46.266,40.312,39.000,39.000,42.000,40.000,39.000,40.000,40.000,39.000,40.000,42.109,39.000,42.109,36.875,35.000,35.000,29.996,32.355,32.617,31.078,7.607,0.060,11.717,1836.875,1710.636,1836.000,1700.000,0.000,,,,2,1789719862.942,100,0
1963.627,44.273,46.188,40.500,40.000,39.000,42.000,40.000,42.000,39.000,40.000,39.000,40.000,42.000,39.000,41.922,36.812,35.000,35.000,29.996,32.352,32.617,31.078,7.402,0.055,11.750,1843.818,1695.298,1836.000,1700.000,0.000,,,,2,1789719863.941,100,0
1964.627,44.215,46.129,40.438,39.000,41.000,42.000,41.000,39.000,39.000,40.000,39.000,40.000,42.344,40.000,42.344,36.875,35.000,35.000,29.996,32.348,32.617,31.078,8.175,0.072,12.713,1816.411,1695.378,1836.000,1700.000,0.000,,,,2,1789719864.940,100,0
1965.631,44.148,46.062,40.500,39.000,39.000,43.000,40.000,41.000,39.000,40.000,39.000,40.000,43.000,39.000,42.125,36.812,35.000,35.000,29.996,32.348,32.617,31.078,7.560,0.061,11.990,1841.706,1695.234,1836.000,1700.000,0.000,,,,2,1789719865.943,100,0
1966.641,44.074,45.988,40.438,39.000,39.000,40.000,40.000,39.000,40.000,41.000,39.000,40.000,41.797,39.000,41.797,36.750,35.000,35.000,29.996,32.344,32.617,31.078,7.580,0.063,12.243,1827.977,1695.897,1836.000,1700.000,0.000,,,,2,1789719866.954,100,0
1967.645,44.004,45.918,40.500,39.000,39.000,41.000,42.000,39.000,40.000,40.000,39.000,40.000,42.000,39.000,41.812,36.812,35.000,35.000,29.996,32.340,32.617,31.078,7.472,0.060,11.800,1848.742,1699.588,1836.000,1700.000,0.000,,,,2,1789719867.959,100,0
1968.654,43.941,45.855,40.500,40.000,39.000,41.000,40.000,40.000,39.000,40.000,41.000,40.000,41.922,39.000,41.922,36.812,35.000,35.000,29.996,32.340,32.617,31.074,7.430,0.055,11.493,1848.961,1695.378,1836.000,1700.000,0.000,,,,2,1789719868.968,100,0
1969.660,43.887,45.801,40.438,39.000,39.000,41.000,41.000,39.000,39.000,40.000,41.000,40.000,42.219,40.000,42.219,36.812,35.000,35.000,29.996,32.336,32.617,31.074,8.873,0.075,12.897,1825.752,1695.442,1836.000,1700.000,0.000,,,,2,1789719869.975,100,0
1970.669,43.836,45.750,40.438,39.000,40.000,42.000,40.000,39.000,39.000,40.000,40.000,40.000,42.312,39.000,42.312,36.812,35.000,35.000,29.996,32.332,32.621,31.074,7.567,0.061,11.797,1827.680,1705.563,1836.000,1700.000,0.000,,,,2,1789719870.981,100,0
1971.670,43.773,45.590,40.562,39.000,39.000,40.000,41.000,39.000,39.000,40.000,39.000,40.000,41.828,39.000,41.828,36.812,35.000,35.000,29.996,32.328,32.617,31.074,7.437,0.063,11.627,1828.116,1695.386,1836.000,1700.000,0.000,,,,2,1789719871.983,100,0
1972.680,43.707,45.523,40.375,39.000,39.000,40.000,41.000,41.000,39.000,39.000,39.000,40.000,41.609,39.000,41.609,36.750,35.000,35.000,29.996,32.328,32.617,31.074,7.144,0.069,11.927,1827.894,1699.043,1836.000,1700.000,0.000,,,,2,1789719872.994,100,0
1973.685,43.664,45.480,40.500,39.000,40.000,41.000,40.000,39.000,38.000,41.000,39.000,40.000,42.312,39.000,42.312,36.750,35.000,35.000,29.996,32.324,32.621,31.074,7.451,0.061,11.796,1839.607,1710.872,1836.000,1700.000,0.000,,,,2,1789719873.998,100,0
1974.695,43.609,45.426,40.438,39.000,39.000,40.000,41.000,39.000,39.000,40.000,40.000,40.000,42.016,39.000,42.016,36.688,35.000,35.000,29.996,32.320,32.621,31.074,7.422,0.062,11.408,1838.996,1695.155,1836.000,1700.000,0.000,,,,2,1789719875.010,100,0
1975.696,43.535,45.352,40.312,39.000,41.000,40.000,40.000,38.000,39.000,40.000,39.000,40.000,41.172,39.000,41.172,36.750,35.000,35.000,29.996,32.316,32.621,31.074,7.202,0.066,11.531,1848.410,1710.531,1836.000,1700.000,0.000,,,,2,1789719876.007,100,0
1976.697,43.473,45.289,40.312,39.000,39.000,41.000,41.000,39.000,39.000,40.000,39.000,39.000,41.484,39.000,41.484,36.625,35.000,35.000,29.996,32.316,32.621,31.074,7.089,0.058,11.946,1834.573,1704.901,1836.000,1700.000,0.000,,,,2,1789719877.008,100,0
1977.706,43.422,45.238,40.250,39.000,39.000,40.000,40.000,39.000,39.000,40.000,39.000,40.000,41.891,39.000,41.891,36.625,35.000,35.000,29.996,32.312,32.621,31.074,7.550,0.068,11.645,1841.687,1695.378,1836.000,1700.000,0.000,,,,2,1789719878.018,100,0
1978.714,43.367,45.184,40.375,39.000,39.000,42.000,40.000,41.000,39.000,40.000,39.000,40.000,42.000,39.000,41.656,36.688,35.000,35.000,29.996,32.309,32.621,31.074,6.907,0.068,11.146,1841.056,1703.344,1836.000,1700.000,0.000,,,,2,1789719879.028,100,0
1979.715,43.309,45.125,40.188,40.000,39.000,41.000,40.000,39.000,39.000,42.000,39.000,40.000,42.000,40.000,41.531,36.750,35.000,35.000,29.996,32.305,32.621,31.074,7.673,0.070,12.116,1834.208,1703.070,1836.000,1700.000,0.000,,,,2,1789719880.028,100,0
1980.720,43.258,45.074,40.250,40.000,40.000,41.000,40.000,41.000,39.000,40.000,39.000,40.000,41.703,39.000,41.703,36.625,35.000,35.000,29.996,32.305,32.621,31.074,7.631,0.067,11.767,1824.993,1693.233,1836.000,1700.000,0.000,,,,2,1789719881.032,100,0
1981.720,43.211,44.938,40.375,41.000,40.000,41.000,41.000,39.000,39.000,40.000,39.000,39.000,41.703,40.000,41.703,36.562,35.000,35.000,29.996,32.301,32.621,31.074,8.356,0.076,13.040,1818.880,1694.979,1836.000,1700.000,0.000,,,,2,1789719882.035,100,0
1982.730,43.164,44.891,40.312,41.000,40.000,42.000,40.000,39.000,38.000,40.000,39.000,40.000,42.000,39.000,41.766,36.562,35.000,35.000,29.996,32.297,32.621,31.074,7.633,0.066,11.918,1827.569,1689.284,1836.000,1700.000,0.000,,,,2,1789719883.044,100,0
1983.738,43.137,44.863,40.500,41.000,39.000,41.000,40.000,39.000,39.000,41.000,39.000,40.000,42.281,39.000,42.281,36.688,35.000,35.000,29.996,32.297,32.621,31.074,7.584,0.062,11.590,1816.595,1700.833,1836.000,1700.000,0.000,,,,2,1789719884.053,100,0
1984.748,43.086,44.812,40.375,40.000,39.000,41.000,40.000,39.000,38.000,40.000,39.000,40.000,41.484,39.000,41.484,36.625,35.000,35.000,29.996,32.293,32.621,31.074,7.249,0.063,11.518,1843.866,1707.059,1836.000,1700.000,0.000,,,,2,1789719885.062,100,0
1985.757,43.023,44.750,40.250,40.000,39.000,41.000,40.000,39.000,38.000,39.000,39.000,39.000,41.047,39.000,41.047,36.688,35.000,35.000,29.996,32.289,32.617,31.070,6.358,0.068,10.506,1844.310,1694.875,1836.000,1700.000,0.000,,,,2,1789719886.066,100,0
1986.762,43.012,44.738,40.312,41.000,40.000,41.000,42.000,39.000,39.000,39.000,39.000,39.000,42.688,40.000,42.688,36.625,35.000,35.000,29.996,32.289,32.617,31.070,8.061,0.070,12.191,1846.192,1695.642,1836.000,1700.000,0.000,,,,2,1789719887.078,100,0
1987.765,42.965,44.691,40.375,40.000,39.000,41.000,40.000,39.000,38.000,40.000,39.000,39.000,41.500,39.000,41.500,36.625,35.000,35.000,29.996,32.285,32.617,31.070,7.129,0.064,11.218,1848.552,1701.162,1836.000,1700.000,0.000,,,,2,1789719888.077,100,0
1988.772,42.902,44.629,40.125,40.000,39.000,41.000,40.000,39.000,38.000,39.000,38.000,40.000,41.016,39.000,41.016,36.625,35.000,35.000,29.996,32.281,32.621,31.070,6.376,0.062,10.362,1848.733,1702.933,1836.000,1700.000,0.000,,,,2,1789719889.087,100,0
1989.772,42.859,44.586,40.188,41.000,40.000,41.000,40.000,39.000,38.000,39.000,39.000,40.000,41.547,39.000,41.547,36.562,35.000,35.000,29.996,32.277,32.617,31.066,7.585,0.071,11.952,1848.923,1694.780,1836.000,1700.000,0.000,,,,2,1789719890.085,100,0
1990.775,42.816,44.543,40.125,39.000,40.000,41.000,40.000,39.000,39.000,39.000,39.000,39.000,41.375,40.000,41.375,36.625,35.000,35.000,29.996,32.273,32.617,31.070,7.110,0.073,11.455,1837.419,1706.525,1836.000,1700.000,0.000,,,,2,1789719891.089,100,0
1991.782,42.758,44.398,40.188,40.000,39.000,41.000,40.000,39.000,38.000,39.000,39.000,39.000,41.000,40.000,40.969,36.562,35.000,35.000,29.996,32.273,32.617,31.070,6.764,0.069,11.239,1841.941,1695.187,1836.000,1700.000,0.000,,,,2,1789719892.092,100,0
1992.792,42.715,44.355,40.188,40.000,39.000,41.000,41.000,39.000,39.000,40.000,39.000,40.000,41.438,39.000,41.438,36.625,35.000,35.000,29.996,32.270,32.613,31.066,7.099,0.070,11.335,1839.297,1693.018,1836.000,1700.000,0.000,,,,2,1789719893.103,100,0
1993.793,42.672,44.312,40.000,41.000,40.000,41.000,40.000,39.000,39.000,40.000,39.000,39.000,41.344,39.000,41.344,36.500,35.000,35.000,29.996,32.266,32.617,31.066,7.538,0.065,11.390,1841.847,1702.619,1836.000,1700.000,0.000,,,,2,1789719894.107,100,0
1994.803,42.648,44.289,40.125,40.000,40.000,41.000,42.000,39.000,39.000,40.000,39.000,39.000,42.000,40.000,41.938,36.562,35.000,35.000,29.996,32.262,32.613,31.066,7.514,0.065,11.749,1841.715,1695.203,1836.000,1700.000,0.000,,,,2,1789719895.115,100,0
1995.804,42.625,44.266,40.125,40.000,40.000,41.000,41.000,41.000,39.000,39.000,39.000,39.000,41.859,40.000,41.859,36.562,35.000,35.000,29.996,32.258,32.617,31.066,7.718,0.064,11.976,1832.555,1709.166,1836.000,1700.000,0.000,,,,2,1789719896.117,100,0
1996.804,42.590,44.230,40.125,41.000,40.000,41.000,40.000,39.000,38.000,40.000,39.000,40.000,41.484,40.000,41.484,36.750,35.000,35.000,29.996,32.258,32.613,31.066,7.745,0.065,12.344,1825.780,1695.242,1836.000,1700.000,0.000,,,,2,1789719897.118,100,0
1997.811,42.566,44.207,40.188,41.000,40.000,43.000,40.000,39.000,39.000,40.000,38.000,39.000,43.000,40.000,41.891,36.500,35.000,35.000,29.996,32.254,32.613,31.066,7.686,0.065,11.958,1841.875,1707.343,1836.000,1700.000,0.000,,,,2,1789719898.124,100,0
1998.814,42.543,44.184,40.125,40.000,40.000,41.000,41.000,39.000,39.000,40.000,39.000,40.000,41.734,40.000,41.734,36.562,35.000,35.000,29.996,32.254,32.613,31.062,7.863,0.062,12.193,1832.938,1697.537,1836.000,1700.000,0.000,,,,2,1789719899.128,100,0
1999.824,42.527,44.168,40.188,41.000,40.000,42.000,40.000,42.000,38.000,40.000,39.000,39.000,42.062,40.000,42.062,36.688,35.000,35.000,29.996,32.250,32.613,31.062,7.627,0.061,11.671,1853.616,1695.825,1836.000,1700.000,0.000,,,,2,1789719900.137,100,0
2000.824,42.508,44.148,40.125,40.000,40.000,42.000,42.000,39.000,39.000,41.000,39.000,40.000,42.000,40.000,41.891,36.562,35.000,35.000,29.996,32.246,32.609,31.062,7.829,0.067,11.818,1820.600,1711.450,1836.000,1700.000,0.000,,,,2,1789719901.137,100,0
2001.826,42.492,44.051,40.250,40.000,40.000,42.000,41.000,39.000,39.000,40.000,42.000,40.000,42.031,40.000,42.031,36.500,35.000,35.000,29.996,32.242,32.605,31.062,7.851,0.068,11.834,1837.297,1697.048,1836.000,1700.000,0.000,,,,2,1789719902.140,100,0
2002.836,42.457,44.016,40.188,40.000,39.000,41.000,41.000,41.000,42.000,40.000,39.000,40.000,42.000,40.000,41.422,36.625,35.000,35.000,29.996,32.238,32.605,31.062,8.023,0.065,12.059,1837.578,1695.418,1836.000,1700.000,0.000,,,,2,1789719903.150,100,0
2003.841,42.445,44.004,40.312,40.000,40.000,43.000,41.000,39.000,39.000,39.000,41.000,40.000,43.000,40.000,42.031,36.562,35.000,35.000,29.996,32.234,32.605,31.059,7.738,0.062,12.301,1828.033,1693.185,1836.000,1700.000,0.000,,,,2,1789719904.155,100,0
2004.851,42.434,43.992,40.250,40.000,41.000,42.000,41.000,40.000,38.000,40.000,38.000,39.000,42.078,40.000,42.078,36.625,35.000,35.000,29.996,32.234,32.605,31.059,7.692,0.063,11.626,1835.368,1697.177,1836.000,1700.000,0.000,,,,2,1789719905.165,100,0
2005.854,42.422,43.980,40.125,44.000,39.000,44.000,41.000,41.000,39.000,40.000,39.000,40.000,44.000,39.000,42.109,36.500,35.000,35.000,29.996,32.230,32.602,31.059,7.613,0.064,11.819,1825.678,1695.107,1836.000,1700.000,0.000,,,,2,1789719906.168,100,0
2006.858,42.418,43.977,40.250,41.000,41.000,43.000,42.000,39.000,40.000,40.000,43.000,40.000,43.000,40.000,42.219,36.688,35.000,35.000,29.996,32.227,32.602,31.059,8.933,0.068,13.268,1846.770,1701.275,1836.000,1700.000,0.000,,,,2,1789719907.170,100,0
2007.868,42.406,43.965,40.188,40.000,40.000,41.000,41.000,43.000,40.000,40.000,43.000,40.000,43.000,40.000,42.078,36.625,35.000,35.000,29.996,32.223,32.602,31.055,7.803,0.068,11.845,1835.171,1711.084,1836.000,1700.000,0.000,,,,2,1789719908.181,100,0
2008.878,42.383,43.785,40.250,47.000,44.000,42.000,41.000,48.000,39.000,41.000,39.000,40.000,48.000,42.000,41.656,36.562,35.000,35.000,29.996,32.219,32.598,31.055,7.569,0.061,11.859,1835.106,1711.116,1836.000,1700.000,0.000,,,,2,1789719909.191,100,0
2009.888,42.375,43.637,40.312,42.000,39.000,45.000,43.000,39.000,39.000,40.000,39.000,40.000,45.000,40.000,42.109,36.562,35.000,35.000,29.996,32.211,32.594,31.051,7.488,0.060,11.532,1841.941,1715.380,1836.000,1700.000,0.000,,,,2,1789719910.200,100,0
2010.888,42.375,43.637,40.250,40.000,39.000,42.000,41.000,41.000,39.000,40.000,38.000,39.000,42.406,39.000,42.406,36.438,35.000,35.000,29.996,32.211,32.590,31.051,7.444,0.057,11.535,1839.616,1701.267,1836.000,1700.000,0.000,,,,2,1789719911.202,100,0
2011.890,42.371,43.633,40.188,40.000,40.000,42.000,41.000,39.000,39.000,39.000,41.000,40.000,42.281,40.000,42.281,36.562,35.000,35.000,29.996,32.203,32.590,31.051,8.182,0.069,13.037,1841.875,1709.256,1836.000,1700.000,0.000,,,,2,1789719912.204,100,0
2012.891,42.344,43.605,40.250,39.000,40.000,41.000,40.000,41.000,38.000,41.000,39.000,40.000,41.500,39.000,41.500,36.500,35.000,35.000,29.996,32.203,32.590,31.051,7.454,0.057,11.718,1828.209,1695.266,1836.000,1700.000,0.000,,,,2,1789719913.206,100,0
2013.898,42.316,43.578,40.312,40.000,40.000,42.000,41.000,42.000,39.000,40.000,40.000,40.000,42.000,40.000,41.438,36.562,35.000,35.000,29.996,32.199,32.586,31.047,7.713,0.060,11.969,1818.687,1706.922,1836.000,1700.000,0.000,,,,2,1789719914.210,100,0
2014.907,42.297,43.559,40.250,41.000,39.000,41.000,41.000,40.000,40.000,40.000,39.000,39.000,41.703,40.000,41.703,36.562,35.000,35.000,29.996,32.195,32.590,31.051,8.419,0.077,12.594,1821.457,1695.746,1836.000,1700.000,0.000,,,,2,1789719915.220,100,0
2015.911,42.281,43.543,40.312,40.000,39.000,41.000,41.000,39.000,40.000,40.000,42.000,40.000,42.000,39.000,41.781,36.500,35.000,35.000,29.996,32.191,32.586,31.047,8.731,0.090,12.842,1832.826,1709.491,1836.000,1700.000,0.000,,,,2,1789719916.222,100,0
2016.914,42.270,43.531,40.188,40.000,41.000,43.000,42.000,39.000,40.000,39.000,39.000,40.000,43.000,40.000,42.016,36.562,35.000,35.000,29.996,32.191,32.586,31.047,7.706,0.063,12.308,1834.872,1693.600,1836.000,1700.000,0.000,,,,2,1789719917.225,100,0
2017.914,42.258,43.520,40.250,42.000,39.000,43.000,42.000,39.000,41.000,40.000,39.000,40.000,43.000,39.000,41.797,36.562,35.000,35.000,29.996,32.188,32.586,31.047,7.888,0.062,12.453,1837.747,1707.108,1836.000,1700.000,0.000,,,,2,1789719918.226,100,0
2018.917,42.234,43.496,40.312,40.000,40.000,42.000,41.000,40.000,41.000,40.000,39.000,39.000,42.000,40.000,41.594,36.625,35.000,35.000,29.996,32.184,32.586,31.047,7.746,0.061,11.625,1834.937,1695.474,1836.000,1700.000,0.000,,,,2,1789719919.227,100,0
2019.917,42.223,43.422,40.188,41.000,40.000,43.000,41.000,40.000,40.000,41.000,40.000,40.000,43.000,40.000,41.797,36.562,35.000,35.000,29.996,32.184,32.586,31.047,7.445,0.071,11.866,1832.807,1693.791,1836.000,1700.000,0.000,,,,2,1789719920.229,100,0
2020.918,42.207,43.406,40.188,40.000,39.000,41.000,42.000,41.000,40.000,42.000,40.000,40.000,42.000,40.000,41.750,36.500,35.000,35.000,29.996,32.176,32.574,31.043,8.900,0.086,13.305,1844.215,1687.479,1836.000,1700.000,0.000,,,,2,1789719921.228,100,0
2021.918,42.199,43.398,40.250,41.000,40.000,43.000,42.000,42.000,41.000,40.000,42.000,40.000,43.000,40.000,41.906,36.562,35.000,35.000,29.996,32.176,32.578,31.043,8.574,0.083,12.712,1842.177,1683.533,1836.000,1700.000,0.000,,,,2,1789719922.229,100,0
2022.928,42.203,43.402,40.250,42.000,40.000,45.000,42.000,44.000,40.000,41.000,39.000,39.000,45.000,40.000,42.391,36.562,35.000,35.000,29.996,32.172,32.574,31.039,9.038,0.087,13.264,1832.546,1702.772,1836.000,1700.000,0.000,,,,2,1789719923.241,100,0
2023.931,45.891,48.074,40.375,56.000,59.000,61.000,61.000,62.000,57.000,51.000,70.000,46.000,70.000,51.000,56.953,36.625,35.000,35.000,29.996,32.168,32.578,31.043,26.242,0.145,37.619,1846.741,1693.265,1836.000,1700.000,0.000,,,,2,1789719924.241,100,0
2024.936,48.516,51.270,41.188,49.000,46.000,51.000,51.000,47.000,48.000,48.000,45.000,44.000,56.391,45.000,56.391,36.625,35.000,35.000,29.996,32.168,32.578,31.039,47.767,0.279,55.585,1832.462,1694.915,1836.000,1700.000,0.000,,,,2,1789719925.248,100,0
2025.939,48.465,50.941,41.312,47.000,50.000,48.000,46.000,44.000,44.000,53.000,44.000,43.000,53.000,44.000,46.891,37.000,35.000,35.000,29.996,32.164,32.578,31.039,18.029,0.157,25.509,1841.668,1707.164,1836.000,1700.000,0.000,,,,2,1789719926.250,100,0
2026.939,48.312,50.543,41.562,45.000,45.000,48.000,49.000,53.000,43.000,43.000,41.000,42.000,53.000,43.000,43.641,37.375,35.000,35.000,29.996,32.160,32.578,31.039,9.556,0.106,17.297,1844.347,1701.428,1836.000,1700.000,0.000,,,,2,1789719927.249,100,0
2027.941,48.234,50.242,41.500,48.000,49.000,51.000,47.000,47.000,45.000,48.000,47.000,42.000,51.000,45.000,45.875,37.188,35.000,35.000,29.996,32.160,32.578,31.039,11.311,0.112,20.255,1834.769,1695.586,1836.000,1700.000,0.000,,,,2,1789719928.251,100,0
2028.942,48.078,49.883,41.500,46.000,44.000,45.000,43.000,41.000,40.000,41.000,40.000,42.000,46.000,43.000,43.203,37.375,35.000,35.000,29.996,32.160,32.578,31.039,10.143,0.149,17.138,1841.969,1701.251,1836.000,1700.000,0.000,,,,2,1789719929.252,100,0
2029.946,47.891,49.695,41.375,46.000,43.000,45.000,43.000,41.000,40.000,40.000,40.000,41.000,46.000,42.000,42.062,37.375,35.000,35.000,29.996,32.160,32.582,31.039,6.403,0.129,14.182,1846.552,1695.873,1836.000,1700.000,0.000,,,,2,1789719930.256,100,0
2030.948,47.711,49.516,41.125,42.000,43.000,43.000,42.000,44.000,40.000,40.000,41.000,41.000,44.000,43.000,42.078,37.438,35.000,35.000,29.996,32.156,32.582,31.039,5.336,0.121,14.619,1825.391,1696.129,1836.000,1700.000,0.000,,,,2,1789719931.261,100,0
2031.948,47.508,49.312,41.125,42.000,40.000,42.000,40.000,40.000,39.000,40.000,39.000,40.000,42.000,41.000,41.312,37.438,35.000,35.000,29.996,32.156,32.582,31.039,5.336,0.106,12.846,1834.554,1695.450,1836.000,1700.000,0.000,,,,2,1789719932.260,100,0
2032.952,47.312,49.117,40.750,41.000,41.000,42.000,40.000,39.000,39.000,40.000,39.000,41.000,42.000,41.000,41.250,37.438,35.000,35.000,29.996,32.152,32.586,31.039,4.231,0.105,11.962,1841.197,1703.545,1836.000,1700.000,0.000,,,,2,1789719933.263,100,0
2033.956,47.117,48.922,40.500,42.000,40.000,42.000,40.000,40.000,38.000,40.000,39.000,40.000,42.000,40.000,41.031,37.250,35.000,35.000,29.996,32.152,32.586,31.039,4.106,0.104,12.053,1841.545,1703.102,1836.000,1700.000,0.000,,,,2,1789719934.273,100,0
2034.960,46.926,48.730,40.438,39.000,39.000,41.000,40.000,39.000,38.000,40.000,39.000,40.000,41.000,39.000,40.938,37.375,35.000,35.000,29.996,32.152,32.590,31.043,4.202,0.104,11.481,1836.988,1700.905,1836.000,1700.000,0.000,,,,2,1789719935.273,100,0
2035.963,46.734,48.539,40.312,40.000,39.000,41.000,39.000,39.000,38.000,40.000,39.000,40.000,41.000,39.000,40.734,37.125,35.000,35.000,29.996,32.152,32.594,31.043,4.426,0.103,11.675,1839.513,1695.698,1836.000,1700.000,0.000,,,,2,1789719936.278,100,0
2036.966,46.547,48.352,40.125,39.000,38.000,41.000,40.000,38.000,38.000,39.000,39.000,40.000,41.000,39.000,40.453,37.125,35.000,35.000,29.996,32.148,32.594,31.043,3.967,0.098,12.460,1820.987,1700.913,1836.000,1700.000,0.000,,,,2,1789719937.281,100,0
2037.966,46.359,48.164,40.125,39.000,39.000,40.000,39.000,39.000,38.000,39.000,38.000,40.000,41.000,39.000,40.172,37.125,35.000,35.000,29.996,32.148,32.598,31.047,3.993,0.090,11.686,1846.646,1705.038,1836.000,1700.000,0.000,,,,2,1789719938.283,100,0
2038.968,46.164,47.969,39.938,39.000,38.000,40.000,39.000,39.000,38.000,39.000,38.000,40.000,40.172,38.000,40.047,37.000,35.000,35.000,29.996,32.148,32.598,31.047,3.974,0.093,11.341,1832.378,1704.747,1836.000,1700.000,0.000,,,,2,1789719939.284,100,0
2039.973,45.973,47.777,39.750,39.000,38.000,41.000,39.000,38.000,38.000,39.000,38.000,40.000,40.047,38.000,40.125,36.875,35.000,35.000,29.996,32.148,32.598,31.047,3.947,0.095,11.660,1848.201,1701.235,1836.000,1700.000,0.000,,,,2,1789719940.285,100,0
2040.977,45.789,47.594,39.625,39.000,38.000,40.000,39.000,38.000,38.000,39.000,39.000,40.000,40.125,39.000,40.125,36.812,35.000,35.000,29.996,32.145,32.598,31.051,3.917,0.095,11.387,1841.451,1711.149,1836.000,1700.000,0.000,,,,2,1789719941.292,100,0
2041.978,45.613,47.418,39.500,39.000,39.000,40.000,39.000,38.000,38.000,39.000,38.000,40.000,40.203,39.000,40.203,36.812,35.000,35.000,29.996,32.145,32.598,31.051,4.128,0.098,11.389,1827.764,1695.242,1836.000,1700.000,0.000,,,,2,1789719942.293,100,0
2042.983,45.273,47.078,39.562,39.000,38.000,40.000,38.000,38.000,37.000,39.000,38.000,40.000,40.016,38.000,40.016,36.812,35.000,35.000,29.996,32.145,32.598,31.051,3.927,0.095,11.537,1841.479,1701.154,1836.000,1700.000,0.000,,,,2,1789719943.296,100,0
2043.985,45.109,46.914,39.375,39.000,38.000,39.000,39.000,39.000,39.000,40.000,38.000,40.000,40.000,39.000,39.969,36.688,35.000,35.000,29.996,32.141,32.598,31.051,4.637,0.099,11.666,1825.169,1694.955,1836.000,1700.000,0.000,,,,2,1789719944.299,100,0
2044.989,44.953,46.758,39.438,39.000,38.000,40.000,39.000,39.000,38.000,39.000,39.000,40.000,40.109,39.000,40.109,36.688,35.000,35.000,29.996,32.141,32.598,31.055,5.281,0.116,12.332,1825.049,1706.824,1836.000,1700.000,0.000,,,,2,1789719945.301,100,0
2045.992,46.188,48.676,39.500,46.000,44.000,48.000,47.000,45.000,45.000,45.000,43.000,43.000,54.828,44.000,54.828,36.562,35.000,35.000,29.996,32.141,32.598,31.055,20.956,0.178,13.308,1841.272,1703.150,1836.000,1700.000,0.000,,,,2,1789719946.302,100,0
2046.997,46.043,48.285,39.750,39.000,39.000,41.000,40.000,39.000,39.000,40.000,39.000,40.000,41.609,40.000,41.609,36.750,35.000,35.000,29.996,32.145,32.605,31.055,7.621,0.157,28.526,1825.465,1695.035,1836.000,1700.000,0.000,,,,2,1789719947.310,100,0
2048.000,45.879,48.121,39.938,39.000,39.000,40.000,40.000,39.000,38.000,39.000,39.000,40.000,40.828,40.000,40.828,36.750,35.000,35.000,29.996,32.145,32.605,31.059,6.921,0.130,19.798,1832.294,1693.066,1836.000,1700.000,0.000,,,,2,1789719948.312,100,0
2049.000,45.711,47.953,39.750,39.000,39.000,40.000,39.000,39.000,39.000,40.000,39.000,40.000,40.484,39.000,40.484,36.812,35.000,35.000,29.996,32.145,32.605,31.059,6.269,0.123,15.662,1827.968,1706.606,1836.000,1700.000,0.000,,,,2,1789719949.314,100,0
2050.000,47.434,49.969,39.688,43.000,43.000,44.000,44.000,43.000,41.000,43.000,41.000,42.000,52.609,43.000,52.609,36.750,35.000,35.000,29.996,32.148,32.613,31.059,18.368,0.177,14.953,1834.460,1700.865,1836.000,1700.000,0.000,,,,2,1789719950.312,100,0
2051.000,47.242,49.523,40.000,40.000,39.000,41.000,40.000,39.000,39.000,40.000,39.000,40.000,41.422,40.000,41.422,36.875,35.000,35.000,29.996,32.152,32.613,31.062,7.502,0.157,26.856,1837.053,1705.143,1836.000,1700.000,0.000,,,,2,1789719951.312,100,0
2052.005,47.055,49.336,39.875,40.000,40.000,41.000,41.000,39.000,39.000,40.000,39.000,41.000,41.234,40.000,41.234,36.938,35.000,35.000,29.996,32.156,32.621,31.062,7.777,0.132,19.446,1839.052,1695.234,1836.000,1700.000,0.000,,,,2,1789719952.315,100,0
2053.006,46.879,49.160,39.875,40.000,40.000,42.000,42.000,40.000,39.000,40.000,39.000,40.000,42.000,41.000,41.422,37.062,35.000,35.000,29.996,32.160,32.629,31.062,8.156,0.144,16.373,1841.385,1695.690,1836.000,1700.000,0.000,,,,2,1789719953.316,100,0
2054.006,46.707,48.988,39.812,41.000,40.000,41.000,40.000,39.000,39.000,40.000,39.000,40.000,41.281,40.000,41.281,37.062,35.000,35.000,29.996,32.168,32.633,31.062,8.185,0.147,16.302,1832.052,1700.833,1836.000,1700.000,0.000,,,,2,1789719954.317,100,0
2055.009,46.621,48.902,40.062,41.000,40.000,43.000,41.000,41.000,40.000,41.000,40.000,41.000,44.000,41.000,44.000,36.938,35.000,35.000,29.996,32.172,32.641,31.066,13.109,0.161,17.034,1846.334,1706.485,1836.000,1700.000,0.000,,,,2,1789719955.321,100,0
2056.012,46.449,48.730,40.000,40.000,40.000,41.000,41.000,40.000,39.000,40.000,39.000,40.000,41.125,40.000,41.125,37.062,35.000,35.000,29.996,32.176,32.648,31.066,6.415,0.136,21.755,1836.678,1701.098,1836.000,1700.000,0.000,,,,2,1789719956.323,100,0
2057.015,46.301,48.582,40.000,40.000,39.000,41.000,40.000,39.000,39.000,40.000,39.000,40.000,41.766,40.000,41.766,37.062,35.000,35.000,29.996,32.180,32.656,31.066,6.868,0.133,15.243,1824.938,1697.473,1836.000,1700.000,0.000,,,,2,1789719957.326,100,0
2058.018,46.125,48.406,40.000,39.000,39.000,40.000,40.000,39.000,39.000,40.000,39.000,40.000,40.594,39.000,40.594,37.000,35.000,35.000,29.996,32.188,32.664,31.070,5.633,0.126,15.589,1841.508,1700.953,1836.000,1700.000,0.000,,,,2,1789719958.337,100,0
2059.019,45.961,48.242,40.000,40.000,40.000,41.000,40.000,39.000,39.000,40.000,39.000,40.000,41.000,40.000,40.875,37.062,35.000,35.000,29.996,32.191,32.672,31.070,5.437,0.125,14.032,1827.235,1706.873,1836.000,1700.000,0.000,,,,2,1789719959.329,100,0
2060.022,45.805,48.086,39.938,39.000,39.000,41.000,40.000,39.000,39.000,40.000,39.000,40.000,41.000,39.000,40.938,37.125,35.000,35.000,29.996,32.195,32.680,31.074,6.151,0.134,13.779,1834.264,1696.769,1836.000,1700.000,0.000,,,,2,1789719960.339,100,0
2061.023,45.672,47.836,39.938,40.000,39.000,41.000,40.000,39.000,39.000,40.000,39.000,41.000,41.625,40.000,41.625,37.000,35.000,35.000,29.996,32.199,32.688,31.074,11.368,0.172,14.590,1820.324,1705.377,1836.000,1700.000,0.000,,,,2,1789719961.334,100,0
2062.025,45.555,47.719,39.938,41.000,40.000,41.000,40.000,39.000,39.000,41.000,39.000,41.000,41.938,40.000,41.938,37.000,35.000,35.000,29.996,32.203,32.691,31.074,11.198,0.175,20.277,1832.248,1695.802,1836.000,1700.000,0.000,,,,2,1789719962.336,100,0
2063.026,46.375,48.566,40.125,46.000,58.000,45.000,54.000,44.000,44.000,44.000,43.000,45.000,58.000,48.000,48.844,37.000,35.000,35.000,29.996,32.207,32.703,31.074,16.526,0.177,19.516,1841.150,1693.146,1836.000,1700.000,0.000,,,,2,1789719963.336,100,0
2064.026,50.094,53.184,40.375,65.000,58.000,58.000,59.000,47.000,51.000,45.000,45.000,45.000,65.000,53.000,61.250,37.062,35.000,35.000,29.996,32.211,32.711,31.074,34.026,0.241,25.835,1836.622,1700.729,1836.000,1700.000,0.000,,,,2,1789719964.335,100,0
2065.028,53.605,57.438,41.000,57.000,53.000,59.000,56.000,52.000,51.000,48.000,57.000,46.000,64.141,51.000,64.141,37.375,35.000,35.000,29.996,32.215,32.715,31.078,44.618,0.267,43.204,1834.376,1700.552,1836.000,1700.000,0.000,,,,2,1789719965.338,100,0
2066.032,56.176,60.398,41.750,63.000,56.000,64.000,62.000,57.000,63.000,54.000,55.000,48.000,64.000,53.000,63.891,37.688,35.000,35.000,29.996,32.219,32.727,31.078,44.267,0.242,53.233,1843.620,1702.989,1836.000,1700.000,0.000,,,,2,1789719966.342,100,0
2067.036,56.012,59.812,42.312,46.000,45.000,46.000,46.000,45.000,43.000,44.000,44.000,44.000,51.016,45.000,51.016,38.375,44.000,37.055,29.996,32.227,32.738,31.082,22.338,8.424,54.420,1831.716,1687.265,1836.000,1700.000,0.000,45.000,3.000,0.000,2,1789719967.349,100,0
2068.039,57.613,61.516,42.562,61.000,60.000,59.000,62.000,52.000,51.000,49.000,47.000,46.000,62.422,53.000,62.422,38.812,45.000,39.809,29.996,32.230,32.746,31.086,30.508,5.460,38.327,1824.854,1689.023,1836.000,1700.000,0.000,45.000,8.000,21.000,2,1789719968.349,100,0
2069.039,60.887,65.379,43.000,70.000,63.000,71.000,69.000,66.000,62.000,59.000,56.000,48.000,71.000,57.000,70.703,39.000,45.000,41.801,29.996,32.238,32.758,31.094,46.117,4.802,47.540,1838.808,1696.665,1836.000,1700.000,0.000,46.000,4.000,0.000,2,1789719969.349,100,0
2070.039,60.566,64.609,43.312,53.000,52.000,61.000,60.000,52.000,51.000,49.000,59.000,46.000,61.000,50.000,50.641,39.438,45.000,43.223,29.996,32.246,32.770,31.102,14.796,4.134,60.576,1840.820,1717.426,1836.000,1700.000,0.000,46.000,6.000,0.000,2,1789719970.351,100,0
2071.040,62.125,66.230,43.750,58.000,54.000,64.000,67.000,61.000,56.000,51.000,52.000,48.000,67.000,53.000,66.812,39.625,47.000,44.879,29.996,32.250,32.781,31.109,47.063,5.425,27.035,1838.620,1695.290,1836.000,1700.000,0.000,48.000,13.000,2.000,2,1789719971.352,100,0
2072.043,64.051,68.324,44.312,65.000,60.000,62.000,60.000,56.000,70.000,53.000,53.000,50.000,70.000,55.000,69.828,40.125,47.000,46.047,29.996,32.262,32.797,31.121,40.420,9.095,60.244,1841.056,1694.835,1836.000,1700.000,0.000,47.000,9.000,6.000,2,1789719972.354,100,0
2073.046,65.273,69.488,44.562,60.000,55.000,67.000,60.000,63.000,61.000,53.000,53.000,51.000,68.938,54.000,68.938,40.688,47.000,46.863,29.996,32.273,32.812,31.137,39.218,8.591,59.202,1829.110,1712.500,1836.000,1700.000,0.000,48.000,10.000,4.000,2,1789719973.358,100,0
2074.050,67.289,71.684,45.062,63.000,56.000,64.000,79.000,56.000,56.000,56.000,59.000,52.000,79.000,56.000,73.328,41.312,48.000,47.738,29.996,32.285,32.832,31.152,41.084,8.624,57.208,1831.819,1689.665,1836.000,1700.000,0.000,48.000,8.000,3.000,2,1789719974.361,100,0
2075.053,68.695,73.074,45.438,66.000,65.000,69.000,66.000,58.000,57.000,52.000,52.000,50.000,72.922,57.000,72.922,41.688,49.000,48.664,29.996,32.297,32.852,31.172,40.931,8.421,58.800,1833.722,1701.034,1836.000,1700.000,0.000,49.000,7.000,2.000,2,1789719975.364,100,0
2076.055,69.629,73.848,45.875,65.000,57.000,70.000,61.000,67.000,59.000,56.000,56.000,51.000,72.422,56.000,72.422,42.188,49.000,49.293,29.996,32.309,32.871,31.188,41.364,8.824,58.353,1831.716,1708.809,1836.000,1700.000,0.000,49.000,8.000,9.000,2,1789719976.366,100,0
2077.058,71.051,75.277,46.250,60.000,57.000,63.000,61.000,65.000,63.000,60.000,70.000,52.000,75.328,57.000,75.328,42.500,50.000,50.039,29.996,32.324,32.895,31.211,41.083,9.189,59.851,1822.434,1698.402,1836.000,1700.000,0.000,50.000,10.000,4.000,2,1789719977.369,100,0
2078.061,72.281,76.453,46.688,67.000,57.000,63.000,67.000,58.000,79.000,54.000,58.000,52.000,79.000,57.000,75.969,43.000,50.000,50.543,29.996,32.340,32.918,31.238,41.175,8.802,60.248,1845.482,1702.683,1836.000,1700.000,0.000,50.000,8.000,7.000,2,1789719978.372,100,0
2079.065,72.277,76.031,47.000,67.000,59.000,69.000,68.000,61.000,58.000,55.000,59.000,52.000,72.250,57.000,72.250,43.562,51.000,51.191,29.996,32.355,32.945,31.262,39.019,8.182,59.125,1824.309,1700.134,1836.000,1700.000,0.000,51.000,8.000,5.000,2,1789719979.375,100,0
2080.069,72.449,75.883,47.375,68.000,59.000,68.000,64.000,62.000,68.000,58.000,59.000,53.000,72.969,58.000,72.969,43.812,51.000,51.625,29.996,32.371,32.973,31.293,41.552,8.562,56.195,1838.310,1700.263,1836.000,1700.000,0.000,51.000,7.000,3.000,2,1789719980.381,100,0
2081.072,72.434,75.523,47.938,64.000,60.000,68.000,62.000,68.000,59.000,63.000,58.000,54.000,72.016,58.000,72.016,44.312,52.000,52.227,29.996,32.387,33.000,31.324,40.361,8.857,58.900,1852.023,1701.219,1836.000,1700.000,0.000,52.000,8.000,10.000,2,1789719981.382,100,0
2082.077,72.434,75.215,48.250,72.000,62.000,66.000,70.000,61.000,59.000,55.000,56.000,53.000,72.375,59.000,72.375,44.750,52.000,52.629,29.996,32.406,33.031,31.355,38.211,9.456,58.408,1817.539,1703.094,1836.000,1700.000,0.000,52.000,10.000,11.000,2,1789719982.388,100,0
2083.082,73.055,75.742,48.688,65.000,59.000,61.000,62.000,61.000,64.000,58.000,74.000,54.000,74.922,59.000,74.922,45.062,52.000,52.883,29.996,32.426,33.062,31.387,40.607,8.973,56.791,1840.566,1692.740,1836.000,1700.000,0.000,53.000,11.000,8.000,2,1789719983.393,100,0
2084.084,73.805,76.449,49.125,62.000,59.000,66.000,65.000,65.000,60.000,72.000,63.000,55.000,76.062,59.000,76.062,45.500,53.000,53.359,29.996,32.445,33.098,31.426,45.441,8.724,59.080,1847.442,1700.680,1836.000,1700.000,0.000,53.000,8.000,5.000,2,1789719984.397,100,0
2085.086,74.566,77.176,49.562,82.000,62.000,64.000,64.000,62.000,63.000,58.000,58.000,55.000,82.000,60.000,76.844,45.938,53.000,53.668,29.996,32.469,33.129,31.461,41.272,7.991,64.053,1819.487,1700.190,1836.000,1700.000,0.000,54.000,8.000,3.000,2,1789719985.395,100,0
2086.086,75.723,78.418,49.875,85.000,60.000,73.000,68.000,62.000,62.000,57.000,57.000,55.000,85.000,60.000,79.188,46.250,53.000,53.863,29.996,32.492,33.164,31.500,39.840,8.330,58.483,1842.375,1700.351,1836.000,1700.000,0.000,53.000,8.000,5.000,2,1789719986.396,100,0
2087.087,76.141,78.691,50.125,70.000,61.000,81.000,65.000,62.000,60.000,62.000,60.000,56.000,81.000,61.000,77.406,46.625,54.000,54.297,29.996,32.512,33.203,31.543,40.152,7.174,57.983,1822.065,1693.026,1836.000,1700.000,0.000,54.000,8.000,4.000,2,1789719987.397,100,0
2088.090,77.414,80.094,50.438,80.000,60.000,70.000,65.000,68.000,76.000,59.000,59.000,56.000,81.234,61.000,81.234,47.062,54.000,54.582,29.996,32.535,33.242,31.586,40.635,9.233,59.079,1837.663,1700.423,1836.000,1700.000,0.000,54.000,8.000,10.000,2,1789719988.400,100,0
2089.095,78.270,80.934,50.812,75.000,61.000,71.000,65.000,63.000,61.000,64.000,70.000,57.000,80.828,61.000,80.828,47.500,54.000,54.762,29.996,32.562,33.281,31.629,40.917,7.524,57.231,1840.434,1693.448,1836.000,1700.000,0.000,55.000,10.000,6.000,2,1789719989.405,100,0
2090.098,78.773,81.324,51.188,75.000,62.000,66.000,66.000,65.000,69.000,66.000,60.000,57.000,80.281,62.000,80.281,47.625,55.000,55.188,29.996,32.590,33.324,31.676,41.286,8.155,58.361,1837.916,1700.560,1836.000,1700.000,0.000,55.000,8.000,6.000,2,1789719990.407,100,0
2091.099,79.660,82.223,51.625,73.000,65.000,76.000,66.000,69.000,75.000,59.000,59.000,57.000,82.328,64.000,82.328,48.000,55.000,55.469,29.996,32.617,33.363,31.723,41.088,8.720,58.640,1847.139,1700.190,1836.000,1700.000,0.000,56.000,10.000,5.000,2,1789719991.408,100,0
2092.099,80.332,82.840,52.000,67.000,63.000,65.000,78.000,78.000,64.000,59.000,67.000,57.000,82.344,62.000,82.344,48.438,56.000,55.977,29.996,32.645,33.410,31.770,42.759,9.385,61.611,1840.227,1699.853,1836.000,1700.000,0.000,56.000,10.000,5.000,2,1789719992.408,100,0
2093.101,81.254,83.785,52.375,69.000,76.000,77.000,69.000,63.000,77.000,58.000,60.000,57.000,84.016,66.000,84.016,48.750,56.000,56.316,29.996,32.672,33.453,31.824,43.052,8.974,60.962,1826.558,1700.311,1836.000,1700.000,0.000,56.000,11.000,4.000,2,1789719993.410,100,0
2094.102,81.477,83.824,52.688,73.000,64.000,73.000,68.000,83.000,64.000,71.000,61.000,58.000,83.000,64.000,82.156,49.188,57.000,56.863,29.996,32.699,33.500,31.875,41.740,11.102,61.755,1840.209,1688.769,1836.000,1700.000,0.000,57.000,13.000,2.000,2,1789719994.411,100,0
2095.102,81.453,83.566,53.125,75.000,65.000,78.000,69.000,63.000,82.000,60.000,61.000,58.000,82.000,64.000,80.844,49.562,57.000,57.238,29.996,32.730,33.547,31.926,42.892,11.736,63.626,1844.914,1707.059,1836.000,1700.000,0.000,57.000,13.000,2.000,2,1789719995.411,100,0
2096.102,81.863,83.887,53.438,79.000,69.000,71.000,69.000,63.000,64.000,59.000,81.000,58.000,83.094,64.000,83.094,49.938,57.000,57.480,29.996,32.766,33.598,31.984,40.792,10.806,61.533,1825.780,1700.560,1836.000,1700.000,0.000,57.000,10.000,7.000,2,1789719996.411,100,0
2097.102,82.504,84.520,53.625,79.000,64.000,94.000,69.000,67.000,66.000,61.000,62.000,59.000,94.000,64.000,84.438,50.250,57.000,57.594,29.996,32.797,33.648,32.039,41.937,9.555,60.475,1826.410,1706.250,1836.000,1700.000,0.000,58.000,8.000,7.000,2,1789719997.411,100,0
2098.106,83.656,85.816,54.000,72.000,64.000,70.000,69.000,89.000,74.000,67.000,62.000,61.000,89.000,64.000,87.109,50.500,57.000,57.617,29.996,32.828,33.699,32.098,41.298,9.163,59.870,1840.209,1706.428,1836.000,1700.000,0.000,58.000,9.000,4.000,2,1789719998.417,100,0
2099.106,83.922,85.945,54.312,70.000,64.000,82.000,87.000,71.000,68.000,63.000,63.000,59.000,87.000,65.000,84.719,50.812,58.000,57.836,29.996,32.863,33.750,32.156,41.984,10.038,61.061,1837.616,1694.413,1836.000,1700.000,0.000,59.000,13.000,3.000,2,1789719999.415,100,0
2100.108,84.336,86.281,54.562,89.000,66.000,73.000,77.000,71.000,66.000,63.000,63.000,60.000,89.000,65.000,85.578,51.375,58.000,57.992,29.996,32.898,33.801,32.215,42.108,12.951,64.086,1825.706,1694.971,1836.000,1700.000,0.000,59.000,12.000,7.000,2,1789720000.417,100,0
2101.112,84.332,86.082,54.938,86.000,66.000,75.000,72.000,86.000,67.000,63.000,63.000,60.000,86.000,66.000,84.297,51.625,59.000,58.387,29.996,32.930,33.859,32.277,43.483,13.525,66.321,1825.502,1706.501,1836.000,1700.000,0.000,60.000,13.000,7.000,2,1789720001.421,100,0
2102.116,84.324,85.898,55.438,73.000,66.000,79.000,73.000,65.000,80.000,62.000,68.000,61.000,84.062,66.000,84.062,52.000,59.000,58.699,29.996,32.969,33.914,32.340,42.266,13.598,65.029,1832.882,1688.809,1836.000,1700.000,0.000,60.000,11.000,18.000,2,1789720002.426,100,0
2103.120,84.527,86.133,55.750,77.000,77.000,86.000,78.000,75.000,72.000,66.000,82.000,62.000,86.391,70.000,86.391,52.438,59.000,58.895,29.996,33.004,33.965,32.402,50.415,13.214,72.825,1836.950,1696.433,1836.000,1700.000,0.000,59.000,8.000,5.000,2,1789720003.430,100,0
2104.122,84.914,86.629,56.375,71.000,68.000,85.000,73.000,88.000,71.000,66.000,66.000,62.000,88.000,67.000,87.625,52.688,60.000,59.320,29.996,33.039,34.023,32.465,50.178,10.309,71.760,1839.654,1702.595,1836.000,1700.000,0.000,60.000,9.000,5.000,2,1789720004.432,100,0
2105.126,85.047,86.629,56.500,90.000,68.000,74.000,71.000,82.000,68.000,65.000,65.000,62.000,90.000,68.000,85.453,53.000,60.000,59.625,29.996,33.078,34.082,32.531,43.134,10.958,66.911,1816.375,1708.307,1836.000,1700.000,0.000,60.000,8.000,12.000,2,1789720005.437,100,0
2106.128,85.020,86.445,56.938,84.000,70.000,71.000,89.000,66.000,67.000,64.000,63.000,62.000,89.000,69.000,84.203,53.438,60.000,59.852,29.996,33.117,34.141,32.598,42.538,10.600,62.455,1825.438,1706.218,1836.000,1700.000,0.000,61.000,12.000,3.000,2,1789720006.439,100,0
2107.132,85.016,86.297,57.062,72.000,75.000,70.000,70.000,74.000,68.000,68.000,81.000,63.000,84.969,67.000,84.969,53.562,61.000,60.266,29.996,33.160,34.199,32.664,41.815,11.332,62.140,1836.847,1698.490,1836.000,1700.000,0.000,61.000,14.000,5.000,2,1789720007.443,100,0
2108.136,84.863,86.145,57.375,76.000,70.000,77.000,80.000,76.000,78.000,76.000,78.000,62.000,80.078,68.000,80.078,53.938,61.000,60.598,29.996,33.199,34.262,32.734,41.333,9.569,61.132,1841.206,1694.859,1836.000,1700.000,0.000,61.000,14.000,15.000,2,1789720008.476,100,0
2109.140,84.926,86.207,57.688,90.000,69.000,74.000,78.000,69.000,70.000,64.000,66.000,63.000,90.000,70.000,86.828,54.312,63.000,61.746,29.996,33.242,34.324,32.805,44.214,18.268,72.222,1836.070,1688.144,1836.000,1700.000,0.000,63.000,17.000,23.000,2,1789720009.461,100,0
2110.141,84.918,86.199,57.938,86.000,68.000,75.000,72.000,71.000,84.000,66.000,69.000,63.000,86.000,68.000,84.719,54.875,63.000,62.551,29.996,33.281,34.387,32.875,41.881,18.735,70.091,1838.573,1700.198,1836.000,1700.000,0.000,63.000,16.000,11.000,2,1789720010.462,100,0
2111.145,84.773,86.055,58.188,68.000,67.000,73.000,67.000,64.000,64.000,63.000,62.000,62.000,80.281,64.000,80.281,55.375,62.000,62.785,29.996,33.328,34.449,32.945,38.515,17.212,65.284,1836.632,1700.600,1836.000,1700.000,0.000,64.000,16.000,8.000,2,1789720011.456,100,0
2112.148,84.855,86.137,58.375,76.000,69.000,82.000,79.000,68.000,70.000,65.000,87.000,63.000,87.453,69.000,87.453,55.688,64.000,63.570,29.996,33.367,34.512,33.020,41.378,19.731,70.292,1833.619,1700.504,1836.000,1700.000,0.000,65.000,19.000,28.000,2,1789720012.459,100,0
2113.148,84.898,86.180,58.750,77.000,78.000,82.000,78.000,73.000,72.000,67.000,78.000,63.000,86.172,71.000,86.172,55.938,64.000,64.109,29.996,33.414,34.578,33.094,45.757,19.697,74.999,1817.741,1700.222,1836.000,1700.000,0.000,65.000,16.000,8.000,2,1789720013.460,100,0
2114.148,84.930,86.211,59.062,84.000,72.000,87.000,78.000,69.000,76.000,67.000,68.000,64.000,87.000,70.000,85.969,56.312,65.000,64.801,29.996,33.457,34.645,33.168,44.575,20.222,74.301,1838.357,1700.343,1836.000,1700.000,0.000,65.000,16.000,17.000,2,1789720014.459,100,0
2115.148,85.102,86.520,59.375,92.000,78.000,79.000,78.000,75.000,78.000,66.000,68.000,64.000,92.000,72.000,87.719,56.688,65.000,65.270,29.996,33.504,34.711,33.242,44.696,20.212,74.929,1838.104,1700.263,1836.000,1700.000,0.000,64.000,10.000,59.000,2,1789720015.466,100,0
2116.151,85.176,86.582,59.562,75.000,70.000,83.000,88.000,77.000,74.000,70.000,69.000,65.000,88.000,71.000,86.500,57.312,66.000,65.902,29.996,33.551,34.781,33.320,45.318,20.843,76.194,1843.073,1700.319,1836.000,1700.000,0.000,66.000,18.000,24.000,2,1789720016.461,100,0
2117.154,85.266,86.672,59.812,74.000,77.000,77.000,78.000,86.000,73.000,71.000,70.000,66.000,87.297,72.000,87.297,57.750,66.000,66.336,29.996,33.598,34.848,33.398,45.634,21.954,77.336,1837.907,1699.805,1836.000,1700.000,0.000,67.000,19.000,26.000,2,1789720017.466,100,0
2118.158,85.566,87.289,60.312,75.000,86.000,84.000,79.000,75.000,74.000,71.000,80.000,66.000,90.125,74.000,90.125,58.125,67.000,66.941,29.996,33.645,34.918,33.477,45.575,21.639,77.296,1828.702,1700.512,1836.000,1700.000,0.000,66.000,18.000,19.000,2,1789720018.470,100,0
2119.163,87.254,89.312,60.812,75.000,79.000,90.000,82.000,100.000,76.000,72.000,73.000,67.000,100.000,73.000,92.328,58.375,67.000,67.355,29.996,33.695,34.988,33.559,49.046,20.730,79.313,1849.359,1700.495,1923.000,1781.000,0.000,67.000,16.000,11.000,2,1789720019.475,100,0
2120.167,88.762,91.066,61.062,97.000,74.000,85.000,80.000,76.000,76.000,70.000,79.000,67.000,97.000,75.000,93.281,58.875,67.000,67.621,29.996,33.742,35.059,33.641,49.195,20.465,80.894,1907.184,1756.980,1977.000,1831.000,0.000,68.000,16.000,13.000,2,1789720020.488,100,0
2121.171,89.809,92.195,61.438,86.000,77.000,78.000,87.000,74.000,82.000,70.000,73.000,67.000,92.953,75.000,92.953,59.250,68.000,68.113,29.996,33.793,35.133,33.723,47.943,20.351,79.637,1937.682,1800.063,2031.000,1881.000,0.000,68.000,18.000,27.000,2,1789720021.483,100,0
2122.175,90.918,93.398,61.625,88.000,93.000,80.000,82.000,75.000,76.000,69.000,71.000,67.000,94.234,78.000,94.234,59.500,68.000,68.445,29.996,33.848,35.203,33.809,46.530,20.787,76.855,1998.756,1852.233,2085.000,1931.000,0.000,68.000,17.000,15.000,2,1789720022.486,100,0
2123.177,91.551,93.973,62.062,91.000,74.000,80.000,96.000,73.000,79.000,71.000,73.000,69.000,96.000,74.000,93.453,59.875,68.000,68.656,29.996,33.898,35.277,33.895,47.084,20.430,77.459,2046.315,1878.365,2139.000,1981.000,0.000,68.000,16.000,10.000,2,1789720023.487,100,0
2124.180,92.453,94.902,62.250,78.000,75.000,89.000,80.000,100.000,76.000,73.000,72.000,68.000,100.000,75.000,95.156,60.312,68.000,68.781,29.996,33.953,35.352,33.977,46.943,20.841,76.923,2093.985,1943.162,2193.000,2031.000,0.000,69.000,17.000,13.000,2,1789720024.490,100,0
2125.183,93.090,95.488,62.625,78.000,90.000,79.000,89.000,74.000,76.000,71.000,82.000,68.000,95.000,77.000,95.000,60.438,69.000,69.172,29.996,34.008,35.426,34.062,47.019,20.866,77.893,2133.447,1990.281,2253.000,2087.000,0.000,69.000,17.000,14.000,2,1789720025.495,100,0
2126.186,93.371,95.613,62.875,86.000,84.000,81.000,90.000,79.000,77.000,73.000,73.000,69.000,94.219,76.000,94.219,61.062,69.000,69.336,29.996,34.062,35.500,34.152,46.534,21.178,77.591,2197.373,2031.362,2314.000,2143.000,0.000,70.000,18.000,22.000,2,1789720026.496,100,0
2127.188,93.508,95.566,63.125,79.000,85.000,82.000,83.000,79.000,77.000,83.000,77.000,69.000,93.922,78.000,93.922,61.438,69.000,69.414,29.996,34.117,35.578,34.238,47.631,20.910,78.430,2252.266,2092.257,2374.000,2199.000,0.000,70.000,16.000,9.000,2,1789720027.511,100,0
2128.190,93.520,95.391,63.438,86.000,77.000,89.000,83.000,79.000,90.000,72.000,75.000,70.000,93.703,76.000,93.703,61.500,69.000,69.445,29.996,34.172,35.652,34.328,47.596,20.774,78.301,2309.484,2144.517,2435.000,2255.000,0.000,70.000,19.000,24.000,2,1789720028.500,100,0
2129.193,93.641,95.496,63.750,84.000,85.000,81.000,95.000,74.000,79.000,76.000,76.000,69.000,95.359,78.000,95.359,61.750,70.000,69.660,29.996,34.227,35.730,34.414,48.083,21.620,79.793,2369.310,2211.506,2495.000,2311.000,0.000,70.000,18.000,23.000,2,1789720029.504,100,0
2130.196,93.727,95.512,64.188,87.000,77.000,96.000,83.000,84.000,77.000,73.000,78.000,70.000,96.000,77.000,94.891,62.125,70.000,69.828,29.996,34.281,35.809,34.504,47.856,21.758,78.994,2453.737,2252.210,2556.000,2367.000,0.000,70.000,18.000,13.000,2,1789720030.508,100,0
2131.201,93.840,95.633,64.438,82.000,84.000,85.000,86.000,95.000,80.000,72.000,80.000,69.000,95.672,78.000,95.672,62.312,70.000,69.957,29.996,34.340,35.883,34.590,48.416,22.072,80.930,2507.994,2302.688,2616.000,2423.000,0.000,71.000,18.000,19.000,2,1789720031.511,100,0
2132.202,93.953,95.766,64.625,85.000,92.000,95.000,85.000,80.000,78.000,75.000,74.000,71.000,95.938,79.000,95.938,62.688,71.000,70.254,29.996,34.398,35.965,34.684,49.045,22.942,82.021,2552.268,2365.386,2677.000,2479.000,0.000,71.000,17.000,17.000,2,1789720032.513,100,0
2133.207,94.020,95.695,65.000,99.000,80.000,88.000,84.000,83.000,79.000,74.000,76.000,70.000,99.000,78.000,94.484,63.125,71.000,70.504,29.996,34.453,36.043,34.773,48.230,22.866,81.268,2606.656,2423.541,2737.000,2535.000,0.000,72.000,19.000,24.000,2,1789720033.519,100,0
2134.210,94.094,95.625,65.312,80.000,79.000,100.000,84.000,80.000,86.000,76.000,77.000,71.000,100.000,78.000,94.328,63.312,71.000,70.695,29.996,34.512,36.121,34.863,48.133,22.919,82.043,2668.544,2480.945,2809.000,2601.000,0.000,72.000,18.000,20.000,2,1789720034.524,100,0
2135.211,94.504,96.004,65.688,86.000,80.000,98.000,86.000,81.000,81.000,76.000,98.000,72.000,98.000,79.000,95.734,63.562,71.000,70.840,29.996,34.574,36.199,34.953,54.836,22.831,87.853,2744.195,2537.266,2880.000,2667.000,0.000,71.000,18.000,22.000,2,1789720035.524,100,0
2136.211,94.891,96.516,66.062,85.000,84.000,90.000,86.000,90.000,87.000,77.000,94.000,71.000,97.609,78.000,97.609,63.812,72.000,71.141,29.996,34.633,36.277,35.043,55.574,22.194,87.695,2818.048,2604.242,2951.000,2733.000,0.000,72.000,17.000,13.000,2,1789720036.524,100,0
2137.211,94.973,96.551,66.375,82.000,78.000,87.000,87.000,84.000,97.000,80.000,81.000,71.000,97.000,79.000,96.141,64.000,72.000,71.398,29.996,34.691,36.359,35.137,50.511,21.674,81.716,2862.299,2647.448,3022.000,2799.000,0.000,72.000,17.000,20.000,2,1789720037.523,100,0
2138.212,95.172,96.754,66.562,83.000,90.000,100.000,85.000,79.000,79.000,76.000,76.000,71.000,100.000,81.000,96.797,64.312,72.000,71.602,29.996,34.754,36.438,35.227,46.973,20.906,77.232,2931.166,2720.348,3094.000,2865.000,0.000,72.000,18.000,22.000,2,1789720038.526,100,0
2139.213,95.422,97.148,66.812,92.000,78.000,89.000,86.000,81.000,81.000,84.000,76.000,71.000,98.438,78.000,98.438,64.375,72.000,71.758,29.996,34.812,36.516,35.320,47.645,20.790,78.286,3022.924,2803.542,3165.000,2931.000,0.000,72.000,17.000,17.000,2,1789720039.526,100,0
2140.214,95.543,97.320,67.062,83.000,86.000,90.000,96.000,78.000,79.000,73.000,82.000,71.000,97.766,80.000,97.766,64.688,72.000,71.871,29.996,34.875,36.598,35.410,46.935,22.742,80.041,3093.262,2863.256,3236.000,2997.000,0.000,73.000,17.000,12.000,2,1789720040.526,100,0
2141.215,95.629,97.352,67.188,81.000,79.000,80.000,100.000,76.000,80.000,73.000,90.000,72.000,100.000,79.000,96.875,64.875,72.000,71.965,29.996,34.934,36.676,35.500,47.412,21.053,77.680,3146.468,2920.300,3308.000,3063.000,0.000,73.000,16.000,7.000,2,1789720041.527,100,0
2142.216,95.797,97.570,67.375,83.000,81.000,81.000,85.000,76.000,100.000,73.000,87.000,71.000,100.000,80.000,98.031,64.812,72.000,72.043,29.996,34.996,36.754,35.590,46.054,20.672,77.343,3230.264,2997.502,3336.000,3089.000,0.000,72.000,17.000,13.000,2,1789720042.527,100,0
2143.220,95.867,97.555,67.562,85.000,77.000,100.000,83.000,82.000,82.000,75.000,91.000,71.000,100.000,78.000,96.781,65.000,72.000,72.109,29.996,35.059,36.836,35.684,46.876,20.937,77.828,3274.365,3041.465,3364.000,3115.000,0.000,72.000,19.000,25.000,2,1789720043.533,100,0
2144.224,95.906,97.594,67.688,83.000,82.000,81.000,96.000,93.000,78.000,76.000,76.000,72.000,96.922,81.000,96.922,65.062,72.000,72.168,29.996,35.121,36.910,35.773,46.433,21.058,77.630,3318.217,3078.370,3392.000,3141.000,0.000,72.000,17.000,7.000,2,1789720044.535,100,0
2145.225,95.945,97.633,67.812,83.000,78.000,93.000,96.000,94.000,82.000,76.000,76.000,72.000,97.156,78.000,97.156,65.125,72.000,72.223,29.996,35.180,36.992,35.863,47.305,21.704,79.089,3341.346,3091.084,3420.000,3167.000,0.000,72.000,18.000,17.000,2,1789720045.537,100,0
2146.225,96.023,97.711,67.875,92.000,78.000,98.000,87.000,78.000,83.000,73.000,74.000,71.000,98.562,77.000,98.562,65.250,72.000,72.270,29.996,35.242,37.070,35.953,46.627,22.256,79.430,3387.853,3111.576,3448.000,3193.000,0.000,72.000,18.000,17.000,2,1789720046.536,100,0
2147.226,96.078,97.766,68.125,93.000,78.000,83.000,86.000,80.000,79.000,98.000,76.000,73.000,98.000,78.000,97.750,65.375,72.000,72.312,29.996,35.305,37.148,36.043,45.527,21.249,77.006,3411.191,3152.475,3476.000,3219.000,0.000,72.000,17.000,8.000,2,1789720047.536,100,0
2148.226,96.160,97.848,68.312,84.000,79.000,81.000,97.000,78.000,91.000,74.000,75.000,71.000,98.641,79.000,98.641,65.312,72.000,72.359,29.996,35.367,37.227,36.133,43.358,19.692,72.805,3427.821,3193.613,3504.000,3245.000,0.000,72.000,17.000,5.000,2,1789720048.539,100,0
2149.231,96.215,97.902,68.375,84.000,78.000,93.000,82.000,81.000,80.000,88.000,76.000,72.000,97.922,79.000,97.922,65.438,72.000,72.402,29.996,35.430,37.305,36.223,44.927,20.732,76.103,3459.975,3208.671,3532.000,3271.000,0.000,72.000,16.000,9.000,2,1789720049.566,100,0
2150.236,96.277,97.965,68.562,94.000,77.000,87.000,82.000,85.000,96.000,76.000,77.000,71.000,98.219,77.000,98.219,65.562,72.000,72.445,29.996,35.492,37.383,36.312,44.110,21.096,75.338,3483.781,3257.594,3560.000,3297.000,0.000,72.000,19.000,15.000,2,1789720050.547,100,0
2151.241,96.340,98.027,68.688,85.000,89.000,100.000,86.000,83.000,80.000,74.000,75.000,71.000,100.000,80.000,98.234,65.500,72.000,72.484,29.996,35.555,37.461,36.402,45.479,21.209,76.550,3542.958,3273.025,3588.000,3323.000,0.000,72.000,17.000,15.000,2,1789720051.552,100,0
2152.242,96.410,98.098,68.625,82.000,88.000,100.000,87.000,78.000,79.000,73.000,75.000,70.000,100.000,80.000,98.438,65.438,72.000,72.523,29.996,35.617,37.535,36.488,45.168,20.777,76.296,3534.679,3279.764,3616.000,3349.000,0.000,72.000,20.000,24.000,2,1789720052.555,100,0
2153.245,96.480,98.336,68.812,80.000,78.000,89.000,84.000,79.000,100.000,75.000,78.000,72.000,100.000,77.000,98.391,65.625,72.000,72.562,29.996,35.680,37.613,36.574,46.290,20.634,76.006,3604.361,3324.560,3645.000,3375.000,0.000,72.000,17.000,8.000,2,1789720053.557,100,0
2154.248,96.543,98.398,69.000,100.000,77.000,81.000,93.000,78.000,81.000,74.000,76.000,71.000,100.000,77.000,98.094,65.812,72.000,72.602,29.996,35.742,37.691,36.664,44.820,21.321,77.454,3630.789,3347.031,3673.000,3401.000,0.000,72.000,16.000,8.000,2,1789720054.572,100,0
2155.252,96.566,98.422,69.125,92.000,78.000,90.000,85.000,79.000,95.000,75.000,77.000,71.000,97.391,78.000,97.391,65.875,72.000,72.637,29.996,35.805,37.762,36.746,46.552,21.086,77.314,3659.020,3362.192,3701.000,3427.000,0.000,73.000,18.000,19.000,2,1789720055.565,100,0
2156.256,96.633,98.488,69.188,100.000,78.000,98.000,85.000,78.000,81.000,72.000,76.000,71.000,100.000,78.000,98.641,65.875,72.000,72.672,29.996,35.867,37.840,36.836,46.564,22.806,80.244,3667.108,3408.833,3729.000,3453.000,0.000,73.000,20.000,35.000,2,1789720056.566,100,0
2157.257,96.695,98.551,69.312,100.000,79.000,87.000,90.000,83.000,81.000,74.000,78.000,72.000,100.000,79.000,98.625,66.062,73.000,72.738,29.996,35.930,37.910,36.918,47.411,23.488,80.968,3676.245,3417.051,3757.000,3479.000,0.000,73.000,20.000,32.000,2,1789720057.568,100,0
2158.258,96.723,98.578,69.500,97.000,81.000,89.000,93.000,81.000,79.000,75.000,75.000,72.000,97.609,81.000,97.609,66.188,73.000,72.801,29.996,35.992,37.984,37.004,47.470,23.217,80.741,3704.390,3448.937,3785.000,3505.000,0.000,73.000,20.000,42.000,2,1789720058.569,100,0
2159.261,96.785,98.641,69.688,84.000,78.000,85.000,83.000,88.000,95.000,75.000,76.000,71.000,98.703,78.000,98.703,66.312,72.000,72.828,29.996,36.055,38.059,37.086,46.271,23.045,80.473,3743.099,3490.774,3819.000,3537.000,0.000,73.000,20.000,32.000,2,1789720059.571,100,0
2160.265,96.832,98.688,69.688,84.000,80.000,90.000,96.000,78.000,81.000,92.000,76.000,72.000,98.312,80.000,98.312,66.250,73.000,72.891,29.996,36.117,38.129,37.168,47.612,22.879,79.942,3781.155,3532.043,3854.000,3569.000,0.000,73.000,20.000,36.000,2,1789720060.576,100,0
2161.265,96.867,98.723,69.875,87.000,80.000,93.000,85.000,100.000,79.000,76.000,82.000,72.000,100.000,79.000,97.891,66.438,73.000,73.000,29.996,36.180,38.203,37.250,46.840,23.135,80.786,3799.953,3538.988,3889.000,3601.000,0.000,73.000,20.000,29.000,2,1789720061.576,100,0
2162.265,96.934,98.789,69.938,87.000,79.000,90.000,86.000,85.000,97.000,76.000,76.000,72.000,99.016,79.000,99.016,66.562,73.000,73.055,29.996,36.242,38.273,37.332,47.213,22.968,80.797,3830.684,3539.371,3923.000,3633.000,0.000,73.000,20.000,30.000,2,1789720062.576,100,0
2163.265,96.988,98.891,70.062,88.000,80.000,100.000,84.000,80.000,79.000,81.000,76.000,73.000,100.000,79.000,98.672,66.500,73.000,73.109,29.996,36.305,38.344,37.418,45.599,22.860,78.340,3881.402,3574.407,3958.000,3665.000,0.000,73.000,20.000,29.000,2,1789720063.576,100,0
2164.266,96.957,98.859,70.250,91.000,81.000,94.000,85.000,78.000,88.000,75.000,79.000,72.000,96.000,81.000,96.000,66.625,73.000,73.164,29.996,36.367,38.414,37.496,46.418,22.803,80.129,3922.209,3636.107,3992.000,3697.000,0.000,73.000,18.000,20.000,2,1789720064.576,100,0
2165.267,96.973,98.875,70.375,93.000,78.000,83.000,86.000,78.000,100.000,74.000,79.000,72.000,100.000,79.000,97.484,66.750,73.000,73.215,29.996,36.430,38.484,37.574,46.695,21.932,79.476,3976.714,3672.458,4027.000,3729.000,0.000,73.000,18.000,25.000,2,1789720065.578,100,0
2166.267,96.965,98.867,70.438,84.000,97.000,89.000,93.000,83.000,81.000,76.000,77.000,71.000,97.000,82.000,96.656,66.688,73.000,73.266,29.996,36.492,38.555,37.656,45.493,22.692,78.317,3964.889,3690.150,4061.000,3761.000,0.000,73.000,19.000,24.000,2,1789720066.577,100,0
2167.267,97.023,98.926,70.500,86.000,92.000,85.000,100.000,79.000,79.000,74.000,74.000,71.000,100.000,83.000,98.906,66.875,73.000,73.312,29.996,36.551,38.621,37.734,47.129,23.027,80.711,4031.671,3728.175,4096.000,3793.000,0.000,73.000,16.000,21.000,2,1789720067.583,100,0
2168.267,97.082,98.984,70.688,85.000,79.000,90.000,100.000,90.000,79.000,74.000,75.000,71.000,100.000,78.000,98.859,66.812,73.000,73.359,29.996,36.613,38.691,37.812,45.694,22.212,78.721,4053.369,3758.300,4131.000,3825.000,0.000,73.000,22.000,36.000,2,1789720068.578,100,0
2169.268,97.148,99.051,70.562,83.000,81.000,91.000,96.000,82.000,87.000,74.000,75.000,71.000,99.219,81.000,99.219,66.938,73.000,73.406,29.996,36.676,38.758,37.891,45.429,22.803,77.861,4075.949,3776.395,4165.000,3857.000,0.000,73.000,17.000,18.000,2,1789720069.585,100,0
2170.273,97.188,99.090,70.625,97.000,85.000,94.000,87.000,79.000,82.000,76.000,76.000,72.000,98.469,80.000,98.469,67.000,73.000,73.449,29.996,36.738,38.820,37.965,46.763,22.498,79.785,4109.495,3846.031,4200.000,3889.000,0.000,73.000,18.000,20.000,2,1789720070.583,100,0
2171.277,97.230,99.133,70.625,83.000,91.000,89.000,85.000,83.000,97.000,75.000,77.000,71.000,98.516,82.000,98.516,66.938,73.000,73.488,29.996,36.797,38.891,38.039,46.279,22.623,79.340,4145.650,3855.876,4234.000,3921.000,0.000,73.000,18.000,18.000,2,1789720071.588,100,0
2172.282,97.289,99.191,70.812,81.000,78.000,97.000,83.000,82.000,97.000,75.000,83.000,72.000,99.109,78.000,99.109,66.875,72.000,73.500,29.996,36.859,38.953,38.113,46.404,21.924,78.723,4216.741,3885.507,4269.000,3953.000,0.000,73.000,16.000,13.000,2,1789720072.622,100,0
2173.285,97.344,99.277,70.875,88.000,77.000,98.000,83.000,91.000,79.000,76.000,75.000,72.000,99.047,77.000,99.047,66.938,73.000,73.539,29.996,36.918,39.020,38.188,44.014,21.656,76.042,4205.509,3917.046,4303.000,3985.000,0.000,73.000,20.000,25.000,2,1789720073.598,100,0
2174.288,97.379,99.312,70.812,100.000,80.000,87.000,86.000,93.000,80.000,75.000,76.000,71.000,100.000,79.000,98.438,66.938,73.000,73.578,29.996,36.977,39.082,38.262,45.656,22.053,78.432,4242.182,3949.230,4338.000,4017.000,0.000,73.000,18.000,14.000,2,1789720074.600,100,0
2175.292,97.410,99.344,70.938,94.000,80.000,86.000,84.000,79.000,80.000,79.000,85.000,71.000,98.375,79.000,98.375,67.062,73.000,73.617,29.996,37.039,39.145,38.332,45.612,22.114,78.347,4278.939,3981.068,4379.000,4055.000,0.000,73.000,20.000,27.000,2,1789720075.602,100,0
2176.297,97.434,99.367,71.000,84.000,81.000,98.000,84.000,96.000,80.000,76.000,80.000,72.000,98.141,80.000,98.141,67.000,73.000,73.656,29.996,37.098,39.203,38.402,46.453,22.496,79.631,4343.210,4013.691,4420.000,4093.000,0.000,73.000,18.000,19.000,2,1789720076.607,100,0
2177.302,97.465,99.398,71.125,83.000,89.000,85.000,84.000,79.000,100.000,74.000,77.000,71.000,100.000,81.000,98.438,67.125,73.000,73.691,29.996,37.160,39.270,38.477,45.593,22.826,79.010,4395.229,4069.084,4461.000,4131.000,0.000,73.000,19.000,30.000,2,1789720077.612,100,0
2178.305,97.492,99.426,71.062,93.000,80.000,83.000,85.000,78.000,84.000,96.000,77.000,72.000,98.422,80.000,98.422,67.188,73.000,73.727,29.996,37.219,39.328,38.543,47.270,23.396,81.641,4435.027,4079.968,4502.000,4169.000,0.000,73.000,18.000,16.000,2,1789720078.616,100,0
2179.309,97.496,99.430,71.250,83.000,86.000,95.000,88.000,97.000,82.000,76.000,76.000,71.000,97.562,81.000,97.562,67.188,73.000,73.762,29.996,37.277,39.387,38.613,48.169,23.818,82.574,4448.069,4148.995,4543.000,4207.000,0.000,73.000,21.000,35.000,2,1789720079.619,100,0
2180.311,97.516,99.449,71.250,86.000,80.000,93.000,84.000,100.000,81.000,79.000,77.000,72.000,100.000,79.000,98.156,67.312,73.000,73.793,29.996,37.336,39.449,38.684,45.909,23.840,80.525,4502.533,4183.565,4584.000,4245.000,0.000,74.000,20.000,30.000,2,1789720080.621,100,0
2181.314,97.539,99.473,71.188,83.000,88.000,85.000,87.000,79.000,99.000,74.000,76.000,71.000,99.000,82.000,98.281,67.312,73.000,73.797,29.996,37.395,39.508,38.750,47.370,23.523,81.378,4517.108,4172.559,4625.000,4283.000,0.000,73.000,19.000,23.000,2,1789720081.626,100,0
2182.317,97.566,99.500,71.375,85.000,80.000,100.000,88.000,80.000,79.000,78.000,76.000,72.000,100.000,79.000,98.406,67.312,73.000,73.828,29.996,37.449,39.566,38.816,46.560,23.511,80.457,4587.741,4245.583,4666.000,4321.000,0.000,73.000,20.000,31.000,2,1789720082.627,100,0
2183.319,97.598,99.484,71.312,89.000,80.000,100.000,85.000,83.000,79.000,74.000,74.000,70.000,100.000,79.000,98.484,67.438,73.000,73.859,29.996,37.512,39.621,38.879,45.751,23.746,80.772,4603.051,4281.891,4707.000,4359.000,0.000,73.000,19.000,35.000,2,1789720083.631,100,0
2184.321,97.582,99.469,71.438,86.000,80.000,90.000,84.000,86.000,89.000,81.000,84.000,71.000,97.141,80.000,97.141,67.375,73.000,73.887,29.996,37.566,39.680,38.945,45.831,23.348,80.671,4646.000,4293.483,4748.000,4397.000,0.000,73.000,19.000,31.000,2,1789720084.632,100,0
2185.326,97.566,99.453,71.312,86.000,81.000,87.000,96.000,79.000,79.000,87.000,76.000,73.000,97.125,81.000,97.125,67.438,73.000,73.914,29.996,37.625,39.734,39.012,47.252,23.371,81.406,4706.621,4332.078,4789.000,4435.000,0.000,74.000,19.000,28.000,2,1789720085.638,100,0
2186.329,97.582,99.469,71.375,88.000,80.000,88.000,100.000,80.000,80.000,74.000,75.000,71.000,100.000,79.000,97.984,67.250,73.000,73.941,29.996,37.684,39.789,39.074,46.368,22.576,79.830,4736.468,4411.333,4830.000,4473.000,0.000,73.000,18.000,20.000,2,1789720086.640,100,0
2187.331,97.617,99.504,71.500,85.000,80.000,90.000,87.000,100.000,82.000,86.000,77.000,72.000,100.000,79.000,98.734,67.375,73.000,73.969,29.996,37.742,39.844,39.137,50.423,21.690,84.384,4782.718,4449.883,4871.000,4511.000,0.000,73.000,17.000,15.000,2,1789720087.643,100,0
2188.335,97.641,99.527,71.625,98.000,80.000,84.000,84.000,77.000,80.000,74.000,100.000,71.000,100.000,79.000,98.375,67.438,73.000,73.992,29.996,37.797,39.898,39.199,47.815,22.102,82.169,4830.399,4464.562,4921.000,4557.000,0.000,73.000,19.000,23.000,2,1789720088.647,100,0
2189.336,97.625,99.512,71.688,85.000,79.000,83.000,90.000,99.000,79.000,76.000,82.000,71.000,99.000,79.000,97.094,67.500,73.000,74.020,29.996,37.855,39.953,39.262,45.913,22.566,79.575,4863.090,4532.064,4971.000,4603.000,0.000,73.000,18.000,19.000,2,1789720089.646,100,0
2190.338,97.676,99.562,71.562,92.000,83.000,97.000,87.000,95.000,84.000,80.000,83.000,72.000,99.297,79.000,99.297,67.375,72.000,74.012,29.996,37.914,40.004,39.316,47.567,21.888,80.527,4912.597,4561.755,5020.000,4649.000,0.000,73.000,19.000,24.000,2,1789720090.649,100,0
2191.339,97.684,99.570,71.625,86.000,81.000,98.000,89.000,88.000,96.000,82.000,87.000,73.000,98.000,80.000,97.938,67.500,73.000,73.992,29.996,37.969,40.055,39.375,51.319,22.970,86.070,4962.438,4604.287,5070.000,4695.000,0.000,74.000,19.000,25.000,2,1789720091.650,100,0
2192.341,97.703,99.590,71.812,100.000,88.000,86.000,87.000,79.000,79.000,74.000,76.000,71.000,100.000,81.000,98.359,67.375,73.000,74.016,29.996,38.027,40.105,39.434,48.114,23.216,84.487,5012.950,4647.620,5120.000,4741.000,0.000,73.000,21.000,36.000,2,1789720092.652,100,0
2193.345,97.695,99.570,71.938,94.000,92.000,85.000,88.000,81.000,81.000,76.000,77.000,72.000,97.422,81.000,97.422,67.312,73.000,74.039,29.996,38.082,40.156,39.492,47.651,23.170,81.850,5099.728,4661.461,5169.000,4787.000,0.000,73.000,21.000,32.000,2,1789720093.655,100,0
2194.349,97.707,99.582,71.875,100.000,80.000,88.000,87.000,89.000,81.000,73.000,76.000,71.000,100.000,80.000,97.984,67.562,73.000,74.059,29.996,38.137,40.203,39.547,49.226,23.110,83.884,5136.913,4736.967,5219.000,4833.000,0.000,74.000,18.000,20.000,2,1789720094.660,100,0
2195.352,97.742,99.617,71.750,85.000,79.000,85.000,84.000,99.000,79.000,76.000,74.000,71.000,99.000,78.000,98.938,67.500,73.000,74.082,29.996,38.195,40.254,39.602,46.116,22.896,80.206,5118.580,4796.802,5269.000,4879.000,0.000,73.000,18.000,19.000,2,1789720095.661,100,0
2196.353,97.797,99.672,71.938,82.000,82.000,83.000,87.000,76.000,79.000,73.000,100.000,71.000,100.000,79.000,99.391,67.438,73.000,74.102,29.996,38.250,40.305,39.656,44.536,22.353,78.347,5227.847,4814.122,5319.000,4925.000,0.000,72.000,18.000,22.000,2,1789720096.664,100,0
2197.353,97.801,99.676,71.875,85.000,79.000,85.000,89.000,77.000,80.000,75.000,99.000,72.000,99.000,79.000,98.016,67.312,72.000,74.090,29.996,38.309,40.352,39.711,44.075,20.903,75.817,5247.125,4862.631,5368.000,4971.000,0.000,72.000,17.000,14.000,2,1789720097.666,100,0
2198.357,97.824,99.699,71.750,96.000,80.000,85.000,100.000,81.000,82.000,75.000,77.000,71.000,100.000,80.000,98.531,67.250,72.000,74.078,29.996,38.359,40.398,39.766,49.218,21.079,82.340,5303.477,4927.254,5418.000,5017.000,0.000,72.000,17.000,13.000,2,1789720098.668,100,0
2199.358,97.855,99.730,71.938,90.000,80.000,92.000,87.000,90.000,80.000,78.000,76.000,71.000,98.766,79.000,98.766,67.250,72.000,74.066,29.996,38.418,40.449,39.816,50.100,21.541,83.454,5343.784,4943.765,5479.000,5074.000,0.000,72.000,19.000,19.000,2,1789720099.668,100,0
2200.358,97.863,99.738,71.938,87.000,82.000,81.000,86.000,82.000,79.000,76.000,89.000,72.000,98.156,80.000,98.156,67.375,73.000,74.090,29.996,38.469,40.492,39.867,49.336,22.808,83.460,5402.323,4994.104,5541.000,5131.000,0.000,73.000,18.000,9.000,2,1789720100.669,100,0
2201.361,97.887,99.762,71.875,100.000,78.000,86.000,83.000,98.000,79.000,77.000,77.000,71.000,100.000,78.000,98.578,67.125,72.000,74.027,29.996,38.523,40.539,39.918,49.554,21.226,81.325,5462.242,5043.854,5596.000,5182.000,0.000,72.000,15.000,10.000,2,1789720101.683,100,0
2202.365,97.891,99.766,72.000,94.000,79.000,84.000,83.000,98.000,78.000,77.000,76.000,70.000,98.000,79.000,98.000,67.125,72.000,74.016,30.996,38.578,40.586,39.977,50.149,20.623,82.842,5545.457,5114.218,5616.000,5200.000,0.000,72.000,18.000,15.000,2,1789720102.677,100,0
2203.367,97.910,99.770,71.938,84.000,79.000,99.000,84.000,78.000,80.000,75.000,100.000,71.000,100.000,78.000,98.578,67.062,72.000,74.008,30.996,38.629,40.633,40.031,48.676,21.547,80.949,5609.661,5167.736,5616.000,5200.000,0.000,72.000,19.000,23.000,2,1789720103.679,100,0
2204.370,97.906,99.766,72.000,81.000,78.000,94.000,93.000,87.000,79.000,84.000,76.000,72.000,97.734,77.000,97.734,67.125,73.000,74.027,30.996,38.680,40.672,40.086,49.012,21.642,82.072,5609.137,5168.998,5616.000,5200.000,0.000,72.000,18.000,23.000,2,1789720104.680,100,0
2205.373,97.941,99.801,72.062,91.000,78.000,100.000,83.000,79.000,77.000,74.000,74.000,70.000,100.000,78.000,99.047,67.062,72.000,74.016,30.996,38.734,40.715,40.137,49.233,21.288,81.756,5608.000,5204.945,5616.000,5200.000,0.000,73.000,16.000,7.000,2,1789720105.687,100,0
2206.375,97.926,99.785,71.938,82.000,88.000,87.000,84.000,77.000,77.000,72.000,98.000,70.000,98.000,80.000,97.406,67.062,72.000,74.008,30.996,38.785,40.758,40.191,46.275,20.853,78.541,5608.438,5167.143,5616.000,5200.000,0.000,72.000,17.000,9.000,2,1789720106.686,100,0
2207.377,97.895,99.754,71.875,94.000,83.000,85.000,84.000,94.000,78.000,74.000,75.000,70.000,97.031,81.000,97.031,67.000,72.000,73.996,30.996,38.836,40.801,40.242,45.300,21.237,78.141,5608.350,5204.042,5616.000,5200.000,0.000,73.000,19.000,23.000,2,1789720107.689,100,0
2208.380,97.914,99.773,71.875,100.000,78.000,85.000,93.000,77.000,81.000,72.000,76.000,71.000,100.000,78.000,98.469,66.938,72.000,73.988,30.996,38.887,40.840,40.293,45.646,21.466,77.787,5606.865,5206.224,5616.000,5200.000,0.000,72.000,17.000,11.000,2,1789720108.691,100,0
2209.384,97.902,99.762,71.750,93.000,79.000,81.000,84.000,80.000,78.000,89.000,74.000,72.000,97.484,78.000,97.484,66.688,72.000,73.977,30.996,38.934,40.879,40.344,45.793,20.532,77.241,5608.438,5206.525,5616.000,5200.000,0.000,73.000,16.000,8.000,2,1789720109.697,100,0
2210.385,97.926,99.785,71.875,82.000,80.000,100.000,84.000,87.000,78.000,73.000,73.000,70.000,100.000,80.000,98.703,66.750,71.000,73.938,30.996,38.984,40.922,40.391,45.467,21.194,77.632,5629.398,5167.958,5616.000,5200.000,0.000,72.000,18.000,21.000,2,1789720110.696,100,0
2211.390,97.938,99.797,71.750,80.000,76.000,96.000,86.000,77.000,97.000,71.000,75.000,70.000,98.250,77.000,98.250,66.750,72.000,73.879,30.996,39.035,40.957,40.438,44.466,21.209,77.070,5607.564,5204.418,5616.000,5200.000,0.000,73.000,19.000,25.000,2,1789720111.702,100,0
2212.394,97.957,99.816,71.625,82.000,80.000,100.000,84.000,84.000,80.000,72.000,74.000,69.000,100.000,78.000,98.609,66.688,72.000,73.871,30.996,39.082,40.996,40.484,46.842,21.784,78.978,5605.643,5185.079,5616.000,5200.000,0.000,72.000,21.000,35.000,2,1789720112.705,100,0
2213.398,97.965,99.789,71.562,84.000,78.000,95.000,85.000,85.000,77.000,89.000,74.000,71.000,98.266,78.000,98.266,66.812,72.000,73.863,30.996,39.129,41.035,40.531,47.332,23.015,81.998,5606.953,5207.053,5616.000,5200.000,0.000,72.000,18.000,20.000,2,1789720113.708,100,0
2214.397,97.977,99.801,71.562,93.000,78.000,85.000,86.000,77.000,87.000,72.000,74.000,70.000,98.297,77.000,98.297,66.750,72.000,73.855,30.996,39.176,41.070,40.578,46.620,23.003,81.252,5650.161,5205.923,5616.000,5200.000,0.000,72.000,17.000,14.000,2,1789720114.711,100,0
2215.396,97.957,99.781,71.625,92.000,93.000,90.000,87.000,78.000,79.000,74.000,85.000,70.000,97.297,82.000,97.297,66.812,72.000,73.852,30.996,39.223,41.109,40.621,49.333,22.369,81.720,5628.606,5205.095,5616.000,5200.000,0.000,72.000,19.000,22.000,2,1789720115.707,100,0
2216.397,97.980,99.805,71.750,100.000,78.000,89.000,83.000,86.000,78.000,74.000,73.000,70.000,100.000,77.000,98.719,66.750,72.000,73.844,30.996,39.270,41.145,40.664,49.340,22.501,83.762,5605.032,5205.396,5616.000,5200.000,0.000,73.000,18.000,15.000,2,1789720116.709,100,0
2217.399,97.918,99.742,71.750,100.000,80.000,83.000,88.000,82.000,79.000,76.000,76.000,70.000,100.000,79.000,95.984,66.625,72.000,73.836,30.996,39.316,41.180,40.707,50.040,22.715,84.530,5628.166,5205.396,5616.000,5200.000,0.000,73.000,18.000,14.000,2,1789720117.711,100,0
2218.401,97.938,99.762,71.875,100.000,80.000,92.000,88.000,79.000,82.000,76.000,75.000,72.000,100.000,79.000,98.516,66.812,72.000,73.832,30.996,39.363,41.215,40.750,50.668,22.898,84.440,5605.905,5207.053,5616.000,5200.000,0.000,73.000,18.000,18.000,2,1789720118.712,100,0
2219.403,97.922,99.746,71.750,100.000,88.000,86.000,87.000,78.000,80.000,72.000,74.000,70.000,100.000,80.000,97.469,66.688,72.000,73.824,30.996,39.410,41.246,40.789,47.333,22.778,81.442,5627.198,5205.170,5616.000,5200.000,0.000,73.000,19.000,21.000,2,1789720119.728,100,0
2220.405,97.906,99.730,71.875,100.000,86.000,85.000,85.000,78.000,79.000,73.000,83.000,71.000,100.000,79.000,97.453,66.812,72.000,73.820,30.996,39.453,41.281,40.832,47.950,22.419,81.844,5605.207,5205.321,5616.000,5200.000,0.000,72.000,16.000,16.000,2,1789720120.728,100,0
2221.408,97.926,99.750,71.750,100.000,81.000,84.000,89.000,76.000,79.000,72.000,74.000,70.000,100.000,79.000,98.562,66.812,72.000,73.730,30.996,39.500,41.312,40.871,45.704,22.138,79.038,5605.992,5205.923,5616.000,5200.000,0.000,72.000,17.000,16.000,2,1789720121.719,100,0
2222.411,97.906,99.730,71.812,100.000,79.000,92.000,84.000,83.000,78.000,75.000,75.000,71.000,100.000,78.000,97.203,66.875,72.000,73.727,30.996,39.547,41.344,40.906,46.818,22.210,80.513,5605.905,5203.967,5616.000,5200.000,0.000,72.000,17.000,16.000,2,1789720122.728,100,0
2223.413,97.898,99.668,71.688,100.000,86.000,89.000,87.000,78.000,79.000,72.000,74.000,70.000,100.000,79.000,97.750,66.750,71.000,73.688,30.996,39.590,41.375,40.945,45.962,21.873,78.897,5628.254,5205.246,5616.000,5200.000,0.000,72.000,18.000,15.000,2,1789720123.728,100,0
2224.414,97.891,99.660,71.688,86.000,79.000,89.000,97.000,87.000,81.000,75.000,75.000,70.000,97.578,78.000,97.578,66.750,72.000,73.684,30.996,39.633,41.406,40.984,47.161,22.465,80.869,5605.730,5169.369,5616.000,5200.000,0.000,73.000,17.000,16.000,2,1789720124.726,100,0
2225.414,97.898,99.668,71.688,86.000,80.000,100.000,86.000,79.000,80.000,72.000,73.000,70.000,100.000,78.000,98.172,66.812,72.000,73.680,30.996,39.680,41.434,41.016,47.015,22.543,80.817,5650.427,5205.472,5616.000,5200.000,0.000,72.000,17.000,15.000,2,1789720125.726,100,0
2226.416,97.934,99.703,71.625,91.000,84.000,86.000,96.000,78.000,79.000,72.000,73.000,70.000,98.984,77.000,98.984,66.688,72.000,73.676,30.996,39.723,41.465,41.055,45.528,22.501,79.891,5583.646,5203.741,5616.000,5200.000,0.000,72.000,18.000,16.000,2,1789720126.727,100,0
2227.419,97.895,99.664,71.625,83.000,82.000,86.000,88.000,86.000,84.000,74.000,77.000,70.000,96.688,79.000,96.688,66.688,72.000,73.672,30.996,39.762,41.496,41.090,46.808,22.697,80.774,5606.604,5205.170,5616.000,5200.000,0.000,72.000,18.000,15.000,2,1789720127.729,100,0
2228.421,97.895,99.664,71.625,94.000,88.000,95.000,85.000,80.000,79.000,73.000,74.000,70.000,97.938,80.000,97.938,66.812,72.000,73.668,30.996,39.809,41.523,41.125,47.809,23.135,82.519,5606.604,5205.321,5616.000,5200.000,0.000,72.000,19.000,31.000,2,1789720128.730,100,0
2229.423,97.883,99.652,71.688,93.000,96.000,84.000,87.000,77.000,77.000,79.000,74.000,70.000,97.500,81.000,97.500,66.750,72.000,73.664,30.996,39.852,41.551,41.156,47.632,23.040,82.522,5605.992,5205.773,5616.000,5200.000,0.000,72.000,17.000,19.000,2,1789720129.733,100,0
2230.424,97.883,99.652,71.562,96.000,80.000,85.000,87.000,77.000,78.000,82.000,75.000,70.000,97.875,79.000,97.875,66.688,72.000,73.664,30.996,39.895,41.578,41.195,47.072,22.805,81.293,5626.407,5204.042,5616.000,5200.000,0.000,72.000,18.000,17.000,2,1789720130.736,100,0
2231.423,97.859,99.629,71.500,89.000,83.000,81.000,93.000,78.000,79.000,81.000,74.000,70.000,97.156,79.000,97.156,66.750,72.000,73.582,30.996,39.938,41.609,41.227,47.081,23.073,81.416,5605.905,5168.552,5616.000,5200.000,0.000,72.000,17.000,18.000,2,1789720131.750,100,0
2232.423,97.895,99.664,71.625,94.000,81.000,90.000,86.000,78.000,76.000,71.000,72.000,69.000,98.938,79.000,98.938,66.750,72.000,73.578,30.996,39.977,41.633,41.262,46.463,23.008,80.917,5605.992,5187.769,5616.000,5200.000,0.000,72.000,17.000,21.000,2,1789720132.735,100,0
2233.423,97.844,99.578,71.562,90.000,80.000,84.000,85.000,83.000,78.000,92.000,76.000,72.000,96.312,79.000,96.312,66.688,72.000,73.574,30.996,40.020,41.660,41.293,48.170,22.748,81.778,5605.207,5204.568,5616.000,5200.000,0.000,72.000,19.000,16.000,2,1789720133.734,100,0
2234.424,97.836,99.570,71.500,100.000,78.000,99.000,84.000,77.000,79.000,74.000,74.000,70.000,100.000,78.000,97.578,66.750,72.000,73.570,30.996,40.062,41.688,41.324,46.264,22.532,80.583,5604.857,5205.246,5616.000,5200.000,0.000,72.000,20.000,29.000,2,1789720134.735,100,0
2235.426,97.812,99.547,71.562,93.000,78.000,89.000,92.000,91.000,79.000,76.000,75.000,71.000,97.062,78.000,97.062,66.750,72.000,73.566,30.996,40.102,41.715,41.359,48.025,22.792,82.096,5604.508,5204.493,5616.000,5200.000,0.000,72.000,18.000,20.000,2,1789720135.737,100,0
2236.426,97.816,99.551,71.562,83.000,80.000,80.000,85.000,76.000,82.000,72.000,100.000,70.000,100.000,78.000,98.016,66.688,72.000,73.566,30.996,40.145,41.738,41.387,46.562,21.593,79.543,5583.819,5205.923,5616.000,5200.000,0.000,72.000,18.000,21.000,2,1789720136.737,100,0
2237.430,97.781,99.516,71.500,84.000,85.000,96.000,84.000,96.000,77.000,76.000,75.000,71.000,96.656,79.000,96.656,66.812,72.000,73.562,30.996,40.184,41.766,41.422,46.539,22.008,79.244,5627.814,5205.697,5616.000,5200.000,0.000,73.000,19.000,25.000,2,1789720137.739,100,0
2238.430,97.750,99.484,71.500,97.000,80.000,96.000,87.000,79.000,77.000,74.000,79.000,70.000,97.000,79.000,96.828,66.688,72.000,73.559,30.996,40.223,41.793,41.449,46.855,22.167,80.258,5583.819,5205.246,5616.000,5200.000,0.000,72.000,20.000,27.000,2,1789720138.742,100,0
2239.432,97.758,99.492,71.500,94.000,95.000,88.000,83.000,82.000,77.000,74.000,75.000,70.000,97.906,80.000,97.906,66.750,72.000,73.559,30.996,40.262,41.812,41.477,46.266,22.144,79.600,5627.110,5168.404,5616.000,5200.000,0.000,72.000,20.000,38.000,2,1789720139.744,100,0
2240.436,97.719,99.453,71.375,85.000,80.000,82.000,95.000,77.000,99.000,73.000,74.000,70.000,99.000,80.000,96.609,66.688,72.000,73.555,30.996,40.305,41.840,41.508,47.687,22.800,82.095,5627.286,5204.192,5616.000,5200.000,0.000,73.000,18.000,16.000,2,1789720140.748,100,0
2241.436,97.703,99.438,71.312,100.000,78.000,84.000,94.000,79.000,80.000,73.000,74.000,70.000,100.000,78.000,97.109,66.625,72.000,73.477,30.996,40.344,41.863,41.539,46.283,22.956,80.741,5628.342,5241.014,5616.000,5200.000,0.000,72.000,18.000,16.000,2,1789720141.748,100,0
2242.440,97.691,99.426,71.562,83.000,80.000,85.000,85.000,91.000,98.000,73.000,75.000,70.000,98.000,79.000,97.406,66.688,72.000,73.477,30.996,40.383,41.887,41.566,47.097,23.177,81.463,5626.670,5204.117,5616.000,5200.000,0.000,72.000,20.000,28.000,2,1789720142.751,100,0
2243.440,97.695,99.352,71.625,90.000,89.000,98.000,86.000,79.000,82.000,73.000,76.000,70.000,98.000,80.000,97.750,66.688,72.000,73.473,30.996,40.422,41.910,41.594,48.276,23.666,83.318,5582.780,5185.526,5616.000,5200.000,0.000,73.000,20.000,34.000,2,1789720143.751,100,0
2244.442,97.723,99.379,71.500,85.000,77.000,86.000,86.000,100.000,78.000,76.000,74.000,70.000,100.000,77.000,98.609,66.875,72.000,73.473,30.996,40.461,41.934,41.621,48.577,23.818,84.001,5625.527,5204.945,5616.000,5200.000,0.000,72.000,20.000,29.000,2,1789720144.753,100,0
2245.442,97.680,99.336,71.500,85.000,82.000,86.000,83.000,100.000,78.000,81.000,76.000,72.000,100.000,78.000,96.312,66.875,72.000,73.469,30.996,40.496,41.957,41.652,47.397,23.847,82.342,5627.374,5204.268,5616.000,5200.000,0.000,73.000,19.000,20.000,2,1789720145.752,100,0
2246.443,97.668,99.324,71.500,84.000,78.000,96.000,84.000,81.000,79.000,100.000,76.000,73.000,100.000,78.000,97.375,67.000,72.000,73.469,30.996,40.535,41.980,41.676,46.411,22.818,80.761,5604.857,5205.697,5616.000,5200.000,0.000,72.000,22.000,48.000,2,1789720146.754,100,0
2247.448,97.641,99.297,71.438,83.000,78.000,84.000,86.000,100.000,90.000,76.000,76.000,71.000,100.000,78.000,96.781,67.000,72.000,73.465,30.996,40.574,42.008,41.703,49.160,23.761,84.332,5626.758,5204.568,5616.000,5200.000,0.000,73.000,21.000,35.000,2,1789720147.758,100,0
2248.453,97.641,99.297,71.562,93.000,80.000,85.000,88.000,93.000,80.000,74.000,76.000,70.000,97.625,79.000,97.625,67.000,72.000,73.465,30.996,40.613,42.031,41.730,47.266,23.838,82.641,5582.954,5204.869,5616.000,5200.000,0.000,73.000,19.000,29.000,2,1789720148.764,100,0
2249.455,97.656,99.312,71.688,100.000,80.000,85.000,85.000,86.000,79.000,80.000,75.000,72.000,100.000,79.000,98.141,67.062,72.000,73.461,30.996,40.652,42.051,41.758,47.327,23.668,82.428,5606.080,5206.525,5616.000,5200.000,0.000,73.000,19.000,26.000,2,1789720149.767,100,0
2250.460,97.680,99.336,71.625,81.000,78.000,99.000,85.000,89.000,78.000,73.000,73.000,70.000,99.000,78.000,98.359,67.125,72.000,73.461,30.996,40.691,42.078,41.781,46.955,22.867,81.077,5626.230,5167.514,5616.000,5200.000,0.000,72.000,18.000,18.000,2,1789720150.772,100,0
2251.464,97.723,99.379,71.500,95.000,81.000,100.000,84.000,77.000,77.000,75.000,76.000,70.000,100.000,79.000,99.062,67.000,72.000,73.387,30.996,40.730,42.102,41.812,46.190,22.857,80.531,5605.294,5204.117,5616.000,5200.000,0.000,73.000,19.000,28.000,2,1789720151.774,100,0
2252.468,97.723,99.379,71.500,93.000,77.000,83.000,85.000,78.000,100.000,74.000,76.000,70.000,100.000,78.000,97.703,67.000,72.000,73.387,30.996,40.770,42.129,41.836,47.180,22.770,81.266,5649.718,5204.794,5616.000,5200.000,0.000,72.000,17.000,19.000,2,1789720152.780,100,0
2253.472,97.723,99.363,71.625,84.000,91.000,86.000,91.000,77.000,79.000,80.000,74.000,71.000,97.828,80.000,97.828,66.938,72.000,73.383,30.996,40.809,42.152,41.859,45.933,21.407,78.583,5626.758,5204.268,5616.000,5200.000,0.000,73.000,17.000,21.000,2,1789720153.782,100,0
2254.475,97.703,99.344,71.625,84.000,96.000,92.000,85.000,82.000,85.000,74.000,75.000,71.000,97.062,81.000,97.062,66.938,72.000,73.383,30.996,40.844,42.168,41.883,46.630,21.703,79.336,5626.495,5204.418,5616.000,5200.000,0.000,72.000,19.000,29.000,2,1789720154.786,100,0
2255.477,97.699,99.340,71.562,82.000,80.000,100.000,84.000,90.000,78.000,74.000,74.000,70.000,100.000,79.000,97.531,66.938,72.000,73.379,30.996,40.883,42.195,41.910,46.566,21.725,79.679,5648.388,5204.945,5616.000,5200.000,0.000,72.000,18.000,19.000,2,1789720155.789,100,0
2256.482,97.703,99.344,71.625,85.000,80.000,89.000,84.000,100.000,79.000,75.000,76.000,71.000,100.000,78.000,97.844,67.000,72.000,73.379,30.996,40.918,42.219,41.938,46.639,21.945,80.182,5648.299,5204.794,5616.000,5200.000,0.000,72.000,18.000,20.000,2,1789720156.793,100,0
2257.486,97.711,99.352,71.438,82.000,77.000,89.000,86.000,97.000,77.000,76.000,74.000,71.000,97.953,78.000,97.953,66.938,72.000,73.379,30.996,40.957,42.242,41.961,46.632,22.078,79.632,5604.421,5204.945,5616.000,5200.000,0.000,72.000,18.000,23.000,2,1789720157.798,100,0
2258.491,97.762,99.402,71.625,84.000,78.000,100.000,86.000,87.000,78.000,76.000,74.000,70.000,100.000,78.000,99.281,66.938,72.000,73.375,30.996,40.992,42.262,41.984,47.016,23.018,80.879,5625.879,5169.814,5616.000,5200.000,0.000,72.000,21.000,22.000,2,1789720158.802,100,0
2259.492,97.773,99.414,71.500,93.000,80.000,88.000,100.000,78.000,80.000,74.000,74.000,71.000,100.000,79.000,98.203,66.938,72.000,73.375,30.996,41.027,42.289,42.008,47.268,23.198,82.009,5606.429,5203.666,5616.000,5200.000,0.000,72.000,20.000,18.000,2,1789720159.802,100,0
2260.496,97.762,99.402,71.562,88.000,87.000,84.000,85.000,79.000,81.000,76.000,89.000,71.000,97.375,80.000,97.375,67.062,72.000,73.375,30.996,41.066,42.312,42.031,47.251,23.469,81.967,5583.213,5204.493,5616.000,5200.000,0.000,72.000,18.000,13.000,2,1789720160.807,100,0
2261.496,97.773,99.414,71.562,81.000,93.000,97.000,83.000,84.000,77.000,77.000,76.000,71.000,98.125,81.000,98.125,67.000,72.000,73.305,30.996,41.102,42.328,42.051,47.145,23.341,82.002,5583.560,5204.644,5616.000,5200.000,0.000,73.000,18.000,14.000,2,1789720161.807,100,0
2262.496,97.742,99.383,71.375,94.000,79.000,94.000,84.000,78.000,77.000,87.000,74.000,71.000,96.859,79.000,96.859,67.000,72.000,73.305,30.996,41.141,42.352,42.070,46.927,22.856,80.692,5627.990,5203.967,5616.000,5200.000,0.000,73.000,18.000,15.000,2,1789720162.807,100,0
2263.497,97.750,99.383,71.625,89.000,78.000,88.000,100.000,80.000,81.000,74.000,76.000,71.000,100.000,78.000,97.969,67.062,72.000,73.305,30.996,41.176,42.375,42.094,47.113,22.644,81.232,5627.462,5204.418,5616.000,5200.000,0.000,72.000,18.000,11.000,2,1789720163.807,100,0
2264.498,97.762,99.395,71.562,81.000,85.000,82.000,83.000,79.000,77.000,74.000,99.000,71.000,99.000,78.000,98.109,66.938,72.000,73.301,30.996,41.207,42.395,42.117,44.388,21.940,77.703,5605.469,5204.268,5616.000,5200.000,0.000,72.000,16.000,8.000,2,1789720164.826,100,0
2265.502,97.750,99.383,71.500,80.000,77.000,86.000,83.000,87.000,98.000,79.000,76.000,72.000,98.000,77.000,97.328,66.938,72.000,73.301,30.996,41.246,42.418,42.137,45.045,20.784,77.299,5626.143,5203.892,5616.000,5200.000,0.000,72.000,17.000,8.000,2,1789720165.827,100,0
2266.504,97.746,99.379,71.625,89.000,85.000,79.000,87.000,77.000,92.000,76.000,77.000,71.000,97.625,78.000,97.625,66.875,72.000,73.301,30.996,41.281,42.438,42.156,45.509,21.152,77.480,5626.407,5205.246,5616.000,5200.000,0.000,72.000,18.000,13.000,2,1789720166.816,100,0
2267.509,97.762,99.395,71.625,92.000,79.000,92.000,90.000,77.000,79.000,77.000,74.000,70.000,98.297,78.000,98.297,66.938,72.000,73.297,30.996,41.312,42.453,42.180,46.600,21.988,80.624,5626.230,5204.268,5616.000,5200.000,0.000,73.000,17.000,17.000,2,1789720167.821,100,0
2268.513,97.773,99.406,71.438,85.000,80.000,85.000,91.000,78.000,96.000,74.000,74.000,71.000,98.188,79.000,98.188,66.875,72.000,73.297,30.996,41.348,42.477,42.195,47.043,22.276,80.427,5627.110,5206.375,5616.000,5200.000,0.000,72.000,17.000,11.000,2,1789720168.823,100,0
2269.516,97.766,99.398,71.500,80.000,76.000,83.000,93.000,79.000,79.000,99.000,76.000,73.000,99.000,77.000,97.422,67.000,72.000,73.297,30.996,41.379,42.492,42.219,45.310,21.089,77.642,5626.583,5205.697,5616.000,5200.000,0.000,72.000,17.000,16.000,2,1789720169.828,100,0
2270.517,97.754,99.387,71.500,84.000,80.000,99.000,82.000,79.000,88.000,74.000,74.000,71.000,99.000,79.000,97.484,66.875,72.000,73.297,30.996,41.414,42.516,42.238,45.765,21.396,77.821,5626.055,5204.117,5616.000,5200.000,0.000,72.000,18.000,16.000,2,1789720170.831,100,0
2271.522,97.711,99.344,71.438,90.000,78.000,100.000,85.000,82.000,79.000,72.000,74.000,70.000,100.000,79.000,96.328,66.812,72.000,73.230,30.996,41.449,42.535,42.258,46.046,21.694,79.183,5648.388,5204.418,5616.000,5200.000,0.000,72.000,18.000,20.000,2,1789720171.833,100,0
2272.525,97.723,99.355,71.438,87.000,87.000,83.000,90.000,91.000,79.000,76.000,75.000,70.000,98.062,80.000,98.062,66.875,72.000,73.230,30.996,41.484,42.559,42.277,47.476,22.218,80.695,5626.846,5204.493,5616.000,5200.000,0.000,72.000,16.000,19.000,2,1789720172.850,100,0
2273.526,97.715,99.293,71.562,84.000,78.000,87.000,82.000,77.000,99.000,85.000,76.000,71.000,99.000,77.000,97.484,66.875,72.000,73.230,30.996,41.520,42.578,42.297,47.074,20.928,78.724,5583.299,5205.095,5616.000,5200.000,0.000,72.000,19.000,21.000,2,1789720173.837,100,0
2274.527,97.754,99.332,71.625,84.000,86.000,100.000,82.000,77.000,79.000,73.000,74.000,70.000,100.000,78.000,98.953,66.812,72.000,73.230,30.996,41.551,42.598,42.316,44.375,20.962,76.401,5605.643,5205.773,5616.000,5200.000,0.000,72.000,16.000,9.000,2,1789720174.837,100,0
2275.532,97.738,99.316,71.500,91.000,97.000,80.000,86.000,78.000,78.000,73.000,74.000,70.000,97.266,81.000,97.266,66.750,72.000,73.230,30.996,41.586,42.617,42.332,44.993,21.373,78.183,5604.683,5206.224,5616.000,5200.000,0.000,72.000,17.000,18.000,2,1789720175.842,100,0
2276.537,97.727,99.305,71.438,97.000,76.000,92.000,81.000,82.000,77.000,76.000,84.000,71.000,97.312,77.000,97.312,66.812,72.000,73.227,30.996,41.617,42.637,42.352,47.272,21.273,79.486,5624.912,5169.517,5616.000,5200.000,0.000,72.000,15.000,8.000,2,1789720176.853,100,0
2277.541,97.734,99.312,71.375,82.000,78.000,90.000,84.000,97.000,87.000,74.000,74.000,71.000,98.094,78.000,98.094,66.688,71.000,73.195,31.996,41.652,42.660,42.379,46.259,20.794,77.914,5625.352,5206.450,5616.000,5200.000,0.000,72.000,19.000,31.000,2,1789720177.852,100,0
2278.545,97.719,99.297,71.562,80.000,79.000,80.000,87.000,100.000,77.000,78.000,75.000,71.000,100.000,78.000,97.141,66.750,72.000,73.195,31.996,41.684,42.680,42.402,45.876,21.327,78.013,5647.768,5169.072,5616.000,5200.000,0.000,72.000,18.000,47.000,2,1789720178.856,100,0
2279.548,97.746,99.324,71.562,81.000,87.000,79.000,100.000,76.000,77.000,73.000,72.000,70.000,100.000,79.000,98.609,66.750,72.000,73.195,31.996,41.715,42.699,42.430,44.374,21.270,76.476,5647.502,5204.192,5616.000,5200.000,0.000,72.000,17.000,8.000,2,1789720179.859,100,0
2280.553,97.723,99.301,71.375,92.000,79.000,87.000,84.000,84.000,77.000,76.000,86.000,70.000,97.062,79.000,97.062,66.812,72.000,73.195,31.996,41.746,42.715,42.449,45.248,21.520,78.337,5604.160,5206.224,5616.000,5200.000,0.000,72.000,17.000,16.000,2,1789720180.874,100,0
2281.555,97.715,99.293,71.375,92.000,80.000,92.000,85.000,81.000,78.000,88.000,76.000,71.000,97.438,80.000,97.438,66.750,72.000,73.137,31.996,41.777,42.730,42.473,47.428,23.049,81.402,5626.230,5204.568,5616.000,5200.000,0.000,72.000,18.000,41.000,2,1789720181.875,100,0
2282.559,97.676,99.254,71.438,91.000,85.000,92.000,91.000,80.000,77.000,74.000,76.000,70.000,96.516,80.000,96.516,66.938,72.000,73.137,31.996,41.809,42.750,42.496,45.434,22.819,78.898,5604.771,5203.892,5616.000,5200.000,0.000,72.000,19.000,26.000,2,1789720182.871,100,0
2283.560,97.684,99.242,71.562,94.000,88.000,93.000,84.000,80.000,78.000,75.000,74.000,71.000,97.906,79.000,97.906,66.875,72.000,73.141,31.996,41.844,42.770,42.520,47.174,22.462,80.734,5647.236,5203.741,5616.000,5200.000,0.000,72.000,17.000,17.000,2,1789720183.894,100,0
2284.561,97.656,99.215,71.438,85.000,89.000,99.000,86.000,87.000,80.000,74.000,74.000,70.000,99.000,82.000,96.719,67.000,72.000,73.141,31.996,41.871,42.785,42.539,44.957,22.198,78.310,5603.811,5203.365,5616.000,5200.000,0.000,72.000,19.000,22.000,2,1789720184.872,100,0
2285.565,97.672,99.230,71.500,86.000,79.000,90.000,86.000,100.000,85.000,76.000,75.000,70.000,100.000,79.000,98.219,66.938,72.000,73.141,31.996,41.902,42.801,42.562,48.587,23.004,83.047,5626.758,5206.601,5616.000,5200.000,0.000,72.000,17.000,21.000,2,1789720185.876,100,0
2286.566,97.695,99.254,71.562,91.000,78.000,100.000,84.000,79.000,77.000,77.000,73.000,69.000,100.000,78.000,98.422,67.000,72.000,73.141,31.996,41.934,42.820,42.586,47.125,22.891,81.517,5626.407,5204.117,5616.000,5200.000,0.000,73.000,18.000,18.000,2,1789720186.878,100,0
2287.570,97.707,99.266,71.500,84.000,84.000,98.000,92.000,79.000,79.000,74.000,74.000,70.000,98.094,79.000,98.094,66.938,72.000,73.141,31.996,41.961,42.836,42.605,47.484,22.608,80.656,5648.299,5206.299,5616.000,5200.000,0.000,72.000,17.000,20.000,2,1789720187.881,100,0
2288.572,97.746,99.305,71.688,97.000,80.000,84.000,100.000,78.000,78.000,72.000,74.000,70.000,100.000,80.000,98.891,67.000,72.000,73.141,31.996,41.992,42.852,42.625,46.788,22.632,80.585,5625.879,5205.923,5616.000,5200.000,0.000,72.000,17.000,13.000,2,1789720188.882,100,0
2289.574,97.770,99.328,71.562,83.000,78.000,92.000,99.000,80.000,77.000,82.000,76.000,73.000,99.000,78.000,98.578,67.125,73.000,73.172,31.996,42.023,42.867,42.648,46.073,22.354,79.216,5625.352,5204.794,5616.000,5200.000,0.000,72.000,18.000,13.000,2,1789720189.899,100,0
2290.577,97.762,99.320,71.625,100.000,79.000,88.000,84.000,91.000,79.000,74.000,74.000,70.000,100.000,79.000,97.516,67.062,72.000,73.172,31.996,42.051,42.887,42.668,47.004,22.182,80.321,5646.793,5205.923,5616.000,5200.000,0.000,72.000,18.000,20.000,2,1789720190.887,100,0
2291.579,97.719,99.277,71.625,87.000,85.000,85.000,86.000,78.000,94.000,74.000,76.000,71.000,96.344,79.000,96.344,66.875,72.000,73.160,31.996,42.082,42.902,42.688,46.303,21.752,78.963,5603.897,5169.220,5616.000,5200.000,0.000,72.000,20.000,32.000,2,1789720191.892,100,0
2292.582,97.699,99.258,71.625,84.000,99.000,87.000,86.000,82.000,88.000,75.000,76.000,71.000,99.000,82.000,97.031,67.062,72.000,73.160,31.996,42.109,42.918,42.707,48.139,23.141,82.421,5646.085,5206.450,5616.000,5200.000,0.000,73.000,19.000,24.000,2,1789720192.893,100,0
2293.586,97.703,99.242,71.750,83.000,77.000,100.000,83.000,79.000,79.000,85.000,78.000,72.000,100.000,78.000,97.891,67.062,72.000,73.160,31.996,42.141,42.934,42.727,47.054,23.155,81.869,5602.415,5133.178,5616.000,5200.000,0.000,73.000,21.000,34.000,2,1789720193.898,100,0
2294.587,97.695,99.234,71.625,84.000,87.000,100.000,86.000,84.000,79.000,74.000,74.000,71.000,100.000,80.000,97.469,67.062,73.000,73.191,31.996,42.168,42.949,42.746,46.873,23.063,80.543,5624.473,5205.773,5616.000,5200.000,0.000,73.000,20.000,29.000,2,1789720194.900,100,0
2295.588,97.680,99.219,71.688,93.000,92.000,89.000,88.000,78.000,79.000,74.000,74.000,71.000,97.203,80.000,97.203,67.188,72.000,73.188,31.996,42.195,42.965,42.766,46.529,22.952,80.409,5625.088,5206.525,5616.000,5200.000,0.000,73.000,20.000,42.000,2,1789720195.905,100,0
2296.588,97.703,99.242,71.688,94.000,80.000,88.000,93.000,83.000,78.000,74.000,74.000,71.000,98.453,80.000,98.453,67.125,72.000,73.188,31.996,42.227,42.980,42.785,46.129,22.750,80.647,5581.482,5204.493,5616.000,5200.000,0.000,73.000,17.000,12.000,2,1789720196.899,100,0
2297.590,97.707,99.246,71.750,92.000,81.000,89.000,89.000,81.000,82.000,73.000,75.000,70.000,97.766,78.000,97.766,67.188,72.000,73.184,31.996,42.254,42.992,42.805,46.831,22.845,80.153,5603.897,5204.869,5616.000,5200.000,0.000,73.000,19.000,22.000,2,1789720197.901,100,0
2298.590,97.723,99.262,71.688,81.000,95.000,91.000,85.000,90.000,79.000,76.000,74.000,71.000,98.172,80.000,98.172,67.062,73.000,73.215,31.996,42.281,43.008,42.820,45.906,22.757,79.707,5581.741,5169.443,5616.000,5200.000,0.000,72.000,18.000,19.000,2,1789720198.901,100,0
2299.591,97.770,99.309,71.688,100.000,78.000,91.000,84.000,87.000,79.000,74.000,74.000,70.000,100.000,78.000,99.234,67.188,72.000,73.211,31.996,42.309,43.023,42.840,45.519,21.327,78.346,5624.561,5204.343,5616.000,5200.000,0.000,73.000,18.000,21.000,2,1789720199.901,100,0
2300.595,97.781,99.320,71.688,87.000,78.000,90.000,89.000,79.000,87.000,77.000,77.000,71.000,98.188,78.000,98.188,67.188,72.000,73.211,31.996,42.340,43.039,42.859,45.533,22.022,78.618,5581.309,5203.064,5616.000,5200.000,0.000,72.000,18.000,17.000,2,1789720200.905,100,0
2301.595,97.762,99.301,71.688,84.000,85.000,98.000,86.000,84.000,79.000,76.000,76.000,71.000,98.000,80.000,97.094,67.062,72.000,73.195,31.996,42.367,43.051,42.879,45.893,22.166,78.699,5647.059,5202.538,5616.000,5200.000,0.000,73.000,18.000,16.000,2,1789720201.907,100,0
2302.600,97.758,99.297,71.688,100.000,80.000,96.000,85.000,80.000,79.000,80.000,76.000,72.000,100.000,80.000,97.719,67.125,72.000,73.195,31.996,42.391,43.066,42.895,47.658,22.226,81.225,5646.970,5206.375,5616.000,5200.000,0.000,72.000,19.000,25.000,2,1789720202.912,100,0
2303.602,97.562,99.102,71.750,79.000,78.000,82.000,80.000,79.000,74.000,72.000,71.000,69.000,91.500,75.000,91.500,67.125,72.000,73.191,31.996,42.418,43.078,42.910,42.725,22.686,78.129,5624.824,5167.811,5616.000,5200.000,0.000,73.000,19.000,21.000,2,1789720203.912,98,0
2304.603,97.367,98.906,71.438,87.000,79.000,100.000,86.000,77.000,77.000,72.000,73.000,70.000,100.000,78.000,91.297,67.250,72.000,73.191,31.996,42.449,43.094,42.930,34.889,23.017,67.124,5625.000,5204.117,5616.000,5200.000,0.000,73.000,18.000,23.000,2,1789720204.915,100,0
2305.608,97.383,98.922,71.438,100.000,79.000,83.000,96.000,78.000,79.000,72.000,74.000,70.000,100.000,79.000,97.859,67.188,72.000,73.188,31.996,42.473,43.105,42.945,47.753,23.533,82.164,5624.736,5205.472,5616.000,5200.000,0.000,72.000,21.000,50.000,2,1789720205.918,100,0
2306.613,97.434,98.973,71.438,100.000,80.000,87.000,95.000,77.000,78.000,72.000,73.000,70.000,100.000,79.000,99.016,67.125,72.000,73.188,31.996,42.500,43.121,42.969,45.567,23.451,80.004,5625.264,5205.321,5616.000,5200.000,0.000,72.000,21.000,33.000,2,1789720206.925,100,0
2307.615,97.469,99.008,71.688,100.000,78.000,91.000,88.000,79.000,79.000,73.000,75.000,70.000,100.000,78.000,98.547,67.188,72.000,73.184,31.996,42.527,43.137,42.984,47.268,23.569,82.045,5602.241,5204.869,5616.000,5200.000,0.000,72.000,18.000,21.000,2,1789720207.926,100,0
2308.617,97.480,99.027,71.562,83.000,77.000,100.000,83.000,91.000,81.000,76.000,75.000,71.000,100.000,77.000,97.906,67.188,72.000,73.184,31.996,42.555,43.148,42.996,47.820,23.243,82.363,5602.154,5202.838,5616.000,5200.000,0.000,72.000,17.000,29.000,2,1789720208.929,100,0
2309.619,97.477,99.023,71.750,88.000,90.000,96.000,86.000,82.000,78.000,74.000,74.000,70.000,97.406,81.000,97.406,67.188,73.000,73.211,31.996,42.578,43.160,43.016,45.938,23.433,80.364,5602.066,5204.418,5616.000,5200.000,0.000,73.000,18.000,28.000,2,1789720209.930,100,0
2310.619,97.484,99.031,71.750,82.000,78.000,87.000,98.000,100.000,80.000,77.000,75.000,71.000,100.000,79.000,97.703,67.312,72.000,73.207,31.996,42.605,43.172,43.031,47.568,23.896,82.048,5580.963,5204.117,5616.000,5200.000,0.000,72.000,19.000,26.000,2,1789720210.929,98,0
2311.621,97.133,98.680,71.562,84.000,73.000,78.000,78.000,76.000,85.000,71.000,71.000,69.000,86.219,74.000,86.219,67.312,72.000,73.199,31.996,42.633,43.188,43.047,34.774,23.089,69.511,5646.262,5205.020,5616.000,5200.000,0.000,73.000,19.000,25.000,2,1789720211.932,100,0
2312.625,97.137,98.684,71.375,88.000,86.000,85.000,87.000,77.000,79.000,72.000,93.000,70.000,97.328,80.000,97.328,67.188,72.000,73.195,31.996,42.656,43.203,43.066,43.618,23.281,77.156,5624.033,5203.892,5616.000,5200.000,0.000,72.000,20.000,35.000,2,1789720212.937,100,0
2313.628,97.148,98.695,71.375,83.000,78.000,82.000,100.000,77.000,81.000,84.000,84.000,71.000,100.000,79.000,97.453,67.250,72.000,73.195,31.996,42.684,43.211,43.082,48.837,23.210,82.995,5625.176,5203.365,5616.000,5200.000,0.000,73.000,18.000,18.000,2,1789720213.939,100,0
2314.629,97.180,98.727,71.500,81.000,84.000,90.000,100.000,77.000,79.000,72.000,74.000,70.000,100.000,78.000,98.141,67.125,73.000,73.223,31.996,42.707,43.223,43.094,45.105,21.672,77.716,5624.648,5203.590,5616.000,5200.000,0.000,72.000,17.000,19.000,2,1789720214.941,100,0
2315.634,97.160,98.707,71.500,91.000,80.000,83.000,89.000,77.000,81.000,74.000,97.000,71.000,97.000,79.000,96.609,67.062,72.000,73.219,31.996,42.730,43.234,43.109,47.004,22.079,80.367,5624.648,5204.644,5616.000,5200.000,0.000,73.000,18.000,22.000,2,1789720215.946,100,0
2316.638,97.152,98.699,71.562,89.000,82.000,90.000,89.000,90.000,88.000,91.000,91.000,71.000,96.906,80.000,96.906,67.125,72.000,73.215,31.996,42.758,43.246,43.125,48.113,22.187,81.792,5625.439,5205.170,5616.000,5200.000,0.000,72.000,19.000,28.000,2,1789720216.948,98,0
2317.638,96.879,98.426,71.625,85.000,80.000,79.000,84.000,76.000,75.000,73.000,71.000,70.000,88.375,75.000,88.375,67.125,72.000,73.211,31.996,42.781,43.258,43.137,44.319,22.026,80.380,5623.770,5205.622,5616.000,5200.000,0.000,72.000,18.000,22.000,2,1789720217.949,98,0
2318.639,96.691,98.238,71.375,91.000,80.000,84.000,91.000,88.000,77.000,72.000,72.000,70.000,91.000,80.000,90.938,67.062,72.000,73.211,31.996,42.809,43.270,43.156,35.080,22.164,69.438,5624.385,5167.884,5616.000,5200.000,0.000,73.000,19.000,23.000,2,1789720218.950,100,0
2319.640,96.719,98.266,71.438,97.000,80.000,84.000,89.000,91.000,84.000,74.000,75.000,70.000,97.578,80.000,97.578,67.125,72.000,73.207,31.996,42.832,43.281,43.172,48.408,23.362,82.792,5646.705,5204.042,5616.000,5200.000,0.000,72.000,18.000,21.000,2,1789720219.953,100,0
2320.640,96.750,98.297,71.500,92.000,81.000,88.000,92.000,78.000,81.000,74.000,75.000,70.000,97.609,79.000,97.609,67.125,72.000,73.203,31.996,42.859,43.293,43.184,46.969,23.488,81.999,5647.147,5168.701,5616.000,5200.000,0.000,73.000,18.000,20.000,2,1789720220.952,100,0
2321.641,96.750,98.297,71.562,91.000,78.000,93.000,89.000,88.000,81.000,81.000,76.000,72.000,96.766,79.000,96.766,67.188,73.000,73.223,31.996,42.887,43.305,43.199,47.846,23.195,82.103,5581.915,5205.396,5616.000,5200.000,0.000,73.000,19.000,22.000,2,1789720221.951,100,0
2322.641,96.801,98.348,71.500,82.000,80.000,83.000,87.000,78.000,92.000,88.000,76.000,71.000,98.438,80.000,98.438,67.250,72.000,73.219,31.996,42.910,43.316,43.211,48.397,23.149,82.705,5581.482,5205.396,5616.000,5200.000,0.000,73.000,17.000,15.000,2,1789720222.954,100,0
2323.641,96.824,98.371,71.562,100.000,80.000,90.000,87.000,81.000,78.000,74.000,74.000,71.000,100.000,79.000,97.469,67.312,72.000,73.215,31.996,42.938,43.328,43.227,48.139,22.841,81.783,5647.059,5205.170,5616.000,5200.000,0.000,73.000,18.000,25.000,2,1789720223.954,100,0
2324.645,96.832,98.238,71.750,93.000,80.000,100.000,84.000,78.000,80.000,74.000,81.000,71.000,100.000,79.000,97.000,67.312,72.000,73.211,31.996,42.961,43.340,43.242,47.467,22.330,80.943,5647.236,5203.816,5616.000,5200.000,0.000,73.000,17.000,14.000,2,1789720224.957,100,0
2325.646,96.844,98.250,71.562,90.000,85.000,85.000,82.000,92.000,79.000,76.000,76.000,71.000,97.188,79.000,97.188,67.250,72.000,73.207,31.996,42.984,43.352,43.258,46.379,20.873,78.481,5603.200,5203.064,5616.000,5200.000,0.000,72.000,18.000,23.000,2,1789720225.956,98,0
2326.647,96.625,98.031,71.750,87.000,77.000,78.000,82.000,75.000,74.000,71.000,71.000,69.000,89.859,76.000,89.859,67.250,72.000,73.203,31.996,43.012,43.363,43.273,41.275,21.162,73.763,5624.561,5167.365,5616.000,5200.000,0.000,72.000,18.000,19.000,2,1789720226.959,100,0
2327.652,96.559,97.965,71.375,100.000,88.000,86.000,85.000,77.000,81.000,73.000,76.000,70.000,100.000,80.000,94.562,67.188,72.000,73.199,31.996,43.035,43.371,43.285,37.966,21.603,71.181,5624.824,5204.268,5616.000,5200.000,0.000,72.000,18.000,16.000,2,1789720227.963,100,0
2328.653,96.602,98.008,71.375,80.000,78.000,90.000,85.000,82.000,100.000,75.000,76.000,71.000,100.000,78.000,97.766,67.312,72.000,73.199,31.996,43.059,43.383,43.297,46.911,22.547,80.366,5623.506,5203.064,5616.000,5200.000,0.000,72.000,18.000,19.000,2,1789720228.970,100,0
2329.653,96.660,98.066,71.500,89.000,89.000,94.000,84.000,79.000,78.000,75.000,74.000,70.000,98.250,80.000,98.250,67.188,72.000,73.195,31.996,43.082,43.391,43.309,45.375,19.386,75.746,5580.617,5203.967,5616.000,5200.000,0.000,72.000,19.000,23.000,2,1789720229.964,100,0
2330.654,96.707,98.113,71.562,86.000,97.000,87.000,82.000,80.000,87.000,74.000,76.000,70.000,98.094,80.000,98.094,67.000,72.000,73.191,31.996,43.105,43.402,43.320,45.190,21.107,77.149,5601.282,5202.914,5616.000,5200.000,0.000,72.000,17.000,19.000,2,1789720230.965,100,0
2331.656,96.773,98.180,71.562,84.000,77.000,91.000,89.000,79.000,94.000,72.000,75.000,71.000,98.609,78.000,98.609,67.125,72.000,73.137,31.996,43.129,43.410,43.332,45.440,21.500,78.081,5645.908,5203.967,5616.000,5200.000,0.000,72.000,17.000,16.000,2,1789720231.967,100,0
2332.660,96.836,98.242,71.562,81.000,80.000,83.000,83.000,95.000,92.000,75.000,79.000,71.000,98.516,79.000,98.516,67.125,72.000,73.133,31.996,43.152,43.422,43.348,47.047,21.674,80.193,5645.199,5202.613,5616.000,5200.000,0.000,72.000,17.000,11.000,2,1789720232.971,100,0
2333.664,96.895,98.301,71.625,82.000,77.000,95.000,100.000,77.000,79.000,76.000,75.000,71.000,100.000,78.000,98.203,66.938,72.000,73.129,31.996,43.176,43.430,43.355,46.698,20.437,78.135,5602.328,5203.290,5616.000,5200.000,0.000,73.000,17.000,12.000,2,1789720233.977,100,0
2334.664,96.926,98.418,71.625,95.000,78.000,83.000,86.000,83.000,85.000,75.000,75.000,71.000,97.844,78.000,97.844,67.000,72.000,73.129,31.996,43.199,43.441,43.367,44.710,20.926,76.854,5645.553,5203.365,5616.000,5200.000,0.000,72.000,17.000,18.000,2,1789720234.976,100,0
2335.665,96.977,98.469,71.812,81.000,77.000,100.000,100.000,78.000,81.000,73.000,76.000,70.000,100.000,77.000,98.250,67.000,72.000,73.125,31.996,43.223,43.453,43.379,47.324,21.355,79.846,5645.819,5205.396,5616.000,5200.000,0.000,72.000,17.000,13.000,2,1789720235.976,100,0
2336.669,97.020,98.512,71.562,81.000,83.000,89.000,85.000,100.000,79.000,76.000,76.000,70.000,100.000,79.000,97.984,67.250,72.000,73.121,31.996,43.242,43.461,43.391,45.713,21.417,78.516,5645.199,5204.192,5616.000,5200.000,0.000,73.000,16.000,15.000,2,1789720236.979,100,0
2337.672,97.098,98.590,71.562,88.000,77.000,86.000,84.000,78.000,100.000,73.000,76.000,70.000,100.000,78.000,98.844,67.125,72.000,73.121,31.996,43.266,43.469,43.402,45.590,20.772,77.097,5601.108,5203.214,5616.000,5200.000,0.000,72.000,18.000,21.000,2,1789720237.982,98,0
2338.676,96.832,98.324,71.500,85.000,73.000,77.000,78.000,74.000,84.000,72.000,72.000,70.000,88.672,73.000,88.672,67.062,72.000,73.117,31.996,43.289,43.480,43.414,37.748,21.458,69.748,5623.857,5203.590,5616.000,5200.000,0.000,72.000,18.000,21.000,2,1789720238.988,100,0
2339.680,96.820,98.312,71.438,85.000,90.000,82.000,85.000,76.000,78.000,86.000,79.000,71.000,96.406,81.000,96.406,67.000,72.000,73.117,31.996,43.309,43.488,43.426,38.232,20.731,71.344,5644.756,5202.763,5616.000,5200.000,0.000,72.000,17.000,13.000,2,1789720239.992,100,0
2340.684,96.840,98.332,71.562,81.000,85.000,83.000,87.000,93.000,79.000,83.000,75.000,70.000,97.516,79.000,97.516,67.062,72.000,73.113,31.996,43.332,43.500,43.438,47.481,22.745,81.425,5646.705,5202.237,5616.000,5200.000,0.000,73.000,19.000,37.000,2,1789720240.995,100,0
2341.686,96.879,98.371,71.438,96.000,86.000,95.000,87.000,79.000,84.000,74.000,74.000,70.000,98.109,79.000,98.109,67.125,72.000,73.059,31.996,43.352,43.508,43.445,47.787,23.664,82.358,5622.364,5204.644,5616.000,5200.000,0.000,72.000,20.000,35.000,2,1789720241.997,100,0
2342.686,96.902,98.395,71.438,91.000,83.000,97.000,89.000,84.000,79.000,76.000,74.000,71.000,97.625,80.000,97.625,67.188,72.000,73.055,31.996,43.375,43.516,43.457,46.869,23.262,81.885,5646.173,5203.064,5616.000,5200.000,0.000,73.000,19.000,34.000,2,1789720242.997,100,0
2343.686,96.945,98.438,71.562,85.000,77.000,98.000,85.000,91.000,85.000,74.000,75.000,70.000,98.250,77.000,98.250,67.312,72.000,73.055,31.996,43.395,43.527,43.469,46.422,22.805,80.644,5580.357,5203.892,5616.000,5200.000,0.000,73.000,20.000,25.000,2,1789720243.996,98,0
2344.687,96.703,98.195,71.688,84.000,75.000,95.000,79.000,75.000,74.000,71.000,71.000,68.000,95.000,75.000,89.234,67.188,72.000,73.051,31.996,43.418,43.535,43.477,39.814,23.127,73.846,5601.370,5203.666,5616.000,5200.000,0.000,73.000,20.000,35.000,2,1789720244.998,100,0
2345.688,96.695,98.188,71.438,93.000,85.000,90.000,87.000,94.000,79.000,75.000,75.000,70.000,96.359,79.000,96.359,67.250,72.000,73.051,31.996,43.438,43.543,43.488,38.877,23.115,74.501,5580.357,5203.290,5616.000,5200.000,0.000,73.000,21.000,33.000,2,1789720245.999,100,0
2346.692,96.613,98.105,71.438,81.000,76.000,81.000,81.000,86.000,77.000,73.000,93.000,70.000,94.047,77.000,94.047,67.125,72.000,73.047,31.996,43.461,43.555,43.500,47.305,22.792,81.713,5643.783,5166.105,5616.000,5200.000,0.000,73.000,20.000,39.000,2,1789720247.003,100,0
2347.693,96.617,98.109,71.625,87.000,95.000,97.000,86.000,78.000,79.000,76.000,76.000,71.000,97.000,81.000,96.766,67.125,72.000,73.047,31.996,43.480,43.562,43.508,48.728,22.941,83.394,5623.770,5202.538,5616.000,5200.000,0.000,73.000,17.000,21.000,2,1789720248.006,100,0
2348.693,96.605,98.098,71.562,85.000,90.000,84.000,85.000,78.000,79.000,92.000,75.000,72.000,96.250,81.000,96.250,67.250,72.000,73.047,31.996,43.504,43.566,43.516,46.826,22.649,80.756,5624.033,5201.937,5616.000,5200.000,0.000,73.000,18.000,22.000,2,1789720249.003,100,0
2349.694,96.672,98.164,71.562,98.000,77.000,89.000,83.000,79.000,87.000,72.000,74.000,70.000,98.797,77.000,98.797,67.250,73.000,73.074,31.996,43.523,43.578,43.527,46.772,21.916,80.518,5623.243,5202.688,5616.000,5200.000,0.000,72.000,18.000,25.000,2,1789720250.004,100,0
2350.696,96.719,98.211,71.688,100.000,88.000,91.000,85.000,78.000,79.000,74.000,75.000,70.000,100.000,80.000,98.047,67.250,73.000,73.102,31.996,43.543,43.586,43.539,47.990,23.171,81.946,5645.199,5202.914,5616.000,5200.000,0.000,73.000,21.000,39.000,2,1789720251.007,98,0
2351.699,96.371,97.863,71.688,84.000,77.000,81.000,76.000,78.000,74.000,72.000,73.000,69.000,85.609,74.000,85.609,67.250,72.000,73.098,31.996,43.566,43.594,43.547,33.162,23.188,66.941,5646.527,5202.989,5616.000,5200.000,0.000,73.000,20.000,32.000,2,1789720252.010,100,0
2352.699,96.359,97.852,71.500,99.000,87.000,88.000,84.000,79.000,79.000,74.000,82.000,71.000,99.000,80.000,96.078,67.250,72.000,73.094,31.996,43.586,43.602,43.555,46.986,23.030,82.201,5624.121,5204.117,5616.000,5200.000,0.000,73.000,19.000,22.000,2,1789720253.011,100,0
2353.700,96.426,97.918,71.562,92.000,80.000,84.000,85.000,87.000,79.000,89.000,75.000,71.000,98.391,79.000,98.391,67.375,73.000,73.121,31.996,43.605,43.609,43.566,47.346,22.898,81.968,5602.938,5201.636,5616.000,5200.000,0.000,72.000,17.000,16.000,2,1789720254.012,100,0
2354.704,96.465,97.957,71.688,98.000,80.000,91.000,87.000,84.000,84.000,75.000,76.000,71.000,98.000,80.000,97.766,67.250,72.000,73.117,31.996,43.625,43.617,43.574,47.057,22.786,81.433,5624.297,5202.688,5616.000,5200.000,0.000,73.000,19.000,27.000,2,1789720255.014,100,0
2355.708,96.559,98.051,71.625,86.000,78.000,89.000,88.000,100.000,81.000,77.000,76.000,71.000,100.000,78.000,98.812,67.312,72.000,73.113,31.996,43.645,43.625,43.586,46.768,22.697,80.533,5601.021,5184.406,5616.000,5200.000,0.000,73.000,17.000,16.000,2,1789720256.020,100,0
2356.708,96.637,98.129,71.562,85.000,79.000,88.000,84.000,90.000,78.000,95.000,74.000,71.000,98.500,79.000,98.500,67.438,72.000,73.109,32.996,43.668,43.633,43.602,45.162,21.568,78.674,5623.506,5203.214,5616.000,5200.000,0.000,73.000,18.000,22.000,2,1789720257.020,100,0
2357.710,96.707,98.168,71.688,93.000,80.000,100.000,86.000,77.000,82.000,73.000,75.000,70.000,100.000,81.000,97.906,67.438,73.000,73.137,32.996,43.688,43.645,43.617,46.604,22.021,79.580,5580.184,5202.914,5616.000,5200.000,0.000,73.000,19.000,20.000,2,1789720258.023,100,0
2358.714,96.738,98.199,71.625,96.000,79.000,94.000,96.000,78.000,80.000,75.000,75.000,71.000,97.547,79.000,97.547,67.375,73.000,73.164,32.996,43.707,43.656,43.633,46.863,22.225,80.386,5645.553,5203.590,5616.000,5200.000,0.000,73.000,18.000,16.000,2,1789720259.025,98,0
2359.718,96.387,97.848,71.688,75.000,84.000,76.000,78.000,79.000,75.000,70.000,71.000,68.000,85.547,75.000,85.547,67.250,73.000,73.191,32.996,43.730,43.664,43.648,30.661,22.171,66.513,5579.319,5203.967,5616.000,5200.000,0.000,73.000,19.000,31.000,2,1789720260.029,100,0
2360.719,96.426,97.887,71.562,100.000,89.000,82.000,85.000,84.000,79.000,76.000,75.000,70.000,100.000,81.000,97.625,67.312,73.000,73.215,32.996,43.754,43.680,43.664,47.344,22.835,79.666,5579.406,5202.463,5616.000,5200.000,0.000,73.000,19.000,27.000,2,1789720261.030,100,0
2361.719,96.457,97.918,71.625,83.000,79.000,82.000,95.000,100.000,81.000,74.000,76.000,71.000,100.000,79.000,97.500,67.375,72.000,73.203,32.996,43.777,43.691,43.680,47.472,23.237,82.123,5623.594,5202.538,5616.000,5200.000,0.000,73.000,19.000,29.000,2,1789720262.029,100,0
2362.720,96.500,97.961,71.562,93.000,83.000,97.000,83.000,77.000,82.000,76.000,76.000,71.000,97.797,79.000,97.797,67.438,72.000,73.195,32.996,43.801,43.707,43.695,46.804,23.781,82.351,5622.189,5202.162,5616.000,5200.000,0.000,73.000,18.000,30.000,2,1789720263.031,100,0
2363.720,96.477,97.938,71.875,93.000,81.000,84.000,85.000,100.000,79.000,76.000,75.000,70.000,100.000,80.000,95.734,67.562,73.000,73.223,32.996,43.816,43.715,43.711,49.163,23.823,85.001,5621.399,5201.636,5616.000,5200.000,0.000,73.000,20.000,32.000,2,1789720264.032,100,0
2364.723,96.551,98.012,71.688,82.000,96.000,89.000,93.000,80.000,79.000,76.000,75.000,71.000,98.500,81.000,98.500,67.625,73.000,73.246,32.996,43.840,43.723,43.727,44.847,23.540,79.701,5622.101,5166.549,5616.000,5200.000,0.000,74.000,20.000,30.000,2,1789720265.034,100,0
2365.725,96.559,98.020,71.875,80.000,82.000,85.000,87.000,78.000,78.000,74.000,80.000,71.000,96.891,79.000,96.891,67.562,73.000,73.270,32.996,43.855,43.730,43.742,54.729,23.637,90.606,5622.189,5203.741,5616.000,5200.000,0.000,73.000,19.000,24.000,2,1789720266.036,98,0
2366.730,96.305,97.766,72.000,85.000,79.000,79.000,81.000,77.000,75.000,73.000,72.000,70.000,88.359,76.000,88.359,67.688,73.000,73.293,32.996,43.879,43.738,43.758,37.921,23.758,74.275,5623.331,5204.117,5616.000,5200.000,0.000,73.000,18.000,20.000,2,1789720267.040,98,0
2367.731,96.141,97.602,72.000,87.000,83.000,87.000,90.000,77.000,85.000,73.000,76.000,70.000,91.141,78.000,91.141,67.562,73.000,73.312,32.996,43.898,43.750,43.773,45.171,22.952,78.943,5645.642,5203.214,5616.000,5200.000,0.000,73.000,17.000,13.000,2,1789720268.046,100,0
2368.733,96.102,97.562,71.875,84.000,78.000,90.000,94.000,92.000,82.000,76.000,77.000,72.000,94.875,78.000,94.875,67.562,73.000,73.336,32.996,43.922,43.762,43.785,46.395,23.052,79.974,5644.845,5240.327,5616.000,5200.000,0.000,73.000,18.000,20.000,2,1789720269.045,100,0
2369.738,96.164,97.625,72.125,83.000,89.000,86.000,85.000,87.000,81.000,89.000,78.000,71.000,98.047,81.000,98.047,67.562,73.000,73.355,32.996,43.945,43.777,43.801,49.297,22.476,84.065,5622.364,5202.388,5616.000,5200.000,0.000,73.000,18.000,17.000,2,1789720270.050,100,0
2370.742,96.219,97.680,72.250,100.000,82.000,91.000,84.000,79.000,80.000,76.000,76.000,72.000,100.000,80.000,97.969,67.562,73.000,73.375,32.996,43.969,43.789,43.816,49.744,21.859,82.698,5579.406,5203.666,5616.000,5200.000,0.000,73.000,17.000,16.000,2,1789720271.056,100,0
2371.744,96.316,97.777,72.125,85.000,88.000,83.000,89.000,80.000,100.000,75.000,76.000,71.000,100.000,81.000,98.469,67.625,73.000,73.383,32.996,43.988,43.805,43.828,49.263,22.083,82.994,5578.714,5201.861,5616.000,5200.000,0.000,73.000,18.000,18.000,2,1789720272.054,98,0
2372.748,96.043,97.504,72.188,86.000,77.000,83.000,79.000,80.000,78.000,73.000,73.000,70.000,87.688,75.000,87.688,67.750,73.000,73.398,32.996,44.012,43.816,43.844,37.730,22.221,72.666,5644.137,5184.183,5616.000,5200.000,0.000,73.000,18.000,18.000,2,1789720273.060,100,0
2373.753,96.070,97.531,72.062,88.000,80.000,87.000,89.000,78.000,81.000,90.000,83.000,71.000,96.828,80.000,96.828,67.750,73.000,73.418,32.996,44.035,43.828,43.855,43.079,22.218,75.654,5644.049,5201.636,5616.000,5200.000,0.000,73.000,19.000,29.000,2,1789720274.064,100,0
2374.754,96.121,97.582,71.875,84.000,89.000,85.000,86.000,92.000,85.000,79.000,75.000,72.000,97.703,81.000,97.703,67.500,73.000,73.438,32.996,44.055,43.840,43.871,48.214,23.361,83.383,5600.672,5204.117,5616.000,5200.000,0.000,74.000,19.000,32.000,2,1789720275.066,100,0
2375.756,96.199,97.660,72.125,87.000,81.000,85.000,100.000,80.000,88.000,76.000,76.000,71.000,100.000,81.000,98.328,67.812,73.000,73.453,32.996,44.078,43.855,43.887,48.643,23.214,83.401,5578.801,5204.418,5616.000,5200.000,0.000,73.000,19.000,27.000,2,1789720276.065,100,0
2376.760,96.348,97.902,72.188,95.000,100.000,91.000,87.000,79.000,79.000,74.000,74.000,71.000,100.000,84.000,98.750,67.750,73.000,73.469,32.996,44.098,43.871,43.898,48.715,23.330,83.688,5621.136,5202.388,5616.000,5200.000,0.000,73.000,19.000,26.000,2,1789720277.070,100,0
2377.763,96.449,98.035,72.312,95.000,80.000,90.000,87.000,80.000,82.000,92.000,75.000,71.000,98.328,80.000,98.328,67.812,73.000,73.484,32.996,44.121,43.883,43.914,45.924,22.885,80.260,5598.930,5203.590,5616.000,5200.000,0.000,73.000,18.000,18.000,2,1789720278.076,100,0
2378.767,96.570,98.211,72.250,90.000,80.000,82.000,87.000,82.000,80.000,98.000,75.000,73.000,98.703,80.000,98.703,67.875,73.000,73.500,32.996,44.141,43.895,43.926,47.102,22.279,81.495,5621.487,5203.440,5616.000,5200.000,0.000,73.000,16.000,7.000,2,1789720279.079,100,0
2379.768,96.500,98.141,72.312,76.000,77.000,88.000,79.000,84.000,77.000,72.000,74.000,70.000,94.359,76.000,94.359,67.750,73.000,73.516,32.996,44.164,43.906,43.938,44.538,21.569,78.184,5621.925,5203.064,5616.000,5200.000,0.000,73.000,18.000,15.000,2,1789720280.079,98,0
2380.769,96.270,97.910,72.000,81.000,97.000,90.000,84.000,75.000,78.000,74.000,74.000,71.000,97.000,81.000,89.203,67.750,72.000,73.500,32.996,44.184,43.922,43.953,31.743,20.858,63.035,5577.677,5201.711,5616.000,5200.000,0.000,73.000,17.000,16.000,2,1789720281.079,100,0
2381.770,96.359,98.000,72.000,81.000,88.000,99.000,85.000,78.000,80.000,76.000,74.000,71.000,99.172,79.000,99.172,67.562,73.000,73.492,32.996,44.203,43.934,43.965,45.389,21.481,78.096,5622.189,5202.763,5616.000,5200.000,0.000,73.000,19.000,19.000,2,1789720282.081,100,0
2382.770,96.426,98.066,72.062,87.000,82.000,94.000,87.000,80.000,79.000,73.000,91.000,70.000,98.375,81.000,98.375,67.625,73.000,73.508,32.996,44.227,43.945,43.977,46.913,23.364,81.597,5621.837,5202.388,5616.000,5200.000,0.000,73.000,18.000,15.000,2,1789720283.081,100,0
2383.772,96.535,98.176,72.125,87.000,79.000,85.000,88.000,77.000,79.000,74.000,100.000,71.000,100.000,79.000,99.016,67.688,73.000,73.523,32.996,44.246,43.957,43.988,47.563,21.648,80.893,5600.585,5202.989,5616.000,5200.000,0.000,72.000,16.000,6.000,2,1789720284.089,100,0
2384.773,96.605,98.246,72.188,83.000,78.000,89.000,97.000,86.000,87.000,76.000,76.000,71.000,98.422,78.000,98.422,67.625,73.000,73.535,32.996,44.266,43.969,44.000,48.216,20.997,80.742,5578.887,5202.388,5616.000,5200.000,0.000,73.000,19.000,16.000,2,1789720285.085,100,0
2385.773,96.680,98.320,72.188,100.000,86.000,88.000,86.000,78.000,85.000,74.000,77.000,71.000,100.000,82.000,98.281,67.562,73.000,73.551,32.996,44.285,43.980,44.016,48.886,21.180,81.260,5644.314,5201.410,5616.000,5200.000,0.000,73.000,18.000,15.000,2,1789720286.087,100,0
2386.775,96.672,98.312,72.438,94.000,77.000,84.000,82.000,80.000,79.000,76.000,75.000,71.000,96.484,77.000,96.484,67.625,73.000,73.562,32.996,44.309,43.992,44.027,49.282,21.298,82.636,5600.411,5202.989,5616.000,5200.000,0.000,73.000,15.000,11.000,2,1789720287.108,98,0
2387.779,96.359,98.000,72.250,81.000,75.000,85.000,79.000,84.000,74.000,72.000,71.000,69.000,86.734,75.000,86.734,67.812,72.000,73.543,32.996,44.328,44.008,44.039,32.529,20.717,64.943,5643.960,5201.786,5616.000,5200.000,0.000,73.000,18.000,19.000,2,1789720288.090,100,0
2388.783,96.406,98.047,72.000,83.000,87.000,92.000,94.000,78.000,80.000,75.000,76.000,71.000,97.750,81.000,97.750,67.562,72.000,73.523,32.996,44.348,44.016,44.051,46.796,20.688,78.423,5621.837,5203.139,5616.000,5200.000,0.000,73.000,18.000,19.000,2,1789720289.096,100,0
2389.784,96.496,98.137,72.125,83.000,79.000,83.000,96.000,90.000,94.000,76.000,76.000,71.000,99.359,79.000,99.359,67.438,73.000,73.539,32.996,44.363,44.027,44.062,48.661,21.262,81.225,5577.417,5202.613,5616.000,5200.000,0.000,73.000,17.000,11.000,2,1789720290.094,100,0
2390.788,96.531,98.172,72.250,85.000,92.000,93.000,85.000,81.000,79.000,82.000,79.000,72.000,97.578,81.000,97.578,67.562,72.000,73.520,32.996,44.387,44.043,44.078,46.358,21.453,79.318,5621.399,5201.937,5616.000,5200.000,0.000,72.000,17.000,12.000,2,1789720291.113,100,0
2391.793,96.598,98.238,72.125,91.000,80.000,83.000,85.000,82.000,80.000,98.000,76.000,72.000,98.703,79.000,98.703,67.500,72.000,73.477,32.996,44.406,44.051,44.086,46.039,20.924,78.491,5643.518,5201.636,5616.000,5200.000,0.000,73.000,17.000,18.000,2,1789720292.105,100,0
2392.793,96.680,98.320,72.375,95.000,78.000,84.000,93.000,85.000,83.000,75.000,74.000,71.000,99.141,78.000,99.141,67.625,73.000,73.488,32.996,44.426,44.062,44.098,45.645,21.166,78.261,5643.076,5201.937,5616.000,5200.000,0.000,72.000,17.000,31.000,2,1789720293.114,98,0
2393.797,96.375,98.016,72.312,74.000,73.000,85.000,76.000,88.000,73.000,75.000,72.000,70.000,88.000,73.000,87.047,67.625,72.000,73.473,32.996,44.441,44.074,44.109,35.829,21.207,69.118,5621.048,5202.763,5616.000,5200.000,0.000,73.000,18.000,12.000,2,1789720294.108,100,0
2394.798,96.430,98.070,71.938,100.000,78.000,85.000,84.000,89.000,79.000,75.000,81.000,70.000,100.000,78.000,98.031,67.500,72.000,73.453,32.996,44.461,44.086,44.117,41.783,21.299,74.544,5622.276,5202.538,5616.000,5200.000,0.000,73.000,18.000,19.000,2,1789720295.108,100,0
2395.798,96.496,98.137,72.062,88.000,86.000,85.000,87.000,78.000,89.000,86.000,76.000,71.000,98.562,80.000,98.562,67.500,73.000,73.469,32.996,44.480,44.094,44.129,47.347,23.299,82.346,5621.048,5201.410,5616.000,5200.000,0.000,73.000,20.000,22.000,2,1789720296.109,100,0
2396.802,96.551,98.191,72.250,91.000,82.000,85.000,100.000,80.000,80.000,75.000,75.000,71.000,100.000,80.000,98.047,67.562,73.000,73.484,32.996,44.500,44.105,44.141,47.722,23.347,82.617,5577.850,5202.763,5616.000,5200.000,0.000,73.000,21.000,29.000,2,1789720297.114,100,0
2397.802,96.645,98.324,72.125,85.000,82.000,100.000,85.000,79.000,79.000,73.000,74.000,70.000,100.000,78.000,98.672,67.688,73.000,73.496,32.996,44.516,44.117,44.152,47.133,23.161,81.622,5665.633,5239.488,5616.000,5200.000,0.000,73.000,21.000,27.000,2,1789720298.114,100,0
2398.807,96.758,98.508,72.250,83.000,80.000,91.000,87.000,77.000,91.000,73.000,99.000,71.000,99.125,79.000,99.125,67.688,73.000,73.512,32.996,44.535,44.125,44.160,46.490,22.806,81.334,5621.750,5203.064,5616.000,5200.000,0.000,73.000,19.000,17.000,2,1789720299.118,98,0
2399.808,96.469,98.219,72.188,82.000,83.000,80.000,79.000,77.000,77.000,71.000,71.000,69.000,87.625,76.000,87.625,67.750,73.000,73.523,32.996,44.555,44.137,44.172,35.648,22.988,69.865,5621.311,5129.082,5616.000,5200.000,0.000,73.000,18.000,12.000,2,1789720300.119,100,0
2400.813,96.496,98.246,72.000,91.000,80.000,86.000,85.000,79.000,79.000,98.000,75.000,72.000,98.000,79.000,97.328,67.750,73.000,73.539,32.996,44.570,44.148,44.180,41.771,22.961,76.036,5620.346,5204.268,5616.000,5200.000,0.000,73.000,18.000,18.000,2,1789720301.124,100,0
2401.813,96.535,98.285,72.125,91.000,80.000,86.000,87.000,93.000,84.000,78.000,76.000,71.000,97.688,80.000,97.688,67.812,73.000,73.527,32.996,44.590,44.156,44.191,47.927,22.673,81.671,5620.258,5204.418,5616.000,5200.000,0.000,74.000,19.000,26.000,2,1789720302.125,100,0
2402.815,96.598,98.348,72.000,93.000,80.000,88.000,88.000,95.000,80.000,77.000,76.000,71.000,98.500,80.000,98.500,67.688,73.000,73.539,32.996,44.605,44.164,44.199,46.594,22.668,80.671,5620.872,5202.087,5616.000,5200.000,0.000,73.000,17.000,22.000,2,1789720303.126,100,0
2403.815,96.648,98.398,72.125,85.000,78.000,91.000,98.000,81.000,82.000,76.000,76.000,71.000,98.219,78.000,98.219,67.688,73.000,73.551,32.996,44.625,44.176,44.211,45.548,22.496,78.724,5621.399,5202.838,5616.000,5200.000,0.000,73.000,18.000,24.000,2,1789720304.126,100,0
2404.818,96.664,98.414,72.125,89.000,81.000,88.000,93.000,78.000,79.000,74.000,74.000,71.000,97.188,79.000,97.188,67.688,73.000,73.559,32.996,44.641,44.184,44.219,46.594,22.125,79.761,5621.663,5203.290,5616.000,5200.000,0.000,73.000,19.000,17.000,2,1789720305.129,98,0
2405.822,96.355,98.105,72.125,76.000,79.000,79.000,90.000,75.000,76.000,72.000,72.000,69.000,90.000,75.000,86.797,67.688,73.000,73.570,32.996,44.660,44.195,44.230,31.531,23.089,65.691,5620.609,5203.892,5616.000,5200.000,0.000,73.000,17.000,14.000,2,1789720306.132,100,0
2406.823,96.383,98.133,71.875,98.000,81.000,88.000,100.000,81.000,81.000,75.000,76.000,71.000,100.000,80.000,97.281,67.812,72.000,73.551,32.996,44.676,44.203,44.238,46.037,23.114,81.219,5642.544,5202.312,5616.000,5200.000,0.000,73.000,17.000,8.000,2,1789720307.134,100,0
2407.823,96.441,98.191,71.938,87.000,94.000,89.000,92.000,82.000,81.000,77.000,76.000,72.000,98.172,81.000,98.172,67.812,73.000,73.562,32.996,44.695,44.211,44.250,47.327,23.128,82.029,5578.109,5204.869,5616.000,5200.000,0.000,73.000,16.000,17.000,2,1789720308.146,100,0
2408.828,96.508,98.258,72.188,100.000,81.000,98.000,88.000,82.000,85.000,76.000,76.000,71.000,100.000,80.000,98.375,67.688,73.000,73.574,32.996,44.711,44.223,44.258,47.303,22.728,81.284,5621.136,5167.588,5616.000,5200.000,0.000,73.000,19.000,27.000,2,1789720309.139,100,0
2409.832,96.555,98.305,72.250,89.000,82.000,85.000,85.000,78.000,90.000,76.000,89.000,72.000,97.891,80.000,97.891,67.688,73.000,73.582,32.996,44.727,44.230,44.270,47.428,22.805,81.908,5643.960,5202.087,5616.000,5200.000,0.000,73.000,18.000,15.000,2,1789720310.142,98,0
2410.833,96.305,98.055,72.125,88.000,76.000,81.000,91.000,81.000,78.000,73.000,73.000,70.000,91.000,76.000,88.672,67.688,73.000,73.594,32.996,44.746,44.238,44.277,39.242,22.584,72.958,5642.544,5166.846,5616.000,5200.000,0.000,73.000,19.000,20.000,2,1789720311.143,100,0
2411.833,96.320,98.070,72.062,97.000,80.000,100.000,84.000,83.000,79.000,76.000,74.000,71.000,100.000,79.000,96.734,67.750,73.000,73.574,32.996,44.762,44.250,44.289,37.927,21.336,70.589,5576.899,5201.335,5616.000,5200.000,0.000,73.000,18.000,15.000,2,1789720312.143,100,0
2412.837,96.383,98.133,71.875,84.000,93.000,98.000,87.000,78.000,82.000,74.000,76.000,71.000,98.312,81.000,98.312,67.750,73.000,73.586,32.996,44.777,44.258,44.293,45.781,22.066,79.266,5598.146,5203.741,5616.000,5200.000,0.000,73.000,17.000,13.000,2,1789720313.149,100,0
2413.842,96.430,98.180,72.062,85.000,85.000,100.000,86.000,93.000,79.000,78.000,75.000,71.000,100.000,81.000,97.688,67.500,73.000,73.594,32.996,44.793,44.266,44.305,46.371,22.197,79.648,5598.843,5203.816,5616.000,5200.000,0.000,73.000,18.000,18.000,2,1789720314.154,100,0
2414.842,96.512,98.254,72.000,86.000,97.000,100.000,87.000,82.000,82.000,75.000,75.000,71.000,100.000,82.000,98.188,67.812,73.000,73.602,32.996,44.809,44.273,44.312,46.322,22.460,80.248,5643.164,5202.237,5616.000,5200.000,0.000,73.000,18.000,21.000,2,1789720315.153,100,0
2415.842,96.609,98.359,72.062,83.000,80.000,100.000,89.000,82.000,81.000,76.000,81.000,71.000,100.000,79.000,98.422,67.688,73.000,73.613,32.996,44.824,44.281,44.320,47.660,22.744,81.984,5643.429,5202.388,5616.000,5200.000,0.000,73.000,20.000,21.000,2,1789720316.152,98,0
2416.844,96.414,98.164,72.125,88.000,75.000,88.000,79.000,77.000,76.000,73.000,72.000,69.000,90.375,75.000,90.375,67.812,73.000,73.621,32.996,44.840,44.289,44.328,40.982,22.940,75.073,5620.609,5203.666,5616.000,5200.000,0.000,73.000,20.000,19.000,2,1789720317.155,100,0
2417.845,96.328,98.078,71.875,84.000,98.000,89.000,94.000,81.000,80.000,75.000,74.000,70.000,98.000,82.000,93.719,67.812,73.000,73.629,32.996,44.859,44.297,44.340,35.726,23.847,71.749,5622.452,5166.475,5616.000,5200.000,0.000,73.000,19.000,15.000,2,1789720318.156,100,0
2418.850,96.402,98.152,71.938,84.000,80.000,85.000,100.000,91.000,82.000,75.000,76.000,71.000,100.000,79.000,98.719,67.812,73.000,73.637,32.996,44.875,44.305,44.344,47.030,23.924,81.912,5577.936,5202.162,5616.000,5200.000,0.000,73.000,19.000,19.000,2,1789720319.161,100,0
2419.850,96.449,98.199,72.062,89.000,85.000,83.000,90.000,82.000,98.000,76.000,76.000,71.000,98.000,81.000,97.875,67.750,73.000,73.645,32.996,44.891,44.312,44.355,47.292,23.604,82.698,5621.311,5201.185,5616.000,5200.000,0.000,74.000,18.000,14.000,2,1789720320.161,100,0
2420.850,96.500,98.250,72.062,85.000,91.000,94.000,85.000,81.000,85.000,75.000,74.000,70.000,98.062,80.000,98.062,67.875,73.000,73.652,32.996,44.906,44.320,44.363,47.385,23.485,81.760,5621.925,5203.741,5616.000,5200.000,0.000,73.000,18.000,10.000,2,1789720321.162,100,0
2421.851,96.504,98.254,72.125,86.000,80.000,84.000,85.000,94.000,84.000,77.000,74.000,71.000,96.609,79.000,96.609,67.938,73.000,73.629,32.996,44.922,44.328,44.371,46.467,23.844,79.966,5578.368,5202.613,5616.000,5200.000,0.000,73.000,18.000,14.000,2,1789720322.161,98,0
2422.851,96.215,97.965,71.938,80.000,78.000,79.000,80.000,82.000,80.000,72.000,72.000,69.000,87.328,75.000,87.328,68.000,73.000,73.637,32.996,44.938,44.336,44.379,31.245,23.298,66.478,5622.452,5202.989,5616.000,5200.000,0.000,73.000,20.000,20.000,2,1789720323.163,100,0
2423.854,96.266,98.016,72.000,99.000,81.000,92.000,86.000,82.000,87.000,75.000,77.000,71.000,99.000,81.000,97.828,67.938,73.000,73.645,32.996,44.949,44.340,44.387,45.092,23.206,80.567,5622.628,5202.838,5616.000,5200.000,0.000,73.000,18.000,17.000,2,1789720324.167,100,0
2424.855,96.312,98.062,72.062,90.000,90.000,87.000,89.000,99.000,82.000,75.000,75.000,71.000,99.000,81.000,97.719,67.812,73.000,73.652,32.996,44.965,44.352,44.395,46.508,23.084,81.396,5644.137,5202.613,5616.000,5200.000,0.000,73.000,17.000,8.000,2,1789720325.166,100,0
2425.856,96.359,98.109,72.000,93.000,89.000,90.000,90.000,78.000,90.000,76.000,74.000,71.000,97.859,82.000,97.859,67.812,73.000,73.656,32.996,44.980,44.355,44.402,45.774,21.913,78.854,5622.101,5202.012,5616.000,5200.000,0.000,73.000,18.000,11.000,2,1789720326.168,100,0
2426.857,96.398,98.148,72.000,87.000,82.000,87.000,89.000,81.000,88.000,94.000,76.000,72.000,97.594,80.000,97.594,67.625,73.000,73.664,32.996,44.996,44.367,44.414,46.463,22.127,79.665,5577.763,5201.034,5616.000,5200.000,0.000,73.000,17.000,16.000,2,1789720327.170,100,0
2427.862,96.457,98.207,71.938,100.000,87.000,95.000,88.000,79.000,80.000,75.000,75.000,71.000,100.000,80.000,98.078,67.875,73.000,73.668,32.996,45.012,44.371,44.422,46.911,22.025,80.393,5620.083,5202.763,5616.000,5200.000,0.000,73.000,18.000,11.000,2,1789720328.181,98,0
2428.865,96.309,98.059,72.125,80.000,76.000,78.000,79.000,83.000,75.000,84.000,72.000,71.000,91.766,76.000,91.766,67.875,73.000,73.676,32.996,45.027,44.379,44.426,42.407,21.723,74.436,5620.609,5201.410,5616.000,5200.000,0.000,73.000,20.000,32.000,2,1789720329.176,100,0
2429.866,96.148,97.898,71.875,82.000,84.000,88.000,86.000,87.000,81.000,88.000,74.000,71.000,91.125,79.000,91.125,67.750,73.000,73.680,32.996,45.043,44.387,44.434,33.642,21.892,68.335,5620.170,5202.989,5616.000,5200.000,0.000,73.000,18.000,18.000,2,1789720330.178,100,0
2430.868,96.180,97.930,72.000,100.000,82.000,92.000,92.000,84.000,81.000,75.000,77.000,71.000,100.000,80.000,97.188,67.812,73.000,73.684,32.996,45.055,44.391,44.441,47.338,23.317,82.186,5621.136,5202.162,5616.000,5200.000,0.000,73.000,20.000,24.000,2,1789720331.179,100,0
2431.870,96.199,97.949,72.125,90.000,95.000,85.000,96.000,82.000,81.000,75.000,75.000,72.000,96.859,82.000,96.859,67.938,73.000,73.660,32.996,45.070,44.402,44.449,48.601,23.422,82.850,5644.137,5202.312,5616.000,5200.000,0.000,74.000,17.000,18.000,2,1789720332.183,100,0
2432.871,96.270,98.020,72.000,100.000,80.000,88.000,93.000,82.000,83.000,75.000,76.000,71.000,100.000,80.000,98.422,67.938,73.000,73.664,32.996,45.086,44.406,44.457,47.135,23.281,82.386,5643.783,5203.365,5616.000,5200.000,0.000,74.000,20.000,40.000,2,1789720333.186,100,0
2433.871,96.328,98.078,72.188,83.000,82.000,98.000,89.000,92.000,80.000,74.000,79.000,72.000,98.000,80.000,97.938,68.000,74.000,73.699,33.996,45.102,44.410,44.469,46.850,22.835,81.093,5599.975,5201.937,5616.000,5200.000,0.000,73.000,20.000,27.000,2,1789720334.183,100,0
2434.873,96.438,98.375,72.188,84.000,79.000,89.000,84.000,82.000,98.000,87.000,76.000,72.000,99.141,80.000,99.141,68.000,73.000,73.703,33.996,45.113,44.418,44.484,46.094,22.574,80.561,5642.544,5167.143,5616.000,5200.000,0.000,73.000,18.000,18.000,2,1789720335.188,98,0
2435.873,96.227,98.164,72.188,91.000,75.000,84.000,80.000,76.000,77.000,83.000,79.000,71.000,91.000,75.000,89.750,68.000,73.000,73.707,33.996,45.129,44.426,44.496,36.473,20.591,69.316,5599.191,5203.967,5616.000,5200.000,0.000,73.000,17.000,14.000,2,1789720336.183,98,0
2436.877,96.008,97.945,72.000,82.000,75.000,90.000,80.000,76.000,89.000,72.000,84.000,70.000,90.000,75.000,89.172,67.750,72.000,73.680,33.996,45.141,44.434,44.512,38.008,21.070,70.523,5619.556,5202.914,5616.000,5200.000,0.000,73.000,19.000,30.000,2,1789720337.188,100,0
2437.881,95.973,97.910,72.000,84.000,79.000,90.000,85.000,97.000,80.000,87.000,81.000,73.000,97.000,79.000,94.984,67.750,73.000,73.684,33.996,45.156,44.438,44.523,43.056,22.335,74.696,5642.368,5203.816,5616.000,5200.000,0.000,73.000,17.000,9.000,2,1789720338.192,100,0
2438.884,96.012,97.949,72.062,85.000,91.000,83.000,87.000,85.000,88.000,76.000,76.000,72.000,97.156,82.000,97.156,67.750,73.000,73.688,33.996,45.172,44.445,44.539,47.881,23.224,83.284,5599.366,5202.237,5616.000,5200.000,0.000,73.000,17.000,7.000,2,1789720339.196,100,0
2439.884,96.070,98.008,72.062,100.000,80.000,83.000,85.000,92.000,80.000,76.000,76.000,71.000,100.000,79.000,97.906,67.875,72.000,73.660,33.996,45.184,44.453,44.551,46.514,21.005,79.337,5601.282,5200.884,5616.000,5200.000,0.000,73.000,17.000,6.000,2,1789720340.194,100,0
2440.884,96.160,98.098,72.250,81.000,78.000,100.000,83.000,100.000,81.000,79.000,76.000,72.000,100.000,78.000,98.109,67.750,73.000,73.668,33.996,45.195,44.457,44.562,46.000,20.722,78.441,5577.590,5238.802,5616.000,5200.000,0.000,73.000,17.000,10.000,2,1789720341.195,100,0
2441.884,96.277,98.199,72.125,91.000,80.000,83.000,87.000,100.000,82.000,75.000,76.000,71.000,100.000,80.000,98.047,67.688,73.000,73.730,33.996,45.211,44.461,44.574,46.051,21.213,78.301,5621.487,5202.613,5616.000,5200.000,0.000,73.000,17.000,14.000,2,1789720342.194,98,0
2442.887,96.039,97.961,72.250,89.000,75.000,81.000,86.000,75.000,75.000,72.000,71.000,70.000,89.000,75.000,88.766,67.875,73.000,73.734,33.996,45.223,44.469,44.586,40.311,21.436,74.841,5578.022,5204.343,5616.000,5200.000,0.000,73.000,18.000,14.000,2,1789720343.199,100,0
2443.889,95.988,97.910,71.938,83.000,78.000,99.000,85.000,77.000,81.000,97.000,76.000,72.000,99.000,78.000,94.406,67.750,73.000,73.738,33.996,45.238,44.473,44.598,36.676,21.617,67.483,5620.697,5202.914,5616.000,5200.000,0.000,73.000,17.000,15.000,2,1789720344.213,100,0
2444.890,96.070,97.992,71.938,83.000,80.000,99.000,88.000,88.000,81.000,74.000,77.000,71.000,99.000,80.000,98.516,67.750,73.000,73.742,33.996,45.250,44.480,44.609,44.865,20.717,77.009,5577.504,5201.937,5616.000,5200.000,0.000,72.000,17.000,8.000,2,1789720345.201,100,0
2445.891,96.195,98.117,72.000,81.000,78.000,83.000,93.000,100.000,79.000,76.000,74.000,70.000,100.000,79.000,99.016,67.688,72.000,73.715,33.996,45.262,44.484,44.621,43.942,20.842,76.179,5577.504,5202.012,5616.000,5200.000,0.000,72.000,18.000,14.000,2,1789720346.202,100,0
2446.892,96.355,98.359,71.812,83.000,77.000,100.000,82.000,97.000,80.000,78.000,75.000,71.000,100.000,77.000,99.109,67.562,73.000,73.723,33.996,45.273,44.488,44.629,45.336,21.045,77.447,5579.319,5166.401,5616.000,5200.000,0.000,73.000,19.000,18.000,2,1789720347.205,100,0
2447.896,96.426,98.336,72.062,81.000,88.000,100.000,85.000,78.000,79.000,75.000,76.000,71.000,100.000,79.000,97.516,67.562,73.000,73.727,33.996,45.289,44.496,44.645,44.982,21.452,77.521,5576.640,5202.838,5616.000,5200.000,0.000,73.000,17.000,8.000,2,1789720348.208,100,0
2448.901,96.527,98.391,72.000,81.000,78.000,100.000,83.000,87.000,78.000,74.000,77.000,71.000,100.000,78.000,97.953,67.688,72.000,73.699,33.996,45.301,44.504,44.652,44.690,20.593,76.242,5577.504,5202.312,5616.000,5200.000,0.000,73.000,16.000,8.000,2,1789720349.213,100,0
2449.902,96.641,98.535,72.000,94.000,80.000,88.000,88.000,82.000,96.000,76.000,75.000,71.000,98.797,79.000,98.797,67.688,73.000,73.707,33.996,45.312,44.508,44.664,44.862,21.515,77.715,5622.540,5202.763,5616.000,5200.000,0.000,72.000,18.000,32.000,2,1789720350.219,98,0
2450.902,96.305,98.199,71.938,76.000,73.000,84.000,77.000,74.000,74.000,72.000,82.000,70.000,85.891,74.000,85.891,67.688,72.000,73.680,33.996,45.328,44.512,44.676,29.774,20.997,63.284,5645.111,5240.022,5616.000,5200.000,0.000,73.000,19.000,17.000,2,1789720351.213,100,0
2451.904,96.289,98.184,71.812,92.000,80.000,89.000,88.000,78.000,90.000,77.000,81.000,71.000,95.922,79.000,95.922,67.625,72.000,73.617,33.996,45.340,44.516,44.684,44.736,22.283,77.171,5622.364,5203.892,5616.000,5200.000,0.000,73.000,21.000,30.000,2,1789720352.216,100,0
2452.907,96.332,98.227,71.750,85.000,88.000,90.000,87.000,88.000,82.000,75.000,75.000,71.000,97.578,80.000,97.578,67.562,73.000,73.621,33.996,45.352,44.523,44.699,47.571,23.472,82.711,5622.189,5202.538,5616.000,5200.000,0.000,73.000,17.000,3.000,2,1789720353.222,100,0
2453.911,96.402,98.297,72.125,85.000,83.000,88.000,86.000,90.000,80.000,96.000,75.000,72.000,98.625,80.000,98.625,67.688,73.000,73.629,33.996,45.363,44.527,44.707,47.109,23.136,82.133,5643.695,5204.117,5616.000,5200.000,0.000,72.000,17.000,15.000,2,1789720354.223,100,0
2454.916,96.465,98.359,71.875,97.000,81.000,90.000,86.000,93.000,88.000,76.000,75.000,71.000,98.422,81.000,98.422,67.750,73.000,73.637,33.996,45.375,44.531,44.719,47.039,22.925,81.763,5599.626,5203.515,5616.000,5200.000,0.000,73.000,19.000,26.000,2,1789720355.226,98,0
2455.916,96.148,98.043,71.875,88.000,78.000,85.000,79.000,77.000,74.000,71.000,72.000,69.000,88.000,76.000,86.344,67.812,73.000,73.641,33.996,45.387,44.535,44.723,31.868,23.219,67.396,5600.411,5203.365,5616.000,5200.000,0.000,73.000,18.000,16.000,2,1789720356.227,100,0
2456.920,96.141,98.035,71.875,94.000,87.000,90.000,87.000,78.000,81.000,77.000,87.000,71.000,95.891,81.000,95.891,67.750,73.000,73.648,33.996,45.398,44.543,44.734,42.578,22.992,75.763,5622.540,5203.590,5616.000,5200.000,0.000,73.000,20.000,25.000,2,1789720357.233,100,0
2457.920,96.211,98.105,71.938,91.000,84.000,96.000,86.000,85.000,80.000,74.000,90.000,71.000,98.375,79.000,98.375,67.750,73.000,73.656,33.996,45.410,44.543,44.746,47.420,22.883,81.490,5643.164,5202.688,5616.000,5200.000,0.000,73.000,20.000,32.000,2,1789720358.231,100,0
2458.922,96.273,98.168,71.938,92.000,87.000,97.000,89.000,84.000,79.000,77.000,73.000,71.000,98.203,81.000,98.203,67.750,73.000,73.660,33.996,45.422,44.547,44.754,45.514,22.651,79.737,5576.986,5203.741,5616.000,5200.000,0.000,73.000,18.000,21.000,2,1789720359.233,100,0
2459.926,96.336,98.230,71.938,87.000,80.000,92.000,87.000,93.000,98.000,77.000,78.000,71.000,98.297,79.000,98.297,67.750,73.000,73.668,33.996,45.434,44.551,44.762,47.702,22.698,82.022,5620.609,5202.463,5616.000,5200.000,0.000,73.000,19.000,20.000,2,1789720360.236,98,0
2460.931,96.035,97.930,71.875,84.000,77.000,79.000,81.000,73.000,82.000,73.000,71.000,69.000,86.734,75.000,86.734,68.000,73.000,73.672,33.996,45.445,44.559,44.770,43.734,22.741,67.595,5643.695,5201.711,5616.000,5200.000,0.000,73.000,21.000,36.000,2,1789720361.242,100,0
2461.931,96.043,97.938,71.812,99.000,84.000,90.000,86.000,81.000,81.000,84.000,77.000,73.000,99.000,80.000,96.266,67.750,73.000,73.648,33.996,45.457,44.562,44.781,47.762,23.346,77.157,5621.750,5201.711,5616.000,5200.000,0.000,73.000,20.000,28.000,2,1789720362.242,100,0
2462.931,96.098,97.992,72.000,98.000,82.000,93.000,88.000,86.000,79.000,81.000,76.000,73.000,98.000,80.000,97.750,67.750,73.000,73.656,33.996,45.469,44.566,44.793,46.909,22.991,82.669,5622.276,5202.688,5616.000,5200.000,0.000,73.000,20.000,29.000,2,1789720363.243,100,0
2463.935,96.066,97.961,72.000,91.000,82.000,91.000,85.000,83.000,79.000,78.000,95.000,72.000,95.141,80.000,95.141,67.750,73.000,73.660,33.996,45.480,44.566,44.797,47.300,22.803,81.141,5643.429,5203.515,5616.000,5200.000,0.000,73.000,16.000,5.000,2,1789720364.249,100,0
2464.936,96.129,98.023,72.188,86.000,86.000,91.000,96.000,83.000,82.000,77.000,76.000,72.000,98.000,80.000,98.000,67.875,73.000,73.664,33.996,45.492,44.570,44.809,37.097,22.847,81.562,5620.258,5202.312,5616.000,5200.000,0.000,74.000,19.000,25.000,2,1789720365.245,98,0
2465.941,95.867,97.762,72.062,80.000,75.000,86.000,78.000,86.000,75.000,71.000,73.000,70.000,87.750,74.000,87.750,67.938,73.000,73.668,33.996,45.500,44.578,44.816,41.429,22.827,71.896,5620.960,5203.139,5616.000,5200.000,0.000,73.000,20.000,28.000,2,1789720366.252,100,0
2466.941,95.871,97.766,71.750,86.000,84.000,90.000,87.000,79.000,96.000,73.000,76.000,71.000,96.000,80.000,96.000,67.875,73.000,73.672,33.996,45.512,44.582,44.824,46.253,21.989,74.821,5621.487,5203.590,5616.000,5200.000,0.000,73.000,17.000,13.000,2,1789720367.251,100,0
2467.941,95.914,97.809,71.938,92.000,89.000,89.000,93.000,86.000,82.000,80.000,76.000,73.000,97.266,80.000,97.266,67.812,73.000,73.676,33.996,45.527,44.590,44.832,46.358,21.449,79.705,5620.872,5203.365,5616.000,5200.000,0.000,73.000,19.000,22.000,2,1789720368.251,100,0
2468.944,96.004,97.898,71.875,91.000,79.000,100.000,86.000,80.000,79.000,80.000,75.000,71.000,100.000,78.000,96.703,67.875,73.000,73.684,33.996,45.543,44.602,44.840,46.879,21.929,79.333,5642.722,5204.493,5616.000,5200.000,0.000,74.000,18.000,19.000,2,1789720369.255,100,0
2469.949,96.027,97.922,72.000,87.000,78.000,100.000,83.000,81.000,79.000,75.000,80.000,71.000,96.703,78.000,99.156,67.750,73.000,73.688,33.996,45.555,44.605,44.852,45.835,22.324,80.771,5620.872,5203.590,5616.000,5200.000,0.000,73.000,18.000,21.000,2,1789720370.257,100,0
2470.951,96.211,98.207,72.125,77.000,75.000,94.000,79.000,74.000,73.000,71.000,70.000,69.000,100.000,74.000,87.891,67.812,73.000,73.691,33.996,45.566,44.609,44.855,31.852,22.398,79.883,5622.101,5202.463,5616.000,5200.000,0.000,73.000,19.000,23.000,2,1789720371.260,98,0
2471.951,95.949,97.945,72.000,90.000,80.000,87.000,83.000,100.000,78.000,76.000,76.000,71.000,94.000,79.000,97.500,67.812,73.000,73.660,33.996,45.582,44.621,44.867,43.945,23.211,65.692,5641.749,5239.488,5616.000,5200.000,0.000,73.000,19.000,32.000,2,1789720372.260,100,0
2472.956,96.020,98.016,71.875,94.000,81.000,89.000,92.000,82.000,79.000,76.000,76.000,72.000,100.000,80.000,96.562,67.938,73.000,73.664,33.996,45.594,44.633,44.875,47.085,23.416,78.390,5620.785,5203.590,5616.000,5200.000,0.000,73.000,19.000,28.000,2,1789720373.265,100,0
2473.961,96.035,98.031,72.000,84.000,81.000,88.000,91.000,78.000,100.000,73.000,75.000,71.000,96.562,79.000,98.625,67.875,73.000,73.664,33.996,45.621,44.652,44.891,46.616,23.782,82.036,5622.013,5203.139,5616.000,5200.000,0.000,73.000,21.000,35.000,2,1789720374.270,100,0
2474.965,96.199,98.242,72.062,87.000,77.000,93.000,81.000,82.000,76.000,72.000,72.000,70.000,97.109,77.000,97.109,68.125,73.000,73.672,33.996,45.633,44.652,44.898,46.171,23.845,81.986,5620.346,5204.493,5616.000,5200.000,0.000,74.000,19.000,24.000,2,1789720375.276,98,0
2475.967,95.883,97.926,71.938,78.000,74.000,83.000,77.000,77.000,73.000,85.000,71.000,70.000,86.109,74.000,86.109,68.062,73.000,73.676,33.996,45.645,44.660,44.906,30.397,23.174,80.628,5640.600,5203.365,5616.000,5200.000,0.000,74.000,20.000,30.000,2,1789720376.278,100,0
2476.970,95.945,97.988,71.938,100.000,80.000,83.000,85.000,86.000,91.000,76.000,75.000,71.000,100.000,79.000,97.938,68.000,73.000,73.680,33.996,45.656,44.668,44.918,45.820,23.420,65.067,5619.381,5202.237,5616.000,5200.000,0.000,73.000,19.000,23.000,2,1789720377.282,100,0
2477.974,96.016,98.059,72.000,88.000,79.000,83.000,85.000,83.000,80.000,93.000,76.000,73.000,98.188,78.000,98.188,67.938,73.000,73.684,33.996,45.672,44.676,44.922,48.000,23.585,81.747,5577.245,5201.485,5616.000,5200.000,0.000,73.000,18.000,18.000,2,1789720378.285,100,0
2478.977,96.117,98.160,71.938,83.000,90.000,94.000,85.000,84.000,85.000,77.000,75.000,71.000,99.078,79.000,99.078,68.062,73.000,73.684,33.996,45.688,44.684,44.930,46.787,23.505,82.595,5619.995,5201.034,5616.000,5200.000,0.000,74.000,18.000,26.000,2,1789720379.288,100,0
2479.980,96.160,98.203,72.000,85.000,82.000,83.000,87.000,80.000,79.000,87.000,94.000,73.000,97.531,80.000,97.531,67.938,73.000,73.688,33.996,45.695,44.691,44.938,46.312,23.217,81.773,5619.118,5201.636,5616.000,5200.000,0.000,73.000,18.000,21.000,2,1789720380.290,98,0
2480.984,95.812,97.855,72.000,84.000,74.000,86.000,78.000,76.000,74.000,79.000,71.000,70.000,86.000,74.000,85.094,68.000,73.000,73.660,33.996,45.707,44.691,44.945,30.823,23.064,80.213,5620.433,5165.512,5616.000,5200.000,0.000,73.000,19.000,22.000,2,1789720381.294,98,0
2481.986,95.848,97.891,71.812,100.000,78.000,83.000,86.000,80.000,84.000,81.000,75.000,73.000,100.000,78.000,97.000,68.000,73.000,73.664,33.996,45.719,44.695,44.953,44.799,22.434,64.741,5621.136,5202.838,5616.000,5200.000,0.000,73.000,18.000,22.000,2,1789720382.296,100,0
2482.989,95.910,97.953,72.000,82.000,88.000,83.000,84.000,100.000,77.000,79.000,75.000,72.000,100.000,80.000,97.766,67.875,73.000,73.664,33.996,45.730,44.703,44.961,47.256,22.121,78.775,5620.170,5202.763,5616.000,5200.000,0.000,73.000,18.000,23.000,2,1789720383.299,100,0
2483.990,95.988,98.031,71.875,87.000,80.000,83.000,84.000,80.000,80.000,93.000,76.000,73.000,98.203,80.000,98.203,67.938,73.000,73.668,33.996,45.742,44.715,44.969,46.828,22.315,81.157,5598.320,5201.711,5616.000,5200.000,0.000,73.000,17.000,17.000,2,1789720384.301,100,0
2484.991,96.055,98.098,71.938,89.000,79.000,85.000,86.000,80.000,79.000,76.000,76.000,71.000,97.859,78.000,97.859,68.062,73.000,73.668,33.996,45.758,44.727,44.977,47.946,21.562,80.847,5620.346,5202.989,5616.000,5200.000,0.000,73.000,15.000,11.000,2,1789720385.302,100,0
2485.994,96.172,98.238,72.000,100.000,79.000,95.000,85.000,82.000,78.000,76.000,74.000,71.000,100.000,78.000,98.438,67.938,73.000,73.672,33.996,45.766,44.730,44.984,42.127,20.379,80.057,5598.320,5240.251,5616.000,5200.000,0.000,73.000,16.000,21.000,2,1789720386.304,98,0
2486.998,95.852,97.918,71.688,81.000,78.000,78.000,80.000,80.000,75.000,71.000,71.000,69.000,86.016,75.000,86.016,67.938,73.000,73.676,33.996,45.777,44.742,44.992,29.457,20.918,73.226,5641.661,5201.034,5616.000,5200.000,0.000,73.000,19.000,27.000,2,1789720387.308,100,0
2488.000,95.922,97.988,71.562,88.000,86.000,96.000,93.000,81.000,79.000,75.000,76.000,71.000,98.016,80.000,98.016,67.875,73.000,73.676,33.996,45.789,44.746,45.000,46.464,23.595,61.959,5576.467,5203.139,5616.000,5200.000,0.000,74.000,19.000,28.000,2,1789720388.310,100,0
2489.000,96.016,98.082,71.500,83.000,86.000,96.000,84.000,80.000,78.000,89.000,76.000,74.000,99.031,80.000,99.031,68.000,73.000,73.680,33.996,45.801,44.758,45.008,46.718,24.148,81.873,5618.854,5202.463,5616.000,5200.000,0.000,74.000,20.000,32.000,2,1789720389.312,100,0
2490.000,96.074,98.141,71.562,96.000,95.000,87.000,87.000,79.000,80.000,79.000,76.000,72.000,97.781,83.000,97.781,68.125,74.000,73.711,33.996,45.812,44.770,45.012,47.392,24.531,82.571,5617.364,5202.989,5616.000,5200.000,0.000,74.000,21.000,36.000,2,1789720390.312,100,0
2491.001,96.141,98.207,71.688,98.000,81.000,92.000,87.000,87.000,81.000,76.000,76.000,71.000,98.156,80.000,98.156,68.250,74.000,73.801,33.996,45.824,44.781,45.020,47.557,25.256,83.807,5617.013,5202.989,5616.000,5200.000,0.000,74.000,20.000,43.000,2,1789720391.310,98,0
2492.001,95.816,97.883,71.438,79.000,77.000,85.000,78.000,73.000,83.000,71.000,71.000,70.000,85.781,76.000,85.781,68.250,73.000,73.801,33.996,45.836,44.793,45.023,30.752,25.052,83.358,5618.416,5201.335,5616.000,5200.000,0.000,74.000,23.000,54.000,2,1789720392.311,98,0
2493.001,95.840,97.906,71.312,88.000,80.000,89.000,91.000,91.000,80.000,83.000,76.000,73.000,96.578,80.000,96.578,68.188,74.000,73.832,33.996,45.848,44.797,45.031,44.010,25.773,66.536,5617.978,5201.711,5616.000,5200.000,0.000,74.000,23.000,53.000,2,1789720393.313,100,0
2494.001,95.754,97.820,71.375,85.000,77.000,90.000,83.000,81.000,85.000,79.000,78.000,72.000,93.062,78.000,93.062,68.000,71.000,73.766,33.996,45.855,44.801,45.043,43.363,11.979,82.469,5639.186,5165.438,5616.000,5200.000,0.000,71.000,4.000,0.000,2,1789720394.312,100,0
2495.004,95.805,97.871,71.500,88.000,80.000,81.000,100.000,86.000,78.000,75.000,74.000,71.000,100.000,80.000,97.500,67.438,71.000,73.707,33.996,45.867,44.812,45.047,40.315,10.072,61.374,5639.716,5164.696,5616.000,5200.000,0.000,71.000,12.000,5.000,2,1789720395.314,100,0
2496.009,95.785,97.852,71.500,100.000,77.000,81.000,80.000,84.000,77.000,77.000,90.000,72.000,100.000,77.000,95.172,67.125,72.000,73.676,33.996,45.879,44.824,45.055,43.604,14.881,63.472,5616.838,5201.937,5616.000,5200.000,0.000,71.000,13.000,6.000,2,1789720396.319,100,0
2497.011,95.789,97.855,71.562,80.000,78.000,82.000,84.000,77.000,79.000,94.000,85.000,71.000,95.984,78.000,95.984,67.188,72.000,73.648,33.996,45.887,44.828,45.059,44.028,15.543,69.635,5617.276,5203.139,5616.000,5200.000,0.000,72.000,12.000,5.000,2,1789720397.321,100,0
2498.015,95.777,97.637,71.500,81.000,77.000,100.000,82.000,87.000,83.000,74.000,75.000,71.000,100.000,78.000,95.531,67.188,71.000,73.594,33.996,45.895,44.832,45.066,44.886,15.380,70.398,5616.750,5165.215,5616.000,5200.000,0.000,72.000,14.000,11.000,2,1789720398.326,100,0
2499.018,95.656,97.516,71.500,81.000,88.000,80.000,86.000,80.000,81.000,75.000,83.000,71.000,91.906,78.000,91.906,67.000,72.000,73.566,33.996,45.902,44.836,45.066,44.395,15.644,70.606,5618.153,5203.741,5616.000,5200.000,0.000,72.000,14.000,8.000,2,1789720399.330,100,0
2500.021,95.496,97.355,71.562,90.000,78.000,95.000,84.000,78.000,78.000,74.000,75.000,71.000,95.000,77.000,90.469,67.000,72.000,73.543,33.996,45.910,44.840,45.074,43.056,15.725,71.483,5617.540,5203.064,5616.000,5200.000,0.000,72.000,14.000,5.000,2,1789720400.333,100,0
2501.025,95.398,97.258,71.500,82.000,84.000,86.000,83.000,79.000,91.000,79.000,78.000,71.000,92.422,78.000,92.422,66.875,71.000,73.523,33.996,45.918,44.844,45.078,43.157,15.521,70.099,5617.276,5202.012,5616.000,5200.000,0.000,72.000,14.000,5.000,2,1789720401.337,100,0
2502.029,95.359,97.219,71.375,84.000,88.000,91.000,82.000,80.000,78.000,83.000,74.000,71.000,94.094,78.000,94.094,66.938,71.000,73.473,33.996,45.926,44.855,45.082,43.461,15.067,69.374,5617.276,5201.636,5616.000,5200.000,0.000,72.000,13.000,7.000,2,1789720402.340,100,0
2503.033,95.223,97.082,71.500,82.000,82.000,82.000,82.000,81.000,87.000,83.000,85.000,72.000,90.984,78.000,90.984,66.750,71.000,73.422,33.996,45.934,44.859,45.086,44.186,14.460,69.574,5617.452,5200.283,5616.000,5200.000,0.000,71.000,13.000,26.000,2,1789720403.345,100,0
2504.033,94.672,96.531,71.375,68.000,67.000,69.000,68.000,68.000,66.000,68.000,66.000,67.000,77.594,67.000,77.594,66.438,69.000,73.309,33.996,45.945,44.867,45.086,30.924,7.220,69.706,5617.540,5201.861,5616.000,5200.000,0.000,69.000,4.000,0.000,2,1789720404.344,100,0
2505.033,94.035,95.895,71.000,68.000,67.000,68.000,67.000,68.000,66.000,67.000,66.000,66.000,74.281,67.000,74.281,66.000,68.000,73.168,33.996,45.949,44.871,45.090,15.841,4.236,41.501,5617.364,5202.237,5616.000,5200.000,0.000,69.000,5.000,1.000,2,1789720405.346,100,0
2506.038,93.352,95.211,70.688,67.000,66.000,67.000,66.000,65.000,64.000,66.000,65.000,66.000,72.125,66.000,72.125,65.562,35.000,72.004,33.996,45.953,44.871,45.086,25.965,4.925,28.241,5617.452,5203.214,5616.000,5200.000,0.000,,,,2,1789720406.351,100,0
2507.038,92.488,94.348,70.000,65.000,64.000,65.000,64.000,63.000,62.000,64.000,63.000,64.000,65.844,64.000,65.844,64.938,35.000,70.871,33.996,45.957,44.867,45.082,5.732,0.099,42.603,5617.189,5201.937,5616.000,5200.000,0.000,,,,2,1789720407.356,100,0
2508.039,91.605,93.465,69.250,63.000,63.000,64.000,62.000,62.000,61.000,63.000,63.000,64.000,64.172,63.000,64.172,64.062,35.000,69.777,33.996,45.961,44.863,45.070,4.659,0.068,15.378,5617.364,5202.162,5616.000,5200.000,0.000,,,,2,1789720408.355,100,0
2509.043,90.738,92.598,68.750,63.000,62.000,63.000,62.000,62.000,61.000,63.000,61.000,63.000,63.875,62.000,63.875,63.500,35.000,68.715,33.996,45.961,44.855,45.059,5.623,0.080,13.979,5616.663,5200.509,5616.000,5200.000,0.000,,,,2,1789720409.356,100,0
2510.048,89.871,91.730,68.125,62.000,61.000,62.000,61.000,61.000,60.000,62.000,61.000,62.000,62.953,61.000,62.953,62.875,35.000,67.688,33.996,45.961,44.848,45.047,6.269,0.082,15.481,5617.276,5201.410,5616.000,5200.000,0.000,,,,2,1789720410.362,100,0
2511.048,89.012,90.871,67.688,62.000,60.000,61.000,61.000,61.000,60.000,61.000,60.000,62.000,62.344,60.000,62.344,62.250,35.000,66.695,33.996,45.957,44.836,45.027,5.609,0.085,15.934,5616.750,5202.012,5616.000,5200.000,0.000,,,,2,1789720411.360,100,0
2512.051,88.141,90.000,67.125,60.000,59.000,61.000,60.000,60.000,59.000,60.000,59.000,61.000,61.156,59.000,61.156,61.562,35.000,65.730,33.996,45.953,44.824,45.012,4.839,0.073,14.985,5618.065,5200.809,5616.000,5200.000,0.000,,,,2,1789720412.366,100,0
2513.053,87.289,89.148,66.500,59.000,59.000,60.000,60.000,60.000,58.000,60.000,59.000,61.000,61.000,59.000,60.984,61.125,35.000,64.793,33.996,45.949,44.809,44.988,5.041,0.095,14.774,5617.802,5202.538,5616.000,5200.000,0.000,,,,2,1789720413.364,100,0
2514.053,86.441,88.301,66.000,59.000,58.000,60.000,59.000,59.000,57.000,59.000,58.000,59.000,60.125,58.000,60.125,60.562,35.000,63.891,33.996,45.945,44.793,44.969,4.878,0.089,14.363,5618.854,5201.861,5616.000,5200.000,0.000,,,,2,1789720414.364,100,0
2515.056,85.609,87.469,65.312,59.000,58.000,58.000,59.000,58.000,56.000,59.000,58.000,59.000,59.734,58.000,59.734,60.000,35.000,63.012,33.996,45.941,44.777,44.938,5.219,0.084,14.505,5618.065,5163.437,5616.000,5200.000,0.000,,,,2,1789720415.369,100,0
2516.060,84.801,86.660,65.062,59.000,59.000,59.000,59.000,58.000,57.000,59.000,58.000,59.000,59.734,58.000,59.734,59.500,35.000,62.164,33.996,45.930,44.754,44.910,6.577,0.121,14.627,5619.556,5201.636,5616.000,5200.000,0.000,,,,2,1789720416.372,100,0
2517.065,84.133,85.992,64.688,62.000,61.000,62.000,62.000,61.000,60.000,60.000,59.000,61.000,63.453,60.000,63.453,58.875,35.000,61.340,33.996,45.922,44.734,44.879,16.010,0.141,16.674,5596.667,5200.659,5616.000,5200.000,0.000,,,,2,1789720417.376,100,0
2518.066,83.398,85.258,64.500,58.000,58.000,58.000,58.000,58.000,57.000,59.000,57.000,59.000,60.641,58.000,60.641,58.375,35.000,60.543,33.996,45.910,44.707,44.844,13.036,0.210,24.631,5619.118,5200.283,5616.000,5200.000,0.000,,,,2,1789720418.377,100,0
2519.066,82.629,84.488,63.938,57.000,57.000,58.000,58.000,57.000,55.000,58.000,57.000,58.000,58.750,57.000,58.750,58.062,35.000,59.773,33.996,45.898,44.684,44.809,7.667,0.143,17.889,5618.153,5200.809,5616.000,5200.000,0.000,,,,2,1789720419.378,100,0
2520.071,81.867,83.727,63.812,57.000,57.000,57.000,58.000,56.000,56.000,57.000,56.000,58.000,58.281,57.000,58.281,57.750,35.000,59.023,33.996,45.887,44.656,44.770,6.900,0.118,16.313,5619.118,5197.805,5616.000,5200.000,0.000,,,,2,1789720420.383,100,0
2521.074,81.137,82.996,63.188,58.000,58.000,58.000,58.000,57.000,56.000,58.000,56.000,57.000,58.516,57.000,58.516,57.188,35.000,58.301,33.996,45.871,44.629,44.730,8.825,0.148,18.692,5641.130,5200.434,5616.000,5200.000,0.000,,,,2,1789720421.384,100,0
2522.078,80.414,82.273,62.875,57.000,57.000,57.000,56.000,56.000,55.000,57.000,56.000,57.000,57.953,56.000,57.953,56.812,35.000,57.598,33.996,45.855,44.598,44.688,8.515,0.145,18.604,5620.258,5165.363,5616.000,5200.000,0.000,,,,2,1789720422.390,100,0
2523.081,79.688,81.547,62.500,56.000,55.000,57.000,56.000,55.000,54.000,56.000,55.000,57.000,57.188,55.000,57.188,56.438,35.000,56.918,33.996,45.836,44.566,44.645,7.455,0.131,17.524,5620.521,5202.538,5616.000,5200.000,0.000,,,,2,1789720423.393,100,0
2524.086,78.977,80.836,62.062,56.000,56.000,57.000,56.000,55.000,53.000,56.000,55.000,57.000,57.000,55.000,57.000,56.062,35.000,56.258,33.996,45.816,44.531,44.598,6.807,0.123,16.365,5619.819,5201.260,5616.000,5200.000,0.000,,,,2,1789720424.398,100,0
2525.088,78.281,80.141,61.688,58.000,56.000,57.000,57.000,55.000,54.000,55.000,55.000,56.000,58.000,56.000,56.734,55.750,35.000,55.621,33.996,45.797,44.496,44.551,6.922,0.127,16.617,5619.907,5199.382,5616.000,5200.000,0.000,,,,2,1789720425.398,100,0
2526.088,77.609,79.469,61.375,55.000,55.000,56.000,56.000,54.000,53.000,55.000,54.000,55.000,56.688,54.000,56.688,55.438,35.000,55.004,33.996,45.777,44.457,44.496,7.800,0.130,18.088,5642.015,5201.034,5616.000,5200.000,0.000,,,,2,1789720426.399,100,0
2527.088,76.961,78.820,60.938,56.000,55.000,56.000,55.000,54.000,53.000,55.000,54.000,56.000,56.922,54.000,56.922,54.938,35.000,54.402,33.996,45.758,44.418,44.445,7.497,0.129,17.146,5622.101,5163.437,5616.000,5200.000,0.000,,,,2,1789720427.400,100,0
2528.090,76.277,78.137,60.688,54.000,54.000,55.000,54.000,54.000,52.000,54.000,53.000,55.000,55.109,53.000,55.109,54.562,35.000,53.824,33.996,45.734,44.379,44.395,6.743,0.126,16.474,5599.540,5238.192,5616.000,5200.000,0.000,,,,2,1789720428.401,100,0
2529.092,75.621,77.480,60.188,54.000,54.000,55.000,55.000,54.000,52.000,54.000,53.000,55.000,55.266,53.000,55.266,54.312,35.000,53.262,33.996,45.711,44.336,44.340,8.004,0.133,17.750,5621.750,5201.335,5616.000,5200.000,0.000,,,,2,1789720429.402,100,0
2530.093,74.984,76.844,59.938,54.000,54.000,54.000,54.000,53.000,52.000,54.000,53.000,55.000,55.219,53.000,55.219,53.938,35.000,52.715,33.996,45.684,44.293,44.285,9.284,0.153,19.476,5622.979,5200.959,5616.000,5200.000,0.000,,,,2,1789720430.402,100,0
2531.097,74.379,76.238,59.562,54.000,55.000,55.000,55.000,53.000,52.000,54.000,53.000,54.000,55.578,54.000,55.578,53.750,35.000,52.188,33.996,45.660,44.250,44.230,10.315,0.164,20.208,5622.364,5203.741,5616.000,5200.000,0.000,,,,2,1789720431.408,100,0
2532.099,73.766,75.625,59.312,53.000,54.000,54.000,53.000,53.000,52.000,53.000,52.000,54.000,54.797,53.000,54.797,53.375,35.000,51.680,33.996,45.633,44.203,44.168,7.248,0.128,16.790,5621.925,5201.711,5616.000,5200.000,0.000,,,,2,1789720432.410,100,0
2533.099,73.246,75.105,59.062,54.000,54.000,55.000,55.000,54.000,53.000,54.000,53.000,54.000,57.109,53.000,57.109,53.125,35.000,51.184,33.996,45.609,44.156,44.109,14.358,0.169,24.125,5600.759,5199.983,5616.000,5200.000,0.000,,,,2,1789720433.411,100,0
2534.104,72.664,74.523,58.812,53.000,53.000,54.000,53.000,53.000,51.000,53.000,52.000,53.000,54.656,52.000,54.656,52.875,35.000,50.703,33.996,45.578,44.109,44.047,9.604,0.131,19.227,5622.804,5201.485,5616.000,5200.000,0.000,,,,2,1789720434.417,100,0
2535.108,72.098,73.957,58.500,54.000,53.000,54.000,54.000,53.000,52.000,54.000,52.000,58.000,58.000,54.000,54.594,52.625,35.000,50.238,33.996,45.551,44.062,43.984,6.393,0.100,15.687,5623.243,5200.884,5616.000,5200.000,0.000,,,,2,1789720435.422,100,0
2536.110,71.520,73.379,58.125,52.000,53.000,53.000,52.000,52.000,51.000,52.000,51.000,53.000,53.562,52.000,53.562,52.438,35.000,49.789,33.996,45.520,44.012,43.922,9.034,0.142,19.227,5601.543,5202.463,5616.000,5200.000,0.000,,,,2,1789720436.425,100,0
2537.115,70.941,72.801,57.750,52.000,52.000,53.000,52.000,51.000,51.000,52.000,51.000,53.000,53.000,52.000,52.984,52.062,35.000,49.352,33.996,45.488,43.961,43.855,5.064,0.088,14.589,5622.452,5201.109,5616.000,5200.000,0.000,,,,2,1789720437.432,100,0
2538.120,70.371,72.230,57.500,51.000,51.000,52.000,51.000,51.000,49.000,51.000,50.000,53.000,53.000,51.000,52.734,51.750,35.000,48.930,33.996,45.457,43.910,43.793,3.840,0.072,13.061,5667.774,5201.109,5616.000,5200.000,0.000,,,,2,1789720438.439,100,0
2539.125,69.805,71.664,57.125,51.000,50.000,52.000,51.000,51.000,49.000,51.000,51.000,52.000,52.172,50.000,52.172,51.562,35.000,48.477,33.996,45.422,43.855,43.723,3.449,0.064,12.466,5580.876,5202.838,5616.000,5200.000,0.000,,,,2,1789720439.444,100,0
2540.128,69.246,71.105,56.562,50.000,50.000,52.000,51.000,50.000,50.000,51.000,50.000,52.000,52.000,50.000,52.000,51.188,35.000,48.082,33.996,45.391,43.805,43.660,3.352,0.065,12.225,5624.824,5164.548,5616.000,5200.000,0.000,,,,2,1789720440.439,100,0
2541.131,68.703,70.562,56.188,51.000,50.000,52.000,52.000,50.000,49.000,51.000,50.000,51.000,52.000,50.000,51.875,51.000,35.000,47.699,33.996,45.359,43.750,43.590,4.423,0.083,14.277,5647.679,5201.937,5616.000,5200.000,0.000,,,,2,1789720441.445,100,0
2542.132,68.184,70.043,55.938,51.000,51.000,52.000,52.000,51.000,49.000,51.000,51.000,51.000,52.094,51.000,52.094,50.688,35.000,47.324,33.996,45.320,43.691,43.523,6.614,0.124,16.512,5647.236,5202.388,5616.000,5200.000,0.000,,,,2,1789720442.446,100,0
2543.135,67.801,69.660,55.750,53.000,53.000,54.000,54.000,52.000,51.000,52.000,51.000,54.000,55.906,52.000,55.906,50.375,35.000,46.965,33.996,45.289,43.637,43.453,13.558,0.166,23.701,5625.176,5202.538,5616.000,5200.000,0.000,,,,2,1789720443.446,100,0
2544.140,67.348,69.207,55.625,52.000,52.000,53.000,53.000,51.000,50.000,51.000,50.000,52.000,53.297,51.000,53.297,50.250,35.000,46.617,33.996,45.250,43.582,43.387,10.153,0.174,20.245,5647.325,5203.590,5616.000,5200.000,0.000,,,,2,1789720444.456,100,0
2545.144,66.926,68.785,55.500,51.000,51.000,52.000,52.000,52.000,50.000,51.000,50.000,51.000,53.859,51.000,53.859,50.188,35.000,46.277,33.996,45.215,43.523,43.316,9.521,0.143,19.558,5649.186,5203.967,5616.000,5200.000,0.000,,,,2,1789720445.455,100,0
2546.147,66.469,68.328,55.312,51.000,51.000,52.000,52.000,51.000,49.000,51.000,49.000,51.000,52.219,50.000,52.219,49.938,35.000,45.949,33.996,45.180,43.469,43.246,8.130,0.146,18.290,5606.080,5201.636,5616.000,5200.000,0.000,,,,2,1789720446.459,100,0
2547.150,66.168,67.844,55.188,66.000,55.000,59.000,60.000,58.000,55.000,53.000,52.000,52.000,66.000,55.000,56.875,49.812,35.000,45.633,33.996,45.145,43.410,43.176,12.533,0.175,23.806,5605.643,5202.914,5616.000,5200.000,0.000,,,,2,1789720447.460,100,0
2548.154,65.855,67.363,55.125,52.000,53.000,54.000,53.000,52.000,51.000,52.000,51.000,51.000,56.250,52.000,56.250,49.562,35.000,45.324,33.996,45.105,43.355,43.105,20.117,0.206,29.795,5648.654,5200.734,5616.000,5200.000,0.000,,,,2,1789720448.465,100,0
2549.158,65.453,66.961,55.000,51.000,51.000,52.000,52.000,51.000,49.000,51.000,50.000,51.000,52.875,51.000,52.875,49.562,35.000,44.988,33.996,45.070,43.293,43.031,11.071,0.157,21.327,5583.386,5202.312,5616.000,5200.000,0.000,,,,2,1789720449.470,100,0
2550.161,65.023,66.531,54.750,50.000,50.000,51.000,51.000,50.000,48.000,50.000,49.000,50.000,51.797,49.000,51.797,49.375,35.000,44.699,33.996,45.031,43.234,42.961,7.463,0.134,17.464,5626.846,5202.463,5616.000,5200.000,0.000,,,,2,1789720450.473,100,0
2551.163,64.801,66.156,54.562,65.000,57.000,63.000,62.000,60.000,57.000,54.000,54.000,53.000,65.000,56.000,57.875,49.312,35.000,44.422,33.996,44.996,43.176,42.887,12.900,0.168,24.839,5626.846,5201.711,5616.000,5200.000,0.000,,,,2,1789720451.473,100,0
2552.164,64.488,65.707,54.500,52.000,52.000,53.000,52.000,52.000,50.000,51.000,50.000,51.000,54.766,51.000,54.766,49.125,35.000,44.148,33.996,44.957,43.113,42.812,18.213,0.216,26.866,5628.078,5201.260,5616.000,5200.000,0.000,,,,2,1789720452.476,100,0
2553.169,64.086,65.305,54.312,50.000,50.000,51.000,51.000,50.000,49.000,50.000,49.000,50.000,51.594,50.000,51.594,48.938,35.000,43.887,33.996,44.918,43.055,42.742,7.642,0.147,17.583,5606.254,5202.914,5616.000,5200.000,0.000,,,,2,1789720453.480,100,0
2554.170,63.738,64.957,54.188,53.000,52.000,52.000,52.000,52.000,51.000,51.000,51.000,51.000,53.016,51.000,53.016,48.875,35.000,43.633,33.996,44.879,42.996,42.672,12.265,0.201,22.370,5604.421,5202.538,5616.000,5200.000,0.000,,,,2,1789720454.481,100,0
2555.173,63.414,64.633,54.188,54.000,53.000,54.000,53.000,52.000,51.000,52.000,52.000,51.000,54.000,52.000,53.359,48.750,35.000,43.387,33.996,44.840,42.938,42.598,14.386,0.248,24.514,5606.341,5202.388,5616.000,5200.000,0.000,,,,2,1789720455.484,100,0
2556.177,63.051,64.270,53.875,50.000,50.000,51.000,51.000,50.000,49.000,50.000,49.000,50.000,51.812,49.000,51.812,48.562,35.000,43.148,33.996,44.797,42.875,42.523,10.361,0.189,20.072,5606.429,5202.838,5616.000,5200.000,0.000,,,,2,1789720456.488,100,0
2557.178,62.715,63.934,53.750,50.000,51.000,52.000,52.000,51.000,49.000,50.000,49.000,50.000,52.281,50.000,52.281,48.500,35.000,42.918,33.996,44.758,42.816,42.453,11.895,0.182,21.943,5607.302,5201.861,5616.000,5200.000,0.000,,,,2,1789720457.490,100,0
2558.180,62.395,63.613,53.812,51.000,50.000,52.000,51.000,50.000,49.000,50.000,49.000,50.000,52.391,50.000,52.391,48.250,35.000,42.691,33.996,44.719,42.762,42.383,12.468,0.219,22.051,5630.278,5202.989,5616.000,5200.000,0.000,,,,2,1789720458.492,100,0
2559.181,62.027,63.246,53.562,49.000,49.000,50.000,51.000,49.000,48.000,49.000,49.000,50.000,51.000,50.000,50.703,48.312,35.000,42.438,33.996,44.680,42.699,42.309,7.900,0.149,17.292,5607.826,5201.109,5616.000,5200.000,0.000,,,,2,1789720459.492,100,0
2560.182,61.656,62.875,53.375,49.000,49.000,50.000,49.000,48.000,47.000,48.000,48.000,49.000,50.188,49.000,50.188,48.000,35.000,42.227,33.996,44.637,42.641,42.238,7.047,0.132,16.776,5608.875,5201.109,5616.000,5200.000,0.000,,,,2,1789720460.495,100,0
2561.184,61.570,62.789,53.188,58.000,56.000,58.000,60.000,57.000,56.000,53.000,52.000,53.000,60.000,55.000,58.875,47.938,35.000,42.023,33.996,44.594,42.582,42.168,16.053,0.185,27.953,5609.224,5201.109,5616.000,5200.000,0.000,,,,2,1789720461.495,100,0
2562.189,61.449,62.668,53.188,53.000,53.000,54.000,54.000,51.000,51.000,51.000,50.000,51.000,57.656,52.000,57.656,47.938,35.000,41.828,33.996,44.555,42.523,42.094,25.376,0.305,35.472,5608.525,5200.734,5616.000,5200.000,0.000,,,,2,1789720462.500,100,0
2563.190,61.164,62.383,53.250,50.000,51.000,52.000,52.000,50.000,49.000,50.000,49.000,50.000,52.359,51.000,52.359,47.875,35.000,41.637,33.996,44.516,42.465,42.023,13.465,0.185,22.978,5608.350,5202.688,5616.000,5200.000,0.000,,,,2,1789720463.500,100,0
2564.193,60.848,62.066,53.062,51.000,49.000,51.000,51.000,49.000,48.000,49.000,49.000,50.000,51.000,50.000,51.000,47.688,35.000,41.449,33.996,44.473,42.402,41.949,9.100,0.143,18.970,5587.286,5201.711,5616.000,5200.000,0.000,,,,2,1789720464.502,100,0
2565.197,60.848,61.949,53.000,59.000,57.000,59.000,62.000,55.000,56.000,53.000,52.000,53.000,62.000,56.000,60.875,47.625,35.000,41.270,33.996,44.430,42.348,41.883,29.799,0.296,42.342,5586.332,5200.884,5616.000,5200.000,0.000,,,,2,1789720465.509,,
2566.197,60.605,61.707,53.062,52.000,51.000,52.000,52.000,50.000,49.000,50.000,50.000,51.000,53.203,51.000,53.203,47.562,35.000,41.098,33.996,44.391,42.293,41.809,13.991,0.181,22.916,5608.962,5200.358,5616.000,5200.000,0.000,,,,2,1789720466.508,,
2567.197,60.312,61.414,53.062,50.000,51.000,51.000,51.000,50.000,48.000,50.000,49.000,50.000,51.172,50.000,51.172,47.562,35.000,40.930,33.996,44.352,42.234,41.738,9.755,0.159,19.765,5609.486,5202.012,5616.000,5200.000,0.000,,,,2,1789720467.508,,
2568.197,60.023,61.125,52.688,51.000,49.000,50.000,51.000,50.000,48.000,50.000,49.000,50.000,51.062,50.000,51.062,47.500,35.000,40.766,33.996,44.309,42.180,41.668,9.862,0.161,19.097,5609.137,5201.937,5616.000,5200.000,0.000,,,,2,1789720468.509,,
2569.202,59.734,60.836,52.625,50.000,50.000,50.000,51.000,49.000,48.000,49.000,49.000,50.000,51.000,49.000,50.828,47.375,35.000,40.574,33.996,44.270,42.117,41.598,9.176,0.147,20.407,5609.486,5202.914,5616.000,5200.000,0.000,,,,2,1789720469.513,,
2570.205,60.270,61.801,52.625,56.000,55.000,58.000,58.000,55.000,54.000,53.000,52.000,52.000,65.656,54.000,65.656,47.250,35.000,40.422,33.996,44.227,42.062,41.527,31.593,0.324,39.251,5609.923,5201.034,5616.000,5200.000,0.000,,,,2,1789720470.515,,
2571.209,60.223,61.598,52.688,57.000,54.000,57.000,56.000,53.000,53.000,53.000,52.000,52.000,58.875,53.000,58.875,47.250,35.000,40.273,33.996,44.188,42.008,41.457,22.915,0.243,34.835,5610.360,5202.763,5616.000,5200.000,0.000,,,,2,1789720471.520,,
2572.209,59.984,61.359,53.000,51.000,51.000,52.000,52.000,51.000,50.000,50.000,50.000,50.000,52.594,50.000,52.594,47.250,35.000,40.129,33.996,44.145,41.953,41.391,12.999,0.184,24.043,5609.399,5202.763,5616.000,5200.000,0.000,,,,2,1789720472.520,,
2573.213,59.707,61.082,52.625,50.000,50.000,51.000,51.000,50.000,49.000,49.000,49.000,50.000,51.094,50.000,51.094,47.188,35.000,39.988,34.996,44.105,41.898,41.332,11.002,0.167,21.839,5609.923,5202.312,5616.000,5200.000,0.000,,,,2,1789720473.527,,
2574.216,59.414,60.789,52.688,49.000,49.000,50.000,50.000,49.000,48.000,49.000,48.000,50.000,50.297,49.000,50.297,47.125,35.000,39.855,34.996,44.062,41.844,41.270,10.032,0.146,20.224,5633.803,5202.162,5616.000,5200.000,0.000,,,,2,1789720474.529,,
2575.219,59.137,60.512,52.312,49.000,49.000,50.000,50.000,49.000,48.000,49.000,48.000,50.000,50.562,49.000,50.562,47.000,35.000,39.723,34.996,44.023,41.789,41.207,10.633,0.158,20.671,5610.448,5200.884,5616.000,5200.000,0.000,,,,2,1789720475.531,,
2576.222,58.871,60.246,52.438,49.000,49.000,50.000,50.000,48.000,47.000,49.000,48.000,50.000,50.578,49.000,50.578,46.812,35.000,39.598,34.996,43.980,41.734,41.145,11.203,0.161,21.138,5609.224,5202.763,5616.000,5200.000,0.000,,,,2,1789720476.533,,
2577.223,58.602,59.977,52.062,49.000,49.000,51.000,50.000,48.000,48.000,49.000,48.000,49.000,51.000,49.000,50.344,46.812,35.000,39.477,34.996,43.941,41.680,41.086,9.717,0.148,19.394,5610.885,5201.109,5616.000,5200.000,0.000,,,,2,1789720477.535,,
2578.226,58.352,59.727,52.000,51.000,49.000,50.000,51.000,49.000,48.000,49.000,48.000,49.000,51.000,49.000,50.578,46.562,35.000,39.355,34.996,43.898,41.629,41.027,10.837,0.161,20.648,5610.273,5202.914,5616.000,5200.000,0.000,,,,2,1789720478.536,,
2579.229,58.098,59.473,51.875,49.000,49.000,51.000,49.000,48.000,47.000,49.000,47.000,50.000,51.000,49.000,50.172,46.375,35.000,39.207,34.996,43.855,41.570,40.969,10.644,0.154,20.834,5611.847,5202.012,5613.000,5198.000,0.000,,,,2,1789720479.542,,
2580.230,57.840,59.215,51.688,49.000,49.000,49.000,49.000,49.000,47.000,49.000,47.000,49.000,49.859,49.000,49.859,46.500,35.000,39.098,34.996,43.812,41.520,40.910,11.426,0.173,21.402,5612.022,5200.283,5583.000,5170.000,0.000,,,,2,1789720480.544,,
2581.230,57.566,58.941,51.500,48.000,48.000,49.000,49.000,48.000,47.000,48.000,47.000,49.000,49.125,48.000,49.125,46.250,35.000,38.988,34.996,43.770,41.465,40.848,8.286,0.142,18.337,5612.109,5166.253,5553.000,5142.000,0.000,,,,2,1789720481.544,,
2582.230,57.305,58.680,51.188,48.000,48.000,48.000,49.000,48.000,46.000,48.000,47.000,49.000,49.125,47.000,49.125,46.125,35.000,38.883,34.996,43.730,41.414,40.789,8.740,0.141,18.595,5569.479,5165.957,5525.000,5116.000,0.000,,,,2,1789720482.541,,
2583.230,57.047,58.422,51.312,48.000,48.000,49.000,49.000,48.000,47.000,48.000,47.000,48.000,49.078,47.000,49.078,46.125,35.000,38.781,34.996,43.688,41.359,40.734,8.632,0.146,18.125,5568.704,5147.490,5493.000,5087.000,0.000,,,,2,1789720483.542,,
2584.231,56.801,58.176,51.000,49.000,48.000,49.000,49.000,47.000,46.000,48.000,47.000,48.000,49.141,47.000,49.141,46.062,35.000,38.684,34.996,43.645,41.305,40.672,9.155,0.153,19.296,5548.449,5093.234,5463.000,5059.000,0.000,,,,2,1789720484.541,,
2585.231,56.586,57.961,50.938,48.000,48.000,49.000,49.000,47.000,46.000,48.000,47.000,49.000,50.016,48.000,50.016,45.812,35.000,38.590,34.996,43.602,41.254,40.613,13.247,0.173,23.256,5505.345,5076.357,5433.000,5031.000,0.000,,,,2,1789720485.542,,
2586.232,56.367,57.742,50.688,48.000,47.000,48.000,49.000,47.000,46.000,48.000,46.000,48.000,49.516,47.000,49.516,45.750,35.000,38.496,34.996,43.562,41.207,40.559,9.004,0.139,19.050,5424.710,5074.854,5405.000,5005.000,0.000,,,,2,1789720486.546,,
2587.235,56.125,57.500,50.625,47.000,47.000,48.000,48.000,46.000,45.000,47.000,47.000,48.000,48.641,47.000,48.641,45.625,35.000,38.406,34.996,43.520,41.152,40.500,8.282,0.126,17.725,5424.464,5024.144,5374.000,4976.000,0.000,,,,2,1789720487.548,,
2588.238,55.879,57.254,50.438,47.000,47.000,49.000,48.000,46.000,45.000,47.000,46.000,48.000,49.000,47.000,48.234,45.500,35.000,38.320,34.996,43.477,41.102,40.445,7.981,0.118,17.153,5403.864,4990.919,5343.000,4948.000,0.000,,,,2,1789720488.550,,
2589.239,55.637,57.012,50.375,47.000,46.000,48.000,48.000,46.000,45.000,47.000,46.000,48.000,48.141,47.000,48.141,45.375,35.000,38.207,34.996,43.438,41.051,40.391,8.024,0.122,17.096,5363.688,4956.084,5315.000,4922.000,0.000,,,,2,1789720489.551,,
2590.244,55.434,56.809,50.125,48.000,47.000,49.000,49.000,47.000,46.000,47.000,47.000,48.000,49.109,47.000,49.109,45.250,35.000,38.125,34.996,43.395,41.000,40.336,9.508,0.146,19.010,5325.365,4940.440,5284.000,4893.000,0.000,,,,2,1789720490.559,,
2591.247,55.250,56.625,50.125,48.000,47.000,49.000,49.000,47.000,46.000,47.000,46.000,48.000,49.578,47.000,49.578,45.188,35.000,38.047,34.996,43.352,40.949,40.281,11.105,0.152,20.966,5306.369,4957.517,5254.000,4865.000,0.000,,,,2,1789720491.557,,
2592.251,55.043,56.418,50.062,48.000,48.000,48.000,48.000,46.000,45.000,47.000,46.000,48.000,48.688,47.000,48.688,45.000,35.000,37.973,34.996,43.309,40.895,40.223,9.227,0.139,18.782,5306.917,4890.972,5222.000,4836.000,0.000,,,,2,1789720492.563,,
2593.255,54.828,56.203,49.812,47.000,47.000,48.000,47.000,46.000,45.000,46.000,46.000,48.000,48.156,46.000,48.156,45.062,35.000,37.898,34.996,43.270,40.844,40.168,8.847,0.132,18.236,5287.974,4857.775,5194.000,4810.000,0.000,,,,2,1789720493.566,,
2594.258,54.633,56.008,49.812,47.000,47.000,48.000,49.000,46.000,45.000,47.000,46.000,48.000,49.000,47.000,48.547,44.875,35.000,37.824,34.996,43.230,40.797,40.109,9.229,0.141,18.751,5250.186,4843.527,5165.000,4783.000,0.000,,,,2,1789720494.569,,
2595.263,54.449,55.824,49.562,47.000,48.000,48.000,48.000,46.000,45.000,47.000,46.000,47.000,48.703,47.000,48.703,44.812,35.000,37.758,34.996,43.188,40.750,40.059,10.076,0.160,19.642,5250.569,4795.524,5135.000,4755.000,0.000,,,,2,1789720495.577,,
2596.264,54.238,55.613,49.500,47.000,46.000,47.000,47.000,46.000,44.000,47.000,46.000,47.000,47.766,46.000,47.766,44.812,35.000,37.691,34.996,43.145,40.699,40.004,8.150,0.122,17.593,5193.307,4795.908,5104.000,4726.000,0.000,,,,2,1789720496.577,,
2597.267,54.043,55.418,49.312,47.000,47.000,48.000,47.000,46.000,44.000,46.000,46.000,47.000,48.031,47.000,48.031,44.688,35.000,37.625,34.996,43.102,40.648,39.949,8.905,0.137,18.114,5138.453,4733.541,5072.000,4697.000,0.000,,,,2,1789720497.579,,
2598.267,53.855,55.230,49.375,47.000,46.000,47.000,47.000,46.000,45.000,46.000,46.000,47.000,47.938,46.000,47.938,44.500,35.000,37.562,34.996,43.062,40.602,39.898,9.181,0.140,18.624,5137.939,4748.714,5044.000,4671.000,0.000,,,,2,1789720498.577,,
2599.268,53.652,54.957,49.250,47.000,47.000,47.000,47.000,46.000,44.000,46.000,46.000,47.000,47.469,46.000,47.469,44.562,35.000,37.469,34.996,43.023,40.555,39.844,8.469,0.126,17.852,5084.961,4689.454,5015.000,4644.000,0.000,,,,2,1789720499.579,,
2600.272,53.492,54.797,49.000,48.000,48.000,48.000,48.000,47.000,45.000,47.000,46.000,47.000,48.422,47.000,48.422,44.375,35.000,37.410,34.996,42.984,40.508,39.793,10.014,0.150,19.205,5084.961,4689.637,4987.000,4618.000,0.000,,,,2,1789720500.582,,
2601.272,53.316,54.621,49.062,47.000,47.000,47.000,47.000,45.000,45.000,46.000,46.000,47.000,47.891,47.000,47.891,44.250,35.000,37.355,34.996,42.941,40.457,39.738,9.658,0.150,18.981,5014.556,4644.682,4956.000,4589.000,0.000,,,,2,1789720501.582,,
2602.275,53.277,54.582,49.000,50.000,49.000,51.000,51.000,48.000,48.000,48.000,47.000,48.000,52.125,49.000,52.125,44.250,35.000,37.297,34.996,42.898,40.406,39.684,20.078,0.216,29.703,4981.044,4616.450,4924.000,4560.000,0.000,,,,2,1789720502.586,,
2603.279,53.141,54.445,48.812,47.000,47.000,48.000,48.000,47.000,45.000,47.000,47.000,48.000,48.891,46.000,48.891,44.250,35.000,37.246,34.996,42.859,40.359,39.633,10.262,0.151,19.860,4963.258,4600.698,4895.000,4533.000,0.000,,,,2,1789720503.591,,
2604.281,52.973,54.277,48.938,47.000,46.000,48.000,47.000,45.000,44.000,46.000,46.000,47.000,48.000,46.000,47.719,44.062,35.000,37.191,34.996,42.820,40.316,39.582,8.261,0.140,17.934,4931.236,4572.125,4867.000,4507.000,0.000,,,,2,1789720504.593,,
2605.285,52.891,54.195,48.750,50.000,48.000,49.000,49.000,47.000,46.000,47.000,47.000,49.000,50.312,48.000,50.312,44.125,35.000,37.145,34.996,42.777,40.270,39.531,11.888,0.160,21.475,4881.025,4558.809,4836.000,4478.000,0.000,,,,2,1789720505.595,,
2606.288,52.742,54.047,48.750,46.000,46.000,47.000,47.000,46.000,44.000,46.000,46.000,47.000,48.188,45.000,48.188,44.188,35.000,37.094,34.996,42.734,40.223,39.480,12.497,0.172,21.556,4881.885,4502.645,4804.000,4449.000,0.000,,,,2,1789720506.599,,
2607.289,52.570,53.875,48.688,46.000,46.000,47.000,47.000,45.000,43.000,46.000,46.000,47.000,47.234,46.000,47.234,43.938,35.000,37.047,34.996,42.695,40.172,39.430,7.442,0.115,16.776,4866.246,4459.917,4775.000,4422.000,0.000,,,,2,1789720507.600,,
2608.292,52.402,53.707,48.625,46.000,46.000,47.000,46.000,45.000,43.000,46.000,45.000,46.000,47.172,45.000,47.172,43.938,35.000,37.000,34.996,42.656,40.125,39.379,7.837,0.118,17.291,4769.918,4461.077,4746.000,4395.000,0.000,,,,2,1789720508.602,,
2609.295,52.234,53.473,48.562,46.000,46.000,47.000,46.000,45.000,43.000,46.000,46.000,46.000,47.109,45.000,47.109,43.812,35.000,36.930,33.996,42.613,40.082,39.324,7.701,0.114,16.523,4785.580,4447.794,4715.000,4366.000,0.000,,,,2,1789720509.607,,
2610.296,52.070,53.309,48.438,46.000,46.000,47.000,46.000,44.000,43.000,45.000,45.000,46.000,47.000,45.000,46.922,43.812,35.000,36.887,33.996,42.570,40.031,39.266,7.360,0.108,16.003,4755.551,4432.897,4683.000,4337.000,0.000,,,,2,1789720510.608,,
2611.296,51.918,53.156,48.125,46.000,47.000,47.000,46.000,45.000,44.000,46.000,45.000,46.000,47.234,45.000,47.234,43.750,35.000,36.844,33.996,42.535,39.992,39.211,8.208,0.126,17.044,4739.523,4367.819,4658.000,4313.000,0.000,,,,2,1789720511.607,,
2612.298,51.789,53.027,48.125,47.000,48.000,48.000,47.000,47.000,45.000,48.000,45.000,47.000,48.000,46.000,47.750,43.688,35.000,36.805,33.996,42.496,39.953,39.156,9.536,0.142,18.892,4708.591,4329.994,4628.000,4286.000,0.000,,,,2,1789720512.610,,
2613.301,53.895,55.641,48.125,55.000,52.000,55.000,70.000,52.000,53.000,53.000,51.000,51.000,70.000,53.000,60.219,43.625,35.000,36.766,33.996,42.461,39.910,39.102,31.764,0.280,43.515,4663.575,4316.133,4601.000,4261.000,0.000,,,,2,1789720513.613,,
2614.303,53.777,55.348,48.500,50.000,48.000,49.000,51.000,51.000,48.000,59.000,47.000,49.000,59.000,49.000,50.188,43.562,35.000,36.727,33.996,42.422,39.875,39.047,14.211,0.176,22.851,4605.229,4291.078,4572.000,4234.000,0.000,,,,2,1789720514.614,,
2615.303,53.586,55.000,48.438,47.000,47.000,47.000,47.000,46.000,44.000,47.000,46.000,47.000,47.625,46.000,47.625,43.750,35.000,36.691,33.996,42.387,39.836,38.996,10.543,0.150,19.083,4605.877,4253.660,4545.000,4209.000,0.000,,,,2,1789720515.613,,
2616.307,53.484,54.758,48.250,48.000,48.000,49.000,50.000,47.000,47.000,48.000,47.000,48.000,50.328,47.000,50.328,43.812,35.000,36.656,33.996,42.348,39.797,38.941,14.389,0.184,23.891,4562.622,4241.632,4516.000,4182.000,0.000,,,,2,1789720516.619,,
2617.309,53.340,54.613,48.375,47.000,48.000,48.000,48.000,46.000,45.000,47.000,46.000,48.000,48.859,46.000,48.859,43.688,35.000,36.621,33.996,42.312,39.762,38.891,11.555,0.163,21.008,4562.506,4217.679,4489.000,4157.000,0.000,,,,2,1789720517.619,,
2618.313,53.156,54.430,48.250,47.000,47.000,47.000,47.000,45.000,44.000,46.000,46.000,47.000,47.484,46.000,47.484,43.562,35.000,36.586,33.996,42.277,39.723,38.836,9.555,0.148,18.762,4520.739,4193.409,4462.000,4132.000,0.000,,,,2,1789720518.625,,
2619.317,53.020,54.293,48.188,46.000,47.000,48.000,47.000,47.000,46.000,47.000,46.000,48.000,48.766,46.000,48.766,43.625,35.000,36.527,33.996,42.238,39.684,38.785,11.893,0.157,20.981,4505.068,4158.484,4433.000,4105.000,0.000,,,,2,1789720519.629,,
2620.321,52.867,54.141,48.125,47.000,47.000,48.000,47.000,48.000,47.000,46.000,46.000,47.000,48.156,46.000,48.156,43.562,35.000,36.496,33.996,42.203,39.648,38.734,12.002,0.156,21.728,4451.424,4123.050,4406.000,4080.000,0.000,,,,2,1789720520.632,,
2621.325,52.695,53.969,48.250,46.000,48.000,47.000,47.000,45.000,44.000,46.000,45.000,47.000,48.000,46.000,47.422,43.625,35.000,36.465,33.996,42.168,39.613,38.684,10.892,0.153,19.456,4465.504,4111.185,4379.000,4055.000,0.000,,,,2,1789720521.636,,
2622.329,52.566,53.840,48.188,49.000,49.000,50.000,49.000,49.000,48.000,49.000,47.000,48.000,50.000,47.000,48.516,43.500,35.000,36.438,33.996,42.129,39.578,38.633,13.437,0.171,23.139,4410.521,4067.061,4350.000,4028.000,0.000,,,,2,1789720522.639,,
2623.332,52.434,53.707,48.125,47.000,48.000,48.000,49.000,46.000,45.000,47.000,46.000,47.000,49.000,47.000,48.312,43.625,35.000,36.410,33.996,42.094,39.543,38.586,13.468,0.183,22.615,4396.678,4066.418,4323.000,4003.000,0.000,,,,2,1789720523.643,,
2624.337,52.301,53.574,48.125,47.000,49.000,48.000,49.000,46.000,45.000,47.000,46.000,48.000,49.000,48.000,48.266,43.562,35.000,36.383,33.996,42.055,39.508,38.535,12.452,0.165,21.417,4358.143,4033.071,4294.000,3976.000,0.000,,,,2,1789720524.649,,
2625.340,52.180,53.453,48.062,47.000,48.000,48.000,47.000,46.000,45.000,47.000,46.000,47.000,48.422,46.000,48.422,43.438,35.000,36.355,33.996,42.020,39.477,38.488,11.357,0.161,19.423,4306.014,4009.936,4267.000,3951.000,0.000,,,,2,1789720525.651,,
2626.342,52.078,53.352,48.000,47.000,49.000,50.000,49.000,47.000,46.000,47.000,46.000,48.000,50.000,47.000,48.875,43.375,35.000,36.328,33.996,41.984,39.441,38.441,11.492,0.160,20.683,4281.688,3978.604,4240.000,3926.000,0.000,,,,2,1789720526.653,,
2627.346,51.938,53.211,47.938,47.000,47.000,47.000,49.000,46.000,45.000,48.000,46.000,48.000,49.000,47.000,47.656,43.375,35.000,36.305,33.996,41.949,39.410,38.395,10.661,0.153,19.840,4269.045,3967.379,4213.000,3901.000,0.000,,,,2,1789720527.656,,
2628.346,51.805,53.078,47.875,46.000,46.000,47.000,47.000,45.000,45.000,46.000,46.000,47.000,47.609,46.000,47.609,43.312,35.000,36.277,33.996,41.910,39.379,38.348,11.903,0.162,20.106,4244.782,3914.746,4183.000,3874.000,0.000,,,,2,1789720528.658,,
2629.346,51.656,52.930,47.938,46.000,46.000,47.000,46.000,44.000,43.000,46.000,45.000,46.000,47.031,46.000,47.031,43.438,35.000,36.227,33.996,41.875,39.344,38.301,8.496,0.132,17.136,4208.065,3893.491,4156.000,3849.000,0.000,,,,2,1789720529.656,,
2630.348,51.578,52.852,47.875,48.000,47.000,48.000,49.000,46.000,47.000,47.000,47.000,47.000,49.219,46.000,49.219,43.250,35.000,36.207,33.996,41.840,39.316,38.258,11.955,0.137,21.436,4171.881,3861.791,4129.000,3824.000,0.000,,,,2,1789720530.658,,
2631.348,51.555,52.762,48.000,49.000,47.000,51.000,49.000,47.000,46.000,47.000,46.000,48.000,51.000,47.000,50.781,43.125,35.000,36.184,33.996,41.805,39.281,38.215,17.918,0.186,27.254,4171.350,3840.942,4102.000,3799.000,0.000,,,,2,1789720531.659,,
2632.350,51.469,52.676,48.000,47.000,47.000,48.000,49.000,47.000,45.000,49.000,46.000,48.000,49.000,47.000,48.797,43.438,35.000,36.164,33.996,41.770,39.250,38.172,13.092,0.166,22.389,4112.171,3812.751,4075.000,3774.000,0.000,,,,2,1789720532.665,,
2633.354,51.387,52.594,47.938,47.000,47.000,47.000,49.000,47.000,45.000,48.000,47.000,48.000,49.000,46.000,48.875,43.250,35.000,36.141,33.996,41.734,39.223,38.129,13.362,0.172,21.811,4100.835,3792.148,4048.000,3749.000,0.000,,,,2,1789720533.665,,
2634.358,51.281,52.488,47.938,47.000,49.000,51.000,48.000,46.000,46.000,47.000,46.000,48.000,51.000,47.000,48.016,43.250,35.000,36.121,33.996,41.699,39.188,38.082,11.436,0.155,20.546,4078.350,3803.527,4021.000,3724.000,0.000,,,,2,1789720534.668,,
2635.358,51.160,52.367,47.875,47.000,46.000,48.000,47.000,46.000,44.000,45.000,46.000,47.000,48.000,46.000,47.375,43.312,35.000,36.102,33.996,41.664,39.160,38.039,9.531,0.143,19.006,4044.262,3754.693,3993.000,3698.000,0.000,,,,2,1789720535.670,,
2636.362,51.035,52.242,47.875,46.000,46.000,47.000,46.000,45.000,44.000,46.000,45.000,47.000,47.141,45.000,47.141,43.250,35.000,36.082,33.996,41.629,39.133,38.000,8.308,0.128,17.437,4021.942,3715.669,3966.000,3673.000,0.000,,,,2,1789720536.673,,
2637.363,50.895,52.102,47.625,46.000,45.000,46.000,46.000,44.000,43.000,45.000,45.000,47.000,47.000,45.000,46.641,43.188,35.000,36.066,33.996,41.594,39.102,37.957,7.674,0.117,16.582,4010.829,3689.092,3939.000,3648.000,0.000,,,,2,1789720537.674,,
2638.367,50.762,51.969,47.688,46.000,45.000,46.000,45.000,44.000,43.000,45.000,45.000,46.000,46.625,45.000,46.625,43.062,35.000,36.047,33.996,41.559,39.074,37.918,7.446,0.113,16.256,3966.898,3678.725,3912.000,3623.000,0.000,,,,2,1789720538.679,,
2639.372,50.633,51.840,47.562,47.000,45.000,46.000,45.000,44.000,43.000,45.000,45.000,46.000,47.000,45.000,46.594,43.000,35.000,36.004,33.996,41.523,39.043,37.879,8.203,0.130,17.063,3956.218,3670.361,3885.000,3598.000,0.000,,,,2,1789720539.683,,
2640.374,50.496,51.703,47.438,46.000,45.000,47.000,46.000,44.000,43.000,46.000,45.000,46.000,47.000,45.000,46.312,42.938,35.000,35.984,33.996,41.492,39.016,37.836,7.714,0.122,15.956,3945.854,3633.648,3861.000,3575.000,0.000,,,,2,1789720540.684,,
2641.379,50.375,51.523,47.250,46.000,45.000,46.000,46.000,45.000,43.000,45.000,45.000,46.000,46.578,45.000,46.578,42.812,35.000,35.969,33.996,41.457,38.988,37.801,9.434,0.139,18.624,3883.663,3580.130,3834.000,3550.000,0.000,,,,2,1789720541.689,,
2642.382,50.254,51.402,47.125,46.000,46.000,46.000,46.000,44.000,43.000,45.000,45.000,46.000,46.516,45.000,46.516,42.875,35.000,35.953,33.996,41.426,38.957,37.762,8.352,0.125,17.231,3851.833,3571.358,3809.000,3527.000,0.000,,,,2,1789720542.694,,
2643.387,50.121,51.270,47.188,46.000,45.000,46.000,45.000,44.000,43.000,45.000,44.000,46.000,46.016,44.000,46.016,42.750,35.000,35.941,33.996,41.391,38.930,37.723,7.240,0.117,15.632,3842.664,3545.820,3782.000,3502.000,0.000,,,,2,1789720543.698,,
2644.390,49.996,51.145,47.000,47.000,45.000,46.000,45.000,44.000,43.000,45.000,44.000,46.000,47.000,45.000,46.047,42.750,35.000,35.926,33.996,41.359,38.898,37.684,7.509,0.120,15.909,3801.880,3520.851,3757.000,3479.000,0.000,,,,2,1789720544.701,,
2645.391,49.887,51.035,46.938,51.000,46.000,52.000,47.000,45.000,44.000,46.000,44.000,46.000,52.000,47.000,46.500,42.688,35.000,35.910,33.996,41.324,38.871,37.648,7.618,0.118,15.912,3763.053,3479.034,3730.000,3454.000,0.000,,,,2,1789720545.702,,
2646.391,49.805,50.953,46.812,47.000,46.000,47.000,47.000,46.000,43.000,46.000,45.000,46.000,47.328,46.000,47.328,42.625,35.000,35.898,33.996,41.293,38.844,37.609,9.413,0.131,18.317,3772.517,3469.646,3704.000,3430.000,0.000,,,,2,1789720546.703,,
2647.395,49.711,50.859,46.875,46.000,45.000,46.000,45.000,44.000,43.000,45.000,44.000,46.000,46.766,44.000,46.766,42.500,35.000,35.883,33.996,41.258,38.816,37.574,9.242,0.126,18.024,3763.328,3453.304,3677.000,3405.000,0.000,,,,2,1789720547.706,,
2648.395,49.594,50.742,46.812,46.000,44.000,46.000,45.000,44.000,43.000,45.000,44.000,46.000,46.031,44.000,46.031,42.562,35.000,35.871,33.996,41.227,38.785,37.539,7.242,0.116,15.852,3723.778,3428.375,3652.000,3382.000,0.000,,,,2,1789720548.706,,
2649.395,49.484,50.633,46.750,46.000,45.000,46.000,44.000,44.000,43.000,45.000,44.000,45.000,46.000,44.000,45.984,42.500,35.000,35.836,33.996,41.195,38.758,37.504,7.225,0.117,15.869,3667.444,3396.964,3627.000,3359.000,0.000,,,,2,1789720549.707,,
2650.395,49.398,50.547,46.562,46.000,45.000,46.000,46.000,44.000,43.000,45.000,44.000,46.000,46.797,45.000,46.797,42.500,35.000,35.824,33.996,41.160,38.734,37.469,10.256,0.138,18.994,3650.042,3380.631,3600.000,3334.000,0.000,,,,2,1789720550.709,,
2651.395,49.293,50.441,46.625,46.000,44.000,46.000,44.000,44.000,43.000,44.000,44.000,45.000,46.016,44.000,46.016,42.375,35.000,35.812,33.996,41.129,38.707,37.434,7.195,0.113,15.579,3631.448,3366.311,3575.000,3311.000,0.000,,,,2,1789720551.707,,
2652.396,49.188,50.336,46.688,46.000,44.000,46.000,45.000,44.000,43.000,45.000,44.000,46.000,46.000,44.000,45.859,42.562,35.000,35.801,33.996,41.098,38.680,37.398,7.286,0.116,15.452,3612.898,3342.712,3551.000,3288.000,0.000,,,,2,1789720552.710,,
2653.401,49.090,50.180,46.500,46.000,47.000,47.000,46.000,44.000,44.000,45.000,44.000,46.000,47.000,46.000,46.172,42.312,35.000,35.789,33.996,41.062,38.652,37.367,7.791,0.123,16.154,3587.551,3306.301,3524.000,3263.000,0.000,,,,2,1789720553.713,,
2654.404,48.992,50.082,46.500,46.000,45.000,46.000,45.000,44.000,43.000,44.000,44.000,45.000,46.000,44.000,45.906,42.188,35.000,35.777,33.996,41.031,38.625,37.332,8.238,0.131,17.044,3535.269,3276.182,3499.000,3240.000,0.000,,,,2,1789720554.715,,
2655.407,48.887,49.977,46.312,45.000,44.000,45.000,44.000,44.000,43.000,44.000,44.000,46.000,46.000,44.000,45.562,42.312,35.000,35.770,33.996,41.000,38.602,37.301,7.271,0.123,15.623,3526.093,3261.490,3474.000,3217.000,0.000,,,,2,1789720555.717,,
2656.409,48.793,49.883,46.125,45.000,45.000,46.000,45.000,44.000,43.000,45.000,44.000,45.000,46.000,44.000,45.906,42.312,35.000,35.758,33.996,40.969,38.574,37.266,7.762,0.130,16.518,3475.306,3254.826,3449.000,3194.000,0.000,,,,2,1789720556.719,,
2657.412,48.695,49.785,46.188,45.000,45.000,46.000,45.000,44.000,43.000,45.000,44.000,46.000,46.000,44.000,45.719,42.062,35.000,35.750,33.996,40.934,38.547,37.234,7.669,0.127,15.881,3451.119,3210.760,3422.000,3169.000,0.000,,,,2,1789720557.723,,
2658.412,48.605,49.695,46.125,45.000,45.000,46.000,45.000,44.000,43.000,44.000,44.000,45.000,46.000,44.000,45.750,42.062,35.000,35.738,33.996,40.902,38.520,37.199,7.646,0.129,16.487,3459.509,3191.320,3397.000,3146.000,0.000,,,,2,1789720558.723,,
2659.413,48.516,49.605,46.188,46.000,45.000,45.000,45.000,44.000,43.000,44.000,44.000,46.000,46.000,44.000,45.812,42.125,35.000,35.711,33.996,40.871,38.496,37.168,8.211,0.137,16.933,3427.298,3176.508,3372.000,3123.000,0.000,,,,2,1789720559.724,,
2660.416,48.414,49.504,46.000,45.000,44.000,45.000,44.000,44.000,42.000,44.000,44.000,45.000,45.281,44.000,45.281,42.062,35.000,35.703,33.996,40.840,38.469,37.137,7.334,0.120,16.051,3411.094,3149.469,3348.000,3100.000,0.000,,,,2,1789720560.728,,
2661.416,48.352,49.441,46.062,45.000,45.000,46.000,45.000,44.000,43.000,45.000,44.000,46.000,46.422,44.000,46.422,42.062,35.000,35.691,33.996,40.809,38.441,37.105,10.809,0.153,19.187,3386.992,3096.242,3323.000,3077.000,0.000,,,,2,1789720561.729,,
2662.421,48.305,49.395,45.938,45.000,45.000,46.000,45.000,44.000,43.000,45.000,44.000,46.000,46.859,44.000,46.859,42.062,35.000,35.684,33.996,40.777,38.418,37.074,11.149,0.151,19.779,3339.177,3123.400,3298.000,3054.000,0.000,,,,2,1789720562.733,,
2663.424,48.242,49.277,45.875,45.000,45.000,45.000,45.000,45.000,43.000,45.000,44.000,45.000,46.203,44.000,46.203,42.125,35.000,35.676,33.996,40.746,38.391,37.043,10.158,0.152,18.717,3317.300,3090.580,3273.000,3031.000,0.000,,,,2,1789720563.735,,
2664.428,48.168,49.203,46.000,46.000,44.000,47.000,46.000,44.000,43.000,45.000,44.000,46.000,47.000,44.000,45.938,41.875,35.000,35.668,33.996,40.715,38.367,37.012,7.981,0.147,16.274,3301.874,3051.908,3248.000,3008.000,0.000,,,,2,1789720564.739,,
2665.432,48.176,49.211,45.938,47.000,47.000,48.000,48.000,47.000,45.000,47.000,48.000,46.000,48.359,46.000,48.359,41.938,35.000,35.660,33.996,40.684,38.348,36.984,14.552,0.193,23.674,3258.243,3020.844,3223.000,2985.000,0.000,,,,2,1789720565.742,,
2666.433,48.242,49.277,46.250,47.000,46.000,49.000,48.000,45.000,45.000,46.000,46.000,47.000,49.781,46.000,49.781,42.000,35.000,35.656,33.996,40.652,38.320,36.953,18.980,0.184,27.814,3236.129,2995.856,3198.000,2962.000,0.000,,,,2,1789720566.745,,
2667.437,48.191,49.227,46.375,46.000,47.000,46.000,45.000,44.000,43.000,45.000,44.000,45.000,47.000,45.000,46.734,41.938,35.000,35.648,33.996,40.617,38.297,36.922,8.662,0.107,17.385,3236.362,3006.790,3173.000,2938.000,0.000,,,,2,1789720567.749,,
2668.441,49.398,50.691,46.562,53.000,53.000,51.000,51.000,49.000,49.000,49.000,47.000,55.000,55.000,49.000,53.031,42.000,35.000,35.641,33.996,40.586,38.273,36.895,23.248,0.190,33.278,3222.255,2947.244,3148.000,2915.000,0.000,,,,2,1789720568.752,,
2669.445,49.379,50.543,46.625,46.000,46.000,47.000,47.000,46.000,45.000,46.000,46.000,47.000,48.859,46.000,48.859,42.188,35.000,35.609,33.996,40.559,38.254,36.867,22.035,0.204,30.097,3193.414,2935.253,3125.000,2894.000,0.000,,,,2,1789720569.755,,
2670.449,49.312,50.477,46.750,46.000,47.000,47.000,46.000,47.000,45.000,47.000,46.000,45.000,47.172,45.000,47.172,42.250,35.000,35.605,33.996,40.527,38.234,36.840,8.999,0.126,17.435,3146.358,2918.122,3100.000,2871.000,0.000,,,,2,1789720570.759,,
2671.451,51.766,53.551,46.938,61.000,58.000,63.000,62.000,63.000,62.000,61.000,60.000,52.000,63.000,55.000,59.125,42.250,35.000,35.598,33.996,40.496,38.211,36.812,25.133,0.162,35.971,3105.269,2889.547,3075.000,2848.000,0.000,,,,2,1789720571.763,,
2672.453,51.750,53.355,47.125,52.000,50.000,51.000,52.000,50.000,49.000,54.000,47.000,48.000,54.000,49.000,51.312,42.375,35.000,35.594,33.996,40.469,38.191,36.785,22.023,0.200,29.527,3105.108,2849.927,3053.000,2827.000,0.000,,,,2,1789720572.765,,
2673.454,54.703,57.035,47.500,61.000,59.000,63.000,62.000,66.000,63.000,61.000,63.000,52.000,66.000,55.000,63.562,42.500,35.000,35.586,33.996,40.438,38.172,36.758,43.463,0.301,55.383,3072.747,2823.419,3028.000,2804.000,0.000,,,,2,1789720573.764,,
2674.458,54.664,56.762,48.188,48.000,48.000,49.000,49.000,47.000,47.000,48.000,47.000,48.000,53.547,48.000,53.547,42.812,35.000,35.582,33.996,40.410,38.156,36.730,27.074,0.243,34.088,3046.355,2828.565,3005.000,2783.000,0.000,,,,2,1789720574.775,,
2675.462,54.438,56.324,47.875,46.000,45.000,47.000,46.000,45.000,44.000,46.000,46.000,47.000,47.328,46.000,47.328,43.000,35.000,35.574,33.996,40.383,38.137,36.707,5.077,0.107,13.330,3021.250,2795.812,2982.000,2762.000,0.000,,,,2,1789720575.774,,
2676.466,54.250,56.137,47.688,47.000,46.000,48.000,47.000,46.000,44.000,48.000,45.000,47.000,48.484,46.000,48.484,43.125,35.000,35.570,33.996,40.355,38.117,36.680,7.069,0.103,15.550,2989.934,2763.831,2960.000,2741.000,0.000,,,,2,1789720576.777,,
2677.469,54.496,56.270,47.875,62.000,57.000,61.000,63.000,62.000,59.000,64.000,62.000,51.000,64.000,54.000,55.234,43.000,35.000,35.566,33.996,40.328,38.098,36.656,22.784,0.178,34.927,2972.234,2738.017,2937.000,2720.000,0.000,,,,2,1789720577.782,,
2678.473,54.875,56.586,47.875,66.000,62.000,70.000,65.000,67.000,64.000,65.000,67.000,51.000,70.000,55.000,56.016,43.062,35.000,35.559,33.996,40.301,38.082,36.633,19.497,0.180,29.165,2953.507,2717.986,2914.000,2699.000,0.000,,,,2,1789720578.783,,
2679.478,57.258,59.512,48.125,59.000,56.000,60.000,61.000,56.000,65.000,54.000,53.000,52.000,65.000,55.000,64.406,43.062,35.000,35.535,33.996,40.273,38.062,36.609,35.947,0.318,43.054,2918.477,2718.376,2892.000,2678.000,0.000,,,,2,1789720579.788,,
2680.481,59.340,61.992,48.688,58.000,55.000,59.000,69.000,55.000,57.000,53.000,53.000,51.000,69.000,55.000,65.594,43.375,35.000,35.531,33.996,40.246,38.047,36.586,36.936,0.312,45.027,2918.572,2682.523,2869.000,2657.000,0.000,,,,2,1789720580.791,,
2681.484,61.398,64.402,48.938,63.000,61.000,64.000,67.000,64.000,65.000,58.000,60.000,52.000,67.562,57.000,67.562,43.562,35.000,35.527,33.996,40.219,38.031,36.562,35.085,0.291,46.533,2883.599,2677.794,2847.000,2637.000,0.000,,,,2,1789720581.793,,
2682.487,62.668,65.754,49.375,58.000,55.000,59.000,60.000,56.000,65.000,55.000,52.000,51.000,66.484,54.000,66.484,43.875,35.000,35.523,33.996,40.195,38.020,36.539,37.791,0.324,46.045,2861.094,2644.026,2826.000,2617.000,0.000,,,,2,1789720582.797,,
2683.490,63.812,66.934,50.000,62.000,64.000,66.000,65.000,61.000,61.000,64.000,63.000,53.000,67.250,58.000,67.250,44.125,35.000,35.520,33.996,40.172,38.004,36.520,47.008,0.310,61.004,2827.810,2636.146,2805.000,2598.000,0.000,,,,2,1789720583.801,,
2684.495,63.609,66.418,50.375,51.000,50.000,52.000,52.000,50.000,49.000,50.000,50.000,50.000,57.422,50.000,57.422,44.375,35.000,35.516,33.996,40.152,37.988,36.496,29.872,0.293,36.668,2799.879,2615.291,2787.000,2581.000,0.000,,,,2,1789720584.806,,
2685.498,63.504,66.031,50.312,69.000,56.000,61.000,60.000,53.000,55.000,52.000,52.000,51.000,69.000,56.000,60.219,44.750,35.000,35.508,33.996,40.129,37.980,36.480,17.397,0.201,29.958,2784.244,2593.828,2765.000,2561.000,0.000,,,,2,1789720585.810,,
2686.500,63.336,65.609,50.375,50.000,50.000,50.000,52.000,50.000,49.000,50.000,49.000,49.000,58.156,50.000,58.156,44.938,35.000,35.508,33.996,40.105,37.969,36.457,21.737,0.225,28.884,2789.119,2560.564,2745.000,2542.000,0.000,,,,2,1789720586.812,,
2687.504,62.941,65.215,50.250,49.000,49.000,50.000,50.000,49.000,47.000,49.000,49.000,49.000,50.641,49.000,50.641,44.875,35.000,35.504,33.996,40.086,37.957,36.441,10.404,0.152,20.143,2757.353,2552.214,2727.000,2525.000,0.000,,,,2,1789720587.815,,
2688.507,62.590,64.863,50.062,52.000,50.000,53.000,52.000,51.000,49.000,50.000,49.000,49.000,53.000,50.000,51.719,44.812,35.000,35.500,33.996,40.062,37.949,36.422,12.153,0.188,21.792,2741.771,2543.900,2706.000,2506.000,0.000,,,,2,1789720588.816,,
2689.511,62.410,64.684,50.062,53.000,54.000,54.000,54.000,53.000,51.000,51.000,49.000,50.000,56.797,51.000,56.797,44.875,35.000,35.477,33.996,40.043,37.938,36.406,17.155,0.204,25.375,2731.163,2513.054,2687.000,2488.000,0.000,,,,2,1789720589.821,,
2690.512,62.449,64.723,50.125,57.000,56.000,56.000,58.000,66.000,54.000,53.000,51.000,52.000,66.000,55.000,63.672,44.750,35.000,35.473,33.996,40.023,37.934,36.391,26.917,0.266,36.192,2710.395,2487.407,2668.000,2471.000,0.000,,,,2,1789720590.822,,
2691.515,62.539,64.812,50.562,57.000,63.000,60.000,61.000,59.000,56.000,55.000,52.000,52.000,64.812,56.000,64.812,45.062,35.000,35.469,33.996,40.004,37.926,36.375,31.315,0.292,40.331,2679.868,2474.125,2649.000,2453.000,0.000,,,,2,1789720591.825,,
2692.519,62.320,64.594,50.688,51.000,51.000,53.000,52.000,51.000,50.000,51.000,50.000,51.000,55.562,51.000,55.562,45.125,35.000,35.465,33.996,39.984,37.918,36.359,26.406,0.252,38.135,2665.877,2467.088,2630.000,2436.000,0.000,,,,2,1789720592.829,,
2693.523,62.008,64.281,50.688,50.000,50.000,51.000,52.000,49.000,49.000,50.000,49.000,51.000,52.406,50.000,52.406,45.188,35.000,35.461,33.996,39.965,37.914,36.348,15.697,0.199,25.796,2656.239,2449.313,2611.000,2418.000,0.000,,,,2,1789720593.834,,
2694.523,61.672,63.945,50.625,49.000,49.000,50.000,50.000,49.000,49.000,49.000,49.000,50.000,51.172,49.000,51.172,45.250,35.000,35.461,33.996,39.945,37.910,36.336,12.462,0.168,22.587,2608.412,2445.852,2593.000,2401.000,0.000,,,,2,1789720594.834,,
2695.523,61.410,63.684,50.625,52.000,51.000,52.000,52.000,50.000,50.000,50.000,49.000,50.000,53.344,51.000,53.344,45.125,35.000,35.457,33.996,39.930,37.906,36.320,15.726,0.204,24.972,2594.109,2420.640,2575.000,2385.000,0.000,,,,2,1789720595.834,,
2696.527,61.129,63.402,50.562,58.000,51.000,53.000,54.000,50.000,49.000,50.000,49.000,50.000,58.000,51.000,52.359,45.188,35.000,35.453,33.996,39.910,37.906,36.309,13.874,0.177,23.963,2585.186,2377.744,2557.000,2368.000,0.000,,,,2,1789720596.837,,
2697.530,60.805,63.078,50.562,49.000,49.000,50.000,50.000,49.000,48.000,49.000,48.000,50.000,50.797,49.000,50.797,45.125,35.000,35.449,33.996,39.895,37.902,36.297,12.871,0.157,23.020,2566.698,2359.511,2540.000,2352.000,0.000,,,,2,1789720597.840,,
2698.534,60.516,62.789,50.500,49.000,49.000,50.000,50.000,48.000,48.000,49.000,49.000,50.000,51.516,49.000,51.516,45.188,35.000,35.449,33.996,39.875,37.902,36.289,14.201,0.183,24.122,2544.224,2355.081,2521.000,2335.000,0.000,,,,2,1789720598.845,,
2699.537,60.230,62.504,50.500,50.000,50.000,51.000,52.000,50.000,49.000,49.000,49.000,50.000,52.000,49.000,51.422,45.062,35.000,35.426,33.996,39.859,37.906,36.277,13.823,0.177,23.409,2536.211,2339.835,2504.000,2319.000,0.000,,,,2,1789720599.849,,
2700.539,59.898,62.172,50.438,49.000,48.000,49.000,49.000,48.000,47.000,49.000,48.000,49.000,49.625,49.000,49.625,45.125,35.000,35.426,33.996,39.844,37.906,36.270,11.791,0.145,21.935,2509.375,2326.032,2488.000,2304.000,0.000,,,,2,1789720600.852,,
2701.540,59.648,61.922,50.312,51.000,51.000,53.000,52.000,50.000,49.000,51.000,49.000,50.000,53.000,50.000,51.938,45.062,35.000,35.422,33.996,39.828,37.906,36.262,13.379,0.156,22.654,2479.373,2292.687,2471.000,2288.000,0.000,,,,2,1789720601.851,,
2702.544,59.355,61.629,50.438,48.000,48.000,49.000,49.000,48.000,47.000,48.000,48.000,50.000,50.172,48.000,50.172,44.938,35.000,35.418,33.996,39.812,37.902,36.250,11.744,0.150,21.956,2484.404,2299.688,2453.000,2272.000,0.000,,,,2,1789720602.854,,
2703.546,59.070,61.344,50.312,49.000,48.000,49.000,49.000,48.000,47.000,48.000,47.000,50.000,50.281,48.000,50.281,44.875,35.000,35.418,33.996,39.797,37.902,36.242,12.412,0.162,22.021,2475.265,2286.048,2437.000,2257.000,0.000,,,,2,1789720603.857,,
2704.546,58.773,61.047,50.188,48.000,48.000,49.000,49.000,48.000,47.000,48.000,47.000,50.000,50.000,48.000,49.609,44.812,35.000,35.414,33.996,39.781,37.906,36.238,10.703,0.139,20.381,2463.172,2282.280,2420.000,2241.000,0.000,,,,2,1789720604.856,,
2705.547,58.492,60.766,50.125,50.000,48.000,48.000,49.000,47.000,47.000,48.000,47.000,49.000,50.000,48.000,49.719,44.812,35.000,35.414,33.996,39.766,37.906,36.230,10.869,0.142,20.282,2450.614,2254.509,2403.000,2225.000,0.000,,,,2,1789720605.859,,
2706.549,58.305,60.578,49.875,50.000,50.000,52.000,52.000,50.000,49.000,50.000,51.000,50.000,52.469,50.000,52.469,44.688,35.000,35.410,33.996,39.750,37.910,36.223,14.447,0.160,23.327,2421.373,2243.690,2386.000,2210.000,0.000,,,,2,1789720606.860,,
2707.553,58.031,60.305,50.062,49.000,48.000,49.000,49.000,47.000,47.000,48.000,47.000,49.000,49.625,48.000,49.625,44.688,35.000,35.410,33.996,39.734,37.910,36.219,11.338,0.142,20.825,2377.996,2230.386,2369.000,2194.000,0.000,,,,2,1789720607.863,,
2708.553,57.758,60.031,49.875,55.000,48.000,50.000,49.000,54.000,47.000,49.000,47.000,50.000,55.000,49.000,49.297,44.750,35.000,35.406,33.996,39.719,37.910,36.211,10.173,0.135,19.164,2385.607,2206.924,2353.000,2179.000,0.000,,,,2,1789720608.863,,
2709.557,57.621,59.895,49.875,49.000,49.000,51.000,50.000,49.000,49.000,49.000,48.000,50.000,53.297,49.000,53.297,44.688,35.000,35.391,33.996,39.703,37.914,36.203,16.201,0.176,25.548,2350.744,2183.671,2336.000,2163.000,0.000,,,,2,1789720609.870,,
2710.561,57.359,59.633,50.000,48.000,47.000,48.000,49.000,47.000,46.000,48.000,48.000,49.000,49.250,48.000,49.250,44.688,35.000,35.387,33.996,39.691,37.914,36.199,10.538,0.135,19.715,2354.572,2160.955,2320.000,2149.000,0.000,,,,2,1789720610.871,,
2711.565,57.125,59.398,50.000,48.000,48.000,49.000,49.000,47.000,47.000,48.000,47.000,49.000,49.844,48.000,49.844,44.625,35.000,35.387,33.996,39.676,37.914,36.191,12.216,0.147,21.410,2320.664,2164.528,2304.000,2134.000,0.000,,,,2,1789720611.878,,
2712.565,56.879,59.152,49.875,48.000,48.000,49.000,49.000,47.000,46.000,48.000,47.000,49.000,49.281,48.000,49.281,44.562,35.000,35.383,33.996,39.660,37.918,36.188,11.205,0.137,20.334,2306.243,2138.987,2288.000,2119.000,0.000,,,,2,1789720612.877,,
2713.566,56.691,58.965,49.750,49.000,48.000,49.000,49.000,48.000,48.000,49.000,47.000,49.000,50.844,48.000,50.844,44.625,35.000,35.383,33.996,39.648,37.918,36.180,12.510,0.157,21.785,2309.721,2126.931,2273.000,2105.000,0.000,,,,2,1789720613.878,,
2714.569,56.488,58.762,49.688,51.000,50.000,57.000,53.000,49.000,49.000,56.000,50.000,49.000,57.000,50.000,50.219,44.625,35.000,35.383,33.996,39.633,37.918,36.176,12.894,0.160,21.673,2291.301,2114.475,2256.000,2089.000,0.000,,,,2,1789720614.880,,
2715.574,56.258,58.531,49.750,48.000,47.000,48.000,49.000,47.000,46.000,47.000,47.000,49.000,49.125,48.000,49.125,44.625,35.000,35.379,33.996,39.617,37.922,36.172,9.970,0.122,19.578,2273.474,2100.191,2239.000,2074.000,0.000,,,,2,1789720615.886,,
2716.577,56.031,58.305,49.812,48.000,47.000,48.000,49.000,46.000,46.000,47.000,47.000,49.000,49.000,47.000,48.969,44.562,35.000,35.379,33.996,39.605,37.922,36.168,8.898,0.107,18.054,2249.016,2082.550,2224.000,2060.000,0.000,,,,2,1789720616.887,,
2717.578,55.957,58.230,49.562,54.000,51.000,54.000,53.000,51.000,51.000,50.000,49.000,49.000,54.000,51.000,53.750,44.625,35.000,35.375,33.996,39.594,37.922,36.164,12.839,0.136,22.039,2231.811,2058.201,2209.000,2046.000,0.000,,,,2,1789720617.888,,
2718.578,55.797,58.070,49.688,49.000,48.000,49.000,50.000,48.000,47.000,48.000,47.000,49.000,50.812,48.000,50.812,44.438,35.000,35.375,33.996,39.578,37.926,36.156,12.262,0.149,21.433,2218.347,2047.130,2193.000,2031.000,0.000,,,,2,1789720618.888,,
2719.578,55.637,57.910,49.500,48.000,48.000,49.000,49.000,47.000,47.000,48.000,47.000,49.000,50.672,48.000,50.672,44.500,35.000,35.359,33.996,39.566,37.926,36.152,12.864,0.153,22.117,2201.108,2046.920,2178.000,2017.000,0.000,,,,2,1789720619.890,,
2720.581,55.477,57.750,49.562,48.000,48.000,49.000,49.000,47.000,47.000,48.000,47.000,49.000,50.516,48.000,50.516,44.438,35.000,35.355,33.996,39.551,37.926,36.148,12.596,0.151,21.797,2171.553,2026.685,2162.000,2002.000,0.000,,,,2,1789720620.893,,
2721.586,55.281,57.555,49.562,48.000,48.000,49.000,49.000,47.000,46.000,47.000,47.000,49.000,49.141,48.000,49.141,44.438,35.000,35.355,33.996,39.539,37.926,36.145,10.865,0.138,20.140,2174.767,2007.248,2148.000,1989.000,0.000,,,,2,1789720621.897,,
2722.586,55.082,57.238,49.438,48.000,48.000,48.000,48.000,47.000,46.000,48.000,47.000,49.000,49.000,47.000,48.969,44.375,35.000,35.355,33.996,39.527,37.930,36.141,9.588,0.124,18.606,2161.889,1999.311,2133.000,1975.000,0.000,,,,2,1789720622.896,,
2723.590,54.945,57.102,49.562,48.000,48.000,49.000,49.000,48.000,47.000,48.000,47.000,49.000,50.688,48.000,50.688,44.375,35.000,35.352,33.996,39.512,37.930,36.133,13.709,0.167,22.942,2146.000,1972.441,2116.000,1960.000,0.000,,,,2,1789720623.903,,
2724.594,54.758,56.914,49.375,47.000,48.000,48.000,49.000,47.000,46.000,47.000,47.000,49.000,49.016,47.000,49.016,44.500,35.000,35.352,33.996,39.500,37.930,36.133,9.754,0.119,18.903,2123.869,1956.586,2101.000,1946.000,0.000,,,,2,1789720624.905,,
2725.598,54.652,56.809,49.312,49.000,49.000,50.000,51.000,48.000,48.000,48.000,47.000,49.000,51.375,49.000,51.375,44.375,35.000,35.352,33.996,39.484,37.930,36.129,13.581,0.164,22.982,2123.719,1946.735,2085.000,1931.000,0.000,,,,2,1789720625.908,,
2726.602,54.609,56.766,49.500,49.000,49.000,50.000,51.000,49.000,48.000,48.000,48.000,49.000,53.250,49.000,53.250,44.375,35.000,35.352,33.996,39.473,37.934,36.125,14.782,0.173,23.717,2093.084,1944.033,2071.000,1918.000,0.000,,,,2,1789720626.913,,
2727.602,54.441,56.598,49.375,47.000,48.000,48.000,49.000,47.000,46.000,47.000,47.000,49.000,49.219,48.000,49.219,44.500,35.000,35.348,33.996,39.461,37.934,36.117,10.058,0.125,19.226,2078.114,1918.077,2056.000,1904.000,0.000,,,,2,1789720627.916,,
2728.603,54.910,56.992,49.312,57.000,53.000,56.000,64.000,53.000,53.000,54.000,51.000,51.000,64.000,52.000,56.328,44.312,35.000,35.348,33.996,39.445,37.934,36.117,17.527,0.169,27.991,2072.014,1910.727,2040.000,1889.000,0.000,,,,2,1789720628.914,,
2729.604,54.820,56.691,49.625,50.000,49.000,50.000,50.000,48.000,48.000,49.000,49.000,50.000,52.141,49.000,52.141,44.562,35.000,35.328,33.996,39.434,37.938,36.113,19.936,0.211,31.105,2063.451,1898.504,2026.000,1876.000,0.000,,,,2,1789720629.914,,
2730.605,54.711,56.395,49.562,49.000,49.000,50.000,51.000,48.000,48.000,48.000,48.000,52.000,52.000,49.000,51.266,44.438,35.000,35.328,33.996,39.422,37.938,36.109,16.428,0.184,26.024,2017.643,1874.102,2010.000,1862.000,0.000,,,,2,1789720630.915,,
2731.608,54.602,56.285,49.688,49.000,49.000,50.000,50.000,48.000,48.000,48.000,47.000,51.000,51.266,49.000,51.266,44.625,35.000,35.324,33.996,39.414,37.941,36.105,16.414,0.179,25.689,2025.841,1871.423,1998.000,1850.000,0.000,,,,2,1789720631.918,,
2732.611,54.445,56.129,49.688,48.000,48.000,49.000,49.000,48.000,47.000,48.000,47.000,49.000,49.547,48.000,49.547,44.688,35.000,35.324,33.996,39.398,37.941,36.102,10.960,0.133,19.890,1997.958,1864.580,1981.000,1835.000,0.000,,,,2,1789720632.923,,
2733.614,54.328,55.844,49.625,49.000,49.000,51.000,51.000,60.000,56.000,50.000,48.000,50.000,60.000,50.000,50.734,44.500,35.000,35.324,33.996,39.391,37.945,36.098,11.091,0.128,21.925,1984.565,1844.017,1968.000,1823.000,0.000,,,,2,1789720633.926,,
2734.614,54.180,55.695,49.688,47.000,48.000,49.000,49.000,47.000,46.000,48.000,47.000,49.000,49.594,48.000,49.594,44.625,35.000,35.324,33.996,39.379,37.945,36.094,12.958,0.147,20.409,1984.433,1825.456,1954.000,1810.000,0.000,,,,2,1789720634.924,,
2735.619,55.547,57.324,49.625,55.000,53.000,55.000,58.000,53.000,69.000,51.000,53.000,52.000,69.000,54.000,59.656,44.688,35.000,35.320,33.996,39.367,37.953,36.090,19.148,0.182,30.156,1966.246,1811.649,1940.000,1797.000,0.000,,,,2,1789720635.930,,
2736.624,58.980,61.609,49.875,57.000,67.000,55.000,60.000,54.000,56.000,52.000,53.000,52.000,69.281,58.000,69.281,44.750,35.000,35.320,33.996,39.355,37.953,36.086,32.605,0.244,41.663,1929.074,1798.229,1925.000,1783.000,0.000,,,,2,1789720636.936,,
2737.627,58.859,61.227,50.250,50.000,50.000,50.000,51.000,50.000,49.000,50.000,49.000,51.000,55.188,50.000,55.188,44.875,35.000,35.320,33.996,39.344,37.957,36.086,25.105,0.225,32.727,1941.947,1778.630,1911.000,1770.000,0.000,,,,2,1789720637.940,,
2738.631,58.602,60.730,50.375,49.000,48.000,50.000,49.000,48.000,47.000,48.000,48.000,51.000,51.000,49.000,50.547,45.000,35.000,35.320,33.996,39.336,37.961,36.086,12.340,0.143,21.283,1911.163,1782.708,1898.000,1758.000,0.000,,,,2,1789720638.941,,
2739.636,58.375,60.504,50.250,51.000,50.000,51.000,52.000,50.000,48.000,49.000,48.000,50.000,52.000,50.000,51.406,44.938,35.000,35.309,33.996,39.324,37.965,36.082,12.882,0.151,22.064,1926.679,1770.329,1884.000,1745.000,0.000,,,,2,1789720639.947,,
2740.637,58.141,60.270,50.188,53.000,49.000,51.000,52.000,51.000,49.000,49.000,49.000,50.000,53.000,50.000,50.906,45.125,35.000,35.305,33.996,39.312,37.969,36.078,11.615,0.139,20.857,1893.979,1755.122,1870.000,1732.000,0.000,,,,2,1789720640.947,,
2741.639,58.086,60.004,50.188,65.000,51.000,55.000,55.000,50.000,50.000,49.000,48.000,51.000,65.000,53.000,56.297,45.062,35.000,35.305,33.996,39.305,37.969,36.074,13.362,0.152,24.718,1888.634,1734.229,1857.000,1720.000,0.000,,,,2,1789720641.949,,
2742.639,57.898,59.816,50.312,50.000,49.000,50.000,51.000,49.000,48.000,49.000,48.000,50.000,52.125,49.000,52.125,45.062,35.000,35.305,33.996,39.293,37.973,36.074,18.498,0.193,25.669,1856.819,1720.463,1843.000,1707.000,0.000,,,,2,1789720642.950,,
2743.640,57.777,59.695,50.125,51.000,49.000,51.000,52.000,50.000,49.000,50.000,49.000,50.000,54.031,50.000,54.031,45.188,35.000,35.305,33.996,39.281,37.977,36.074,19.275,0.174,28.744,1852.795,1702.723,1836.000,1700.000,0.000,,,,2,1789720643.951,,
2744.644,57.594,59.512,50.438,54.000,54.000,56.000,53.000,54.000,53.000,50.000,49.000,50.000,56.000,52.000,51.953,45.188,35.000,35.305,33.996,39.273,37.984,36.074,13.180,0.158,23.281,1847.879,1703.827,1836.000,1700.000,0.000,,,,2,1789720644.955,,
2745.646,57.418,59.336,50.500,50.000,50.000,51.000,51.000,50.000,49.000,49.000,48.000,50.000,51.891,50.000,51.891,45.188,35.000,35.305,33.996,39.262,37.984,36.070,14.615,0.172,23.299,1850.510,1702.031,1836.000,1700.000,0.000,,,,2,1789720645.956,,
2746.651,57.336,59.254,50.562,50.000,51.000,51.000,52.000,50.000,49.000,50.000,49.000,51.000,54.828,50.000,54.828,45.250,35.000,35.305,33.996,39.254,37.988,36.070,22.619,0.197,33.525,1834.124,1713.804,1836.000,1700.000,0.000,,,,2,1789720646.964,,
2747.652,57.152,59.070,50.625,49.000,49.000,50.000,51.000,49.000,48.000,50.000,49.000,51.000,51.484,49.000,51.484,45.250,35.000,35.301,33.996,39.246,37.996,36.066,12.477,0.159,22.632,1845.558,1698.418,1836.000,1700.000,0.000,,,,2,1789720647.963,,
2748.653,57.008,58.926,50.500,62.000,53.000,52.000,62.000,51.000,51.000,50.000,49.000,51.000,62.000,53.000,52.453,45.250,35.000,35.301,33.996,39.234,38.000,36.066,10.857,0.120,18.651,1824.531,1701.766,1836.000,1700.000,0.000,,,,2,1789720648.964,,
2749.654,56.805,58.723,50.438,49.000,48.000,49.000,50.000,48.000,47.000,48.000,48.000,50.000,50.609,49.000,50.609,45.375,35.000,35.285,33.996,39.227,38.004,36.066,11.775,0.137,22.705,1824.882,1693.695,1836.000,1700.000,0.000,,,,2,1789720649.964,,
2750.654,56.598,58.516,50.312,48.000,48.000,50.000,50.000,48.000,47.000,48.000,48.000,50.000,50.062,48.000,50.062,45.312,35.000,35.285,33.996,39.219,38.008,36.066,9.557,0.116,18.538,1835.995,1686.546,1836.000,1700.000,0.000,,,,2,1789720650.964,,
2751.657,56.391,58.309,50.312,49.000,48.000,50.000,49.000,48.000,47.000,49.000,48.000,49.000,50.062,48.000,50.062,45.312,35.000,35.285,33.996,39.211,38.012,36.066,9.782,0.120,18.995,1832.192,1698.361,1836.000,1700.000,0.000,,,,2,1789720651.970,,
2752.662,56.195,58.113,50.312,48.000,48.000,49.000,49.000,47.000,47.000,48.000,48.000,50.000,50.094,49.000,50.094,45.312,35.000,35.285,33.996,39.203,38.016,36.066,10.647,0.129,19.561,1841.272,1710.206,1836.000,1700.000,0.000,,,,2,1789720652.972,,
2753.666,56.020,57.938,50.188,49.000,49.000,50.000,50.000,48.000,48.000,49.000,48.000,50.000,50.609,49.000,50.609,45.375,35.000,35.285,33.996,39.195,38.020,36.066,12.627,0.141,21.644,1832.080,1701.967,1836.000,1700.000,0.000,,,,2,1789720653.978,,
2754.666,55.828,57.746,50.250,48.000,48.000,49.000,49.000,48.000,47.000,49.000,47.000,50.000,50.000,48.000,49.906,45.125,35.000,35.281,33.996,39.188,38.023,36.066,11.065,0.131,20.325,1818.007,1698.266,1836.000,1700.000,0.000,,,,2,1789720654.976,,
2755.669,55.652,57.570,50.062,49.000,48.000,49.000,49.000,48.000,46.000,48.000,47.000,49.000,50.172,48.000,50.172,45.125,35.000,35.281,33.996,39.180,38.027,36.066,10.449,0.130,19.652,1822.314,1712.288,1836.000,1700.000,0.000,,,,2,1789720655.980,,
2756.671,55.465,57.383,50.125,48.000,48.000,49.000,49.000,48.000,46.000,48.000,47.000,50.000,50.000,49.000,49.688,45.188,35.000,35.281,33.996,39.176,38.039,36.070,9.482,0.110,18.434,1833.825,1698.410,1836.000,1700.000,0.000,,,,2,1789720656.981,,
2757.671,55.281,57.199,50.000,48.000,48.000,49.000,49.000,48.000,47.000,48.000,47.000,50.000,50.000,48.000,49.500,45.062,35.000,35.281,33.996,39.164,38.043,36.066,9.893,0.120,19.158,1834.086,1694.437,1836.000,1700.000,0.000,,,,2,1789720657.982,,
2758.675,55.113,57.031,49.938,49.000,48.000,49.000,49.000,48.000,47.000,48.000,47.000,50.000,50.000,48.000,49.953,45.188,35.000,35.281,33.996,39.156,38.047,36.070,10.327,0.127,19.278,1833.657,1710.263,1836.000,1700.000,0.000,,,,2,1789720658.988,,
2759.678,54.965,56.883,49.938,49.000,48.000,49.000,51.000,48.000,47.000,48.000,47.000,49.000,51.000,48.000,50.422,45.000,35.000,35.270,33.996,39.148,38.051,36.070,10.695,0.125,19.697,1836.126,1702.474,1836.000,1700.000,0.000,,,,2,1789720659.990,,
2760.681,54.785,56.703,49.812,48.000,48.000,49.000,49.000,47.000,47.000,48.000,47.000,49.000,49.156,48.000,49.156,45.000,35.000,35.270,33.996,39.141,38.055,36.070,9.167,0.118,18.324,1845.747,1700.841,1836.000,1700.000,0.000,,,,2,1789720660.992,,
2761.685,54.617,56.535,49.812,48.000,48.000,49.000,49.000,47.000,46.000,48.000,47.000,49.000,49.375,48.000,49.375,45.062,35.000,35.270,33.996,39.133,38.062,36.070,9.663,0.123,18.851,1836.032,1701.959,1836.000,1700.000,0.000,,,,2,1789720661.998,,
2762.687,54.441,56.359,49.875,48.000,48.000,49.000,49.000,47.000,46.000,48.000,47.000,49.000,49.078,48.000,49.078,45.000,35.000,35.270,33.996,39.125,38.062,36.070,8.835,0.106,17.807,1845.349,1701.757,1836.000,1700.000,0.000,,,,2,1789720662.998,,
2763.692,54.277,56.195,49.812,48.000,48.000,48.000,49.000,47.000,46.000,48.000,47.000,49.000,49.156,47.000,49.156,45.062,35.000,35.270,33.996,39.117,38.066,36.070,9.516,0.117,18.709,1829.510,1693.934,1836.000,1700.000,0.000,,,,2,1789720664.005,,
2764.695,54.121,56.039,49.625,48.000,48.000,49.000,49.000,47.000,46.000,48.000,47.000,49.000,49.234,48.000,49.234,44.938,35.000,35.270,33.996,39.109,38.066,36.074,10.081,0.120,19.186,1843.724,1702.248,1836.000,1700.000,0.000,,,,2,1789720665.006,,
2765.695,53.965,55.883,49.562,47.000,48.000,49.000,49.000,47.000,46.000,48.000,47.000,49.000,49.125,48.000,49.125,44.812,35.000,35.266,33.996,39.098,38.070,36.074,9.439,0.117,18.564,1836.426,1692.262,1836.000,1700.000,0.000,,,,2,1789720666.024,,
2766.696,53.848,55.766,49.562,48.000,48.000,49.000,49.000,48.000,47.000,48.000,47.000,50.000,50.250,48.000,50.250,44.875,35.000,35.266,33.996,39.090,38.074,36.074,10.051,0.117,19.098,1839.080,1704.207,1836.000,1700.000,0.000,,,,2,1789720667.007,,
2767.699,53.707,55.625,49.375,52.000,49.000,49.000,51.000,49.000,48.000,49.000,48.000,49.000,52.000,49.000,49.375,44.938,35.000,35.266,33.996,39.086,38.078,36.074,9.771,0.116,18.614,1843.431,1697.969,1836.000,1700.000,0.000,,,,2,1789720668.010,,
2768.703,53.562,55.480,49.562,48.000,48.000,48.000,49.000,47.000,46.000,48.000,47.000,49.000,49.047,47.000,49.047,44.812,35.000,35.266,33.996,39.078,38.078,36.074,9.755,0.120,19.170,1831.893,1691.920,1836.000,1700.000,0.000,,,,2,1789720669.014,,
2769.707,53.434,55.352,49.250,48.000,48.000,49.000,49.000,47.000,46.000,48.000,47.000,49.000,49.438,48.000,49.438,44.750,35.000,35.250,33.996,39.070,38.078,36.074,9.891,0.120,18.978,1841.037,1701.934,1836.000,1700.000,0.000,,,,2,1789720670.019,,
2770.711,53.297,55.215,49.375,48.000,48.000,48.000,49.000,47.000,46.000,48.000,47.000,49.000,49.047,47.000,49.047,44.688,35.000,35.250,33.996,39.059,38.082,36.074,9.664,0.120,18.708,1838.780,1697.721,1836.000,1700.000,0.000,,,,2,1789720671.022,,
2771.711,53.434,55.352,49.312,51.000,51.000,52.000,53.000,51.000,50.000,50.000,50.000,51.000,56.375,51.000,56.375,44.688,35.000,35.250,33.996,39.051,38.082,36.074,17.928,0.179,26.608,1824.660,1686.736,1836.000,1700.000,0.000,,,,2,1789720672.022,,
2772.713,53.363,55.281,49.438,49.000,49.000,50.000,51.000,49.000,48.000,49.000,48.000,51.000,51.234,49.000,51.234,44.688,35.000,35.250,33.996,39.043,38.086,36.074,14.435,0.146,23.574,1838.677,1698.602,1836.000,1700.000,0.000,,,,2,1789720673.023,,
2773.718,53.383,55.145,49.562,50.000,50.000,51.000,52.000,50.000,49.000,49.000,49.000,51.000,53.750,49.000,53.750,44.875,35.000,35.250,33.996,39.035,38.086,36.078,18.940,0.213,28.101,1833.825,1704.473,1836.000,1700.000,0.000,,,,2,1789720674.029,,
2774.722,53.336,54.922,49.625,50.000,49.000,50.000,51.000,51.000,48.000,49.000,48.000,51.000,51.922,49.000,51.922,44.812,35.000,35.250,33.996,39.027,38.090,36.078,17.473,0.188,26.550,1845.624,1692.326,1836.000,1700.000,0.000,,,,2,1789720675.033,,
2775.726,53.270,54.855,49.812,49.000,49.000,50.000,51.000,49.000,48.000,49.000,48.000,51.000,51.203,49.000,51.203,44.875,35.000,35.250,33.996,39.020,38.094,36.078,15.563,0.159,24.784,1845.709,1703.932,1836.000,1700.000,0.000,,,,2,1789720676.037,,
2776.730,53.242,54.828,49.875,50.000,49.000,50.000,50.000,49.000,48.000,49.000,48.000,51.000,52.453,49.000,52.453,45.000,35.000,35.250,33.996,39.012,38.098,36.078,15.654,0.153,24.693,1831.837,1698.450,1836.000,1700.000,0.000,,,,2,1789720677.040,,
2777.733,53.172,54.758,49.812,52.000,51.000,52.000,52.000,51.000,49.000,51.000,50.000,50.000,52.000,50.000,51.000,45.062,35.000,35.250,33.996,39.004,38.102,36.078,11.801,0.142,20.900,1840.858,1696.417,1836.000,1700.000,0.000,,,,2,1789720678.045,,
2778.735,53.105,54.691,49.812,49.000,49.000,50.000,50.000,48.000,48.000,48.000,48.000,50.000,51.031,48.000,51.031,44.938,35.000,35.250,33.996,38.996,38.105,36.082,12.000,0.144,21.100,1822.683,1694.126,1836.000,1700.000,0.000,,,,2,1789720679.047,,
2779.737,53.004,54.590,49.875,48.000,48.000,49.000,49.000,48.000,47.000,48.000,47.000,50.000,50.000,48.000,49.781,44.875,35.000,35.238,33.996,38.988,38.105,36.082,10.293,0.125,19.486,1831.884,1708.104,1836.000,1700.000,0.000,,,,2,1789720680.048,,
2780.738,52.891,54.477,49.812,48.000,48.000,49.000,49.000,47.000,47.000,48.000,47.000,50.000,50.000,48.000,49.375,44.938,35.000,35.238,33.996,38.980,38.109,36.078,9.935,0.122,19.009,1834.096,1720.323,1836.000,1700.000,0.000,,,,2,1789720681.049,,
2781.738,52.812,54.398,49.688,49.000,49.000,49.000,50.000,48.000,48.000,49.000,49.000,50.000,50.406,49.000,50.406,44.875,35.000,35.234,33.996,38.977,38.109,36.078,13.080,0.153,22.374,1833.918,1684.297,1836.000,1700.000,0.000,,,,2,1789720682.049,,
2782.738,52.738,54.324,49.812,48.000,48.000,49.000,49.000,47.000,47.000,48.000,47.000,50.000,50.438,48.000,50.438,44.875,35.000,35.234,33.996,38.969,38.117,36.082,13.251,0.158,22.300,1831.493,1684.676,1836.000,1700.000,0.000,,,,2,1789720683.049,,
2783.741,52.672,54.258,49.750,49.000,49.000,50.000,50.000,48.000,48.000,48.000,47.000,50.000,50.625,48.000,50.625,45.062,35.000,35.234,33.996,38.961,38.117,36.082,11.119,0.140,20.264,1847.983,1709.702,1836.000,1700.000,0.000,,,,2,1789720684.053,,
2784.744,52.562,54.066,49.688,48.000,48.000,49.000,49.000,47.000,47.000,48.000,47.000,49.000,49.141,48.000,49.141,45.000,35.000,35.234,33.996,38.953,38.121,36.082,8.842,0.113,17.950,1820.085,1702.160,1836.000,1700.000,0.000,,,,2,1789720685.054,,
2785.746,52.465,53.969,49.750,49.000,48.000,49.000,49.000,47.000,46.000,48.000,47.000,49.000,49.531,48.000,49.531,45.062,35.000,35.234,33.996,38.945,38.121,36.082,10.169,0.129,19.297,1833.862,1698.370,1836.000,1700.000,0.000,,,,2,1789720686.059,,
2786.750,52.395,53.898,49.625,48.000,48.000,48.000,49.000,48.000,47.000,48.000,47.000,49.000,50.219,48.000,50.219,45.000,35.000,35.234,33.996,38.938,38.125,36.082,11.729,0.129,20.936,1826.957,1681.355,1836.000,1700.000,0.000,,,,2,1789720687.063,,
2787.751,52.297,53.801,49.500,48.000,48.000,49.000,49.000,47.000,46.000,48.000,47.000,50.000,50.000,48.000,49.234,44.938,35.000,35.234,33.996,38.934,38.129,36.082,9.234,0.121,18.447,1833.881,1684.731,1836.000,1700.000,0.000,,,,2,1789720688.063,,
2788.754,52.199,53.703,49.562,48.000,48.000,49.000,49.000,47.000,47.000,48.000,47.000,49.000,49.203,48.000,49.203,44.938,35.000,35.234,33.996,38.926,38.129,36.082,9.953,0.122,19.094,1845.586,1714.008,1836.000,1700.000,0.000,,,,2,1789720689.065,,
2789.758,52.105,53.609,49.500,48.000,47.000,48.000,49.000,47.000,46.000,47.000,47.000,49.000,49.141,47.000,49.141,44.938,35.000,35.223,33.996,38.918,38.129,36.082,9.311,0.120,18.397,1847.746,1699.685,1836.000,1700.000,0.000,,,,2,1789720690.070,,
2790.761,52.020,53.523,49.375,48.000,48.000,49.000,49.000,47.000,46.000,48.000,47.000,49.000,49.391,48.000,49.391,44.875,35.000,35.223,33.996,38.914,38.133,36.086,9.763,0.126,18.977,1836.173,1701.983,1836.000,1700.000,0.000,,,,2,1789720691.072,,
2791.765,51.930,53.434,49.375,48.000,47.000,48.000,49.000,47.000,46.000,48.000,47.000,49.000,49.094,47.000,49.094,44.750,35.000,35.223,33.996,38.906,38.133,36.086,9.397,0.120,18.450,1845.520,1702.732,1836.000,1700.000,0.000,,,,2,1789720692.076,,
2792.768,51.891,53.395,49.312,50.000,50.000,51.000,51.000,48.000,48.000,49.000,47.000,49.000,51.000,49.000,50.719,44.812,35.000,35.223,33.996,38.898,38.133,36.086,12.486,0.153,21.896,1838.395,1692.413,1836.000,1700.000,0.000,,,,2,1789720693.078,,
2793.769,51.828,53.332,49.312,49.000,48.000,49.000,49.000,48.000,47.000,48.000,47.000,50.000,50.000,48.000,49.938,44.812,35.000,35.223,33.996,38.895,38.137,36.086,11.419,0.141,20.619,1834.105,1692.079,1836.000,1700.000,0.000,,,,2,1789720694.079,,
2794.770,51.762,53.191,49.375,49.000,49.000,49.000,49.000,48.000,47.000,48.000,47.000,49.000,49.703,48.000,49.703,44.812,35.000,35.223,33.996,38.887,38.141,36.086,11.854,0.150,20.865,1845.397,1692.047,1836.000,1700.000,0.000,,,,2,1789720695.080,,
2795.770,51.715,53.145,49.375,49.000,48.000,49.000,50.000,48.000,48.000,48.000,48.000,49.000,50.172,48.000,50.172,44.688,35.000,35.223,33.996,38.879,38.141,36.086,12.344,0.154,21.357,1833.853,1684.549,1836.000,1700.000,0.000,,,,2,1789720696.083,,
2796.773,51.641,53.070,49.312,48.000,48.000,49.000,49.000,47.000,46.000,48.000,47.000,50.000,50.000,48.000,49.359,44.688,35.000,35.223,33.996,38.871,38.141,36.086,11.015,0.140,20.260,1826.892,1704.465,1836.000,1700.000,0.000,,,,2,1789720697.084,,
2797.776,51.594,53.023,49.438,48.000,48.000,49.000,49.000,48.000,47.000,48.000,47.000,49.000,50.156,48.000,50.156,44.750,35.000,35.223,33.996,38.867,38.148,36.090,12.853,0.150,22.016,1834.526,1690.323,1836.000,1700.000,0.000,,,,2,1789720698.090,,
2798.779,51.520,52.949,49.438,48.000,47.000,48.000,48.000,48.000,46.000,48.000,47.000,49.000,49.188,48.000,49.188,44.688,35.000,35.223,33.996,38.859,38.148,36.090,10.556,0.133,19.681,1834.012,1697.889,1836.000,1700.000,0.000,,,,2,1789720699.089,,
2799.779,51.457,52.887,49.438,50.000,49.000,50.000,49.000,48.000,47.000,48.000,47.000,49.000,50.000,48.000,49.531,44.750,35.000,35.211,33.996,38.855,38.148,36.090,9.871,0.121,19.086,1836.444,1697.753,1836.000,1700.000,0.000,,,,2,1789720700.090,,
2800.780,51.379,52.809,49.375,48.000,48.000,49.000,49.000,48.000,46.000,48.000,47.000,49.000,49.031,48.000,49.031,44.625,35.000,35.211,33.996,38.852,38.152,36.090,8.924,0.106,17.992,1834.040,1696.025,1836.000,1700.000,0.000,,,,2,1789720701.095,,
2801.785,51.352,52.637,49.250,49.000,49.000,50.000,60.000,48.000,49.000,48.000,47.000,50.000,60.000,50.000,50.406,44.625,35.000,35.211,33.996,38.844,38.156,36.090,9.951,0.117,20.504,1843.044,1684.746,1836.000,1700.000,0.000,,,,2,1789720702.096,,
2802.788,51.328,52.484,49.500,49.000,48.000,49.000,50.000,48.000,47.000,48.000,47.000,50.000,50.609,48.000,50.609,44.688,35.000,35.211,33.996,38.836,38.152,36.090,14.994,0.150,23.232,1838.489,1684.723,1836.000,1700.000,0.000,,,,2,1789720703.099,,
2803.793,51.383,52.527,49.438,50.000,49.000,50.000,51.000,49.000,48.000,49.000,49.000,51.000,52.438,49.000,52.438,44.812,35.000,35.211,33.996,38.828,38.156,36.094,19.680,0.201,28.825,1833.741,1693.998,1836.000,1700.000,0.000,,,,2,1789720704.106,,
2804.796,51.371,52.516,49.438,49.000,49.000,49.000,50.000,48.000,47.000,48.000,48.000,51.000,51.062,49.000,51.062,44.688,35.000,35.211,33.996,38.824,38.156,36.094,15.479,0.157,24.772,1831.427,1686.396,1836.000,1700.000,0.000,,,,2,1789720705.108,,
2805.801,51.359,52.504,49.500,49.000,49.000,51.000,50.000,49.000,48.000,48.000,47.000,51.000,51.016,49.000,51.016,44.875,35.000,35.211,33.996,38.816,38.160,36.094,13.771,0.151,22.902,1833.713,1686.380,1836.000,1700.000,0.000,,,,2,1789720706.112,,
2806.801,51.336,52.480,49.625,49.000,49.000,50.000,50.000,48.000,47.000,48.000,48.000,51.000,51.000,49.000,50.656,44.938,35.000,35.211,33.996,38.812,38.160,36.094,13.339,0.147,22.454,1861.908,1703.731,1836.000,1700.000,0.000,,,,2,1789720707.113,,
2807.804,51.281,52.426,49.500,48.000,48.000,49.000,49.000,48.000,46.000,48.000,47.000,50.000,50.000,48.000,49.500,44.875,35.000,35.211,33.996,38.805,38.164,36.094,10.532,0.132,19.225,1833.666,1723.667,1836.000,1700.000,0.000,,,,2,1789720708.116,,
2808.807,51.230,52.375,49.562,49.000,48.000,49.000,49.000,47.000,47.000,48.000,47.000,50.000,50.000,48.000,49.641,44.750,35.000,35.211,33.996,38.797,38.164,36.094,10.604,0.135,19.813,1824.669,1702.256,1836.000,1700.000,0.000,,,,2,1789720709.118,,
2809.810,51.164,52.309,49.438,48.000,48.000,49.000,49.000,47.000,47.000,48.000,47.000,50.000,50.000,48.000,49.156,44.875,35.000,35.203,33.996,38.793,38.168,36.094,9.237,0.118,18.462,1834.058,1697.961,1836.000,1700.000,0.000,,,,2,1789720710.122,,
2810.811,51.105,52.250,49.438,48.000,48.000,49.000,49.000,47.000,46.000,48.000,47.000,50.000,50.000,48.000,49.250,44.812,35.000,35.203,33.996,38.785,38.168,36.094,9.524,0.122,18.364,1833.470,1713.511,1836.000,1700.000,0.000,,,,2,1789720711.123,,
2811.812,51.047,52.191,49.562,54.000,48.000,49.000,49.000,47.000,47.000,48.000,47.000,49.000,54.000,48.000,49.219,44.875,35.000,35.203,33.996,38.781,38.172,36.094,9.738,0.121,19.112,1849.948,1715.372,1836.000,1700.000,0.000,,,,2,1789720712.122,,
2812.815,51.043,52.188,49.438,49.000,49.000,49.000,50.000,48.000,47.000,48.000,47.000,49.000,51.016,48.000,51.016,44.875,35.000,35.199,33.996,38.773,38.172,36.094,13.077,0.143,21.902,1847.641,1694.030,1836.000,1700.000,0.000,,,,2,1789720713.127,,
2813.815,51.000,52.086,49.438,49.000,48.000,49.000,49.000,47.000,46.000,48.000,48.000,49.000,49.578,48.000,49.578,44.750,35.000,35.199,33.996,38.766,38.172,36.094,11.510,0.142,21.013,1836.248,1686.530,1836.000,1700.000,0.000,,,,2,1789720714.127,,
2814.818,50.941,52.027,49.438,48.000,49.000,49.000,49.000,48.000,47.000,48.000,47.000,49.000,49.156,48.000,49.156,44.875,35.000,35.199,33.996,38.762,38.176,36.094,9.094,0.113,18.003,1841.065,1689.966,1836.000,1700.000,0.000,,,,2,1789720715.130,,
2815.822,50.906,51.992,49.375,49.000,49.000,50.000,51.000,49.000,48.000,48.000,47.000,50.000,51.000,49.000,49.766,44.812,35.000,35.199,33.996,38.758,38.176,36.098,10.414,0.127,19.327,1847.471,1697.897,1836.000,1700.000,0.000,,,,2,1789720716.132,,
2816.826,50.883,51.969,49.375,49.000,48.000,49.000,49.000,47.000,47.000,48.000,47.000,50.000,50.172,48.000,50.172,44.750,35.000,35.199,33.996,38.750,38.176,36.098,13.656,0.161,23.344,1842.969,1713.633,1836.000,1700.000,0.000,,,,2,1789720717.138,,
2817.830,50.828,51.914,49.375,48.000,48.000,49.000,49.000,47.000,46.000,48.000,47.000,49.000,49.203,48.000,49.203,44.688,35.000,35.199,33.996,38.742,38.176,36.098,9.394,0.120,18.668,1838.432,1711.759,1836.000,1700.000,0.000,,,,2,1789720718.142,,
2818.833,50.773,51.859,49.250,47.000,48.000,49.000,49.000,47.000,46.000,48.000,47.000,49.000,49.094,47.000,49.094,44.812,35.000,35.199,33.996,38.738,38.176,36.098,9.307,0.117,18.410,1831.399,1713.690,1836.000,1700.000,0.000,,,,2,1789720719.145,,
2819.836,50.738,51.824,49.188,49.000,48.000,49.000,49.000,48.000,47.000,48.000,47.000,49.000,49.562,48.000,49.562,44.688,35.000,35.188,33.996,38.734,38.180,36.098,9.901,0.122,18.658,1829.073,1703.819,1836.000,1700.000,0.000,,,,2,1789720720.146,,
2820.838,50.684,51.770,49.188,48.000,48.000,49.000,49.000,47.000,46.000,48.000,47.000,49.000,49.078,47.000,49.078,44.625,35.000,35.188,33.996,38.727,38.180,36.098,10.269,0.132,19.785,1831.092,1707.820,1836.000,1700.000,0.000,,,,2,1789720721.149,,
2821.843,50.637,51.723,49.188,49.000,48.000,49.000,49.000,47.000,46.000,48.000,47.000,49.000,49.141,47.000,49.141,44.750,35.000,35.188,33.996,38.723,38.180,36.098,9.272,0.117,18.195,1838.329,1707.748,1836.000,1700.000,0.000,,,,2,1789720722.154,,
2822.844,50.586,51.672,49.250,48.000,47.000,49.000,48.000,47.000,46.000,47.000,47.000,49.000,49.031,47.000,49.031,44.688,35.000,35.188,33.996,38.715,38.180,36.098,9.178,0.118,18.457,1833.722,1711.848,1836.000,1700.000,0.000,,,,2,1789720723.155,,
2823.846,50.547,51.578,49.125,48.000,47.000,49.000,49.000,47.000,46.000,47.000,47.000,49.000,49.312,47.000,49.312,44.625,35.000,35.188,33.996,38.711,38.180,36.098,9.733,0.124,18.894,1838.479,1701.927,1836.000,1700.000,0.000,,,,2,1789720724.158,,
2824.851,50.504,51.535,49.125,48.000,48.000,49.000,49.000,47.000,47.000,48.000,47.000,49.000,49.203,47.000,49.203,44.625,35.000,35.188,33.996,38.707,38.180,36.102,9.495,0.120,18.528,1831.679,1701.701,1836.000,1700.000,0.000,,,,2,1789720725.163,,
2825.852,50.461,51.492,49.000,48.000,47.000,48.000,49.000,47.000,46.000,47.000,47.000,49.000,49.047,47.000,49.047,44.562,35.000,35.188,33.996,38.703,38.184,36.102,9.489,0.123,18.661,1840.830,1710.311,1836.000,1700.000,0.000,,,,2,1789720726.164,,
2826.855,50.430,51.461,49.000,47.000,48.000,49.000,49.000,48.000,46.000,47.000,47.000,49.000,49.469,47.000,49.469,44.625,35.000,35.188,33.996,38.695,38.184,36.102,9.450,0.120,18.561,1824.623,1711.368,1836.000,1700.000,0.000,,,,2,1789720727.168,,
2827.858,50.395,51.426,49.000,48.000,48.000,49.000,49.000,47.000,46.000,47.000,47.000,49.000,49.406,47.000,49.406,44.500,35.000,35.188,33.996,38.688,38.180,36.102,10.771,0.135,19.912,1834.105,1701.420,1836.000,1700.000,0.000,,,,2,1789720728.168,,
2828.859,50.352,51.383,49.000,47.000,48.000,48.000,49.000,46.000,46.000,47.000,47.000,49.000,49.016,47.000,49.016,44.500,35.000,35.188,33.996,38.684,38.180,36.098,8.962,0.108,17.954,1836.210,1704.279,1836.000,1700.000,0.000,,,,2,1789720729.171,,
2829.863,50.312,51.344,49.125,47.000,48.000,48.000,49.000,46.000,45.000,47.000,47.000,49.000,49.016,47.000,49.016,44.625,35.000,35.180,33.996,38.680,38.180,36.102,9.253,0.113,18.504,1852.385,1698.690,1836.000,1700.000,0.000,,,,2,1789720730.175,,
2830.867,50.270,51.301,48.750,47.000,47.000,48.000,48.000,46.000,46.000,47.000,46.000,49.000,49.000,46.000,48.938,44.438,35.000,35.180,33.996,38.672,38.176,36.098,8.884,0.110,17.963,1831.353,1698.642,1836.000,1700.000,0.000,,,,2,1789720731.178,,
2831.867,50.336,51.367,48.812,48.000,48.000,49.000,49.000,48.000,47.000,48.000,48.000,49.000,52.469,48.000,52.469,44.438,35.000,35.180,33.996,38.668,38.176,36.098,13.616,0.140,22.706,1840.943,1692.381,1836.000,1700.000,0.000,,,,2,1789720732.178,,
2832.870,50.352,51.383,48.938,48.000,48.000,49.000,49.000,47.000,47.000,48.000,47.000,49.000,50.938,48.000,50.938,44.438,35.000,35.180,33.996,38.664,38.176,36.102,15.309,0.158,24.610,1829.278,1713.878,1836.000,1700.000,0.000,,,,2,1789720733.181,,
2833.872,50.324,51.574,49.000,48.000,48.000,49.000,49.000,47.000,46.000,47.000,47.000,49.000,49.484,48.000,49.484,44.500,35.000,35.180,33.996,38.656,38.176,36.102,11.069,0.142,20.279,1845.340,1705.620,1836.000,1700.000,0.000,,,,2,1789720734.184,,
2834.876,50.281,51.531,48.938,47.000,47.000,49.000,49.000,47.000,45.000,47.000,47.000,49.000,49.016,47.000,49.016,44.562,35.000,35.180,33.996,38.652,38.176,36.102,9.007,0.107,18.111,1831.800,1700.046,1836.000,1700.000,0.000,,,,2,1789720735.188,,
2835.878,50.258,51.508,48.938,48.000,48.000,48.000,48.000,47.000,46.000,47.000,47.000,49.000,49.578,47.000,49.578,44.562,35.000,35.180,33.996,38.645,38.176,36.102,9.967,0.116,19.093,1831.744,1689.649,1836.000,1700.000,0.000,,,,2,1789720736.187,,
2836.880,50.219,51.469,48.938,48.000,47.000,49.000,48.000,47.000,46.000,47.000,47.000,49.000,49.000,47.000,48.953,44.562,35.000,35.180,33.996,38.641,38.176,36.102,8.851,0.104,17.967,1829.584,1698.410,1836.000,1700.000,0.000,,,,2,1789720737.191,,
2837.884,50.184,51.434,48.875,48.000,47.000,48.000,49.000,47.000,46.000,47.000,47.000,49.000,49.047,48.000,49.047,44.500,35.000,35.180,33.996,38.637,38.172,36.102,10.027,0.122,19.202,1820.444,1692.111,1836.000,1700.000,0.000,,,,2,1789720738.194,,
2838.888,50.148,51.398,48.750,47.000,48.000,49.000,49.000,47.000,46.000,47.000,47.000,49.000,49.062,47.000,49.062,44.500,35.000,35.180,33.996,38.629,38.172,36.102,9.744,0.123,18.851,1836.407,1684.534,1836.000,1700.000,0.000,,,,2,1789720739.198,,
2839.892,50.230,51.480,48.812,51.000,50.000,51.000,53.000,49.000,52.000,51.000,51.000,49.000,53.000,49.000,52.781,44.375,35.000,35.172,33.996,38.625,38.172,36.098,11.879,0.126,21.123,1820.545,1701.878,1836.000,1700.000,0.000,,,,2,1789720740.202,,
2840.892,50.191,51.441,48.812,48.000,47.000,49.000,49.000,47.000,46.000,47.000,47.000,49.000,49.047,47.000,49.047,44.438,35.000,35.172,33.996,38.617,38.168,36.098,8.920,0.113,18.034,1831.930,1704.182,1836.000,1700.000,0.000,,,,2,1789720741.204,,
2841.896,50.156,51.406,48.812,48.000,47.000,49.000,49.000,47.000,46.000,48.000,47.000,49.000,49.016,46.000,49.016,44.438,35.000,35.172,33.996,38.613,38.168,36.102,9.445,0.116,18.559,1834.133,1714.539,1836.000,1700.000,0.000,,,,2,1789720742.206,,
2842.901,50.148,51.398,48.625,49.000,48.000,50.000,51.000,47.000,47.000,48.000,47.000,49.000,51.000,48.000,49.922,44.438,35.000,35.172,33.996,38.609,38.168,36.098,9.539,0.114,18.605,1843.563,1694.445,1836.000,1700.000,0.000,,,,2,1789720743.212,,
2843.902,50.117,51.629,48.688,48.000,47.000,49.000,49.000,47.000,46.000,48.000,47.000,49.000,49.125,47.000,49.125,44.500,35.000,35.172,33.996,38.602,38.168,36.098,10.031,0.124,19.242,1850.424,1711.742,1836.000,1700.000,0.000,,,,2,1789720744.214,,
2844.906,50.078,51.590,48.625,48.000,49.000,49.000,49.000,47.000,46.000,48.000,47.000,49.000,49.000,48.000,48.938,44.375,35.000,35.172,33.996,38.598,38.164,36.098,9.269,0.113,18.544,1836.257,1705.959,1836.000,1700.000,0.000,,,,2,1789720745.218,,
2845.906,50.207,51.719,48.688,52.000,50.000,51.000,52.000,50.000,48.000,49.000,48.000,50.000,53.781,49.000,53.781,44.375,35.000,35.172,33.996,38.590,38.164,36.098,16.337,0.185,25.515,1833.900,1698.714,1836.000,1700.000,0.000,,,,2,1789720746.218,,
2846.909,50.172,51.684,48.812,48.000,47.000,48.000,49.000,47.000,46.000,48.000,47.000,49.000,49.156,47.000,49.156,44.500,35.000,35.172,33.996,38.586,38.160,36.094,9.353,0.115,18.335,1836.416,1714.172,1836.000,1700.000,0.000,,,,2,1789720747.220,,
2847.909,50.219,51.730,48.750,49.000,49.000,50.000,50.000,48.000,47.000,49.000,48.000,49.000,51.609,48.000,51.609,44.375,35.000,35.172,33.996,38.582,38.160,36.094,13.243,0.147,22.578,1848.154,1704.102,1836.000,1700.000,0.000,,,,2,1789720748.222,,
2848.912,50.180,51.691,48.812,48.000,48.000,48.000,49.000,47.000,46.000,47.000,47.000,49.000,49.078,47.000,49.078,44.438,35.000,35.172,33.996,38.574,38.160,36.094,9.221,0.110,18.298,1834.086,1699.965,1836.000,1700.000,0.000,,,,2,1789720749.223,,
2849.912,50.145,51.656,48.812,48.000,48.000,49.000,49.000,47.000,46.000,47.000,47.000,49.000,49.000,47.000,48.953,44.562,35.000,35.160,33.996,38.574,38.160,36.094,9.193,0.111,18.325,1845.122,1692.421,1836.000,1700.000,0.000,,,,2,1789720750.223,,
2850.912,50.105,51.617,48.750,48.000,48.000,48.000,49.000,47.000,46.000,47.000,47.000,49.000,49.000,46.000,48.953,44.500,35.000,35.160,33.996,38.566,38.160,36.098,9.396,0.112,18.523,1831.446,1702.168,1836.000,1700.000,0.000,,,,2,1789720751.223,,
2851.917,50.074,51.586,48.625,48.000,47.000,49.000,49.000,47.000,46.000,48.000,47.000,49.000,49.062,46.000,49.062,44.438,35.000,35.160,33.996,38.562,38.160,36.094,9.851,0.121,19.043,1840.576,1684.337,1836.000,1700.000,0.000,,,,2,1789720752.228,,
2852.921,50.035,51.547,48.562,48.000,47.000,48.000,49.000,46.000,46.000,48.000,47.000,49.000,49.000,47.000,48.906,44.312,35.000,35.160,33.996,38.559,38.156,36.094,9.065,0.122,18.190,1820.103,1703.997,1836.000,1700.000,0.000,,,,2,1789720753.233,,
2853.925,50.000,51.922,48.625,49.000,47.000,48.000,49.000,47.000,46.000,48.000,47.000,49.000,49.000,47.000,48.859,44.375,35.000,35.160,33.996,38.551,38.156,36.094,9.333,0.112,18.871,1834.086,1697.977,1836.000,1700.000,0.000,,,,2,1789720754.235,,
2854.928,49.977,51.898,48.688,48.000,48.000,49.000,49.000,47.000,46.000,48.000,47.000,49.000,49.188,47.000,49.188,44.375,35.000,35.160,33.996,38.547,38.156,36.090,10.021,0.120,18.416,1834.199,1701.460,1836.000,1700.000,0.000,,,,2,1789720755.239,,
2855.930,49.945,51.867,48.500,48.000,47.000,48.000,49.000,47.000,46.000,47.000,47.000,49.000,49.078,47.000,49.078,44.375,35.000,35.160,33.996,38.543,38.152,36.090,8.774,0.102,19.248,1824.688,1702.031,1836.000,1700.000,0.000,,,,2,1789720756.241,,
2856.934,49.906,51.828,48.625,48.000,48.000,49.000,48.000,48.000,47.000,48.000,47.000,49.000,49.000,47.000,48.656,44.312,35.000,35.160,33.996,38.535,38.152,36.090,10.170,0.121,18.050,1833.890,1717.541,1836.000,1700.000,0.000,,,,2,1789720757.243,,
2857.934,49.879,51.801,48.500,48.000,48.000,49.000,49.000,47.000,46.000,47.000,47.000,49.000,49.000,47.000,48.578,44.312,35.000,35.160,33.996,38.531,38.152,36.090,9.065,0.104,19.002,1824.993,1711.498,1836.000,1700.000,0.000,,,,2,1789720758.245,,
2858.935,49.836,51.758,48.500,48.000,47.000,49.000,48.000,47.000,46.000,47.000,47.000,49.000,49.000,47.000,49.062,44.312,35.000,35.160,33.996,38.523,38.152,36.090,9.747,0.116,18.210,1850.510,1715.887,1836.000,1700.000,0.000,,,,2,1789720759.245,,
2859.939,49.812,51.734,48.438,47.000,47.000,48.000,48.000,47.000,45.000,47.000,46.000,49.000,49.062,47.000,48.891,44.375,35.000,35.152,33.996,38.520,38.152,36.090,9.215,0.111,18.879,1841.357,1711.645,1836.000,1700.000,0.000,,,,2,1789720760.252,,
2860.943,49.785,51.707,48.438,49.000,49.000,49.000,51.000,47.000,60.000,48.000,47.000,49.000,49.000,49.000,50.094,44.312,35.000,35.152,33.996,38.516,38.148,36.086,10.014,0.122,18.320,1840.990,1709.913,1836.000,1700.000,0.000,,,,2,1789720761.252,,
2861.943,49.859,51.609,48.312,47.000,47.000,48.000,48.000,46.000,46.000,47.000,46.000,49.000,60.000,46.000,48.672,44.188,35.000,35.152,33.996,38.512,38.148,36.086,9.807,0.119,20.043,1834.217,1694.221,1836.000,1700.000,0.000,,,,2,1789720762.254,,
2862.945,49.820,51.398,48.375,47.000,46.000,48.000,48.000,46.000,45.000,47.000,47.000,48.000,49.000,46.000,48.703,44.188,35.000,35.152,33.996,38.504,38.148,36.086,9.926,0.122,17.945,1829.315,1701.010,1836.000,1700.000,0.000,,,,2,1789720763.256,,
2863.945,49.785,51.363,48.375,48.000,47.000,49.000,48.000,47.000,46.000,47.000,47.000,49.000,48.703,47.000,50.125,44.188,35.000,35.152,33.996,38.500,38.145,36.086,11.327,0.123,19.079,1854.963,1701.259,1836.000,1700.000,0.000,,,,2,1789720764.255,,
2864.945,49.797,51.375,48.500,50.000,49.000,49.000,49.000,47.000,47.000,48.000,47.000,49.000,50.125,48.000,48.906,44.312,35.000,35.152,33.996,38.496,38.145,36.086,9.522,0.113,20.452,1841.112,1703.344,1836.000,1700.000,0.000,,,,2,1789720765.254,,
2865.945,49.770,51.348,48.375,47.000,47.000,48.000,48.000,47.000,45.000,47.000,47.000,49.000,50.000,47.000,48.578,44.250,35.000,35.152,33.996,38.492,38.145,36.086,9.125,0.110,19.011,1825.095,1709.637,1836.000,1700.000,0.000,,,,2,1789720766.256,,
2866.946,49.730,51.309,48.250,47.000,47.000,48.000,48.000,46.000,46.000,47.000,46.000,48.000,49.000,46.000,48.516,44.188,35.000,35.152,33.996,38.484,38.141,36.086,9.371,0.109,17.890,1820.416,1684.439,1836.000,1700.000,0.000,,,,2,1789720767.256,,
2867.950,49.691,51.270,48.312,47.000,46.000,48.000,48.000,46.000,45.000,47.000,47.000,49.000,48.516,46.000,48.359,44.250,35.000,35.152,33.996,38.477,38.137,36.082,8.845,0.109,18.579,1838.930,1692.111,1836.000,1700.000,0.000,,,,2,1789720768.261,,
2868.953,49.652,51.230,48.312,47.000,47.000,48.000,47.000,46.000,45.000,47.000,47.000,49.000,49.000,46.000,48.469,44.250,35.000,35.145,33.996,38.469,38.133,36.078,9.153,0.108,17.971,1845.974,1705.983,1836.000,1700.000,0.000,,,,2,1789720769.264,,
2869.955,49.582,51.160,48.250,47.000,47.000,48.000,47.000,46.000,45.000,47.000,47.000,48.000,48.625,46.000,48.625,44.188,35.000,35.145,33.996,38.465,38.133,36.078,9.174,0.114,18.332,1832.285,1699.805,1836.000,1700.000,0.000,,,,2,1789720770.266,,
2870.958,49.555,51.133,48.125,47.000,47.000,48.000,47.000,47.000,45.000,47.000,48.000,49.000,49.000,47.000,48.625,44.000,35.000,35.145,33.996,38.461,38.129,36.078,9.027,0.106,18.260,1834.582,1711.238,1836.000,1700.000,0.000,,,,2,1789720771.269,,
2871.959,49.551,51.066,48.250,48.000,48.000,48.000,49.000,46.000,46.000,47.000,47.000,49.000,49.469,47.000,49.469,44.125,35.000,35.145,33.996,38.457,38.129,36.078,12.228,0.142,18.216,1832.117,1698.017,1836.000,1700.000,0.000,,,,2,1789720772.269,,
2872.961,49.531,51.047,48.188,47.000,47.000,48.000,48.000,46.000,45.000,47.000,47.000,49.000,49.000,47.000,48.938,44.188,35.000,35.145,33.996,38.453,38.125,36.074,10.449,0.129,21.395,1839.034,1691.920,1836.000,1700.000,0.000,,,,2,1789720773.271,,
2873.966,49.496,51.012,48.250,47.000,47.000,48.000,47.000,46.000,45.000,47.000,46.000,49.000,49.000,47.000,48.375,44.125,35.000,35.145,33.996,38.449,38.125,36.074,8.921,0.110,19.838,1820.416,1697.321,1836.000,1700.000,0.000,,,,2,1789720774.277,,
2874.969,49.465,50.980,48.250,47.000,47.000,48.000,47.000,47.000,46.000,47.000,47.000,48.000,48.531,47.000,48.531,44.062,35.000,35.145,33.996,38.445,38.121,36.070,9.353,0.118,18.082,1834.367,1723.775,1836.000,1700.000,0.000,,,,2,1789720775.281,,
2875.973,49.438,50.953,48.250,47.000,47.000,47.000,47.000,46.000,45.000,47.000,46.000,48.000,48.531,47.000,48.531,44.062,35.000,35.145,33.996,38.438,38.121,36.070,9.817,0.121,18.478,1848.220,1686.720,1836.000,1700.000,0.000,,,,2,1789720776.288,,
2876.976,49.418,50.934,48.375,48.000,48.000,48.000,49.000,46.000,46.000,47.000,46.000,49.000,49.000,47.000,48.812,44.188,35.000,35.145,33.996,38.434,38.121,36.070,9.848,0.117,18.978,1834.143,1685.883,1836.000,1700.000,0.000,,,,2,1789720777.288,,
2877.976,49.391,50.906,48.188,47.000,47.000,48.000,47.000,46.000,45.000,47.000,46.000,49.000,49.000,47.000,48.641,44.125,35.000,35.145,33.996,38.430,38.117,36.070,9.269,0.114,18.951,1834.629,1697.489,1836.000,1700.000,0.000,,,,2,1789720778.288,,
2878.980,49.367,50.883,48.312,48.000,47.000,48.000,48.000,46.000,46.000,47.000,46.000,49.000,49.000,47.000,48.609,44.062,35.000,35.137,33.996,38.426,38.113,36.066,9.198,0.110,18.361,1820.600,1711.726,1836.000,1700.000,0.000,,,,2,1789720779.292,,
2879.983,49.336,50.852,48.188,47.000,48.000,47.000,48.000,46.000,45.000,47.000,47.000,48.000,48.328,47.000,48.328,44.125,35.000,35.137,33.996,38.418,38.113,36.070,8.808,0.105,18.336,1825.484,1710.059,1836.000,1700.000,0.000,,,,2,1789720780.295,,
2880.987,49.305,50.820,48.250,47.000,47.000,47.000,47.000,46.000,45.000,47.000,47.000,49.000,49.000,46.000,48.359,44.188,35.000,35.137,33.996,38.414,38.109,36.066,9.143,0.109,17.924,1841.555,1697.945,1836.000,1700.000,0.000,,,,2,1789720781.298,,
2881.990,49.273,50.711,48.125,47.000,47.000,48.000,48.000,46.000,45.000,47.000,46.000,49.000,49.000,47.000,48.312,44.062,35.000,35.137,33.996,38.410,38.109,36.066,8.867,0.107,18.322,1825.465,1699.348,1836.000,1700.000,0.000,,,,2,1789720782.302,,
2882.994,49.242,50.680,48.188,47.000,47.000,47.000,47.000,46.000,45.000,47.000,46.000,48.000,48.266,47.000,48.266,43.938,35.000,35.137,33.996,38.406,38.105,36.062,9.297,0.118,17.914,1836.575,1690.244,1836.000,1700.000,0.000,,,,2,1789720783.307,,
2883.999,49.207,50.645,48.125,46.000,46.000,48.000,47.000,46.000,45.000,47.000,46.000,48.000,48.141,47.000,48.141,44.062,35.000,35.137,33.996,38.402,38.102,36.062,8.728,0.104,18.424,1827.513,1715.903,1836.000,1700.000,0.000,,,,2,1789720784.310,,
2885.002,49.180,50.617,48.000,47.000,47.000,47.000,47.000,46.000,45.000,47.000,46.000,49.000,49.000,46.000,48.328,44.188,35.000,35.137,33.996,38.395,38.102,36.062,9.372,0.115,17.762,1829.631,1703.537,1836.000,1700.000,0.000,,,,2,1789720785.314,,
2886.005,49.195,50.633,48.062,48.000,47.000,49.000,49.000,47.000,46.000,47.000,47.000,48.000,49.703,47.000,49.703,44.062,35.000,35.137,33.996,38.391,38.102,36.062,10.101,0.120,18.553,1859.994,1686.009,1836.000,1700.000,0.000,,,,2,1789720786.318,,
2887.009,49.176,50.613,48.125,48.000,47.000,48.000,48.000,46.000,46.000,47.000,47.000,49.000,49.000,47.000,48.562,44.000,35.000,35.137,33.996,38.387,38.094,36.059,9.516,0.115,19.228,1820.499,1691.682,1836.000,1700.000,0.000,,,,2,1789720787.320,,
2888.009,49.145,50.582,47.938,47.000,47.000,47.000,47.000,46.000,45.000,47.000,46.000,48.000,48.156,47.000,48.156,43.938,35.000,35.137,33.996,38.383,38.094,36.055,8.742,0.109,18.640,1836.828,1713.315,1836.000,1700.000,0.000,,,,2,1789720788.320,,
2889.013,49.133,50.570,48.062,47.000,47.000,48.000,48.000,46.000,45.000,47.000,46.000,48.000,48.703,47.000,48.703,44.125,35.000,35.133,33.996,38.379,38.090,36.055,9.910,0.118,17.831,1839.137,1703.908,1836.000,1700.000,0.000,,,,2,1789720789.325,,
2890.017,49.105,50.543,48.000,47.000,47.000,48.000,47.000,46.000,45.000,47.000,47.000,48.000,48.312,46.000,48.312,43.875,35.000,35.133,33.996,38.375,38.086,36.051,9.393,0.119,18.927,1836.781,1701.733,1836.000,1700.000,0.000,,,,2,1789720790.328,,
2891.019,49.082,50.520,48.000,47.000,47.000,47.000,48.000,46.000,45.000,47.000,47.000,48.000,48.344,47.000,48.344,44.000,35.000,35.133,33.996,38.367,38.086,36.051,9.655,0.122,18.544,1845.775,1709.564,1836.000,1700.000,0.000,,,,2,1789720791.329,,
2892.023,49.141,50.656,48.125,48.000,48.000,49.000,49.000,47.000,47.000,48.000,47.000,50.000,50.984,48.000,50.984,43.938,35.000,35.133,33.996,38.363,38.082,36.047,19.501,0.187,18.804,1834.423,1711.637,1836.000,1700.000,0.000,,,,2,1789720792.336,,
2893.028,49.184,50.699,48.250,49.000,48.000,49.000,49.000,48.000,47.000,48.000,47.000,50.000,50.547,48.000,50.547,43.938,35.000,35.133,33.996,38.359,38.082,36.047,15.182,0.171,28.648,1832.313,1707.699,1836.000,1700.000,0.000,,,,2,1789720793.337,,
2894.030,49.203,50.719,48.438,48.000,48.000,49.000,49.000,47.000,46.000,48.000,47.000,49.000,49.812,48.000,49.812,43.938,35.000,35.133,33.996,38.355,38.078,36.047,14.136,0.159,24.352,1841.555,1707.618,1836.000,1700.000,0.000,,,,2,1789720794.341,,
2895.035,49.844,51.785,48.562,49.000,49.000,51.000,51.000,50.000,48.000,49.000,49.000,49.000,55.625,49.000,55.625,44.125,35.000,35.133,33.996,38.352,38.078,36.043,23.882,0.225,23.272,1860.100,1691.793,1836.000,1700.000,0.000,,,,2,1789720795.346,,
2896.035,49.871,51.664,48.562,48.000,48.000,49.000,49.000,47.000,46.000,48.000,47.000,48.000,50.344,48.000,50.344,44.188,35.000,35.133,33.996,38.348,38.078,36.043,9.248,0.134,33.315,1850.747,1691.944,1836.000,1700.000,0.000,,,,2,1789720796.347,,
2897.038,49.848,51.641,48.625,48.000,47.000,49.000,49.000,47.000,46.000,47.000,47.000,48.000,49.125,47.000,49.125,44.312,35.000,35.133,33.996,38.344,38.074,36.039,8.737,0.127,18.337,1832.238,1693.998,1836.000,1700.000,0.000,,,,2,1789720797.349,,
2898.041,49.859,51.652,48.500,48.000,48.000,49.000,49.000,47.000,47.000,48.000,47.000,50.000,50.328,48.000,50.328,44.250,35.000,35.133,33.996,38.340,38.074,36.039,16.029,0.165,17.838,1838.987,1705.175,1836.000,1700.000,0.000,,,,2,1789720798.351,,
2899.046,49.891,51.684,48.500,49.000,49.000,49.000,50.000,48.000,47.000,48.000,47.000,50.000,50.828,48.000,50.828,44.250,35.000,35.125,33.996,38.336,38.074,36.039,12.120,0.142,25.245,1834.731,1697.553,1836.000,1700.000,0.000,,,,2,1789720799.357,,
2900.050,49.863,51.656,48.625,48.000,48.000,48.000,49.000,46.000,46.000,47.000,47.000,49.000,49.047,47.000,49.047,44.250,35.000,35.125,33.996,38.332,38.074,36.035,9.748,0.117,21.221,1834.255,1707.343,1836.000,1700.000,0.000,,,,2,1789720800.359,,
2901.051,49.855,51.648,48.625,49.000,48.000,50.000,49.000,47.000,47.000,48.000,47.000,49.000,50.000,48.000,49.609,44.312,35.000,35.125,33.996,38.328,38.074,36.035,11.304,0.140,18.851,1841.555,1698.097,1836.000,1700.000,0.000,,,,2,1789720801.362,,
2902.053,49.918,51.711,48.688,51.000,50.000,51.000,52.000,50.000,49.000,49.000,49.000,49.000,52.000,49.000,51.938,44.375,35.000,35.125,33.996,38.320,38.070,36.035,13.712,0.166,20.471,1841.564,1694.437,1836.000,1700.000,0.000,,,,2,1789720802.361,,
2903.056,49.969,51.762,48.750,49.000,49.000,49.000,49.000,47.000,47.000,48.000,47.000,50.000,51.484,48.000,51.484,44.250,35.000,35.125,33.996,38.316,38.070,36.035,19.033,0.200,22.894,1820.609,1710.027,1836.000,1700.000,0.000,,,,2,1789720803.366,,
2904.061,50.023,51.816,48.750,49.000,51.000,50.000,50.000,48.000,47.000,48.000,47.000,51.000,51.656,48.000,51.656,44.438,35.000,35.125,33.996,38.312,38.070,36.031,13.932,0.134,23.204,1834.180,1684.163,1836.000,1700.000,0.000,,,,2,1789720804.370,,
2905.061,50.199,52.164,49.062,50.000,49.000,51.000,51.000,50.000,49.000,50.000,49.000,49.000,53.719,49.000,53.719,44.500,35.000,35.125,33.996,38.312,38.074,36.031,25.399,0.230,34.766,1832.192,1701.452,1836.000,1700.000,0.000,,,,2,1789720805.371,,
2906.064,50.223,52.188,49.188,48.000,49.000,49.000,49.000,48.000,47.000,50.000,47.000,48.000,50.859,48.000,50.859,44.562,35.000,35.125,33.996,38.309,38.070,36.031,10.607,0.125,19.605,1834.058,1702.281,1836.000,1700.000,0.000,,,,2,1789720806.373,,
2907.066,50.262,52.227,49.188,50.000,49.000,50.000,49.000,48.000,47.000,49.000,47.000,49.000,51.406,48.000,51.406,44.562,35.000,35.125,33.996,38.305,38.074,36.031,12.341,0.158,21.355,1832.192,1692.246,1836.000,1700.000,0.000,,,,2,1789720807.375,,
2908.067,50.273,52.238,49.188,49.000,49.000,51.000,50.000,49.000,47.000,48.000,47.000,48.000,51.000,48.000,50.703,44.500,35.000,35.125,33.996,38.297,38.070,36.031,10.222,0.117,19.548,1843.620,1679.935,1836.000,1700.000,0.000,,,,2,1789720808.379,,
2909.070,50.340,52.145,49.125,57.000,58.000,59.000,56.000,55.000,52.000,53.000,51.000,51.000,59.000,52.000,50.688,44.625,35.000,35.117,33.996,38.297,38.070,36.027,11.207,0.152,21.688,1834.171,1699.476,1836.000,1700.000,0.000,,,,2,1789720809.380,,
2910.072,51.992,54.113,49.438,57.000,54.000,57.000,58.000,63.000,53.000,53.000,52.000,53.000,63.000,54.000,56.953,44.625,35.000,35.117,33.996,38.293,38.070,36.027,29.705,0.246,38.928,1859.888,1701.307,1836.000,1700.000,0.000,,,,2,1789720810.383,,
2911.076,52.113,54.059,49.500,49.000,49.000,51.000,51.000,48.000,48.000,49.000,48.000,49.000,52.484,49.000,52.484,44.875,35.000,35.117,33.996,38.289,38.074,36.031,16.727,0.198,25.449,1841.432,1711.206,1836.000,1700.000,0.000,,,,2,1789720811.389,,
2912.079,52.043,53.988,49.562,48.000,48.000,49.000,49.000,47.000,46.000,48.000,47.000,48.000,49.891,47.000,49.891,44.812,35.000,35.117,33.996,38.285,38.074,36.027,7.588,0.127,16.648,1827.476,1693.560,1836.000,1700.000,0.000,,,,2,1789720812.391,,
2913.079,51.965,53.910,49.375,48.000,48.000,49.000,49.000,47.000,47.000,48.000,47.000,49.000,49.594,48.000,49.594,44.812,35.000,35.117,33.996,38.285,38.074,36.031,8.480,0.139,17.806,1825.289,1703.715,1836.000,1700.000,0.000,,,,2,1789720813.389,,
2914.083,51.934,53.879,49.438,48.000,48.000,49.000,49.000,48.000,47.000,48.000,47.000,48.000,50.891,48.000,50.891,44.688,35.000,35.117,33.996,38.281,38.070,36.027,12.790,0.155,21.937,1834.694,1695.594,1836.000,1700.000,0.000,,,,2,1789720814.393,,
2915.085,51.836,53.781,49.188,47.000,47.000,49.000,48.000,46.000,46.000,47.000,47.000,48.000,49.000,47.000,48.922,44.812,35.000,35.117,33.996,38.277,38.070,36.027,5.184,0.110,13.762,1834.423,1680.131,1836.000,1700.000,0.000,,,,2,1789720815.398,,
2916.088,51.719,53.664,49.125,47.000,47.000,47.000,47.000,46.000,46.000,47.000,47.000,48.000,48.078,46.000,48.078,44.688,35.000,35.117,33.996,38.273,38.070,36.027,4.325,0.096,12.949,1845.993,1703.707,1836.000,1700.000,0.000,,,,2,1789720816.400,,
2917.091,51.609,53.555,48.938,47.000,47.000,47.000,47.000,46.000,45.000,48.000,47.000,48.000,48.141,46.000,48.141,44.688,35.000,35.117,33.996,38.273,38.066,36.027,4.949,0.098,13.625,1834.021,1704.166,1836.000,1700.000,0.000,,,,2,1789720817.404,,
2918.094,51.508,53.453,48.750,47.000,46.000,48.000,47.000,47.000,45.000,47.000,46.000,47.000,48.391,47.000,48.391,44.625,35.000,35.117,33.996,38.270,38.066,36.027,5.505,0.109,14.204,1834.657,1684.463,1836.000,1700.000,0.000,,,,2,1789720818.406,,
2919.097,51.402,53.348,48.750,47.000,47.000,48.000,47.000,46.000,45.000,47.000,47.000,47.000,48.094,47.000,48.094,44.562,35.000,35.113,33.996,38.266,38.066,36.027,4.679,0.097,13.335,1834.236,1698.105,1836.000,1700.000,0.000,,,,2,1789720819.408,,
2920.101,51.289,53.234,48.312,46.000,47.000,48.000,47.000,46.000,44.000,47.000,46.000,48.000,48.000,46.000,47.797,44.500,35.000,35.113,33.996,38.266,38.062,36.027,4.056,0.084,13.617,1834.703,1695.139,1836.000,1700.000,0.000,,,,2,1789720820.411,,
2921.106,51.371,53.316,48.562,49.000,49.000,50.000,50.000,48.000,47.000,48.000,48.000,49.000,53.984,49.000,53.984,44.438,35.000,35.113,33.996,38.262,38.062,36.031,21.311,0.195,32.245,1848.809,1711.767,1836.000,1700.000,0.000,,,,2,1789720821.418,,
2922.110,51.570,53.516,48.688,52.000,51.000,52.000,52.000,50.000,49.000,51.000,49.000,49.000,56.391,50.000,56.391,44.438,35.000,35.113,33.996,38.258,38.059,36.031,20.670,0.208,31.812,1838.977,1709.377,1836.000,1700.000,0.000,,,,2,1789720822.420,,
2923.112,51.492,53.438,48.938,48.000,48.000,49.000,49.000,47.000,46.000,48.000,47.000,48.000,49.188,48.000,49.188,44.688,35.000,35.113,33.996,38.258,38.055,36.031,8.275,0.137,17.816,1837.025,1691.689,1836.000,1700.000,0.000,,,,2,1789720823.423,,
2924.117,51.438,53.383,48.750,48.000,49.000,50.000,49.000,48.000,47.000,48.000,47.000,49.000,50.000,48.000,49.672,44.562,35.000,35.113,33.996,38.258,38.055,36.031,10.214,0.144,19.841,1834.573,1685.488,1836.000,1700.000,0.000,,,,2,1789720824.431,,
2925.117,51.656,53.852,49.000,50.000,50.000,52.000,52.000,49.000,49.000,49.000,48.000,49.000,56.094,50.000,56.094,44.688,35.000,35.113,33.996,38.254,38.055,36.031,19.725,0.211,29.421,1832.219,1691.976,1836.000,1700.000,0.000,,,,2,1789720825.428,,
2926.118,51.602,53.797,48.938,49.000,48.000,50.000,49.000,47.000,47.000,48.000,47.000,48.000,50.000,48.000,49.938,44.625,35.000,35.113,33.996,38.254,38.051,36.031,8.787,0.154,21.499,1825.197,1715.756,1836.000,1700.000,0.000,,,,2,1789720826.428,,
2927.123,51.543,53.738,49.000,49.000,48.000,49.000,49.000,47.000,46.000,48.000,47.000,48.000,49.781,48.000,49.781,44.688,35.000,35.113,33.996,38.250,38.051,36.031,10.020,0.153,19.443,1841.649,1711.905,1836.000,1700.000,0.000,,,,2,1789720827.434,,
2928.128,51.477,53.672,48.875,48.000,49.000,50.000,50.000,49.000,47.000,49.000,47.000,48.000,50.000,48.000,49.391,44.625,35.000,35.113,33.996,38.250,38.047,36.031,9.111,0.145,18.320,1836.932,1697.849,1836.000,1700.000,0.000,,,,2,1789720828.439,,
2929.129,51.406,53.602,48.812,48.000,48.000,49.000,48.000,47.000,46.000,48.000,47.000,48.000,49.234,47.000,49.234,44.625,35.000,35.105,32.996,38.250,38.047,36.027,8.692,0.149,18.518,1834.685,1703.771,1836.000,1700.000,0.000,,,,2,1789720829.439,,
2930.129,51.312,53.508,48.688,47.000,47.000,48.000,48.000,47.000,45.000,47.000,47.000,48.000,48.422,46.000,48.422,44.500,35.000,35.105,33.996,38.250,38.047,36.027,6.983,0.127,16.152,1834.544,1682.502,1836.000,1700.000,0.000,,,,2,1789720830.439,,
2931.130,51.262,53.457,48.750,48.000,48.000,49.000,49.000,47.000,47.000,48.000,47.000,49.000,49.656,48.000,49.656,44.562,35.000,35.105,32.996,38.246,38.043,36.020,9.614,0.154,18.538,1834.629,1692.588,1836.000,1700.000,0.000,,,,2,1789720831.440,,
2932.133,51.363,53.559,48.688,58.000,55.000,57.000,56.000,55.000,55.000,54.000,55.000,54.000,58.000,52.000,53.625,44.438,35.000,35.105,32.996,38.246,38.043,36.016,18.816,0.154,25.030,1820.904,1694.213,1836.000,1700.000,0.000,,,,2,1789720832.444,,
2933.135,51.410,53.605,48.875,49.000,49.000,50.000,51.000,49.000,48.000,49.000,49.000,50.000,52.453,49.000,52.453,44.500,35.000,35.105,32.996,38.246,38.043,36.012,21.784,0.218,34.078,1843.960,1694.373,1836.000,1700.000,0.000,,,,2,1789720833.447,,
2934.138,51.391,53.586,49.000,49.000,49.000,50.000,50.000,48.000,48.000,49.000,48.000,50.000,50.891,49.000,50.891,44.688,35.000,35.105,32.996,38.246,38.043,36.004,14.520,0.164,23.716,1839.062,1693.855,1836.000,1700.000,0.000,,,,2,1789720834.450,,
2935.142,51.375,54.094,49.062,49.000,49.000,49.000,50.000,48.000,48.000,49.000,48.000,51.000,51.000,49.000,50.906,44.625,35.000,35.105,32.996,38.246,38.051,36.000,14.967,0.168,24.353,1853.282,1713.625,1836.000,1700.000,0.000,,,,2,1789720835.453,,
2936.144,51.457,54.176,49.062,51.000,53.000,53.000,54.000,53.000,52.000,51.000,51.000,51.000,54.000,50.000,53.609,44.812,35.000,35.105,32.996,38.246,38.055,35.992,17.784,0.175,25.726,1834.161,1711.287,1836.000,1700.000,0.000,,,,2,1789720836.455,,
2937.148,51.457,54.176,49.250,50.000,49.000,51.000,52.000,50.000,49.000,50.000,49.000,50.000,52.000,49.000,51.469,44.688,35.000,35.105,32.996,38.242,38.059,35.988,14.984,0.168,25.226,1827.207,1691.841,1836.000,1700.000,0.000,,,,2,1789720837.458,,
2938.149,51.426,54.145,49.250,49.000,49.000,49.000,50.000,48.000,47.000,49.000,47.000,50.000,50.531,48.000,50.531,45.000,35.000,35.105,33.996,38.242,38.062,35.988,12.500,0.163,22.024,1841.564,1701.436,1836.000,1700.000,0.000,,,,2,1789720838.459,,
2939.151,51.398,54.117,49.438,49.000,49.000,50.000,50.000,48.000,47.000,48.000,47.000,49.000,50.484,49.000,50.484,44.812,35.000,35.102,33.996,38.238,38.066,35.992,11.555,0.144,20.715,1834.442,1714.098,1836.000,1700.000,0.000,,,,2,1789720839.463,,
2940.153,51.344,54.062,49.312,48.000,48.000,49.000,50.000,48.000,47.000,48.000,47.000,50.000,50.000,49.000,49.688,44.875,35.000,35.102,32.996,38.238,38.066,35.988,11.079,0.147,20.257,1820.591,1702.079,1836.000,1700.000,0.000,,,,2,1789720840.465,,
2941.158,51.281,54.000,49.375,48.000,48.000,49.000,49.000,47.000,47.000,48.000,47.000,49.000,49.375,48.000,49.375,44.875,35.000,35.102,32.996,38.234,38.070,35.980,10.526,0.142,19.655,1813.264,1686.507,1836.000,1700.000,0.000,,,,2,1789720841.469,,
2942.162,51.230,53.949,49.312,48.000,49.000,49.000,49.000,47.000,47.000,48.000,47.000,49.000,49.672,49.000,49.672,44.875,35.000,35.102,32.996,38.234,38.074,35.977,10.641,0.136,19.656,1833.731,1713.869,1836.000,1700.000,0.000,,,,2,1789720842.472,,
2943.162,51.184,53.902,49.250,48.000,48.000,49.000,49.000,48.000,46.000,48.000,47.000,49.000,49.672,48.000,49.672,44.875,35.000,35.102,32.996,38.234,38.074,35.973,11.131,0.150,20.473,1841.281,1701.943,1836.000,1700.000,0.000,,,,2,1789720843.472,,
2944.163,51.148,53.867,49.312,52.000,52.000,51.000,51.000,52.000,49.000,49.000,48.000,49.000,52.000,50.000,50.141,44.875,35.000,35.102,32.996,38.230,38.078,35.965,10.902,0.143,19.640,1834.329,1693.815,1836.000,1700.000,0.000,,,,2,1789720844.473,,
2945.164,51.141,53.828,49.375,48.000,49.000,50.000,49.000,48.000,47.000,48.000,47.000,49.000,50.828,48.000,50.828,44.875,35.000,35.102,32.996,38.230,38.082,35.961,14.347,0.178,24.108,1834.273,1704.158,1836.000,1700.000,0.000,,,,2,1789720845.475,,
2946.167,51.137,53.824,49.438,49.000,49.000,50.000,50.000,48.000,47.000,48.000,48.000,49.000,51.062,49.000,51.062,44.750,35.000,35.102,32.996,38.227,38.086,35.957,12.776,0.172,21.783,1834.031,1698.394,1836.000,1700.000,0.000,,,,2,1789720846.478,,
2947.170,51.121,53.809,49.375,49.000,49.000,50.000,49.000,48.000,47.000,49.000,48.000,49.000,50.609,49.000,50.609,44.812,35.000,35.102,32.996,38.227,38.086,35.949,12.981,0.173,22.092,1834.143,1714.237,1836.000,1700.000,0.000,,,,2,1789720847.480,,
2948.174,51.133,53.820,49.375,50.000,50.000,51.000,51.000,50.000,49.000,50.000,49.000,49.000,51.516,49.000,51.516,44.688,35.000,35.102,32.996,38.227,38.090,35.949,14.971,0.192,24.107,1862.824,1709.743,1836.000,1700.000,0.000,,,,2,1789720848.485,,
2949.178,51.090,53.777,49.438,48.000,48.000,49.000,49.000,48.000,47.000,48.000,47.000,49.000,49.766,48.000,49.766,44.812,35.000,35.098,32.996,38.223,38.090,35.941,12.351,0.165,21.699,1831.688,1703.465,1836.000,1700.000,0.000,,,,2,1789720849.488,,
2950.179,51.031,53.719,49.500,48.000,48.000,49.000,49.000,47.000,46.000,48.000,47.000,49.000,49.141,48.000,49.141,44.750,35.000,35.098,32.996,38.223,38.094,35.938,10.297,0.144,19.445,1833.974,1707.966,1836.000,1700.000,0.000,,,,2,1789720850.489,,
2951.181,51.113,53.801,49.500,50.000,50.000,52.000,52.000,50.000,49.000,49.000,49.000,50.000,53.672,50.000,53.672,44.688,35.000,35.098,32.996,38.219,38.098,35.938,18.305,0.226,27.485,1838.498,1698.338,1836.000,1700.000,0.000,,,,2,1789720851.490,,
2952.184,51.160,53.848,49.562,49.000,49.000,50.000,50.000,49.000,48.000,49.000,48.000,50.000,52.656,49.000,52.656,44.750,35.000,35.098,32.996,38.219,38.098,35.930,17.925,0.192,27.024,1848.059,1690.014,1836.000,1700.000,0.000,,,,2,1789720852.495,,
2953.185,51.172,53.859,49.688,51.000,51.000,51.000,52.000,50.000,49.000,49.000,48.000,50.000,52.000,50.000,51.578,44.875,35.000,35.098,32.996,38.219,38.102,35.930,15.262,0.192,24.459,1834.180,1704.174,1836.000,1700.000,0.000,,,,2,1789720853.496,,
2954.189,51.188,53.875,49.625,50.000,49.000,51.000,51.000,50.000,49.000,50.000,49.000,50.000,51.703,49.000,51.703,45.000,35.000,35.098,32.996,38.219,38.109,35.922,16.860,0.187,26.050,1836.529,1705.911,1836.000,1700.000,0.000,,,,2,1789720854.499,,
2955.193,52.238,55.289,49.875,52.000,52.000,54.000,53.000,53.000,51.000,52.000,51.000,52.000,58.562,51.000,58.562,44.938,35.000,35.098,32.996,38.219,38.113,35.922,28.973,0.241,37.945,1833.834,1703.448,1836.000,1700.000,0.000,,,,2,1789720855.509,,
2956.197,52.566,55.410,50.000,55.000,54.000,56.000,55.000,53.000,51.000,54.000,49.000,50.000,56.000,53.000,53.562,45.125,35.000,35.098,32.996,38.219,38.117,35.918,12.079,0.160,20.665,1822.480,1691.578,1836.000,1700.000,0.000,,,,2,1789720856.507,,
2957.202,53.410,56.223,50.188,51.000,51.000,53.000,52.000,51.000,49.000,50.000,49.000,50.000,55.938,50.000,55.938,45.125,35.000,35.098,32.996,38.215,38.121,35.914,25.108,0.241,35.095,1838.526,1707.658,1836.000,1700.000,0.000,,,,2,1789720857.515,,
2958.207,54.156,56.910,50.375,56.000,53.000,58.000,56.000,53.000,62.000,52.000,51.000,53.000,62.000,53.000,56.391,45.250,35.000,35.098,32.996,38.215,38.125,35.914,15.098,0.181,25.906,1831.679,1710.165,1836.000,1700.000,0.000,,,,2,1789720858.517,,
2959.207,58.566,62.367,50.438,73.000,66.000,72.000,71.000,72.000,72.000,67.000,70.000,55.000,73.000,61.000,71.797,45.438,35.000,35.094,32.996,38.215,38.125,35.910,37.688,0.299,47.167,1838.714,1699.693,1836.000,1700.000,0.000,,,,2,1789720859.519,,
2960.207,64.023,69.082,52.000,73.000,66.000,77.000,74.000,77.000,75.000,75.000,77.000,58.000,80.391,61.000,80.391,45.625,35.000,35.094,32.996,38.215,38.129,35.906,78.643,0.452,88.329,1829.352,1714.310,1836.000,1700.000,0.000,,,,2,1789720860.518,,
2961.211,69.984,76.328,53.812,85.000,76.000,90.000,84.000,87.000,84.000,85.000,85.000,62.000,90.000,66.000,87.875,46.188,35.000,35.094,32.996,38.215,38.133,35.902,92.740,0.376,103.815,1841.103,1709.670,1836.000,1700.000,0.000,,,,2,1789720861.521,,
2962.213,75.645,83.051,55.688,90.000,78.000,94.000,85.000,92.000,85.000,87.000,87.000,63.000,94.000,68.000,92.625,46.938,35.000,35.094,32.996,38.215,38.141,35.902,96.095,0.409,105.034,1834.180,1709.751,1836.000,1700.000,0.000,,,,2,1789720862.524,,
2963.213,79.391,87.180,57.375,85.000,78.000,92.000,85.000,90.000,85.000,84.000,84.000,64.000,92.000,69.000,90.625,47.750,35.000,35.094,32.996,38.215,38.145,35.902,92.079,0.393,101.866,1852.567,1697.457,1836.000,1700.000,0.000,,,,2,1789720863.523,,
2964.216,83.594,91.863,59.062,89.000,74.000,90.000,85.000,90.000,87.000,81.000,85.000,64.000,96.203,69.000,96.203,48.875,35.000,35.094,32.996,38.219,38.156,35.902,101.672,0.473,112.935,1833.956,1703.473,1923.000,1781.000,0.000,,,,2,1789720864.527,,
2965.216,85.703,93.781,60.438,86.000,79.000,94.000,84.000,91.000,86.000,87.000,83.000,65.000,94.000,71.000,92.031,49.812,35.000,35.094,32.996,38.227,38.164,35.902,86.730,0.471,96.561,1890.985,1753.250,1977.000,1831.000,0.000,,,,2,1789720865.527,,
2966.220,87.254,94.988,61.688,87.000,78.000,92.000,85.000,87.000,84.000,85.000,85.000,65.000,92.000,71.000,91.906,50.625,35.000,35.094,33.996,38.230,38.176,35.906,88.399,0.502,98.750,1933.467,1797.699,2031.000,1881.000,0.000,,,,2,1789720866.531,,
2967.225,89.445,97.062,62.750,95.000,86.000,100.000,91.000,97.000,92.000,91.000,92.000,67.000,100.000,74.000,96.016,51.438,35.000,35.094,33.996,38.238,38.191,35.918,92.097,0.473,101.800,1991.999,1852.586,2085.000,1931.000,0.000,,,,2,1789720867.537,,
2968.229,90.840,98.113,64.062,82.000,75.000,86.000,80.000,82.000,80.000,79.000,80.000,68.000,95.031,71.000,95.031,52.312,35.000,35.094,32.996,38.246,38.207,35.918,97.674,0.461,105.822,2056.908,1890.865,2139.000,1981.000,0.000,,,,2,1789720868.541,,
2969.232,90.602,97.148,64.750,85.000,77.000,88.000,80.000,82.000,83.000,77.000,82.000,67.000,88.000,70.000,83.234,53.125,35.000,35.086,33.996,38.254,38.227,35.930,61.613,0.205,74.681,2095.216,1946.356,2193.000,2031.000,0.000,,,,2,1789720869.543,,
2970.237,90.320,96.215,64.750,83.000,73.000,82.000,78.000,78.000,74.000,74.000,80.000,66.000,83.000,70.000,81.656,53.625,35.000,35.086,33.996,38.262,38.246,35.941,55.400,0.286,64.576,2144.708,1980.383,2253.000,2087.000,0.000,,,,2,1789720870.548,,
2971.240,90.070,95.375,64.562,77.000,72.000,79.000,81.000,85.000,74.000,75.000,75.000,66.000,85.000,69.000,82.359,54.000,35.000,35.086,33.996,38.273,38.273,35.957,50.865,0.286,60.488,2193.557,2040.539,2314.000,2143.000,0.000,,,,2,1789720871.551,,
2972.240,89.746,94.520,64.562,75.000,68.000,76.000,75.000,77.000,72.000,73.000,74.000,66.000,79.609,67.000,79.609,54.312,35.000,35.086,33.996,38.289,38.301,35.973,51.327,0.249,60.620,2276.176,2086.860,2374.000,2199.000,0.000,,,,2,1789720872.552,,
2973.240,89.992,94.363,64.812,93.000,73.000,80.000,82.000,83.000,79.000,70.000,73.000,66.000,93.000,71.000,90.734,54.625,35.000,35.086,33.996,38.301,38.328,35.992,58.714,0.286,70.984,2312.347,2144.312,2435.000,2255.000,0.000,,,,2,1789720873.550,,
2974.242,91.398,95.754,65.062,94.000,73.000,88.000,79.000,78.000,75.000,87.000,72.000,67.000,95.625,72.000,95.625,55.125,35.000,35.086,33.996,38.316,38.359,36.008,57.572,0.240,70.035,2384.153,2189.994,2495.000,2311.000,0.000,,,,2,1789720874.554,,
2975.246,92.121,96.258,65.375,88.000,74.000,79.000,78.000,98.000,72.000,72.000,69.000,67.000,98.000,73.000,94.281,55.375,35.000,35.086,33.996,38.332,38.391,36.027,56.946,0.238,66.780,2423.378,2253.253,2556.000,2367.000,0.000,,,,2,1789720875.557,,
2976.246,93.453,97.574,65.438,85.000,79.000,87.000,85.000,84.000,79.000,83.000,87.000,69.000,97.453,73.000,97.453,55.562,35.000,35.086,33.996,38.352,38.422,36.051,54.500,0.233,64.813,2490.005,2310.447,2616.000,2423.000,0.000,,,,2,1789720876.558,,
2977.251,93.070,96.781,65.812,76.000,70.000,82.000,73.000,71.000,69.000,76.000,69.000,67.000,82.000,69.000,81.297,55.875,35.000,35.086,33.996,38.367,38.457,36.074,45.680,0.306,53.433,2546.293,2378.216,2677.000,2479.000,0.000,,,,2,1789720877.570,,
2978.251,92.348,96.059,65.688,65.000,65.000,66.000,65.000,64.000,63.000,63.000,63.000,64.000,69.891,64.000,69.891,56.125,35.000,35.086,33.996,38.387,38.492,36.098,29.610,0.255,38.338,2625.055,2428.953,2737.000,2535.000,0.000,,,,2,1789720878.562,,
2979.253,91.574,95.285,65.188,65.000,63.000,66.000,65.000,63.000,62.000,63.000,62.000,64.000,67.625,63.000,67.625,56.125,35.000,35.082,33.996,38.406,38.527,36.121,26.334,0.247,36.137,2687.349,2474.278,2809.000,2601.000,0.000,,,,2,1789720879.565,,
2980.257,90.723,94.434,65.000,64.000,62.000,63.000,62.000,62.000,61.000,62.000,61.000,63.000,64.312,62.000,64.312,56.062,35.000,35.082,33.996,38.426,38.566,36.152,16.038,0.186,25.007,2748.511,2533.980,2880.000,2667.000,0.000,,,,2,1789720880.569,,
2981.260,89.945,93.656,64.688,64.000,63.000,65.000,64.000,63.000,61.000,62.000,62.000,63.000,65.906,63.000,65.906,55.750,35.000,35.082,33.996,38.445,38.605,36.180,17.999,0.189,28.018,2823.087,2619.820,2951.000,2733.000,0.000,,,,2,1789720881.571,,
2982.260,89.145,92.855,64.250,62.000,66.000,63.000,63.000,62.000,62.000,61.000,60.000,62.000,66.000,63.000,64.281,55.500,35.000,35.082,33.996,38.465,38.645,36.211,17.577,0.195,27.212,2895.497,2678.053,2880.000,2667.000,0.000,,,,2,1789720882.572,,
2983.260,88.367,92.078,64.062,63.000,62.000,65.000,62.000,62.000,60.000,61.000,60.000,61.000,65.000,62.000,64.234,55.438,35.000,35.082,33.996,38.484,38.684,36.238,18.277,0.212,27.729,2850.401,2643.463,2809.000,2601.000,0.000,,,,2,1789720883.570,,
2984.261,87.570,91.281,63.688,61.000,60.000,62.000,61.000,60.000,59.000,60.000,59.000,60.000,62.906,60.000,62.906,55.188,35.000,35.082,33.996,38.504,38.723,36.270,17.732,0.204,27.404,2817.078,2610.512,2737.000,2535.000,0.000,,,,2,1789720884.572,,
2985.261,86.891,90.602,63.500,71.000,61.000,66.000,63.000,62.000,60.000,60.000,59.000,61.000,71.000,63.000,65.844,54.938,35.000,35.082,33.996,38.527,38.762,36.297,22.502,0.212,34.201,2784.417,2560.237,2666.000,2469.000,0.000,,,,2,1789720885.572,,
2986.266,86.125,89.836,63.438,60.000,59.000,61.000,61.000,60.000,59.000,59.000,59.000,60.000,62.391,60.000,62.391,54.688,35.000,35.082,33.996,38.547,38.805,36.328,22.938,0.199,30.744,2721.829,2516.603,2606.000,2413.000,0.000,,,,2,1789720886.576,,
2987.266,85.336,89.047,63.188,59.000,58.000,60.000,60.000,59.000,58.000,59.000,58.000,60.000,60.875,58.000,60.875,54.500,35.000,35.082,33.996,38.566,38.844,36.359,15.527,0.182,25.337,2657.258,2450.130,2545.000,2357.000,0.000,,,,2,1789720887.576,,
2988.269,84.590,88.301,62.875,59.000,58.000,61.000,60.000,59.000,57.000,58.000,58.000,59.000,61.391,59.000,61.391,54.375,35.000,35.082,33.996,38.586,38.883,36.391,16.015,0.169,25.305,2590.636,2421.666,2485.000,2301.000,0.000,,,,2,1789720888.579,,
2989.273,83.859,87.570,62.625,59.000,58.000,61.000,60.000,59.000,57.000,58.000,58.000,59.000,61.188,58.000,61.188,54.188,35.000,35.078,33.996,38.609,38.922,36.422,16.277,0.187,25.821,2544.871,2354.742,2424.000,2245.000,0.000,,,,2,1789720889.585,,
2990.277,83.230,86.941,62.312,64.000,62.000,65.000,65.000,63.000,63.000,61.000,60.000,60.000,65.000,62.000,63.812,53.938,35.000,35.078,33.996,38.629,38.965,36.457,17.985,0.182,25.670,2462.768,2295.918,2364.000,2189.000,0.000,,,,2,1789720890.590,,
2991.277,82.926,86.637,62.312,66.000,70.000,70.000,67.000,63.000,62.000,60.000,60.000,60.000,73.500,64.000,73.500,53.812,35.000,35.078,33.996,38.648,39.000,36.488,27.604,0.249,37.655,2425.402,2239.642,2303.000,2133.000,0.000,,,,2,1789720891.587,,
2992.278,82.844,86.184,62.312,69.000,67.000,66.000,89.000,63.000,66.000,62.000,62.000,62.000,89.000,66.000,80.312,53.688,35.000,35.078,33.996,38.672,39.039,36.520,38.052,0.274,46.497,2350.821,2182.929,2243.000,2077.000,0.000,,,,2,1789720892.587,,
2993.282,82.680,85.684,62.562,67.000,66.000,68.000,67.000,74.000,64.000,63.000,63.000,62.000,77.500,64.000,77.500,53.750,35.000,35.078,33.996,38.691,39.074,36.551,42.129,0.323,52.393,2298.308,2128.943,2182.000,2021.000,0.000,,,,2,1789720893.593,,
2994.285,82.543,85.246,62.750,71.000,65.000,68.000,69.000,64.000,84.000,62.000,64.000,62.000,84.000,65.000,78.344,53.812,35.000,35.078,33.996,38.711,39.113,36.582,35.506,0.279,47.648,2241.469,2080.384,2122.000,1965.000,0.000,,,,2,1789720894.595,,
2995.290,82.520,84.953,62.812,70.000,65.000,72.000,74.000,71.000,68.000,69.000,70.000,63.000,81.750,65.000,81.750,53.938,35.000,35.078,33.996,38.730,39.148,36.613,38.732,0.248,48.054,2167.943,2020.417,2068.000,1915.000,0.000,,,,2,1789720895.601,,
2996.294,82.477,84.668,62.938,69.000,65.000,88.000,69.000,72.000,66.000,66.000,63.000,63.000,88.000,66.000,81.156,54.000,35.000,35.078,33.996,38.754,39.188,36.648,39.559,0.243,48.483,2120.279,1969.398,2014.000,1865.000,0.000,,,,2,1789720896.607,,
2997.299,82.457,84.430,63.062,75.000,67.000,69.000,70.000,84.000,66.000,63.000,63.000,63.000,84.000,67.000,81.875,54.062,35.000,35.078,33.996,38.773,39.223,36.680,39.159,0.249,49.123,2054.126,1928.145,1960.000,1815.000,0.000,,,,2,1789720897.609,,
2998.302,82.410,84.184,63.125,69.000,67.000,69.000,70.000,89.000,66.000,67.000,65.000,63.000,89.000,67.000,80.969,54.188,35.000,35.078,33.996,38.797,39.258,36.711,38.102,0.258,46.815,2022.370,1866.233,1906.000,1765.000,0.000,,,,2,1789720898.613,,
2999.307,82.336,83.934,63.375,80.000,72.000,84.000,72.000,73.000,69.000,73.000,66.000,64.000,84.000,69.000,80.062,54.562,35.000,35.074,33.996,38.820,39.297,36.742,42.148,0.287,50.467,1957.288,1809.291,1852.000,1715.000,0.000,,,,2,1789720899.617,,
3000.308,82.332,83.770,63.625,71.000,66.000,79.000,69.000,67.000,66.000,65.000,65.000,62.000,82.156,65.000,82.156,54.625,35.000,35.074,33.996,38.840,39.332,36.773,39.981,0.263,53.632,1907.871,1763.539,1836.000,1700.000,0.000,,,,2,1789720900.619,,
3001.313,82.656,84.047,63.688,89.000,68.000,71.000,70.000,66.000,65.000,66.000,64.000,63.000,89.000,68.000,83.641,54.750,35.000,35.074,33.996,38.863,39.367,36.805,37.119,0.242,45.886,1861.129,1740.181,1836.000,1700.000,0.000,,,,2,1789720901.623,,
3002.315,82.586,83.840,63.750,73.000,78.000,69.000,71.000,67.000,66.000,64.000,64.000,64.000,80.500,70.000,80.500,55.000,35.000,35.074,33.996,38.883,39.402,36.832,37.536,0.245,46.115,1847.130,1728.135,1836.000,1700.000,0.000,,,,2,1789720902.626,,
3003.318,82.461,83.590,63.875,68.000,66.000,71.000,69.000,76.000,66.000,79.000,65.000,65.000,79.000,66.000,78.531,55.000,35.000,35.074,33.996,38.906,39.441,36.863,37.717,0.276,47.226,1866.387,1716.255,1836.000,1700.000,0.000,,,,2,1789720903.632,,
3004.323,82.902,84.051,64.062,74.000,69.000,72.000,71.000,68.000,68.000,67.000,77.000,65.000,84.234,68.000,84.234,55.125,35.000,35.074,33.996,38.926,39.477,36.895,45.192,0.309,53.882,1837.973,1700.006,1836.000,1700.000,0.000,,,,2,1789720904.634,,
3005.328,82.863,83.895,64.500,70.000,75.000,70.000,70.000,74.000,67.000,67.000,64.000,64.000,81.672,68.000,81.672,55.438,35.000,35.074,33.996,38.949,39.512,36.926,44.481,0.314,53.528,1840.011,1696.425,1836.000,1700.000,0.000,,,,2,1789720905.637,,
3006.332,82.785,83.715,64.500,80.000,71.000,82.000,74.000,73.000,71.000,71.000,68.000,66.000,82.000,68.000,80.422,55.562,35.000,35.074,33.996,38.973,39.547,36.957,39.176,0.270,47.754,1842.035,1692.000,1836.000,1700.000,0.000,,,,2,1789720906.641,,
3007.332,82.742,83.578,64.750,93.000,69.000,73.000,71.000,67.000,67.000,65.000,65.000,64.000,93.000,69.000,81.422,55.750,35.000,35.074,33.996,38.992,39.586,36.988,40.439,0.275,50.471,1830.599,1691.896,1836.000,1700.000,0.000,,,,2,1789720907.644,,
3008.337,82.695,83.449,64.875,90.000,68.000,71.000,70.000,66.000,67.000,64.000,65.000,65.000,90.000,68.000,81.219,55.875,35.000,35.074,33.996,39.012,39.621,37.020,38.469,0.265,47.638,1830.794,1699.974,1836.000,1700.000,0.000,,,,2,1789720908.648,,
3009.340,82.617,83.297,65.000,71.000,68.000,79.000,71.000,75.000,69.000,67.000,67.000,65.000,80.250,68.000,80.250,56.062,35.000,35.070,33.996,39.035,39.660,37.051,38.511,0.277,47.926,1849.112,1707.245,1836.000,1700.000,0.000,,,,2,1789720909.651,,
3010.342,82.586,83.195,65.000,93.000,69.000,74.000,72.000,67.000,68.000,65.000,66.000,66.000,93.000,69.000,81.531,56.062,35.000,35.070,33.996,39.059,39.695,37.082,38.810,0.282,47.782,1830.440,1707.407,1836.000,1700.000,0.000,,,,2,1789720910.651,,
3011.346,82.566,83.117,65.062,73.000,75.000,77.000,77.000,73.000,71.000,70.000,67.000,66.000,82.016,68.000,82.016,56.250,35.000,35.070,33.996,39.078,39.730,37.117,37.535,0.269,46.604,1842.299,1690.054,1836.000,1700.000,0.000,,,,2,1789720911.658,,
3012.350,82.477,83.027,65.250,70.000,67.000,69.000,79.000,66.000,68.000,65.000,66.000,65.000,79.656,67.000,79.656,56.500,35.000,35.070,33.996,39.102,39.770,37.148,36.157,0.304,45.842,1830.459,1695.857,1836.000,1700.000,0.000,,,,2,1789720912.662,,
3013.351,82.406,82.957,65.312,80.000,66.000,70.000,70.000,67.000,67.000,66.000,66.000,65.000,80.188,67.000,80.188,56.500,35.000,35.070,33.996,39.121,39.805,37.180,38.646,0.291,47.816,1830.552,1713.038,1836.000,1700.000,0.000,,,,2,1789720913.663,,
3014.356,82.355,82.906,65.375,78.000,68.000,77.000,72.000,69.000,67.000,66.000,68.000,66.000,80.812,68.000,80.812,56.625,35.000,35.070,33.996,39.145,39.840,37.211,38.254,0.281,47.033,1830.245,1691.658,1836.000,1700.000,0.000,,,,2,1789720914.667,,
3015.359,82.328,82.879,65.625,71.000,79.000,70.000,71.000,69.000,68.000,74.000,66.000,66.000,81.438,70.000,81.438,56.562,35.000,35.070,33.996,39.164,39.879,37.242,36.220,0.291,45.403,1837.297,1695.921,1836.000,1700.000,0.000,,,,2,1789720915.669,,
3016.359,82.250,82.801,65.750,72.000,69.000,76.000,72.000,72.000,77.000,72.000,69.000,65.000,79.906,68.000,79.906,56.875,35.000,35.070,33.996,39.188,39.914,37.273,38.503,0.284,47.948,1837.363,1709.256,1836.000,1700.000,0.000,,,,2,1789720916.669,,
3017.363,82.363,82.914,65.750,72.000,83.000,72.000,76.000,68.000,69.000,67.000,66.000,65.000,85.797,72.000,85.797,56.875,35.000,35.070,33.996,39.207,39.949,37.305,37.201,0.250,46.534,1830.263,1703.481,1836.000,1700.000,0.000,,,,2,1789720917.674,,
3018.365,82.574,83.125,65.875,74.000,72.000,75.000,74.000,88.000,69.000,68.000,66.000,66.000,88.094,72.000,88.094,57.125,35.000,35.070,33.996,39.230,39.984,37.340,40.824,0.261,49.957,1834.675,1695.522,1836.000,1700.000,0.000,,,,2,1789720918.675,,
3019.369,82.613,83.164,65.938,77.000,84.000,72.000,74.000,68.000,69.000,66.000,67.000,66.000,84.000,73.000,83.781,57.250,35.000,35.066,33.996,39.254,40.023,37.371,39.167,0.275,48.594,1836.988,1717.525,1836.000,1700.000,0.000,,,,2,1789720919.679,,
3020.373,82.465,83.016,66.125,69.000,66.000,69.000,69.000,67.000,78.000,66.000,65.000,65.000,78.000,67.000,77.906,57.375,35.000,35.066,33.996,39.277,40.059,37.402,36.520,0.261,45.618,1832.070,1693.974,1836.000,1700.000,0.000,,,,2,1789720920.683,,
3021.373,83.234,83.961,66.062,72.000,68.000,99.000,73.000,72.000,69.000,67.000,68.000,66.000,99.000,69.000,85.547,57.500,35.000,35.066,33.996,39.301,40.094,37.434,37.687,0.274,47.034,1829.603,1693.735,1836.000,1700.000,0.000,,,,2,1789720921.682,,
3022.373,83.770,84.582,66.375,87.000,77.000,80.000,77.000,84.000,72.000,69.000,70.000,68.000,87.000,72.000,85.375,57.500,35.000,35.066,33.996,39.324,40.133,37.469,44.100,0.265,53.875,1830.087,1697.769,1836.000,1700.000,0.000,,,,2,1789720922.685,,
3023.373,86.379,87.895,66.625,85.000,77.000,85.000,78.000,98.000,73.000,75.000,71.000,69.000,98.000,73.000,94.203,57.625,35.000,35.066,33.996,39.344,40.168,37.500,54.403,0.272,63.866,1829.724,1693.847,1836.000,1700.000,0.000,,,,2,1789720923.682,,
3024.374,88.652,90.699,67.000,95.000,77.000,90.000,78.000,75.000,73.000,81.000,70.000,69.000,95.484,73.000,95.484,57.688,35.000,35.066,33.996,39.367,40.207,37.531,54.243,0.281,63.787,1836.669,1705.539,1923.000,1781.000,0.000,,,,2,1789720924.684,,
3025.375,89.246,91.266,67.312,89.000,79.000,77.000,79.000,72.000,74.000,70.000,70.000,68.000,91.016,73.000,91.016,58.125,35.000,35.066,33.996,39.391,40.242,37.566,51.333,0.282,60.652,1914.680,1758.216,1977.000,1831.000,0.000,,,,2,1789720925.686,,
3026.379,89.961,91.992,67.625,87.000,77.000,83.000,79.000,93.000,74.000,72.000,70.000,69.000,93.000,75.000,92.109,58.500,35.000,35.066,33.996,39.414,40.277,37.598,51.685,0.256,61.563,1948.062,1797.744,2031.000,1881.000,0.000,,,,2,1789720926.691,,
3027.382,91.031,93.180,68.000,89.000,73.000,85.000,78.000,92.000,76.000,70.000,81.000,69.000,94.250,74.000,94.250,58.625,35.000,35.066,33.996,39.438,40.312,37.629,52.279,0.260,61.752,1982.499,1842.657,2085.000,1931.000,0.000,,,,2,1789720927.695,,
3028.385,91.684,93.812,68.125,78.000,90.000,99.000,80.000,73.000,77.000,71.000,72.000,70.000,99.000,77.000,93.641,59.000,35.000,35.066,33.996,39.461,40.352,37.664,53.011,0.211,62.021,2038.032,1873.127,2139.000,1981.000,0.000,,,,2,1789720928.695,,
3029.389,91.609,93.527,68.375,74.000,71.000,73.000,76.000,72.000,71.000,90.000,70.000,70.000,90.000,72.000,89.344,59.125,35.000,35.066,33.996,39.484,40.391,37.695,40.691,0.243,49.434,2087.985,1940.492,2193.000,2031.000,0.000,,,,2,1789720929.702,,
3030.390,91.402,93.129,68.312,73.000,72.000,72.000,73.000,70.000,70.000,90.000,68.000,70.000,90.000,72.000,84.984,59.438,35.000,35.066,33.996,39.508,40.426,37.730,39.903,0.264,49.164,2149.767,1984.740,2253.000,2087.000,0.000,,,,2,1789720930.702,,
3031.392,91.348,92.902,68.375,75.000,75.000,78.000,74.000,93.000,73.000,73.000,71.000,69.000,93.000,72.000,89.656,59.438,35.000,35.066,33.996,39.531,40.465,37.762,39.695,0.263,49.018,2212.322,2045.466,2314.000,2143.000,0.000,,,,2,1789720931.702,,
3032.393,91.117,92.672,68.375,71.000,69.000,74.000,72.000,90.000,70.000,72.000,69.000,68.000,90.000,70.000,83.969,59.625,35.000,35.066,33.996,39.559,40.504,37.797,38.843,0.249,48.171,2278.236,2089.403,2374.000,2199.000,0.000,,,,2,1789720932.704,,
3033.395,90.918,92.473,68.375,76.000,74.000,83.000,78.000,76.000,74.000,71.000,71.000,69.000,84.781,72.000,84.781,59.500,35.000,35.066,33.996,39.582,40.543,37.832,40.243,0.268,49.261,2318.781,2144.581,2435.000,2255.000,0.000,,,,2,1789720933.707,,
3034.399,90.773,92.328,68.625,77.000,72.000,76.000,86.000,70.000,71.000,70.000,73.000,69.000,86.328,72.000,86.328,59.500,35.000,35.066,33.996,39.605,40.582,37.867,39.030,0.273,48.536,2387.505,2205.342,2495.000,2311.000,0.000,,,,2,1789720934.710,,
3035.400,90.637,92.191,68.688,74.000,80.000,74.000,75.000,75.000,72.000,72.000,81.000,69.000,86.297,73.000,86.297,59.625,35.000,35.066,33.996,39.633,40.617,37.898,40.505,0.260,50.671,2447.531,2257.039,2556.000,2367.000,0.000,,,,2,1789720935.711,,
3036.404,90.508,92.062,68.812,76.000,70.000,89.000,75.000,72.000,78.000,70.000,70.000,68.000,89.000,70.000,86.531,59.562,35.000,35.066,33.996,39.656,40.656,37.934,46.345,0.247,55.163,2498.074,2316.900,2599.000,2407.000,0.000,,,,2,1789720936.715,,
3037.406,90.277,91.832,69.000,74.000,70.000,74.000,78.000,71.000,82.000,73.000,69.000,68.000,83.156,70.000,83.156,59.625,35.000,35.066,33.996,39.680,40.691,37.969,42.040,0.273,51.327,2542.265,2362.112,2553.000,2364.000,0.000,,,,2,1789720937.717,,
3038.410,89.949,91.504,68.812,70.000,69.000,71.000,71.000,73.000,77.000,69.000,81.000,68.000,81.000,69.000,79.781,59.812,35.000,35.066,33.996,39.707,40.730,38.000,35.203,0.310,44.767,2515.284,2342.987,2492.000,2308.000,0.000,,,,2,1789720938.720,,
3039.415,89.699,91.254,69.000,77.000,70.000,75.000,79.000,70.000,69.000,68.000,67.000,67.000,82.016,70.000,82.016,59.812,35.000,35.062,33.996,39.730,40.770,38.035,36.864,0.304,45.818,2498.733,2306.170,2437.000,2257.000,0.000,,,,2,1789720939.725,,
3040.417,89.539,91.094,69.062,77.000,74.000,93.000,77.000,72.000,72.000,68.000,69.000,68.000,93.000,74.000,84.531,59.750,35.000,35.062,33.996,39.758,40.805,38.066,40.886,0.303,50.510,2473.003,2281.268,2405.000,2227.000,0.000,,,,2,1789720940.727,,
3041.419,89.316,90.871,69.125,74.000,71.000,75.000,73.000,83.000,79.000,70.000,69.000,69.000,83.000,70.000,82.406,59.750,35.000,35.062,33.996,39.781,40.844,38.102,40.380,0.312,50.898,2447.281,2252.689,2361.000,2187.000,0.000,,,,2,1789720941.729,,
3042.422,89.102,90.656,69.062,76.000,71.000,88.000,78.000,73.000,72.000,70.000,68.000,68.000,88.000,70.000,82.484,59.812,35.000,35.062,33.996,39.809,40.883,38.137,36.995,0.319,48.158,2390.518,2212.688,2319.000,2148.000,0.000,,,,2,1789720942.732,,
3043.424,88.875,90.430,69.125,74.000,70.000,72.000,72.000,71.000,68.000,94.000,69.000,71.000,94.000,71.000,81.828,59.688,35.000,35.062,33.996,39.832,40.918,38.168,35.158,0.331,46.651,2355.389,2185.739,2276.000,2108.000,0.000,,,,2,1789720943.734,,
3044.428,88.570,90.125,69.312,71.000,68.000,71.000,70.000,70.000,80.000,69.000,69.000,68.000,80.000,69.000,79.109,59.688,35.000,35.062,33.996,39.859,40.957,38.203,34.518,0.306,44.767,2314.056,2141.544,2218.000,2054.000,0.000,,,,2,1789720944.739,,
3045.431,88.387,89.941,69.188,76.000,70.000,74.000,79.000,69.000,70.000,69.000,69.000,69.000,82.672,70.000,82.672,59.688,35.000,35.062,33.996,39.883,40.988,38.234,42.235,0.310,54.110,2267.217,2089.197,2183.000,2022.000,0.000,,,,2,1789720945.743,,
3046.433,88.242,89.797,69.375,75.000,74.000,74.000,85.000,73.000,72.000,70.000,70.000,68.000,85.000,72.000,83.750,59.688,35.000,35.062,33.996,39.910,41.031,38.273,45.296,0.355,56.469,2232.198,2053.435,2156.000,1997.000,0.000,,,,2,1789720946.744,,
3047.435,88.176,89.730,69.500,73.000,71.000,74.000,75.000,74.000,71.000,94.000,70.000,70.000,94.000,71.000,86.188,59.750,35.000,35.062,33.996,39.938,41.062,38.305,41.081,0.320,52.818,2185.010,2036.810,2144.000,1986.000,0.000,,,,2,1789720947.746,,
3048.439,88.172,89.727,69.750,78.000,72.000,78.000,77.000,80.000,87.000,72.000,71.000,68.000,88.047,73.000,88.047,59.938,35.000,35.062,33.996,39.961,41.102,38.340,40.128,0.327,50.630,2161.928,2014.020,2143.000,1985.000,0.000,,,,2,1789720948.751,,
3049.443,89.898,91.812,69.812,89.000,86.000,97.000,87.000,98.000,82.000,81.000,80.000,71.000,98.000,77.000,95.078,59.938,35.000,35.059,33.996,39.988,41.137,38.375,57.660,0.323,71.613,2149.215,2004.041,2197.000,2035.000,0.000,,,,2,1789720949.754,,
3050.447,91.199,93.316,70.688,89.000,84.000,96.000,92.000,83.000,79.000,82.000,80.000,70.000,96.000,77.000,95.109,60.250,35.000,35.059,33.996,40.012,41.172,38.406,61.815,0.348,74.243,2218.306,2036.948,2258.000,2091.000,0.000,,,,2,1789720950.758,,
3051.449,92.324,94.566,71.250,90.000,85.000,94.000,91.000,89.000,83.000,86.000,85.000,71.000,95.703,78.000,95.703,60.500,35.000,35.059,33.996,40.039,41.207,38.441,67.339,0.406,79.345,2249.171,2086.751,2318.000,2147.000,0.000,,,,2,1789720951.760,,
3052.450,93.102,95.352,72.125,89.000,85.000,95.000,91.000,93.000,84.000,82.000,91.000,72.000,95.422,77.000,95.422,60.812,35.000,35.059,33.996,40.066,41.242,38.473,70.754,0.388,85.040,2310.195,2134.813,2379.000,2203.000,0.000,,,,2,1789720952.760,,
3053.459,93.734,95.949,72.812,90.000,88.000,99.000,90.000,92.000,92.000,88.000,89.000,73.000,99.000,79.000,95.641,61.188,35.000,35.059,33.996,40.094,41.277,38.508,74.028,0.299,84.414,2363.089,2181.924,2439.000,2259.000,0.000,,,,2,1789720953.774,,
3054.459,93.895,95.938,73.750,80.000,87.000,81.000,87.000,79.000,80.000,77.000,77.000,72.000,94.375,78.000,94.375,61.500,35.000,35.059,33.996,40.121,41.312,38.543,77.424,0.297,93.487,2405.999,2231.783,2500.000,2315.000,0.000,,,,2,1789720954.769,,
3055.461,93.812,95.648,74.188,80.000,84.000,81.000,80.000,77.000,76.000,74.000,89.000,71.000,91.359,76.000,91.359,61.812,35.000,35.059,33.996,40.148,41.348,38.574,55.237,0.366,67.973,2471.865,2277.458,2560.000,2371.000,0.000,,,,2,1789720955.796,,
3056.465,93.816,95.473,74.438,90.000,82.000,88.000,80.000,85.000,85.000,80.000,82.000,72.000,93.844,77.000,93.844,62.375,35.000,35.059,33.996,40.176,41.383,38.605,63.110,0.302,72.767,2545.267,2346.041,2621.000,2427.000,0.000,,,,2,1789720956.775,,
3057.469,93.676,95.332,74.625,83.000,78.000,86.000,83.000,81.000,79.000,80.000,83.000,74.000,89.422,76.000,89.422,62.625,35.000,35.059,33.996,40.203,41.418,38.641,61.433,0.257,72.071,2600.048,2419.696,2681.000,2483.000,0.000,,,,2,1789720957.780,,
3058.470,93.668,95.160,75.250,92.000,82.000,97.000,88.000,94.000,86.000,88.000,85.000,74.000,97.000,79.000,93.375,62.812,35.000,35.059,33.996,40.230,41.457,38.672,70.309,0.255,80.809,2652.383,2449.130,2742.000,2539.000,0.000,,,,2,1789720958.780,,
3059.472,93.613,94.953,75.500,93.000,79.000,88.000,85.000,87.000,84.000,83.000,89.000,73.000,93.000,77.000,91.891,63.062,35.000,35.055,33.996,40.258,41.496,38.707,58.306,0.359,71.456,2701.891,2507.680,2813.000,2605.000,0.000,,,,2,1789720959.782,,
3060.474,93.617,94.957,75.875,83.000,77.000,89.000,89.000,93.000,78.000,78.000,77.000,73.000,93.719,77.000,93.719,63.312,35.000,35.055,33.996,40.289,41.531,38.742,64.854,0.337,76.508,2774.246,2559.891,2884.000,2671.000,0.000,,,,2,1789720960.784,,
3061.478,93.617,94.957,76.125,86.000,80.000,90.000,88.000,85.000,82.000,88.000,79.000,73.000,93.625,78.000,93.625,63.438,35.000,35.055,33.996,40.316,41.566,38.773,61.251,0.334,73.743,2838.669,2632.753,2955.000,2737.000,0.000,,,,2,1789720961.791,,
3062.478,93.609,94.949,76.625,92.000,90.000,91.000,95.000,89.000,85.000,82.000,84.000,74.000,95.000,81.000,93.469,63.625,35.000,35.055,33.996,40.348,41.609,38.809,70.975,0.261,81.279,2925.236,2700.452,3027.000,2803.000,0.000,,,,2,1789720962.790,,
3063.482,94.047,95.562,77.062,95.000,85.000,99.000,88.000,89.000,87.000,84.000,95.000,74.000,99.000,80.000,97.125,63.875,35.000,35.055,33.996,40.379,41.648,38.844,74.296,0.386,87.326,2966.870,2751.831,3098.000,2869.000,0.000,,,,2,1789720963.792,,
3064.487,94.043,95.406,77.688,85.000,88.000,83.000,84.000,79.000,85.000,76.000,75.000,73.000,93.922,81.000,93.922,64.250,35.000,35.055,33.996,40.406,41.688,38.879,62.032,0.426,77.797,3054.031,2842.232,3169.000,2935.000,0.000,,,,2,1789720964.798,,
3065.491,95.062,96.598,77.438,79.000,77.000,83.000,80.000,100.000,77.000,79.000,76.000,73.000,100.000,77.000,98.125,64.312,35.000,35.055,33.996,40.441,41.727,38.914,42.733,0.323,53.059,3139.663,2903.577,3241.000,3001.000,0.000,,,,2,1789720965.803,,
3066.494,95.016,96.395,77.125,85.000,77.000,97.000,80.000,78.000,76.000,75.000,75.000,72.000,97.000,76.000,93.641,64.500,35.000,35.055,33.996,40.473,41.766,38.949,42.587,0.310,54.954,3181.308,2944.569,3269.000,3027.000,0.000,,,,2,1789720966.805,,
3067.499,95.203,96.500,76.875,90.000,81.000,86.000,100.000,81.000,79.000,80.000,76.000,75.000,100.000,80.000,95.766,64.375,35.000,35.055,33.996,40.504,41.809,38.984,49.626,0.275,61.052,3209.014,2992.668,3297.000,3053.000,0.000,,,,2,1789720967.809,,
3068.499,96.051,97.473,76.812,90.000,80.000,89.000,84.000,100.000,78.000,79.000,76.000,73.000,100.000,79.000,98.594,64.375,35.000,35.055,33.996,40.535,41.848,39.020,51.332,0.250,63.635,3245.260,3023.609,3325.000,3079.000,0.000,,,,2,1789720968.809,,
3069.502,96.086,97.395,76.750,92.000,79.000,89.000,84.000,87.000,78.000,91.000,77.000,74.000,96.344,78.000,96.344,64.438,35.000,35.051,33.996,40.570,41.887,39.055,58.398,0.311,70.400,3274.305,3036.284,3353.000,3105.000,0.000,,,,2,1789720969.812,,
3070.505,95.941,97.250,76.875,87.000,78.000,85.000,81.000,80.000,76.000,74.000,89.000,72.000,91.531,78.000,91.531,64.500,35.000,35.051,33.996,40.602,41.930,39.094,42.021,0.346,54.694,3326.588,3094.352,3381.000,3131.000,0.000,,,,2,1789720970.815,,
3071.508,95.742,97.051,76.812,79.000,74.000,80.000,87.000,77.000,74.000,86.000,74.000,72.000,89.516,75.000,89.516,64.438,35.000,35.051,33.996,40.633,41.965,39.129,40.969,0.353,53.141,3349.710,3093.820,3409.000,3157.000,0.000,,,,2,1789720971.819,,
3072.508,95.691,97.000,76.625,95.000,78.000,87.000,82.000,84.000,96.000,77.000,78.000,72.000,96.000,78.000,94.125,64.312,35.000,35.051,33.996,40.668,42.008,39.164,51.122,0.423,61.882,3380.663,3147.293,3437.000,3183.000,0.000,,,,2,1789720972.818,,
3073.513,95.602,96.910,76.750,84.000,78.000,85.000,83.000,81.000,78.000,80.000,86.000,72.000,92.859,77.000,92.859,64.375,35.000,35.051,33.996,40.699,42.043,39.199,53.609,0.447,65.557,3421.110,3167.871,3465.000,3209.000,0.000,,,,2,1789720973.826,,
3074.518,95.484,96.793,76.875,84.000,78.000,84.000,86.000,79.000,88.000,77.000,76.000,72.000,91.812,78.000,91.812,64.062,35.000,35.051,33.996,40.730,42.082,39.234,49.849,0.489,62.243,3462.604,3181.252,3493.000,3235.000,0.000,,,,2,1789720974.828,,
3075.521,95.434,96.742,77.188,79.000,77.000,82.000,81.000,97.000,97.000,79.000,77.000,74.000,97.000,76.000,93.906,64.250,35.000,35.051,33.996,40.762,42.121,39.273,54.739,0.457,66.387,3494.806,3196.392,3521.000,3261.000,0.000,,,,2,1789720975.832,,
3076.522,95.352,96.660,77.312,90.000,78.000,86.000,81.000,78.000,78.000,74.000,74.000,73.000,92.781,77.000,92.781,64.188,35.000,35.051,33.996,40.797,42.160,39.309,55.947,0.462,68.580,3494.874,3244.325,3549.000,3287.000,0.000,,,,2,1789720976.833,,
3077.524,95.145,96.453,77.125,82.000,77.000,92.000,80.000,90.000,78.000,77.000,85.000,74.000,92.000,76.000,88.703,64.312,35.000,35.051,33.996,40.828,42.195,39.344,50.348,0.320,62.141,3511.270,3252.356,3578.000,3313.000,0.000,,,,2,1789720977.834,,
3078.529,94.949,96.258,77.062,81.000,81.000,82.000,88.000,80.000,76.000,74.000,75.000,72.000,88.891,76.000,88.891,64.188,35.000,35.051,33.996,40.859,42.234,39.379,44.403,0.346,56.983,3571.748,3280.929,3606.000,3339.000,0.000,,,,2,1789720978.839,,
3079.529,94.707,96.016,76.938,80.000,76.000,82.000,79.000,81.000,76.000,73.000,72.000,71.000,87.266,75.000,87.266,64.188,35.000,35.051,33.996,40.895,42.273,39.414,43.869,0.324,56.192,3598.812,3318.431,3634.000,3365.000,0.000,,,,2,1789720979.839,,
3080.531,94.441,95.750,76.500,79.000,76.000,79.000,81.000,76.000,75.000,72.000,79.000,71.000,86.125,74.000,86.125,64.062,35.000,35.051,33.996,40.926,42.312,39.449,41.735,0.337,54.537,3607.684,3340.416,3629.000,3361.000,0.000,,,,2,1789720980.841,,
3081.533,94.238,95.547,76.625,80.000,75.000,82.000,78.000,77.000,74.000,85.000,73.000,72.000,88.031,74.000,88.031,63.938,35.000,35.051,33.996,40.957,42.352,39.484,44.927,0.342,57.143,3616.201,3356.612,3601.000,3335.000,0.000,,,,2,1789720981.843,,
3082.538,94.000,95.309,76.500,79.000,74.000,80.000,78.000,88.000,75.000,76.000,75.000,72.000,88.000,74.000,86.516,63.688,35.000,35.051,33.996,40.988,42.391,39.520,46.087,0.366,58.114,3597.805,3325.021,3573.000,3309.000,0.000,,,,2,1789720982.847,,
3083.541,93.766,95.074,76.438,78.000,76.000,80.000,81.000,76.000,81.000,72.000,82.000,71.000,86.547,75.000,86.547,63.688,35.000,35.051,33.996,41.023,42.430,39.555,45.954,0.340,58.579,3563.545,3303.601,3545.000,3283.000,0.000,,,,2,1789720983.852,,
3084.543,93.559,94.867,76.312,77.000,75.000,82.000,85.000,79.000,75.000,72.000,84.000,71.000,87.172,74.000,87.172,63.688,35.000,35.051,33.996,41.055,42.465,39.586,46.273,0.368,58.476,3546.134,3296.794,3517.000,3257.000,0.000,,,,2,1789720984.853,,
3085.546,93.316,94.625,76.375,78.000,76.000,89.000,84.000,76.000,76.000,74.000,75.000,71.000,89.000,75.000,85.812,63.500,35.000,35.051,33.996,41.086,42.504,39.621,46.532,0.359,58.932,3519.509,3267.054,3489.000,3231.000,0.000,,,,2,1789720985.856,,
3086.550,93.094,94.402,76.375,80.000,75.000,81.000,78.000,75.000,85.000,72.000,72.000,71.000,86.141,73.000,86.141,63.500,35.000,35.051,33.996,41.117,42.539,39.652,44.305,0.350,56.653,3493.958,3243.389,3461.000,3205.000,0.000,,,,2,1789720986.859,,
3087.550,92.879,94.188,76.062,79.000,77.000,79.000,84.000,76.000,75.000,73.000,78.000,71.000,86.188,75.000,86.188,63.375,35.000,35.051,33.996,41.148,42.578,39.684,46.438,0.384,58.287,3502.320,3216.009,3433.000,3179.000,0.000,,,,2,1789720987.860,,
3088.550,92.629,93.938,76.125,82.000,75.000,79.000,78.000,77.000,73.000,79.000,72.000,71.000,84.969,74.000,84.969,63.250,35.000,35.051,33.996,41.180,42.613,39.715,43.792,0.381,56.151,3493.992,3215.807,3405.000,3153.000,0.000,,,,2,1789720988.860,,
3089.554,92.438,93.746,75.875,88.000,73.000,78.000,78.000,74.000,72.000,72.000,72.000,70.000,88.000,73.000,86.422,63.188,35.000,35.047,33.996,41.211,42.648,39.750,43.949,0.389,55.876,3443.197,3187.618,3377.000,3127.000,0.000,,,,2,1789720989.864,,
3090.556,92.312,93.621,75.938,79.000,74.000,79.000,78.000,77.000,87.000,74.000,73.000,70.000,88.469,74.000,88.469,62.938,35.000,35.047,33.996,41.242,42.688,39.781,50.269,0.367,62.045,3387.375,3133.295,3349.000,3101.000,0.000,,,,2,1789720990.866,,
3091.556,92.188,93.496,76.125,79.000,75.000,82.000,79.000,88.000,75.000,74.000,73.000,71.000,88.344,74.000,88.344,63.125,35.000,35.047,33.996,41.270,42.723,39.812,49.730,0.396,61.149,3363.574,3106.608,3321.000,3075.000,0.000,,,,2,1789720991.867,,
3092.560,92.035,93.344,76.250,78.000,73.000,81.000,79.000,90.000,73.000,76.000,72.000,71.000,90.000,74.000,87.297,63.062,35.000,35.047,33.996,41.301,42.758,39.844,52.526,0.363,64.843,3347.716,3073.324,3292.000,3049.000,0.000,,,,2,1789720992.870,,
3093.565,91.812,93.121,76.125,78.000,73.000,91.000,78.000,77.000,73.000,73.000,72.000,70.000,91.000,73.000,84.953,63.000,35.000,35.047,33.996,41.332,42.793,39.875,43.272,0.381,55.001,3317.300,3073.875,3264.000,3023.000,0.000,,,,2,1789720993.875,,
3094.565,91.645,92.953,76.125,76.000,73.000,90.000,77.000,75.000,72.000,72.000,72.000,71.000,90.000,73.000,86.391,63.062,35.000,35.047,33.996,41.359,42.824,39.906,45.788,0.410,57.613,3279.077,3035.439,3236.000,2997.000,0.000,,,,2,1789720994.876,,
3095.565,91.562,92.871,76.312,79.000,75.000,89.000,78.000,86.000,74.000,73.000,71.000,71.000,89.000,73.000,89.000,62.938,35.000,35.047,33.996,41.391,42.859,39.934,51.131,0.420,63.962,3249.743,3010.361,3165.000,2931.000,0.000,,,,2,1789720995.875,,
3096.565,91.332,92.641,76.062,76.000,73.000,86.000,79.000,72.000,72.000,71.000,72.000,70.000,86.000,73.000,84.234,63.062,35.000,35.047,33.996,41.422,42.891,39.961,43.998,0.365,55.670,3206.270,2956.854,3094.000,2865.000,0.000,,,,2,1789720996.876,,
3097.567,91.141,92.449,76.062,81.000,78.000,83.000,88.000,79.000,78.000,74.000,73.000,70.000,88.000,74.000,85.203,62.938,35.000,35.047,33.996,41.449,42.922,39.988,43.401,0.380,55.420,3109.560,2887.345,3022.000,2799.000,0.000,,,,2,1789720997.877,,
3098.571,90.945,92.254,75.938,76.000,73.000,79.000,78.000,87.000,75.000,73.000,73.000,70.000,87.000,73.000,84.891,62.938,35.000,35.047,33.996,41.480,42.957,40.020,41.490,0.382,52.858,3030.686,2814.655,2951.000,2733.000,0.000,,,,2,1789720998.881,,
3099.574,90.762,92.070,75.812,75.000,73.000,77.000,76.000,75.000,72.000,87.000,71.000,71.000,87.000,73.000,85.031,62.875,35.000,35.047,33.996,41.508,42.988,40.047,43.528,0.400,54.931,2999.850,2751.620,2880.000,2667.000,0.000,,,,2,1789720999.884,,
3100.576,90.570,91.879,75.688,77.000,73.000,76.000,84.000,73.000,73.000,71.000,71.000,70.000,84.609,73.000,84.609,62.938,35.000,35.047,33.996,41.535,43.020,40.074,44.142,0.366,56.161,2903.460,2705.160,2809.000,2601.000,0.000,,,,2,1789721000.886,,
3101.581,90.359,91.668,75.625,77.000,74.000,78.000,76.000,75.000,73.000,71.000,85.000,70.000,85.000,73.000,83.812,62.750,35.000,35.047,33.996,41.566,43.055,40.102,44.994,0.386,56.446,2863.415,2651.934,2737.000,2535.000,0.000,,,,2,1789721001.890,,
3102.583,90.219,91.527,75.750,84.000,72.000,77.000,76.000,74.000,75.000,71.000,75.000,70.000,85.938,73.000,85.938,62.875,35.000,35.047,33.996,41.594,43.086,40.129,40.532,0.377,51.843,2797.116,2582.126,2701.000,2501.000,0.000,,,,2,1789721002.893,,
3103.586,90.039,91.348,75.562,81.000,80.000,86.000,80.000,78.000,75.000,80.000,75.000,70.000,86.000,74.000,84.484,62.938,35.000,35.047,33.996,41.621,43.117,40.156,40.407,0.379,52.821,2743.735,2540.794,2660.000,2463.000,0.000,,,,2,1789721003.896,,
3104.589,89.883,91.191,75.500,77.000,74.000,77.000,77.000,85.000,73.000,73.000,70.000,70.000,85.047,73.000,85.047,62.812,35.000,35.047,33.996,41.648,43.148,40.184,42.979,0.345,54.210,2713.091,2494.008,2624.000,2430.000,0.000,,,,2,1789721004.898,,
3105.589,89.688,90.996,75.438,80.000,75.000,77.000,78.000,74.000,77.000,72.000,72.000,70.000,83.594,73.000,83.594,62.750,35.000,35.047,33.996,41.676,43.176,40.207,39.203,0.363,51.201,2667.279,2447.231,2580.000,2389.000,0.000,,,,2,1789721005.899,,
3106.593,89.512,90.820,75.500,80.000,77.000,79.000,78.000,75.000,80.000,76.000,73.000,70.000,84.000,74.000,84.000,62.750,35.000,35.047,33.996,41.703,43.207,40.234,45.732,0.370,57.466,2605.580,2407.721,2540.000,2352.000,0.000,,,,2,1789721006.903,,
3107.597,89.398,90.707,75.375,77.000,77.000,79.000,84.000,74.000,72.000,72.000,71.000,71.000,85.953,75.000,85.953,62.750,35.000,35.047,33.996,41.730,43.238,40.258,47.670,0.390,58.660,2582.274,2387.838,2512.000,2326.000,0.000,,,,2,1789721007.907,,
3108.599,89.324,90.633,75.438,78.000,80.000,81.000,78.000,78.000,73.000,75.000,73.000,72.000,86.984,75.000,86.984,62.812,35.000,35.047,33.996,41.758,43.270,40.285,46.533,0.381,59.192,2536.909,2353.356,2492.000,2308.000,0.000,,,,2,1789721008.910,,
3109.603,89.258,90.566,75.438,88.000,85.000,83.000,79.000,79.000,76.000,76.000,77.000,71.000,88.000,76.000,87.219,63.000,35.000,35.043,33.996,41.785,43.297,40.312,48.726,0.407,60.700,2523.076,2327.145,2474.000,2291.000,0.000,,,,2,1789721009.913,,
3110.607,89.285,90.594,75.625,80.000,80.000,81.000,82.000,79.000,76.000,74.000,88.000,70.000,90.000,76.000,90.000,63.062,35.000,35.043,33.996,41.812,43.328,40.336,43.461,0.422,54.631,2497.000,2315.887,2475.000,2292.000,0.000,,,,2,1789721010.917,,
3111.607,89.281,90.457,75.750,87.000,81.000,85.000,88.000,83.000,78.000,87.000,77.000,72.000,89.203,76.000,89.203,63.125,35.000,35.043,33.996,41.840,43.352,40.359,53.033,0.409,64.688,2475.588,2309.395,2442.000,2262.000,0.000,,,,2,1789721011.919,,
3112.611,91.738,93.535,76.312,96.000,88.000,99.000,93.000,96.000,93.000,92.000,96.000,74.000,99.109,80.000,99.109,63.188,35.000,35.043,33.996,41.867,43.383,40.383,74.103,0.277,87.736,2488.457,2298.777,2503.000,2318.000,0.000,,,,2,1789721012.921,,
3113.614,92.500,94.344,77.562,88.000,82.000,92.000,83.000,91.000,81.000,80.000,84.000,73.000,94.797,78.000,94.797,63.500,35.000,35.043,33.996,41.895,43.410,40.410,74.606,0.312,83.902,2514.669,2334.918,2563.000,2374.000,0.000,,,,2,1789721013.924,,
3114.617,92.461,94.121,77.688,82.000,76.000,86.000,89.000,77.000,77.000,76.000,77.000,72.000,91.297,76.000,91.297,63.875,35.000,35.043,33.996,41.918,43.438,40.438,54.633,0.383,67.166,2563.445,2349.517,2624.000,2430.000,0.000,,,,2,1789721014.926,,
3115.621,92.395,93.891,77.688,88.000,81.000,85.000,88.000,83.000,82.000,78.000,77.000,73.000,90.312,78.000,90.312,64.062,35.000,35.043,33.996,41.945,43.461,40.457,51.128,0.395,63.956,2595.998,2427.643,2684.000,2486.000,0.000,,,,2,1789721015.932,,
3116.622,94.172,96.051,78.188,90.000,85.000,93.000,88.000,96.000,85.000,84.000,88.000,75.000,99.516,80.000,99.516,64.312,35.000,35.043,33.996,41.973,43.492,40.484,78.332,0.275,89.909,2663.017,2472.460,2745.000,2542.000,0.000,,,,2,1789721016.932,,
3117.624,94.070,95.762,78.562,84.000,85.000,88.000,87.000,81.000,79.000,78.000,77.000,73.000,91.016,78.000,91.016,64.500,35.000,35.043,33.996,42.000,43.520,40.508,52.318,0.417,63.781,2717.904,2512.265,2816.000,2608.000,0.000,,,,2,1789721017.934,,
3118.627,93.953,95.477,78.438,79.000,77.000,80.000,79.000,92.000,81.000,76.000,76.000,73.000,92.000,77.000,90.281,64.562,35.000,35.043,33.996,42.027,43.547,40.531,45.887,0.437,57.029,2790.654,2568.658,2887.000,2674.000,0.000,,,,2,1789721018.938,,
3119.628,93.879,95.250,78.312,80.000,76.000,80.000,79.000,96.000,76.000,77.000,77.000,73.000,96.000,76.000,91.609,64.688,35.000,35.039,33.996,42.055,43.574,40.555,43.820,0.425,54.778,2851.304,2657.042,2959.000,2740.000,0.000,,,,2,1789721019.937,,
3120.628,93.742,94.977,78.000,91.000,83.000,88.000,90.000,91.000,89.000,85.000,93.000,74.000,93.000,78.000,89.500,64.812,35.000,35.039,33.996,42.082,43.602,40.578,44.622,0.435,60.032,2938.368,2686.507,3030.000,2806.000,0.000,,,,2,1789721020.939,,
3121.629,93.988,95.199,78.062,89.000,88.000,88.000,88.000,91.000,86.000,84.000,90.000,74.000,94.984,80.000,94.984,64.812,35.000,35.039,33.996,42.105,43.629,40.602,55.571,0.397,65.583,2987.626,2771.875,3101.000,2872.000,0.000,,,,2,1789721021.940,,
3122.634,95.398,96.910,78.625,96.000,89.000,100.000,94.000,96.000,96.000,92.000,92.000,76.000,100.000,82.000,99.641,64.938,35.000,35.039,33.996,42.133,43.652,40.625,75.755,0.270,90.826,3050.124,2831.279,3173.000,2938.000,0.000,,,,2,1789721022.944,,
3123.634,95.797,97.277,79.438,90.000,86.000,93.000,93.000,96.000,86.000,83.000,85.000,75.000,96.984,80.000,96.984,65.062,35.000,35.039,33.996,42.160,43.680,40.648,72.159,0.293,83.200,3163.194,2921.793,3244.000,3004.000,0.000,,,,2,1789721023.973,,
3124.636,96.805,98.438,80.000,97.000,89.000,99.000,95.000,97.000,95.000,92.000,95.000,77.000,99.828,83.000,99.828,65.250,35.000,35.039,33.996,42.188,43.707,40.672,78.085,0.234,90.299,3211.991,2950.554,3272.000,3030.000,0.000,,,,2,1789721024.946,,
3125.637,97.094,98.652,80.562,97.000,90.000,100.000,93.000,98.000,94.000,91.000,94.000,76.000,100.000,82.000,97.969,65.562,35.000,35.039,33.996,42.215,43.734,40.695,68.480,0.304,81.339,3219.633,2974.936,3300.000,3056.000,0.000,,,,2,1789721025.947,,
3126.642,97.805,99.422,81.188,97.000,90.000,99.000,95.000,97.000,93.000,90.000,92.000,76.000,99.938,83.000,99.938,65.875,35.000,35.039,33.996,42.242,43.762,40.719,75.899,0.215,89.025,3255.797,3017.501,3328.000,3082.000,0.000,,,,2,1789721026.951,,
3127.646,97.738,99.191,81.438,94.000,83.000,89.000,87.000,96.000,82.000,82.000,86.000,76.000,96.000,81.000,95.797,66.125,35.000,35.039,33.996,42.270,43.789,40.742,59.576,0.392,74.524,3285.301,3061.303,3356.000,3108.000,0.000,,,,2,1789721027.956,,
3128.651,98.125,99.551,81.625,92.000,89.000,94.000,87.000,85.000,82.000,80.000,80.000,75.000,99.297,82.000,99.297,66.250,35.000,35.039,33.996,42.297,43.816,40.766,62.675,0.410,73.778,3315.283,3093.342,3384.000,3134.000,0.000,,,,2,1789721028.961,,
3129.654,98.070,99.355,81.688,89.000,82.000,90.000,86.000,84.000,82.000,79.000,91.000,75.000,96.438,80.000,96.438,66.312,35.000,35.039,33.996,42.324,43.844,40.789,59.950,0.451,72.463,3368.989,3107.762,3412.000,3160.000,0.000,,,,2,1789721029.964,,
3130.658,98.074,99.234,81.625,93.000,85.000,96.000,94.000,88.000,86.000,84.000,85.000,76.000,98.125,82.000,98.125,66.500,35.000,35.039,33.996,42.352,43.871,40.812,58.759,0.473,70.768,3392.290,3132.805,3440.000,3186.000,0.000,,,,2,1789721030.968,,
3131.661,97.938,99.098,81.438,96.000,80.000,85.000,84.000,80.000,78.000,77.000,76.000,74.000,96.000,79.000,93.719,66.438,35.000,35.039,33.996,42.379,43.898,40.836,48.720,0.455,62.245,3408.090,3173.819,3468.000,3212.000,0.000,,,,2,1789721031.972,,
3132.664,97.879,99.039,81.312,87.000,80.000,94.000,83.000,83.000,86.000,78.000,78.000,75.000,96.141,79.000,96.141,66.562,35.000,35.039,33.996,42.410,43.926,40.859,46.561,0.443,58.206,3457.815,3209.329,3497.000,3238.000,0.000,,,,2,1789721032.974,,
3133.666,97.746,98.906,81.000,91.000,84.000,92.000,86.000,90.000,88.000,83.000,90.000,74.000,93.531,80.000,93.531,66.312,35.000,35.039,33.996,42.438,43.953,40.883,48.323,0.434,59.733,3490.706,3237.294,3525.000,3264.000,0.000,,,,2,1789721033.977,,
3134.670,97.793,98.953,81.188,97.000,90.000,100.000,95.000,99.000,94.000,92.000,93.000,76.000,100.000,83.000,99.344,66.375,35.000,35.039,33.996,42.473,43.988,40.906,69.294,0.307,78.589,3515.694,3257.830,3553.000,3290.000,0.000,,,,2,1789721034.981,,
3135.671,97.812,98.973,81.688,96.000,88.000,99.000,93.000,95.000,92.000,91.000,95.000,77.000,99.000,82.000,98.344,66.438,35.000,35.039,33.996,42.500,44.016,40.934,69.004,0.356,81.620,3550.786,3280.840,3581.000,3316.000,0.000,,,,2,1789721035.983,,
3136.675,97.883,99.043,82.250,95.000,86.000,93.000,91.000,90.000,88.000,83.000,85.000,75.000,99.391,82.000,99.391,66.562,35.000,35.039,33.996,42.527,44.043,40.957,74.654,0.243,87.985,3577.106,3302.631,3609.000,3342.000,0.000,,,,2,1789721036.985,,
3137.675,97.973,99.172,82.625,96.000,90.000,100.000,95.000,97.000,95.000,91.000,94.000,76.000,100.000,83.000,99.516,66.625,35.000,35.039,33.996,42.555,44.070,40.980,66.143,0.339,76.597,3594.716,3340.137,3637.000,3368.000,0.000,,,,2,1789721037.985,,
3138.675,97.945,99.145,82.875,95.000,86.000,95.000,87.000,90.000,83.000,84.000,82.000,77.000,97.109,82.000,97.109,66.938,35.000,35.039,33.996,42.586,44.098,41.004,65.491,0.356,78.735,3658.313,3339.889,3665.000,3394.000,0.000,,,,2,1789721038.986,,
3139.680,98.035,99.234,83.250,95.000,89.000,98.000,93.000,91.000,87.000,87.000,93.000,77.000,100.000,83.000,100.000,66.938,35.000,35.035,33.996,42.613,44.125,41.027,72.797,0.273,84.932,3686.334,3364.046,3693.000,3420.000,0.000,,,,2,1789721039.992,,
3140.685,98.016,99.215,83.375,88.000,91.000,91.000,93.000,83.000,79.000,79.000,80.000,75.000,97.469,82.000,97.469,67.250,35.000,35.035,33.996,42.641,44.152,41.055,52.550,0.414,66.720,3704.313,3401.939,3721.000,3446.000,0.000,,,,2,1789721040.998,,
3141.687,98.082,99.281,83.250,96.000,90.000,100.000,94.000,97.000,93.000,92.000,93.000,76.000,100.000,83.000,99.703,67.188,35.000,35.035,33.996,42.672,44.180,41.078,67.625,0.282,77.500,3723.278,3442.538,3749.000,3472.000,0.000,,,,2,1789721041.997,,
3142.691,98.023,99.223,83.562,93.000,86.000,95.000,89.000,87.000,91.000,84.000,85.000,76.000,96.328,82.000,96.328,67.188,35.000,35.035,33.996,42.699,44.203,41.098,61.567,0.399,74.895,3751.563,3459.443,3777.000,3498.000,0.000,,,,2,1789721043.001,,
3143.694,97.996,99.195,83.375,81.000,91.000,84.000,82.000,82.000,77.000,81.000,77.000,75.000,97.062,81.000,97.062,67.375,35.000,35.035,33.996,42.730,44.234,41.125,49.486,0.449,62.589,3762.070,3476.279,3805.000,3524.000,0.000,,,,2,1789721044.004,,
3144.698,97.984,99.184,82.938,100.000,82.000,89.000,85.000,82.000,79.000,79.000,77.000,75.000,100.000,81.000,97.703,67.312,35.000,35.035,33.996,42.758,44.262,41.148,49.266,0.422,60.877,3811.016,3501.979,3840.000,3556.000,0.000,,,,2,1789721045.008,,
3145.701,97.891,99.090,82.812,84.000,80.000,85.000,84.000,85.000,80.000,98.000,77.000,76.000,98.000,80.000,94.953,67.188,35.000,35.035,33.996,42.785,44.285,41.172,50.147,0.427,61.577,3821.778,3542.645,3875.000,3588.000,0.000,,,,2,1789721046.010,,
3146.704,97.816,99.016,82.625,83.000,77.000,83.000,80.000,78.000,77.000,77.000,89.000,74.000,95.516,78.000,95.516,66.938,35.000,35.035,33.996,42.816,44.312,41.195,46.153,0.423,58.135,3851.668,3567.642,3909.000,3620.000,0.000,,,,2,1789721047.015,,
3147.704,97.691,98.891,82.062,89.000,81.000,100.000,84.000,94.000,80.000,93.000,80.000,75.000,100.000,80.000,93.797,66.938,35.000,35.035,33.996,42.844,44.340,41.219,48.258,0.420,59.042,3904.047,3619.910,3944.000,3652.000,0.000,,,,2,1789721048.015,,
3148.708,97.738,98.938,82.250,95.000,89.000,100.000,91.000,95.000,94.000,90.000,93.000,76.000,100.000,81.000,99.156,66.875,35.000,35.035,33.996,42.875,44.363,41.242,65.441,0.346,76.414,3935.631,3665.354,3978.000,3684.000,0.000,,,,2,1789721049.018,,
3149.711,97.664,98.945,83.000,95.000,90.000,99.000,91.000,95.000,91.000,93.000,93.000,77.000,99.000,82.000,95.453,66.812,35.000,35.035,33.996,42.902,44.395,41.270,67.104,0.337,79.775,3946.373,3674.632,4013.000,3716.000,0.000,,,,2,1789721050.022,,
3150.712,97.738,99.020,83.250,96.000,90.000,99.000,93.000,95.000,92.000,90.000,92.000,76.000,99.922,84.000,99.922,66.812,35.000,35.035,33.996,42.930,44.418,41.293,78.600,0.228,91.042,3978.956,3704.237,4047.000,3748.000,0.000,,,,2,1789721051.022,,
3151.715,97.789,99.070,83.750,95.000,90.000,99.000,93.000,93.000,95.000,92.000,93.000,76.000,99.297,82.000,99.297,66.938,35.000,35.035,33.996,42.961,44.445,41.316,66.823,0.357,79.016,3989.981,3752.032,4082.000,3780.000,0.000,,,,2,1789721052.025,,
3152.718,97.770,99.051,84.312,89.000,87.000,92.000,88.000,93.000,85.000,85.000,84.000,77.000,97.234,82.000,97.234,67.188,35.000,35.035,33.996,42.988,44.469,41.340,70.916,0.308,83.888,4079.782,3759.987,4116.000,3812.000,0.000,,,,2,1789721053.029,,
3153.721,97.539,98.820,84.125,84.000,81.000,84.000,82.000,91.000,80.000,90.000,83.000,77.000,91.000,79.000,90.422,67.250,35.000,35.035,33.996,43.016,44.492,41.359,56.374,0.354,69.604,4114.286,3789.713,4151.000,3844.000,0.000,,,,2,1789721054.031,,
3154.724,97.285,98.566,83.562,84.000,80.000,84.000,80.000,80.000,83.000,88.000,79.000,75.000,89.328,78.000,89.328,67.312,35.000,35.035,33.996,43.047,44.520,41.383,42.994,0.333,54.962,4126.169,3827.914,4186.000,3876.000,0.000,,,,2,1789721055.034,,
3155.728,96.918,98.199,82.938,79.000,77.000,88.000,79.000,77.000,76.000,75.000,75.000,74.000,88.000,76.000,85.562,67.125,35.000,35.035,33.996,43.074,44.543,41.402,34.230,0.302,46.768,4172.945,3859.307,4220.000,3908.000,0.000,,,,2,1789721056.037,,
3156.728,96.527,97.809,82.312,78.000,75.000,81.000,78.000,86.000,75.000,75.000,73.000,73.000,86.000,76.000,84.422,67.000,35.000,35.035,33.996,43.102,44.570,41.426,33.586,0.305,45.723,4234.547,3910.621,4255.000,3940.000,0.000,,,,2,1789721057.038,,
3157.733,96.199,97.480,81.875,79.000,75.000,89.000,78.000,76.000,74.000,74.000,73.000,73.000,89.000,75.000,86.031,66.562,35.000,35.035,33.996,43.129,44.598,41.445,35.960,0.321,48.009,4221.240,3920.928,4289.000,3972.000,0.000,,,,2,1789721058.043,,
3158.737,95.898,97.180,81.312,77.000,76.000,79.000,80.000,78.000,75.000,74.000,83.000,73.000,86.531,76.000,86.531,66.250,35.000,35.035,33.996,43.156,44.625,41.469,38.895,0.282,51.149,4272.439,3962.837,4324.000,4004.000,0.000,,,,2,1789721059.047,,
3159.740,95.555,96.836,81.062,76.000,75.000,78.000,76.000,88.000,72.000,74.000,72.000,71.000,88.000,74.000,84.938,66.062,35.000,35.031,33.996,43.184,44.648,41.488,36.917,0.274,49.473,4334.999,4016.826,4365.000,4042.000,0.000,,,,2,1789721060.050,,
3160.742,95.273,96.555,80.688,77.000,77.000,82.000,80.000,76.000,75.000,73.000,72.000,71.000,86.531,75.000,86.531,65.938,35.000,35.031,33.996,43.211,44.672,41.508,35.905,0.293,48.113,4375.410,4017.050,4406.000,4080.000,0.000,,,,2,1789721061.052,,
3161.745,94.926,96.207,80.125,76.000,74.000,76.000,75.000,74.000,80.000,75.000,71.000,71.000,84.172,74.000,84.172,65.562,35.000,35.031,33.996,43.238,44.691,41.527,32.328,0.296,44.545,4415.282,4083.994,4447.000,4118.000,0.000,,,,2,1789721062.058,,
3162.750,94.582,95.863,79.812,76.000,78.000,75.000,75.000,72.000,74.000,71.000,72.000,70.000,83.922,73.000,83.922,65.250,35.000,35.031,33.996,43.262,44.715,41.547,34.223,0.298,46.213,4456.825,4140.596,4488.000,4156.000,0.000,,,,2,1789721063.060,,
3163.754,94.258,95.539,79.438,74.000,71.000,77.000,75.000,84.000,70.000,72.000,69.000,70.000,84.172,72.000,84.172,64.938,35.000,35.031,33.996,43.289,44.734,41.566,33.261,0.283,45.431,4483.355,4128.867,4529.000,4194.000,0.000,,,,2,1789721064.064,,
3164.757,93.938,95.219,79.000,73.000,72.000,74.000,73.000,84.000,71.000,71.000,70.000,70.000,84.125,72.000,84.125,64.750,35.000,35.031,33.996,43.312,44.754,41.582,34.448,0.252,46.776,4497.189,4176.334,4570.000,4232.000,0.000,,,,2,1789721065.067,,
3165.758,93.637,94.918,78.625,77.000,72.000,77.000,75.000,72.000,71.000,71.000,81.000,70.000,84.219,72.000,84.219,64.438,35.000,35.031,33.996,43.336,44.770,41.598,37.463,0.273,49.512,4569.050,4237.637,4611.000,4270.000,0.000,,,,2,1789721066.068,,
3166.761,93.371,94.652,78.312,76.000,72.000,86.000,75.000,78.000,70.000,73.000,69.000,69.000,86.000,72.000,85.172,64.125,35.000,35.031,33.996,43.359,44.789,41.613,33.159,0.261,45.251,4582.135,4249.191,4652.000,4308.000,0.000,,,,2,1789721067.071,,
3167.766,93.090,94.371,78.000,73.000,70.000,75.000,73.000,74.000,70.000,71.000,78.000,70.000,84.375,71.000,84.375,63.938,35.000,35.031,33.996,43.383,44.805,41.629,36.406,0.265,48.293,4626.833,4298.815,4693.000,4346.000,0.000,,,,2,1789721068.076,,
3168.770,92.832,94.113,77.625,88.000,72.000,76.000,73.000,71.000,69.000,70.000,68.000,69.000,88.000,72.000,84.891,63.688,35.000,35.031,33.996,43.406,44.816,41.641,33.060,0.262,44.914,4686.646,4323.805,4734.000,4384.000,0.000,,,,2,1789721069.082,,
3169.775,92.539,93.820,77.188,73.000,72.000,74.000,74.000,80.000,70.000,70.000,70.000,69.000,83.344,72.000,83.344,63.500,35.000,35.031,33.996,43.426,44.836,41.660,33.790,0.284,45.882,4717.414,4402.754,4775.000,4422.000,0.000,,,,2,1789721070.085,,
3170.776,92.281,93.562,76.812,73.000,71.000,96.000,73.000,72.000,70.000,69.000,71.000,68.000,96.000,71.000,84.344,63.312,35.000,35.031,34.996,43.449,44.848,41.680,33.544,0.249,45.723,4731.923,4418.913,4816.000,4460.000,0.000,,,,2,1789721071.087,,
3171.776,91.961,93.242,76.625,85.000,76.000,76.000,80.000,79.000,72.000,72.000,71.000,69.000,85.000,73.000,82.078,63.000,35.000,35.031,34.996,43.469,44.859,41.699,35.331,0.281,47.790,4810.905,4470.995,4857.000,4498.000,0.000,,,,2,1789721072.087,,
3172.780,91.625,92.906,76.312,73.000,69.000,73.000,71.000,83.000,67.000,70.000,67.000,68.000,83.000,70.000,81.125,62.812,35.000,35.031,34.996,43.488,44.867,41.715,33.346,0.270,44.881,4843.201,4484.193,4898.000,4536.000,0.000,,,,2,1789721073.094,,
3173.783,91.406,92.688,76.000,81.000,70.000,73.000,76.000,69.000,70.000,69.000,67.000,68.000,84.672,71.000,84.672,62.625,35.000,35.031,34.996,43.508,44.879,41.734,34.255,0.264,46.627,4892.900,4525.228,4948.000,4582.000,0.000,,,,2,1789721074.094,,
3174.787,91.051,92.332,75.688,73.000,69.000,85.000,72.000,71.000,69.000,69.000,67.000,68.000,85.000,69.000,80.031,62.312,35.000,35.031,34.996,43.527,44.887,41.750,32.286,0.295,44.167,4907.440,4538.807,4998.000,4628.000,0.000,,,,2,1789721075.097,,
3175.787,90.707,91.988,75.312,71.000,70.000,72.000,71.000,69.000,68.000,81.000,67.000,67.000,81.000,69.000,80.016,62.188,35.000,35.031,34.996,43.543,44.891,41.762,31.971,0.290,44.062,4959.156,4625.168,5047.000,4674.000,0.000,,,,2,1789721076.096,,
3176.790,90.328,91.609,75.062,72.000,76.000,71.000,77.000,70.000,68.000,68.000,67.000,66.000,78.578,70.000,78.578,61.812,35.000,35.031,34.996,43.562,44.898,41.777,32.027,0.282,44.466,5011.206,4625.466,5097.000,4720.000,0.000,,,,2,1789721077.101,,
3177.794,89.965,91.246,74.750,71.000,73.000,77.000,72.000,70.000,73.000,67.000,67.000,67.000,78.734,70.000,78.734,61.750,35.000,35.031,34.996,43.578,44.902,41.789,34.722,0.295,46.739,5063.434,4682.683,5119.000,4740.000,0.000,,,,2,1789721078.104,,
3178.797,89.613,90.895,74.375,79.000,69.000,71.000,71.000,70.000,68.000,67.000,66.000,66.000,79.000,69.000,78.766,61.375,35.000,35.031,34.996,43.594,44.902,41.801,33.399,0.289,45.307,5081.373,4699.003,5121.000,4742.000,0.000,,,,2,1789721079.106,,
3179.799,89.359,90.641,74.125,82.000,73.000,75.000,73.000,70.000,69.000,67.000,67.000,66.000,82.000,71.000,81.469,61.250,35.000,35.031,34.996,43.605,44.906,41.809,31.764,0.277,45.008,5116.326,4744.458,5125.000,4746.000,0.000,,,,2,1789721080.110,,
3180.803,89.020,90.301,73.875,71.000,67.000,81.000,70.000,68.000,66.000,67.000,65.000,66.000,81.000,68.000,78.484,61.062,35.000,35.031,34.996,43.621,44.906,41.820,33.300,0.278,44.870,5080.871,4744.333,5127.000,4748.000,0.000,,,,2,1789721081.113,,
3181.807,88.734,90.016,73.562,70.000,68.000,72.000,70.000,81.000,67.000,68.000,67.000,66.000,81.000,68.000,79.922,60.938,35.000,35.031,34.996,43.637,44.906,41.828,31.513,0.275,43.419,5115.962,4743.396,5131.000,4751.000,0.000,,,,2,1789721082.116,,
3182.809,88.562,89.844,73.250,87.000,70.000,74.000,73.000,70.000,68.000,68.000,67.000,66.000,87.000,70.000,83.156,60.750,35.000,35.031,34.996,43.648,44.902,41.832,41.320,0.297,53.948,5117.198,4743.521,5132.000,4752.000,0.000,,,,2,1789721083.119,,
3183.813,88.309,89.590,73.250,71.000,69.000,71.000,71.000,70.000,79.000,68.000,67.000,66.000,80.422,68.000,80.422,60.438,35.000,35.031,34.996,43.664,44.898,41.840,39.110,0.283,50.853,5117.853,4776.943,5133.000,4753.000,0.000,,,,2,1789721084.124,,
3184.815,87.973,89.254,73.125,72.000,69.000,72.000,78.000,69.000,70.000,67.000,65.000,65.000,78.000,68.000,77.547,60.375,35.000,35.031,34.996,43.672,44.895,41.844,32.744,0.292,45.435,5098.934,4745.646,5134.000,4754.000,0.000,,,,2,1789721085.126,,
3185.818,87.672,88.953,72.625,73.000,75.000,71.000,70.000,69.000,66.000,66.000,65.000,65.000,78.391,69.000,78.391,60.188,35.000,35.031,34.996,43.684,44.891,41.848,33.111,0.280,44.809,5134.935,4776.056,5134.000,4754.000,0.000,,,,2,1789721086.128,,
3186.823,87.434,88.715,72.562,70.000,67.000,71.000,70.000,67.000,67.000,76.000,65.000,65.000,80.078,67.000,80.078,60.062,35.000,35.031,34.996,43.695,44.883,41.848,33.448,0.290,45.868,5135.301,4745.208,5134.000,4754.000,0.000,,,,2,1789721087.134,,
3187.823,87.191,88.473,72.188,71.000,68.000,71.000,71.000,68.000,67.000,82.000,65.000,67.000,82.000,69.000,79.625,59.812,35.000,35.031,34.996,43.703,44.875,41.852,33.522,0.285,45.983,5153.532,4744.521,5133.000,4753.000,0.000,,,,2,1789721088.134,,
3188.828,86.867,88.148,72.000,68.000,67.000,68.000,69.000,67.000,66.000,72.000,65.000,65.000,76.812,67.000,76.812,59.750,35.000,35.031,34.996,43.715,44.867,41.848,33.708,0.296,45.462,5135.228,4745.146,5132.000,4752.000,0.000,,,,2,1789721089.138,,
3189.832,86.598,87.879,71.688,79.000,68.000,72.000,70.000,71.000,67.000,67.000,66.000,64.000,79.000,67.000,78.266,59.500,35.000,35.027,34.996,43.723,44.859,41.848,33.933,0.307,46.099,5134.715,4775.169,5131.000,4751.000,0.000,,,,2,1789721090.142,,
3190.832,86.371,87.652,71.625,70.000,67.000,85.000,70.000,68.000,67.000,65.000,64.000,64.000,85.000,67.000,79.344,59.375,35.000,35.027,34.996,43.730,44.848,41.848,33.616,0.289,46.434,5133.617,4743.646,5128.000,4749.000,0.000,,,,2,1789721091.142,,
3191.836,86.129,87.410,71.250,68.000,67.000,70.000,69.000,82.000,65.000,68.000,64.000,64.000,82.000,66.000,78.672,59.312,35.000,35.027,34.996,43.738,44.840,41.848,34.391,0.257,45.603,5099.439,4745.396,5127.000,4748.000,0.000,,,,2,1789721092.146,,
3192.840,85.832,87.113,71.125,68.000,67.000,78.000,69.000,66.000,65.000,65.000,64.000,64.000,78.000,67.000,76.625,59.125,35.000,35.027,34.996,43.746,44.824,41.844,31.281,0.275,43.539,5136.546,4745.959,5123.000,4744.000,0.000,,,,2,1789721093.150,,
3193.841,85.562,86.844,70.938,72.000,66.000,67.000,74.000,65.000,65.000,65.000,63.000,64.000,77.234,66.000,77.234,59.062,35.000,35.027,34.996,43.754,44.812,41.836,31.920,0.274,44.554,5154.049,4745.396,5121.000,4742.000,0.000,,,,2,1789721094.152,,
3194.841,85.402,86.684,70.750,79.000,66.000,72.000,69.000,68.000,65.000,66.000,63.000,64.000,80.328,66.000,80.328,58.875,35.000,35.027,34.996,43.762,44.801,41.836,33.134,0.268,44.735,5153.237,4745.709,5118.000,4739.000,0.000,,,,2,1789721095.150,,
3195.841,85.133,86.414,70.375,67.000,66.000,67.000,69.000,66.000,64.000,78.000,63.000,65.000,78.000,65.000,76.781,58.812,35.000,35.027,34.996,43.766,44.785,41.828,33.634,0.283,46.431,5118.507,4744.896,5113.000,4735.000,0.000,,,,2,1789721096.151,,
3196.844,84.926,86.207,70.125,68.000,65.000,69.000,69.000,80.000,64.000,67.000,63.000,64.000,80.000,66.000,78.516,58.500,35.000,35.027,34.996,43.770,44.770,41.820,35.023,0.277,47.256,5118.144,4743.646,5109.000,4731.000,0.000,,,,2,1789721097.154,,
3197.849,84.746,86.027,70.062,68.000,66.000,70.000,70.000,83.000,65.000,68.000,64.000,64.000,83.000,66.000,79.234,58.438,35.000,35.027,34.996,43.777,44.754,41.816,32.921,0.283,44.637,5118.799,4744.396,5105.000,4727.000,0.000,,,,2,1789721098.159,,
3198.852,84.453,85.734,69.875,67.000,65.000,68.000,69.000,65.000,63.000,76.000,63.000,64.000,76.000,65.000,75.344,58.312,35.000,35.027,34.996,43.781,44.738,41.805,33.563,0.292,45.705,5120.473,4699.800,5100.000,4723.000,0.000,,,,2,1789721099.162,,
3199.856,84.215,85.496,69.750,68.000,67.000,79.000,69.000,68.000,68.000,67.000,65.000,64.000,79.000,66.000,76.844,58.125,35.000,35.027,34.996,43.785,44.719,41.797,33.074,0.280,44.403,5082.233,4701.212,5094.000,4717.000,0.000,,,,2,1789721100.166,,
3200.861,84.008,85.289,69.438,67.000,68.000,68.000,76.000,65.000,65.000,64.000,63.000,64.000,77.578,67.000,77.578,58.062,35.000,35.027,34.996,43.785,44.703,41.789,33.941,0.270,46.953,5082.951,4699.494,5090.000,4713.000,0.000,,,,2,1789721101.171,,
3201.865,83.797,85.078,69.312,66.000,65.000,67.000,67.000,80.000,63.000,66.000,63.000,63.000,80.000,65.000,77.203,58.000,35.000,35.027,34.996,43.789,44.688,41.777,32.565,0.262,44.748,5082.664,4699.984,5085.000,4709.000,0.000,,,,2,1789721102.175,,
3202.869,83.613,84.895,69.188,67.000,65.000,68.000,69.000,66.000,65.000,80.000,63.000,65.000,80.000,65.000,78.031,57.938,35.000,35.027,34.996,43.793,44.668,41.770,32.869,0.272,44.484,5119.891,4699.371,5079.000,4703.000,0.000,,,,2,1789721103.180,,
3203.873,83.484,84.766,69.000,68.000,66.000,81.000,69.000,66.000,64.000,66.000,63.000,64.000,81.000,66.000,79.391,57.688,35.000,35.027,34.996,43.793,44.645,41.754,36.549,0.267,48.624,5102.475,4700.843,5070.000,4695.000,0.000,,,,2,1789721104.183,,
3204.875,83.285,84.566,68.875,67.000,65.000,68.000,69.000,65.000,74.000,65.000,65.000,63.000,77.109,65.000,77.109,57.688,35.000,35.027,34.996,43.793,44.629,41.746,33.601,0.279,46.137,5065.785,4699.862,5066.000,4691.000,0.000,,,,2,1789721105.185,,
3205.879,83.020,84.301,68.688,66.000,64.000,76.000,68.000,64.000,64.000,64.000,62.000,63.000,76.000,64.000,74.844,57.562,35.000,35.027,34.996,43.797,44.605,41.734,31.431,0.276,44.056,5066.498,4714.880,5057.000,4683.000,0.000,,,,2,1789721106.189,,
3206.884,82.961,84.242,68.625,79.000,65.000,68.000,69.000,65.000,64.000,63.000,62.000,63.000,81.141,65.000,81.141,57.500,35.000,35.027,34.996,43.797,44.586,41.723,34.261,0.252,46.165,5065.785,4715.313,5051.000,4677.000,0.000,,,,2,1789721107.193,,
3207.887,82.758,84.039,68.562,66.000,73.000,66.000,71.000,64.000,64.000,64.000,61.000,63.000,76.438,67.000,76.438,57.375,35.000,35.027,34.996,43.793,44.562,41.711,34.677,0.260,46.901,5030.321,4685.609,5043.000,4670.000,0.000,,,,2,1789721108.197,,
3208.891,82.574,83.855,68.312,68.000,66.000,74.000,70.000,65.000,67.000,72.000,65.000,63.000,76.859,66.000,76.859,57.312,35.000,35.027,34.996,43.793,44.539,41.695,34.968,0.282,46.459,5030.462,4684.328,5034.000,4662.000,0.000,,,,2,1789721109.201,,
3209.896,82.379,83.660,68.188,66.000,64.000,66.000,75.000,64.000,62.000,64.000,61.000,62.000,76.328,64.000,76.328,57.125,35.000,35.027,34.996,43.789,44.516,41.684,31.620,0.271,44.640,5032.783,4684.694,5026.000,4654.000,0.000,,,,2,1789721110.206,,
3210.899,82.168,83.449,68.125,67.000,64.000,67.000,67.000,63.000,63.000,63.000,78.000,62.000,78.000,64.000,75.719,57.125,35.000,35.027,34.996,43.785,44.484,41.664,31.340,0.278,42.968,4998.265,4654.410,5014.000,4643.000,0.000,,,,2,1789721111.209,,
3211.903,81.945,83.227,67.812,73.000,65.000,73.000,67.000,64.000,63.000,63.000,62.000,63.000,75.000,64.000,75.000,56.938,35.000,35.027,34.996,43.781,44.457,41.652,31.518,0.273,43.894,4980.700,4626.179,5004.000,4634.000,0.000,,,,2,1789721112.213,,
3212.907,81.805,83.086,67.750,66.000,65.000,68.000,77.000,66.000,65.000,65.000,62.000,62.000,77.453,64.000,77.453,56.875,35.000,35.027,34.996,43.781,44.434,41.637,32.599,0.263,44.643,4996.252,4653.447,4996.000,4626.000,0.000,,,,2,1789721113.217,,
3213.910,81.578,82.859,67.500,69.000,64.000,67.000,71.000,64.000,63.000,64.000,61.000,62.000,74.531,64.000,74.531,56.812,35.000,35.027,34.996,43.777,44.406,41.621,32.089,0.281,44.249,4998.334,4641.508,4985.000,4616.000,0.000,,,,2,1789721114.221,,
3214.912,81.371,82.652,67.438,67.000,66.000,71.000,68.000,65.000,75.000,63.000,62.000,62.000,75.000,65.000,74.984,56.750,35.000,35.027,34.996,43.773,44.379,41.605,30.576,0.260,42.670,4963.258,4583.126,4975.000,4607.000,0.000,,,,2,1789721115.223,,
3215.915,81.223,82.504,67.375,68.000,65.000,78.000,67.000,64.000,63.000,64.000,62.000,62.000,78.000,65.000,76.594,56.625,35.000,35.027,34.996,43.766,44.352,41.586,33.437,0.284,48.364,4963.258,4597.114,4964.000,4597.000,0.000,,,,2,1789721116.225,,
3216.920,80.984,82.266,67.375,65.000,64.000,67.000,67.000,64.000,62.000,78.000,62.000,63.000,78.000,64.000,73.656,56.438,35.000,35.027,34.996,43.762,44.320,41.570,30.982,0.271,45.601,4964.353,4567.485,4952.000,4586.000,0.000,,,,2,1789721117.229,,
3217.923,80.789,82.070,67.188,68.000,74.000,67.000,67.000,63.000,62.000,62.000,60.000,62.000,74.656,66.000,74.656,56.500,35.000,35.027,34.996,43.758,44.289,41.555,34.711,0.253,43.082,4963.669,4568.296,4939.000,4574.000,0.000,,,,2,1789721118.233,,
3218.926,80.770,82.051,67.062,70.000,65.000,83.000,69.000,67.000,65.000,65.000,65.000,62.000,83.000,65.000,80.156,56.438,35.000,35.027,34.996,43.754,44.266,41.535,32.259,0.287,45.770,4947.366,4597.701,4931.000,4566.000,0.000,,,,2,1789721119.235,,
3219.927,80.625,81.906,67.000,68.000,66.000,68.000,68.000,65.000,63.000,77.000,62.000,64.000,77.000,65.000,76.234,56.375,35.000,35.023,34.996,43.746,44.238,41.520,32.482,0.285,45.172,4947.569,4568.064,4920.000,4556.000,0.000,,,,2,1789721120.236,,
3220.932,80.469,81.750,66.812,64.000,63.000,67.000,65.000,79.000,63.000,69.000,63.000,62.000,75.578,65.000,79.094,56.312,35.000,35.023,34.996,43.742,44.211,41.500,34.539,0.283,44.762,4912.999,4568.760,4909.000,4546.000,0.000,,,,2,1789721121.240,,
3221.936,80.426,81.707,66.688,66.000,63.000,69.000,74.000,64.000,63.000,63.000,62.000,62.000,79.094,63.000,75.438,56.125,35.000,35.023,34.996,43.734,44.180,41.480,32.317,0.294,46.710,4913.200,4539.208,4897.000,4535.000,0.000,,,,2,1789721122.244,,
3222.939,80.270,81.551,66.562,67.000,66.000,67.000,67.000,73.000,61.000,63.000,61.000,61.000,75.438,65.000,75.422,56.000,35.000,35.023,34.996,43.730,44.156,41.461,31.194,0.281,44.249,4914.609,4525.342,4888.000,4526.000,0.000,,,,2,1789721123.247,,
3223.942,80.117,81.398,66.375,66.000,64.000,66.000,67.000,63.000,74.000,62.000,63.000,61.000,75.422,65.000,77.672,56.000,35.000,35.023,34.996,43.727,44.129,41.441,33.672,0.258,43.641,4864.273,4554.022,4877.000,4516.000,0.000,,,,2,1789721124.250,,
3224.946,80.043,81.258,66.250,64.000,62.000,66.000,64.000,77.000,62.000,65.000,61.000,61.000,77.000,63.000,74.531,55.750,35.000,35.023,34.996,43.715,44.082,41.406,32.384,0.274,45.755,4898.159,4526.936,4867.000,4507.000,0.000,,,,2,1789721125.255,,
3225.948,79.676,80.891,66.312,76.000,63.000,66.000,66.000,62.000,61.000,62.000,61.000,61.000,76.000,63.000,73.625,55.812,35.000,35.023,34.996,43.707,44.051,41.387,32.237,0.273,44.567,4864.667,4497.863,4857.000,4498.000,0.000,,,,2,1789721126.261,,
3226.952,79.566,80.781,66.125,75.000,63.000,65.000,65.000,63.000,62.000,62.000,65.000,61.000,76.141,63.000,76.141,55.688,35.000,35.023,34.996,43.699,44.020,41.367,34.023,0.250,44.378,4865.588,4471.883,4844.000,4486.000,0.000,,,,2,1789721127.262,,
3227.952,79.457,80.672,66.000,73.000,64.000,66.000,67.000,63.000,63.000,62.000,65.000,61.000,76.188,64.000,76.188,55.688,35.000,35.023,34.996,43.691,43.988,41.348,34.137,0.273,46.168,4849.203,4469.329,4833.000,4475.000,0.000,,,,2,1789721128.262,,
3228.956,79.328,80.543,66.062,76.000,64.000,69.000,66.000,66.000,62.000,63.000,61.000,61.000,76.000,64.000,75.234,55.688,35.000,35.023,34.996,43.684,43.953,41.324,32.475,0.284,45.975,4849.399,4486.205,4820.000,4463.000,0.000,,,,2,1789721129.266,,
3229.958,79.324,80.539,65.875,68.000,67.000,70.000,70.000,64.000,63.000,69.000,61.000,62.000,79.250,65.000,79.250,55.562,35.000,35.023,34.996,43.672,43.922,41.305,35.420,0.251,44.456,4816.633,4485.422,4804.000,4449.000,0.000,,,,2,1789721130.268,,
3230.962,79.285,80.500,65.812,68.000,64.000,77.000,68.000,66.000,62.000,63.000,61.000,61.000,78.016,64.000,78.016,55.500,35.000,35.023,34.996,43.664,43.891,41.285,33.751,0.270,47.486,4816.956,4459.088,4791.000,4437.000,0.000,,,,2,1789721131.272,,
3231.967,79.168,80.383,65.688,67.000,65.000,67.000,65.000,72.000,62.000,63.000,62.000,61.000,75.562,64.000,75.562,55.438,35.000,35.023,34.996,43.652,43.863,41.266,31.770,0.266,45.558,4785.452,4444.444,4779.000,4425.000,0.000,,,,2,1789721132.277,,
3232.969,79.125,80.340,65.562,64.000,64.000,65.000,66.000,63.000,75.000,63.000,62.000,62.000,77.781,65.000,77.781,55.375,35.000,35.023,34.996,43.645,43.832,41.246,35.093,0.255,43.732,4785.007,4417.124,4767.000,4414.000,0.000,,,,2,1789721133.280,,
3233.973,79.008,80.164,65.688,68.000,64.000,69.000,67.000,64.000,72.000,64.000,61.000,62.000,75.375,64.000,75.375,55.438,35.000,35.023,34.996,43.637,43.801,41.227,32.583,0.270,47.146,4770.486,4444.719,4754.000,4402.000,0.000,,,,2,1789721134.283,,
3234.974,78.883,80.039,65.438,66.000,63.000,69.000,73.000,63.000,62.000,62.000,60.000,61.000,75.047,63.000,75.047,55.438,35.000,35.023,34.996,43.625,43.770,41.207,32.815,0.276,44.627,4770.676,4431.315,4740.000,4389.000,0.000,,,,2,1789721135.285,,
3235.974,78.840,79.996,65.438,65.000,64.000,67.000,72.000,66.000,62.000,63.000,61.000,61.000,77.484,63.000,77.484,55.250,35.000,35.023,34.996,43.613,43.738,41.188,33.738,0.262,44.772,4771.751,4405.771,4727.000,4377.000,0.000,,,,2,1789721136.284,,
3236.976,78.754,79.910,65.438,70.000,65.000,70.000,70.000,70.000,66.000,64.000,75.000,62.000,76.062,65.000,76.062,55.188,35.000,35.023,34.996,43.605,43.707,41.168,33.899,0.263,45.668,4754.986,4351.873,4713.000,4364.000,0.000,,,,2,1789721137.286,,
3237.978,78.598,79.754,65.375,65.000,64.000,65.000,66.000,62.000,76.000,61.000,62.000,62.000,76.000,64.000,73.812,55.375,35.000,35.023,34.996,43.598,43.676,41.148,35.744,0.258,46.307,4739.399,4340.016,4700.000,4352.000,0.000,,,,2,1789721138.288,,
3238.979,79.043,80.215,65.188,65.000,64.000,66.000,69.000,64.000,89.000,62.000,64.000,62.000,89.000,65.000,80.391,55.250,35.000,35.023,34.996,43.586,43.648,41.125,34.312,0.246,48.528,4724.224,4351.978,4686.000,4339.000,0.000,,,,2,1789721139.292,,
3239.983,78.941,79.996,65.312,67.000,67.000,69.000,67.000,64.000,64.000,70.000,62.000,62.000,75.891,64.000,75.891,55.188,35.000,35.023,34.996,43.574,43.617,41.105,34.944,0.255,47.738,4692.877,4327.287,4674.000,4328.000,0.000,,,,2,1789721140.294,,
3240.986,78.863,79.918,65.250,77.000,64.000,69.000,68.000,65.000,63.000,62.000,61.000,61.000,77.000,64.000,76.406,55.188,35.000,35.023,34.996,43.566,43.586,41.086,33.549,0.258,46.583,4693.917,4326.767,4660.000,4315.000,0.000,,,,2,1789721141.299,,
3241.990,78.668,79.723,65.250,65.000,73.000,66.000,67.000,62.000,61.000,61.000,60.000,61.000,73.000,65.000,72.672,55.188,35.000,35.023,34.996,43.559,43.559,41.062,31.851,0.257,45.388,4679.701,4314.995,4647.000,4303.000,0.000,,,,2,1789721142.300,,
3242.993,78.512,79.566,65.000,65.000,63.000,66.000,66.000,63.000,64.000,74.000,61.000,62.000,74.000,63.000,73.656,55.125,35.000,35.023,34.996,43.547,43.527,41.043,32.380,0.279,43.867,4679.153,4289.646,4634.000,4291.000,0.000,,,,2,1789721143.303,,
3243.998,78.348,79.402,65.188,70.000,64.000,68.000,68.000,65.000,63.000,63.000,74.000,61.000,74.000,63.000,73.266,55.000,35.000,35.023,34.996,43.535,43.496,41.023,32.268,0.288,44.199,4634.099,4314.219,4620.000,4278.000,0.000,,,,2,1789721144.308,,
3245.002,78.270,79.324,65.062,67.000,72.000,69.000,69.000,67.000,63.000,66.000,61.000,63.000,75.781,65.000,75.781,54.938,35.000,35.023,34.996,43.527,43.465,41.000,41.350,0.296,44.510,4604.464,4264.039,4606.000,4265.000,0.000,,,,2,1789721145.311,,
3246.006,78.137,79.191,65.188,67.000,63.000,70.000,67.000,63.000,62.000,62.000,71.000,61.000,74.031,63.000,74.031,55.062,35.000,35.023,34.996,43.520,43.438,40.980,33.290,0.300,53.601,4618.642,4277.160,4592.000,4252.000,0.000,,,,2,1789721146.315,,
3247.008,77.977,79.031,65.062,66.000,65.000,66.000,68.000,63.000,62.000,61.000,71.000,61.000,73.000,65.000,73.000,55.000,35.000,35.023,34.996,43.508,43.410,40.965,34.955,0.318,46.139,4589.554,4276.804,4580.000,4241.000,0.000,,,,2,1789721147.317,,
3248.012,77.844,78.898,65.000,65.000,63.000,66.000,67.000,66.000,63.000,63.000,75.000,62.000,75.000,63.000,73.781,55.000,35.000,35.023,34.996,43.500,43.379,40.941,33.388,0.287,47.229,4590.314,4251.650,4567.000,4229.000,0.000,,,,2,1789721148.322,,
3249.015,77.723,78.777,65.000,67.000,64.000,68.000,68.000,76.000,63.000,63.000,61.000,62.000,76.000,64.000,73.984,55.000,35.000,35.020,34.996,43.492,43.359,40.922,32.401,0.270,44.999,4576.019,4215.852,4553.000,4216.000,0.000,,,,2,1789721149.325,,
3250.018,77.598,78.652,64.938,66.000,72.000,66.000,67.000,63.000,62.000,60.000,62.000,61.000,73.641,66.000,73.641,54.938,35.000,35.020,34.996,43.484,43.332,40.902,32.362,0.264,44.062,4546.660,4216.543,4543.000,4207.000,0.000,,,,2,1789721150.328,,
3251.020,77.473,78.527,64.875,67.000,69.000,67.000,65.000,66.000,61.000,62.000,64.000,61.000,73.656,64.000,73.656,54.812,35.000,35.020,34.996,43.473,43.301,40.883,31.833,0.265,44.062,4546.890,4190.432,4530.000,4195.000,0.000,,,,2,1789721151.330,,
3252.023,77.324,78.379,64.812,66.000,63.000,72.000,65.000,63.000,62.000,62.000,72.000,61.000,72.672,63.000,72.672,54.750,35.000,35.020,34.996,43.461,43.273,40.863,32.074,0.275,44.157,4532.578,4191.310,4516.000,4182.000,0.000,,,,2,1789721152.333,,
3253.028,77.215,78.270,64.688,68.000,64.000,71.000,71.000,68.000,66.000,70.000,62.000,62.000,73.891,64.000,73.891,54.625,35.000,35.020,34.996,43.453,43.246,40.844,31.962,0.286,43.513,4533.320,4191.554,4503.000,4170.000,0.000,,,,2,1789721153.338,,
3254.031,77.086,78.141,64.750,66.000,64.000,66.000,67.000,73.000,63.000,63.000,72.000,62.000,73.078,64.000,73.078,54.812,35.000,35.020,34.996,43.441,43.219,40.824,36.834,0.308,44.664,4505.012,4179.729,4490.000,4158.000,0.000,,,,2,1789721154.341,,
3255.035,77.051,78.105,64.625,68.000,63.000,69.000,67.000,65.000,62.000,76.000,61.000,63.000,76.000,63.000,75.984,54.812,35.000,35.020,34.996,43.430,43.191,40.805,35.594,0.289,48.619,4505.237,4155.988,4477.000,4146.000,0.000,,,,2,1789721155.344,,
3256.039,76.934,77.988,64.625,72.000,63.000,67.000,69.000,69.000,62.000,61.000,60.000,61.000,73.188,64.000,73.188,54.688,35.000,35.020,34.996,43.418,43.164,40.785,34.611,0.293,47.421,4491.634,4167.535,4464.000,4134.000,0.000,,,,2,1789721156.347,,
3257.043,76.859,77.914,64.750,66.000,62.000,79.000,65.000,63.000,61.000,61.000,60.000,61.000,79.000,63.000,74.609,54.875,35.000,35.020,34.996,43.410,43.137,40.766,33.589,0.277,47.012,4464.507,4121.540,4451.000,4122.000,0.000,,,,2,1789721157.350,,
3258.045,76.785,77.840,64.688,67.000,63.000,76.000,68.000,63.000,62.000,62.000,61.000,61.000,76.000,63.000,74.516,54.688,35.000,35.020,34.996,43.402,43.117,40.746,38.405,0.272,45.199,4463.345,4119.889,4437.000,4109.000,0.000,,,,2,1789721158.353,,
3259.049,76.676,77.730,64.688,66.000,63.000,68.000,73.000,63.000,63.000,62.000,62.000,61.000,73.219,63.000,73.219,54.750,35.000,35.020,34.996,43.391,43.090,40.727,37.010,0.307,50.582,4463.843,4097.521,4415.000,4088.000,0.000,,,,2,1789721159.357,,
3260.051,76.621,77.676,64.688,67.000,68.000,67.000,66.000,66.000,61.000,63.000,61.000,61.000,74.969,64.000,74.969,54.750,35.000,35.020,34.996,43.383,43.074,40.707,38.523,0.302,50.379,4451.589,4109.308,4406.000,4080.000,0.000,,,,2,1789721160.360,,
3261.052,76.586,77.641,64.812,65.000,64.000,66.000,67.000,72.000,63.000,63.000,66.000,61.000,75.469,64.000,75.469,54.812,35.000,35.020,34.996,43.379,43.055,40.688,36.915,0.270,49.133,4436.776,4040.676,4395.000,4070.000,0.000,,,,2,1789721161.361,,
3262.052,76.547,77.602,64.625,66.000,64.000,67.000,67.000,72.000,63.000,63.000,64.000,61.000,75.406,64.000,75.406,54.750,35.000,35.020,34.996,43.367,43.027,40.672,36.296,0.286,49.133,4396.087,4109.683,4382.000,4058.000,0.000,,,,2,1789721162.361,,
3263.054,76.523,77.578,64.625,66.000,63.000,69.000,70.000,67.000,64.000,63.000,62.000,62.000,75.781,63.000,75.781,54.750,35.000,35.020,34.996,43.355,43.004,40.652,37.609,0.293,48.459,4410.251,4064.260,4370.000,4047.000,0.000,,,,2,1789721163.363,,
3264.058,76.707,77.988,65.000,71.000,68.000,75.000,70.000,77.000,66.000,66.000,63.000,62.000,80.016,66.000,80.016,54.750,35.000,35.020,34.996,43.344,42.980,40.633,43.920,0.332,55.186,4370.152,4041.402,4358.000,4036.000,0.000,,,,2,1789721164.366,,
3265.058,77.344,78.816,65.000,70.000,65.000,69.000,76.000,67.000,66.000,68.000,63.000,63.000,80.547,65.000,80.547,54.875,35.000,35.020,34.996,43.336,42.961,40.617,43.068,0.318,54.769,4383.401,4041.629,4348.000,4026.000,0.000,,,,2,1789721165.367,,
3266.058,79.312,81.230,65.250,67.000,78.000,73.000,70.000,66.000,66.000,65.000,69.000,63.000,85.219,68.000,85.219,55.000,35.000,35.020,34.996,43.328,42.945,40.602,42.014,0.293,54.357,4383.455,4063.526,4339.000,4018.000,0.000,,,,2,1789721166.369,,
3267.059,80.223,82.223,65.312,67.000,64.000,68.000,82.000,67.000,67.000,67.000,65.000,63.000,82.953,64.000,82.953,55.062,35.000,35.020,34.996,43.324,42.926,40.582,43.367,0.312,55.368,4383.135,4030.046,4328.000,4008.000,0.000,,,,2,1789721167.368,,
3268.061,81.090,83.148,65.375,70.000,81.000,72.000,70.000,66.000,66.000,63.000,63.000,62.000,83.703,69.000,83.703,55.125,35.000,35.020,34.996,43.312,42.898,40.566,36.624,0.282,47.907,4343.944,4007.793,4314.000,3995.000,0.000,,,,2,1789721168.371,,
3269.062,82.332,84.559,65.375,76.000,66.000,89.000,71.000,69.000,66.000,66.000,64.000,63.000,89.000,66.000,86.047,55.250,35.000,35.020,34.996,43.305,42.879,40.551,40.054,0.287,51.278,4344.678,4008.507,4304.000,3986.000,0.000,,,,2,1789721169.371,,
3270.067,82.309,84.312,65.375,72.000,67.000,85.000,73.000,68.000,66.000,65.000,63.000,62.000,85.000,66.000,81.594,55.312,35.000,35.020,34.996,43.293,42.855,40.531,39.969,0.293,51.603,4318.618,4007.525,4291.000,3974.000,0.000,,,,2,1789721170.375,,
3271.070,82.305,84.105,65.312,70.000,66.000,89.000,71.000,66.000,66.000,65.000,63.000,63.000,89.000,67.000,82.219,55.438,35.000,35.020,34.996,43.281,42.832,40.520,40.040,0.323,51.617,4293.535,3974.607,4280.000,3963.000,0.000,,,,2,1789721171.380,,
3272.072,82.363,84.004,65.438,71.000,82.000,71.000,72.000,68.000,67.000,66.000,64.000,63.000,82.547,70.000,82.547,55.375,35.000,35.020,34.996,43.273,42.809,40.500,41.474,0.321,53.119,4267.678,3974.563,4268.000,3952.000,0.000,,,,2,1789721172.381,,
3273.074,82.332,83.809,65.438,72.000,72.000,74.000,72.000,73.000,77.000,65.000,67.000,63.000,81.469,67.000,81.469,55.438,35.000,35.020,34.996,43.266,42.789,40.488,40.490,0.337,52.728,4269.045,3985.828,4257.000,3942.000,0.000,,,,2,1789721173.382,,
3274.077,82.137,83.613,65.688,70.000,66.000,73.000,70.000,73.000,67.000,66.000,65.000,62.000,76.094,65.000,76.094,55.562,35.000,35.020,34.996,43.254,42.762,40.473,42.285,0.353,54.633,4267.628,3942.872,4243.000,3929.000,0.000,,,,2,1789721174.388,,
3275.082,81.980,83.457,65.688,68.000,73.000,69.000,69.000,65.000,67.000,64.000,64.000,62.000,77.031,66.000,77.031,55.562,35.000,35.020,34.996,43.246,42.746,40.457,39.867,0.335,52.521,4243.131,3942.786,4233.000,3920.000,0.000,,,,2,1789721175.391,,
3276.085,81.848,83.324,65.688,71.000,65.000,74.000,76.000,70.000,71.000,68.000,67.000,64.000,77.797,66.000,77.797,55.625,35.000,35.020,34.996,43.238,42.730,40.445,42.226,0.334,53.913,4230.963,3921.825,4223.000,3911.000,0.000,,,,2,1789721176.394,,
3277.085,81.605,83.082,65.812,69.000,67.000,70.000,71.000,67.000,65.000,65.000,62.000,63.000,74.141,66.000,74.141,55.562,35.000,35.020,34.996,43.234,42.715,40.430,37.583,0.407,50.417,4231.511,3912.363,4215.000,3903.000,0.000,,,,2,1789721177.394,,
3278.089,81.379,82.855,65.750,66.000,66.000,68.000,68.000,66.000,64.000,73.000,62.000,62.000,74.328,66.000,74.328,55.625,35.000,35.020,34.996,43.223,42.695,40.414,35.163,0.386,47.131,4231.461,3911.513,4204.000,3893.000,0.000,,,,2,1789721178.399,,
3279.089,81.191,82.668,65.625,69.000,65.000,68.000,69.000,71.000,65.000,73.000,74.000,63.000,75.297,65.000,75.297,55.438,35.000,35.020,34.996,43.215,42.676,40.398,37.229,0.360,49.189,4231.710,3911.088,4192.000,3882.000,0.000,,,,2,1789721179.399,,
3280.094,80.973,82.449,65.750,66.000,71.000,67.000,69.000,64.000,65.000,65.000,66.000,63.000,74.297,65.000,74.297,55.625,35.000,35.020,34.996,43.207,42.664,40.387,36.885,0.337,48.924,4219.261,3921.953,4185.000,3875.000,0.000,,,,2,1789721180.405,,
3281.098,80.801,82.277,65.625,69.000,65.000,69.000,68.000,72.000,67.000,66.000,68.000,63.000,75.438,65.000,75.438,55.500,35.000,35.020,34.996,43.199,42.652,40.375,37.053,0.348,48.923,4193.556,3900.875,4176.000,3867.000,0.000,,,,2,1789721181.408,,
3282.101,80.660,82.137,65.688,67.000,65.000,68.000,69.000,68.000,78.000,71.000,64.000,64.000,78.000,65.000,76.297,55.500,35.000,35.020,34.996,43.195,42.637,40.363,36.595,0.313,48.295,4182.156,3859.720,4167.000,3859.000,0.000,,,,2,1789721182.411,,
3283.102,80.453,81.930,65.625,69.000,64.000,68.000,67.000,64.000,64.000,63.000,74.000,62.000,74.000,64.000,73.969,55.438,35.000,35.020,34.996,43.188,42.625,40.352,35.943,0.358,48.341,4182.545,3880.858,4159.000,3851.000,0.000,,,,2,1789721183.411,,
3284.104,80.293,81.770,65.562,70.000,65.000,81.000,69.000,68.000,65.000,66.000,64.000,63.000,81.000,65.000,75.391,55.500,35.000,35.020,34.996,43.184,42.617,40.340,34.784,0.340,46.235,4158.581,3871.301,4152.000,3845.000,0.000,,,,2,1789721184.414,,
3285.104,80.152,81.629,65.625,68.000,65.000,69.000,70.000,65.000,77.000,65.000,64.000,63.000,77.000,65.000,75.766,55.562,35.000,35.020,34.996,43.176,42.602,40.328,35.764,0.367,47.913,4158.437,3840.942,4142.000,3836.000,0.000,,,,2,1789721185.413,,
3286.108,80.098,81.574,65.562,71.000,67.000,72.000,74.000,69.000,66.000,65.000,64.000,62.000,78.422,65.000,78.422,55.500,35.000,35.020,34.996,43.172,42.590,40.316,36.833,0.298,48.668,4158.533,3829.869,4135.000,3829.000,0.000,,,,2,1789721186.418,,
3287.111,80.090,81.566,65.438,67.000,65.000,68.000,69.000,67.000,75.000,65.000,63.000,62.000,79.844,66.000,79.844,55.438,35.000,35.020,34.996,43.164,42.578,40.305,36.233,0.269,48.236,4135.602,3819.993,4126.000,3821.000,0.000,,,,2,1789721187.421,,
3288.115,79.941,81.418,65.562,67.000,70.000,69.000,69.000,64.000,64.000,64.000,68.000,63.000,75.312,65.000,75.312,55.500,35.000,35.020,34.996,43.156,42.566,40.297,35.791,0.317,47.718,4135.174,3818.251,4118.000,3813.000,0.000,,,,2,1789721188.425,,
3289.120,79.980,81.457,65.500,75.000,68.000,74.000,72.000,68.000,66.000,75.000,63.000,63.000,81.188,67.000,81.188,55.438,35.000,35.016,34.996,43.148,42.555,40.281,36.357,0.303,48.222,4111.279,3819.953,4110.000,3806.000,0.000,,,,2,1789721189.429,,
3290.122,81.453,83.223,65.500,74.000,67.000,69.000,87.000,64.000,66.000,63.000,62.000,62.000,87.000,68.000,85.875,55.438,35.000,35.016,34.996,43.145,42.543,40.273,36.639,0.260,48.085,4122.531,3809.403,4101.000,3798.000,0.000,,,,2,1789721190.432,,
3291.123,81.273,83.043,65.562,75.000,64.000,69.000,69.000,67.000,65.000,64.000,66.000,62.000,75.812,65.000,75.812,55.438,35.000,35.016,34.996,43.137,42.531,40.262,37.413,0.330,49.584,4099.667,3790.671,4093.000,3790.000,0.000,,,,2,1789721191.433,,
3292.124,81.059,82.828,65.562,68.000,65.000,78.000,69.000,68.000,64.000,64.000,62.000,62.000,78.000,64.000,74.344,55.500,35.000,35.016,34.996,43.133,42.516,40.250,34.939,0.303,46.805,4123.806,3790.910,4083.000,3781.000,0.000,,,,2,1789721192.435,,
3293.127,81.078,82.848,65.500,69.000,80.000,68.000,72.000,64.000,68.000,63.000,62.000,62.000,81.594,68.000,81.594,55.500,35.000,35.016,34.996,43.121,42.500,40.242,36.822,0.290,48.563,4076.549,3800.154,4073.000,3772.000,0.000,,,,2,1789721193.437,,
3294.132,80.961,82.730,65.438,67.000,64.000,68.000,76.000,67.000,63.000,68.000,62.000,63.000,77.344,65.000,77.344,55.438,35.000,35.016,34.996,43.117,42.488,40.230,39.248,0.283,50.639,4077.564,3768.963,4066.000,3765.000,0.000,,,,2,1789721194.442,,
3295.135,80.980,82.609,65.438,67.000,65.000,84.000,69.000,65.000,65.000,64.000,63.000,63.000,84.000,65.000,81.312,55.438,35.000,35.016,34.996,43.109,42.477,40.219,37.800,0.278,49.347,4066.602,3780.083,4057.000,3757.000,0.000,,,,2,1789721195.446,,
3296.137,82.543,84.477,65.500,68.000,69.000,69.000,68.000,76.000,69.000,67.000,63.000,62.000,87.234,66.000,87.234,55.562,35.000,35.016,34.996,43.102,42.465,40.211,35.662,0.253,47.022,4043.490,3780.599,4048.000,3749.000,0.000,,,,2,1789721196.450,,
3297.142,82.535,84.277,65.500,70.000,66.000,80.000,70.000,68.000,66.000,68.000,75.000,63.000,82.375,66.000,82.375,55.500,35.000,35.016,34.996,43.094,42.449,40.199,36.286,0.244,47.600,4043.036,3781.751,4039.000,3740.000,0.000,,,,2,1789721197.453,,
3298.146,82.488,84.055,65.375,70.000,67.000,72.000,71.000,88.000,67.000,67.000,64.000,62.000,88.000,67.000,81.031,55.562,35.000,35.016,34.996,43.086,42.434,40.188,36.412,0.256,47.707,4077.241,3752.032,4029.000,3731.000,0.000,,,,2,1789721198.457,,
3299.146,83.988,85.848,65.438,75.000,81.000,69.000,71.000,64.000,65.000,64.000,62.000,61.000,88.500,70.000,88.500,55.562,35.000,35.016,34.996,43.082,42.426,40.184,35.295,0.238,46.466,4055.241,3723.316,4021.000,3724.000,0.000,,,,2,1789721199.456,,
3300.150,83.863,85.539,65.375,71.000,66.000,72.000,72.000,68.000,65.000,65.000,64.000,62.000,80.016,65.000,80.016,55.625,35.000,35.016,34.996,43.074,42.414,40.176,38.286,0.285,49.875,4008.953,3753.206,4013.000,3716.000,0.000,,,,2,1789721200.460,,
3301.154,83.664,85.340,65.312,74.000,66.000,73.000,73.000,67.000,65.000,65.000,62.000,62.000,77.531,65.000,77.531,55.500,35.000,35.016,34.996,43.066,42.402,40.164,35.216,0.315,47.142,3999.467,3723.933,4004.000,3708.000,0.000,,,,2,1789721201.463,,
3302.157,83.398,85.074,65.375,67.000,66.000,73.000,74.000,70.000,65.000,65.000,62.000,62.000,75.141,65.000,75.141,55.500,35.000,35.016,34.996,43.059,42.387,40.156,33.761,0.306,45.470,4010.115,3704.962,3994.000,3699.000,0.000,,,,2,1789721202.468,,
3303.161,83.293,84.969,65.250,69.000,66.000,76.000,70.000,67.000,65.000,73.000,62.000,62.000,80.062,65.000,80.062,55.625,35.000,35.016,34.996,43.055,42.375,40.148,36.624,0.296,48.122,4010.650,3686.825,3986.000,3691.000,0.000,,,,2,1789721203.472,,
3304.162,83.254,84.930,65.250,87.000,76.000,80.000,72.000,69.000,66.000,65.000,63.000,62.000,87.000,69.000,82.000,55.562,35.000,35.016,34.996,43.047,42.367,40.141,36.581,0.284,48.754,3988.964,3705.076,3979.000,3685.000,0.000,,,,2,1789721204.473,,
3305.166,83.184,84.859,65.438,68.000,73.000,68.000,70.000,67.000,64.000,64.000,63.000,62.000,80.984,66.000,80.984,55.500,35.000,35.016,34.996,43.043,42.359,40.137,37.869,0.279,49.114,4010.472,3704.504,3972.000,3678.000,0.000,,,,2,1789721205.478,,
3306.169,83.180,84.688,65.375,70.000,67.000,88.000,70.000,71.000,66.000,66.000,64.000,62.000,88.000,67.000,83.078,55.688,35.000,35.016,34.996,43.035,42.348,40.125,38.424,0.274,50.279,3966.156,3704.656,3963.000,3670.000,0.000,,,,2,1789721206.479,,
3307.169,83.414,84.910,65.312,86.000,65.000,68.000,73.000,65.000,66.000,64.000,62.000,61.000,86.000,66.000,84.828,55.688,35.000,35.016,34.996,43.031,42.336,40.117,36.577,0.261,47.803,3956.740,3667.668,3954.000,3662.000,0.000,,,,2,1789721207.480,,
3308.170,84.703,86.438,65.375,67.000,65.000,70.000,69.000,66.000,66.000,89.000,65.000,64.000,89.000,65.000,88.578,55.750,35.000,35.016,34.996,43.023,42.328,40.113,35.995,0.248,47.193,3956.261,3675.570,3947.000,3655.000,0.000,,,,2,1789721208.481,,
3309.172,84.570,86.133,65.250,91.000,67.000,69.000,70.000,65.000,65.000,63.000,63.000,62.000,91.000,66.000,80.469,55.688,35.000,35.016,34.996,43.020,42.316,40.105,35.803,0.256,47.032,3977.154,3677.748,3938.000,3647.000,0.000,,,,2,1789721209.483,,
3310.173,84.324,85.887,65.312,69.000,72.000,69.000,69.000,64.000,68.000,63.000,63.000,62.000,76.688,65.000,76.688,55.562,35.000,35.016,34.996,43.012,42.305,40.098,36.504,0.332,48.425,3944.990,3658.685,3930.000,3639.000,0.000,,,,2,1789721210.482,,
3311.175,84.242,85.805,65.188,69.000,81.000,75.000,71.000,68.000,66.000,65.000,63.000,63.000,81.734,69.000,81.734,55.625,35.000,35.016,34.996,43.004,42.289,40.090,35.035,0.308,46.888,3945.292,3667.594,3920.000,3630.000,0.000,,,,2,1789721211.487,,
3312.180,84.348,85.910,65.812,83.000,77.000,88.000,82.000,86.000,82.000,81.000,82.000,65.000,88.000,71.000,86.562,55.562,35.000,35.016,34.996,42.996,42.281,40.082,65.180,0.284,77.797,3944.730,3631.082,3912.000,3623.000,0.000,,,,2,1789721212.489,,
3313.184,84.430,85.996,66.500,81.000,76.000,85.000,80.000,83.000,82.000,77.000,85.000,65.000,86.047,71.000,86.047,55.938,35.000,35.016,34.996,42.992,42.270,40.074,62.052,0.368,74.451,3923.278,3631.009,3904.000,3615.000,0.000,,,,2,1789721213.498,,
3314.185,84.855,86.652,67.500,85.000,77.000,82.000,78.000,85.000,74.000,74.000,73.000,66.000,88.719,71.000,88.719,56.125,35.000,35.016,34.996,42.984,42.262,40.066,74.745,0.315,86.034,3912.873,3630.753,3896.000,3608.000,0.000,,,,2,1789721214.495,,
3315.185,84.820,86.438,68.062,84.000,68.000,74.000,73.000,69.000,68.000,67.000,67.000,64.000,84.000,67.000,83.781,56.438,35.000,35.016,34.996,42.977,42.246,40.062,55.886,0.375,66.978,3912.448,3605.986,3886.000,3599.000,0.000,,,,2,1789721215.497,,
3316.189,84.723,86.180,68.125,72.000,70.000,72.000,72.000,69.000,68.000,67.000,90.000,65.000,90.000,70.000,81.734,56.812,35.000,35.016,34.996,42.973,42.238,40.055,37.952,0.347,49.894,3911.896,3604.181,3879.000,3592.000,0.000,,,,2,1789721216.501,,
3317.194,85.047,86.617,67.812,83.000,69.000,72.000,71.000,71.000,72.000,67.000,65.000,64.000,87.656,69.000,87.656,56.875,35.000,35.016,34.996,42.969,42.234,40.051,38.869,0.308,50.634,3912.151,3595.470,3873.000,3587.000,0.000,,,,2,1789721217.503,,
3318.194,84.984,86.555,67.688,70.000,67.000,79.000,69.000,69.000,66.000,69.000,66.000,65.000,83.156,67.000,83.156,56.938,35.000,35.016,34.996,42.965,42.230,40.047,39.262,0.279,49.981,3871.259,3569.481,3867.000,3581.000,0.000,,,,2,1789721218.505,,
3319.195,84.949,86.520,67.562,85.000,78.000,88.000,83.000,85.000,83.000,82.000,83.000,66.000,88.000,72.000,83.766,56.875,35.000,35.016,34.996,42.965,42.223,40.043,45.783,0.290,60.817,3891.345,3587.051,3859.000,3574.000,0.000,,,,2,1789721219.505,,
3320.199,84.965,86.535,68.188,82.000,74.000,82.000,76.000,81.000,76.000,78.000,78.000,65.000,85.422,70.000,85.422,56.938,35.000,35.016,34.996,42.957,42.219,40.039,60.506,0.386,72.621,3869.969,3586.264,3854.000,3569.000,0.000,,,,2,1789721220.508,,
3321.202,84.879,86.449,68.562,75.000,71.000,75.000,74.000,81.000,72.000,69.000,69.000,65.000,82.281,69.000,82.281,57.188,35.000,35.016,34.996,42.957,42.215,40.035,56.733,0.361,66.932,3859.679,3569.269,3848.000,3563.000,0.000,,,,2,1789721221.512,,
3322.206,84.883,86.453,68.625,75.000,73.000,76.000,76.000,81.000,80.000,70.000,69.000,65.000,84.953,70.000,84.953,57.312,35.000,35.016,34.996,42.953,42.211,40.031,42.028,0.321,54.778,3871.051,3568.596,3842.000,3558.000,0.000,,,,2,1789721222.516,,
3323.210,84.832,86.402,68.625,76.000,70.000,77.000,76.000,74.000,72.000,79.000,72.000,66.000,83.359,69.000,83.359,57.562,35.000,35.016,34.996,42.949,42.211,40.027,47.501,0.349,58.503,3839.918,3576.929,3838.000,3554.000,0.000,,,,2,1789721223.520,,
3324.211,84.754,86.324,68.688,80.000,69.000,74.000,74.000,71.000,70.000,69.000,71.000,65.000,82.219,68.000,82.219,57.562,35.000,35.016,34.996,42.949,42.207,40.023,46.533,0.397,57.081,3840.492,3544.389,3831.000,3548.000,0.000,,,,2,1789721224.521,,
3325.211,84.648,86.219,68.625,73.000,69.000,81.000,72.000,70.000,73.000,67.000,67.000,64.000,81.453,69.000,81.453,57.562,35.000,35.016,34.996,42.945,42.207,40.023,39.476,0.367,52.141,3860.962,3560.972,3827.000,3544.000,0.000,,,,2,1789721225.523,,
3326.216,84.566,86.137,68.688,70.000,68.000,72.000,71.000,88.000,68.000,70.000,69.000,65.000,88.000,68.000,82.031,57.625,35.000,35.016,34.996,42.945,42.207,40.023,40.929,0.340,52.617,3829.665,3561.289,3823.000,3540.000,0.000,,,,2,1789721226.527,,
3327.221,84.574,86.008,68.625,92.000,69.000,74.000,74.000,73.000,69.000,70.000,66.000,65.000,92.000,70.000,84.750,57.688,35.000,35.016,34.996,42.945,42.207,40.023,42.351,0.336,54.075,3819.467,3542.819,3818.000,3536.000,0.000,,,,2,1789721227.531,,
3328.224,84.465,85.898,68.562,75.000,74.000,78.000,76.000,75.000,75.000,74.000,74.000,67.000,81.141,69.000,81.141,57.812,35.000,35.016,34.996,42.941,42.207,40.023,45.456,0.316,58.903,3830.154,3543.900,3813.000,3531.000,0.000,,,,2,1789721228.535,,
3329.227,84.695,86.129,69.000,85.000,80.000,88.000,83.000,84.000,82.000,80.000,86.000,68.000,89.766,73.000,89.766,57.688,35.000,35.016,34.996,42.941,42.211,40.023,66.361,0.320,80.426,3809.685,3543.551,3811.000,3529.000,0.000,,,,2,1789721229.537,,
3330.230,85.035,86.770,70.000,87.000,81.000,89.000,86.000,89.000,84.000,83.000,81.000,69.000,89.484,74.000,89.484,58.000,35.000,35.016,34.996,42.941,42.211,40.023,71.160,0.316,83.316,3840.205,3509.354,3805.000,3524.000,0.000,,,,2,1789721230.542,,
3331.235,85.371,87.266,70.750,79.000,74.000,83.000,78.000,80.000,77.000,78.000,77.000,70.000,88.734,72.000,88.734,58.312,35.000,35.016,34.996,42.941,42.215,40.023,73.512,0.285,83.950,3829.624,3517.927,3803.000,3522.000,0.000,,,,2,1789721231.546,,
3332.238,85.711,87.621,71.375,78.000,76.000,90.000,78.000,86.000,76.000,74.000,74.000,68.000,90.000,73.000,87.750,58.812,35.000,35.016,34.996,42.941,42.219,40.027,65.466,0.346,78.830,3809.766,3543.551,3800.000,3519.000,0.000,,,,2,1789721232.556,,
3333.238,85.676,87.586,71.812,74.000,80.000,76.000,76.000,73.000,72.000,70.000,70.000,67.000,84.641,71.000,84.641,59.000,35.000,35.016,34.996,42.941,42.223,40.027,58.925,0.408,73.679,3808.677,3518.064,3797.000,3516.000,0.000,,,,2,1789721233.548,,
3334.243,85.676,87.586,71.812,79.000,74.000,77.000,77.000,79.000,74.000,70.000,78.000,67.000,85.641,73.000,85.641,59.250,35.000,35.016,34.996,42.941,42.230,40.027,49.414,0.424,61.760,3819.993,3535.235,3796.000,3515.000,0.000,,,,2,1789721234.556,,
3335.247,85.562,87.473,71.438,74.000,71.000,77.000,82.000,72.000,72.000,71.000,68.000,66.000,82.078,70.000,82.078,59.250,35.000,35.016,34.996,42.945,42.238,40.031,39.869,0.348,52.538,3799.352,3525.644,3794.000,3513.000,0.000,,,,2,1789721235.560,,
3336.247,85.676,87.586,71.438,79.000,72.000,83.000,77.000,91.000,82.000,72.000,72.000,67.000,91.000,72.000,89.250,59.375,35.000,35.016,34.996,42.949,42.242,40.035,47.806,0.279,57.802,3779.726,3518.064,3790.000,3510.000,0.000,,,,2,1789721236.558,,
3337.251,85.668,87.578,71.250,81.000,72.000,77.000,80.000,74.000,71.000,71.000,73.000,68.000,85.422,71.000,85.422,59.250,35.000,35.016,34.996,42.949,42.250,40.039,45.624,0.287,58.212,3799.793,3518.133,3789.000,3509.000,0.000,,,,2,1789721237.561,,
3338.252,85.613,87.523,71.125,72.000,84.000,74.000,73.000,72.000,69.000,73.000,68.000,68.000,84.000,72.000,83.844,59.312,35.000,35.016,34.996,42.953,42.258,40.043,36.684,0.355,49.386,3798.951,3509.593,3788.000,3508.000,0.000,,,,2,1789721238.562,,
3339.252,85.660,87.570,70.938,74.000,70.000,79.000,74.000,89.000,70.000,70.000,69.000,66.000,89.000,70.000,87.141,59.250,35.000,35.012,34.996,42.957,42.266,40.047,37.638,0.313,49.264,3799.312,3525.886,3786.000,3506.000,0.000,,,,2,1789721239.563,,
3340.254,85.652,87.562,70.750,73.000,71.000,76.000,74.000,76.000,69.000,70.000,78.000,66.000,85.391,70.000,85.391,59.188,35.000,35.012,34.996,42.961,42.277,40.051,40.115,0.296,51.068,3779.210,3527.440,3786.000,3506.000,0.000,,,,2,1789721240.568,,
3341.255,85.660,87.570,70.688,73.000,69.000,74.000,74.000,73.000,81.000,74.000,81.000,68.000,85.922,70.000,85.922,59.188,35.000,35.012,34.996,42.961,42.285,40.059,38.294,0.311,48.719,3778.893,3509.764,3785.000,3505.000,0.000,,,,2,1789721241.565,,
3342.256,85.609,87.852,70.625,76.000,70.000,91.000,75.000,85.000,71.000,70.000,69.000,66.000,91.000,70.000,84.062,59.188,35.000,35.012,34.996,42.965,42.293,40.062,51.612,0.354,64.651,3779.409,3524.954,3784.000,3504.000,0.000,,,,2,1789721242.566,,
3343.260,85.535,87.777,70.875,74.000,70.000,76.000,73.000,74.000,70.000,78.000,68.000,66.000,83.156,69.000,83.156,59.188,35.000,35.012,34.996,42.969,42.305,40.070,37.347,0.348,49.856,3798.430,3501.162,3784.000,3504.000,0.000,,,,2,1789721243.570,,
3344.260,85.516,87.758,70.625,73.000,88.000,75.000,76.000,69.000,69.000,67.000,66.000,65.000,88.000,74.000,84.969,59.188,35.000,35.012,34.996,42.973,42.316,40.074,37.048,0.323,48.683,3778.694,3527.440,3784.000,3504.000,0.000,,,,2,1789721244.570,,
3345.261,85.441,87.684,70.438,74.000,74.000,75.000,75.000,75.000,78.000,71.000,69.000,66.000,83.172,71.000,83.172,59.125,35.000,35.012,34.996,42.977,42.324,40.086,39.381,0.344,51.007,3778.456,3526.197,3782.000,3502.000,0.000,,,,2,1789721245.571,,
3346.263,85.391,87.633,70.375,75.000,69.000,74.000,76.000,72.000,69.000,69.000,68.000,66.000,83.781,69.000,83.781,59.250,35.000,35.012,34.996,42.977,42.336,40.094,36.852,0.308,48.042,3798.871,3491.519,3783.000,3503.000,0.000,,,,2,1789721246.574,,
3347.267,85.219,87.461,70.250,69.000,69.000,71.000,71.000,79.000,67.000,69.000,66.000,66.000,79.875,68.000,79.875,59.000,35.000,35.012,34.996,42.980,42.344,40.098,36.377,0.297,48.934,3778.338,3517.755,3781.000,3501.000,0.000,,,,2,1789721247.578,,
3348.271,84.996,87.238,70.062,74.000,68.000,71.000,71.000,69.000,67.000,77.000,66.000,66.000,78.125,68.000,78.125,58.938,35.000,35.012,34.996,42.984,42.355,40.105,32.858,0.276,44.590,3779.289,3491.959,3782.000,3502.000,0.000,,,,2,1789721248.582,,
3349.273,84.863,87.105,70.062,70.000,68.000,72.000,71.000,68.000,87.000,67.000,67.000,66.000,87.000,68.000,80.781,58.875,35.000,35.012,34.996,42.988,42.363,40.113,39.213,0.329,51.271,3798.630,3508.396,3780.000,3500.000,0.000,,,,2,1789721249.583,,
3350.274,84.609,86.852,70.000,73.000,76.000,72.000,71.000,69.000,70.000,67.000,67.000,65.000,76.688,68.000,76.688,58.750,35.000,35.012,34.996,42.992,42.375,40.121,35.255,0.323,46.881,3779.369,3475.675,3781.000,3501.000,0.000,,,,2,1789721250.586,,
3351.277,84.520,86.762,69.938,75.000,76.000,75.000,74.000,73.000,69.000,69.000,67.000,66.000,81.719,70.000,81.719,58.688,35.000,35.012,34.996,42.996,42.387,40.129,41.940,0.332,52.878,3778.338,3492.094,3781.000,3501.000,0.000,,,,2,1789721251.590,,
3352.282,84.414,86.656,69.875,72.000,69.000,76.000,72.000,71.000,68.000,75.000,67.000,65.000,81.172,68.000,81.172,58.750,35.000,35.012,34.996,43.000,42.398,40.137,37.306,0.327,49.557,3798.390,3508.327,3781.000,3501.000,0.000,,,,2,1789721252.593,,
3353.285,84.469,86.711,69.688,73.000,70.000,76.000,73.000,79.000,69.000,86.000,68.000,66.000,86.141,70.000,86.141,58.750,35.000,35.012,34.996,43.004,42.406,40.145,37.421,0.327,49.096,3778.179,3484.826,3780.000,3500.000,0.000,,,,2,1789721253.597,,
3354.289,84.316,86.559,69.812,71.000,76.000,72.000,71.000,70.000,71.000,68.000,68.000,66.000,79.641,69.000,79.641,58.688,35.000,35.012,34.996,43.008,42.414,40.152,39.282,0.318,51.257,3778.377,3492.569,3778.000,3499.000,0.000,,,,2,1789721254.598,,
3355.293,84.184,86.426,69.688,76.000,69.000,74.000,73.000,80.000,69.000,73.000,68.000,66.000,80.000,68.000,79.969,58.625,35.000,35.012,34.996,43.012,42.426,40.160,39.049,0.346,50.356,3797.909,3492.603,3778.000,3499.000,0.000,,,,2,1789721255.605,,
3356.297,84.430,86.844,69.875,86.000,77.000,94.000,83.000,81.000,78.000,78.000,77.000,67.000,94.000,73.000,88.422,58.625,35.000,35.012,34.996,43.012,42.438,40.168,57.681,0.385,68.300,3769.199,3493.043,3780.000,3500.000,0.000,,,,2,1789721256.608,,
3357.301,86.102,88.777,70.625,87.000,82.000,92.000,85.000,89.000,86.000,87.000,85.000,69.000,92.000,74.000,91.125,58.750,35.000,35.012,34.996,43.020,42.449,40.176,64.970,0.396,76.743,3778.496,3508.909,3780.000,3500.000,0.000,,,,2,1789721257.612,,
3358.303,86.824,89.449,71.750,78.000,73.000,89.000,78.000,77.000,77.000,85.000,75.000,68.000,89.000,72.000,88.984,59.000,35.000,35.012,34.996,43.020,42.457,40.184,71.009,0.350,85.591,3778.100,3525.679,3778.000,3499.000,0.000,,,,2,1789721258.613,,
3359.305,87.336,89.852,72.000,78.000,73.000,90.000,77.000,78.000,76.000,73.000,86.000,68.000,90.000,71.000,88.875,59.125,35.000,35.012,34.996,43.027,42.469,40.195,59.268,0.400,72.133,3778.734,3508.840,3780.000,3500.000,0.000,,,,2,1789721259.614,,
3360.307,87.152,89.418,72.125,74.000,71.000,83.000,74.000,71.000,70.000,73.000,68.000,67.000,83.000,70.000,81.547,59.562,35.000,35.012,34.996,43.031,42.477,40.203,41.987,0.381,54.591,3768.174,3492.636,3778.000,3499.000,0.000,,,,2,1789721260.618,,
3361.309,86.922,89.188,71.938,74.000,77.000,74.000,73.000,71.000,69.000,70.000,67.000,67.000,79.703,70.000,79.703,59.438,35.000,35.012,34.996,43.035,42.484,40.207,39.654,0.330,51.385,3778.814,3500.924,3777.000,3498.000,0.000,,,,2,1789721261.619,,
3362.313,86.656,88.922,71.500,74.000,76.000,75.000,73.000,72.000,78.000,68.000,68.000,67.000,78.484,70.000,78.484,59.500,35.000,35.012,34.996,43.039,42.496,40.215,35.873,0.350,47.617,3768.213,3491.925,3777.000,3498.000,0.000,,,,2,1789721262.623,,
3363.317,86.574,88.840,71.438,73.000,69.000,72.000,81.000,70.000,69.000,69.000,74.000,66.000,84.016,70.000,84.016,59.438,35.000,35.012,34.996,43.043,42.508,40.223,40.713,0.288,52.905,3768.726,3491.925,3778.000,3499.000,0.000,,,,2,1789721263.629,,
3364.321,86.484,88.750,71.188,72.000,69.000,76.000,73.000,93.000,69.000,70.000,67.000,66.000,93.000,70.000,83.688,59.438,35.000,35.012,34.996,43.051,42.520,40.230,39.331,0.306,51.038,3778.734,3492.196,3778.000,3499.000,0.000,,,,2,1789721264.630,,
3365.324,86.312,88.578,71.000,71.000,69.000,80.000,71.000,68.000,69.000,67.000,66.000,65.000,80.938,69.000,80.938,59.312,35.000,35.012,34.996,43.055,42.531,40.238,37.233,0.333,48.896,3777.584,3491.925,3780.000,3500.000,0.000,,,,2,1789721265.634,,
3366.328,86.250,88.516,71.062,71.000,70.000,73.000,76.000,86.000,70.000,71.000,68.000,67.000,86.000,70.000,84.344,59.312,35.000,35.012,34.996,43.059,42.543,40.250,40.607,0.328,52.466,3767.740,3492.162,3781.000,3501.000,0.000,,,,2,1789721266.640,,
3367.332,86.281,88.547,70.875,76.000,71.000,76.000,74.000,71.000,71.000,68.000,85.000,67.000,87.219,71.000,87.219,59.312,35.000,35.012,34.996,43.062,42.551,40.258,39.078,0.325,50.818,3778.258,3492.263,3780.000,3500.000,0.000,,,,2,1789721267.644,,
3368.336,86.332,88.445,70.750,74.000,73.000,90.000,75.000,69.000,69.000,69.000,68.000,66.000,90.000,72.000,87.094,59.312,35.000,35.012,34.996,43.066,42.562,40.266,39.217,0.308,50.907,3777.941,3491.214,3781.000,3501.000,0.000,,,,2,1789721268.647,,
3369.340,88.141,90.586,70.500,83.000,69.000,75.000,80.000,68.000,68.000,67.000,70.000,65.000,93.578,71.000,93.578,59.250,35.000,35.012,34.996,43.074,42.570,40.273,37.156,0.236,48.376,3768.449,3509.182,3780.000,3500.000,0.000,,,,2,1789721269.649,,
3370.345,88.113,90.316,70.438,74.000,70.000,77.000,73.000,94.000,70.000,72.000,69.000,66.000,94.000,70.000,87.328,59.250,35.000,35.012,34.996,43.078,42.582,40.281,39.006,0.297,50.708,3777.267,3492.263,3781.000,3501.000,0.000,,,,2,1789721270.656,,
3371.347,88.043,90.023,70.500,71.000,69.000,72.000,73.000,69.000,91.000,69.000,68.000,66.000,91.000,70.000,85.922,59.188,35.000,35.012,34.996,43.082,42.590,40.289,38.910,0.295,50.420,3777.544,3508.943,3780.000,3500.000,0.000,,,,2,1789721271.659,,
3372.351,88.098,89.898,70.500,94.000,70.000,73.000,76.000,67.000,69.000,67.000,66.000,66.000,94.000,71.000,88.266,59.250,35.000,35.012,34.996,43.086,42.602,40.301,37.515,0.303,49.022,3798.109,3484.523,3781.000,3501.000,0.000,,,,2,1789721272.661,,
3373.351,89.336,91.328,70.188,73.000,70.000,73.000,73.000,73.000,69.000,97.000,69.000,70.000,97.000,70.000,93.047,59.125,35.000,35.012,34.996,43.090,42.609,40.309,38.695,0.263,49.991,3778.060,3492.230,3780.000,3500.000,0.000,,,,2,1789721273.663,,
3374.351,89.418,91.234,70.312,70.000,69.000,72.000,71.000,72.000,69.000,92.000,69.000,68.000,92.000,69.000,89.672,59.062,35.000,35.012,34.996,43.094,42.617,40.316,39.048,0.304,50.327,3777.822,3543.307,3780.000,3500.000,0.000,,,,2,1789721274.661,,
3375.355,89.102,90.918,70.125,74.000,68.000,78.000,71.000,68.000,77.000,67.000,66.000,64.000,79.375,68.000,79.375,59.062,35.000,35.012,34.996,43.098,42.625,40.324,37.771,0.326,49.598,3778.456,3525.990,3778.000,3499.000,0.000,,,,2,1789721275.667,,
3376.359,88.977,90.793,70.062,73.000,82.000,72.000,78.000,69.000,70.000,69.000,67.000,66.000,85.109,72.000,85.109,59.062,35.000,35.012,34.996,43.102,42.633,40.332,36.987,0.307,48.909,3797.708,3509.764,3778.000,3499.000,0.000,,,,2,1789721276.669,,
3377.362,88.715,90.531,70.062,71.000,71.000,74.000,73.000,82.000,68.000,70.000,66.000,66.000,82.000,69.000,80.578,59.125,35.000,35.012,34.996,43.105,42.641,40.340,37.591,0.325,49.145,3777.664,3494.942,3777.000,3498.000,0.000,,,,2,1789721277.673,,
3378.367,88.422,90.238,69.875,82.000,74.000,77.000,76.000,74.000,71.000,70.000,68.000,66.000,82.000,70.000,79.281,59.000,35.000,35.012,34.996,43.109,42.648,40.352,41.906,0.354,54.375,3767.542,3526.646,3777.000,3498.000,0.000,,,,2,1789721278.676,,
3379.367,88.246,90.062,70.125,76.000,72.000,78.000,90.000,75.000,71.000,67.000,66.000,65.000,90.000,71.000,82.844,59.000,35.000,35.012,34.996,43.113,42.652,40.355,40.387,0.361,52.546,3777.941,3509.182,3775.000,3496.000,0.000,,,,2,1789721279.677,,
3380.368,88.066,89.883,70.000,70.000,69.000,70.000,83.000,68.000,75.000,67.000,67.000,65.000,83.000,68.000,82.547,58.938,35.000,35.012,34.996,43.117,42.664,40.363,36.270,0.322,47.806,3748.126,3493.552,3776.000,3497.000,0.000,,,,2,1789721280.680,,
3381.371,87.793,89.609,70.000,78.000,68.000,72.000,71.000,68.000,70.000,71.000,66.000,65.000,79.219,68.000,79.219,58.875,35.000,35.012,34.996,43.121,42.668,40.371,37.249,0.312,48.994,3778.020,3492.128,3774.000,3495.000,0.000,,,,2,1789721281.682,,
3382.374,87.551,89.367,69.750,71.000,70.000,73.000,71.000,78.000,68.000,68.000,69.000,66.000,80.062,68.000,80.062,58.875,35.000,35.012,34.996,43.125,42.676,40.383,37.046,0.343,48.616,3797.388,3492.263,3773.000,3494.000,0.000,,,,2,1789721282.683,,
3383.375,87.445,89.262,69.812,71.000,70.000,83.000,80.000,72.000,68.000,67.000,65.000,64.000,84.203,69.000,84.203,58.750,35.000,35.012,34.996,43.125,42.684,40.387,36.514,0.303,48.331,3777.346,3492.941,3773.000,3494.000,0.000,,,,2,1789721283.686,,
3384.378,87.391,89.207,69.750,80.000,69.000,72.000,75.000,69.000,69.000,68.000,66.000,66.000,85.703,69.000,85.703,58.750,35.000,35.012,34.996,43.133,42.691,40.395,37.955,0.272,49.502,3778.179,3492.907,3773.000,3494.000,0.000,,,,2,1789721284.688,,
3385.380,87.176,88.992,69.500,71.000,69.000,75.000,77.000,82.000,68.000,69.000,66.000,66.000,82.000,69.000,80.469,58.750,35.000,35.012,34.996,43.133,42.699,40.402,39.365,0.314,50.861,3768.765,3475.776,3772.000,3493.000,0.000,,,,2,1789721285.690,,
3386.384,86.918,88.734,69.625,72.000,68.000,72.000,70.000,70.000,75.000,68.000,67.000,65.000,78.969,68.000,78.969,58.688,35.000,35.012,34.996,43.137,42.703,40.406,37.494,0.347,48.869,3748.634,3493.653,3771.000,3492.000,0.000,,,,2,1789721286.694,,
3387.388,86.758,88.574,69.688,75.000,73.000,76.000,76.000,70.000,70.000,68.000,77.000,65.000,81.766,69.000,81.766,58.812,35.000,35.012,34.996,43.141,42.711,40.414,39.215,0.351,52.106,3768.529,3492.806,3770.000,3491.000,0.000,,,,2,1789721287.706,,
3388.392,86.926,88.742,70.250,88.000,81.000,92.000,86.000,91.000,86.000,86.000,87.000,70.000,92.203,74.000,92.203,58.688,35.000,35.012,34.996,43.145,42.719,40.422,78.815,0.232,93.199,3777.505,3492.365,3770.000,3491.000,0.000,,,,2,1789721288.701,,
3389.396,86.762,88.578,71.125,70.000,68.000,70.000,79.000,69.000,69.000,68.000,70.000,66.000,81.594,68.000,81.594,58.938,35.000,35.012,34.996,43.148,42.727,40.430,44.664,0.346,56.016,3797.909,3492.433,3770.000,3491.000,0.000,,,,2,1789721289.706,,
3390.400,86.629,88.445,70.812,72.000,69.000,75.000,73.000,81.000,69.000,69.000,66.000,66.000,82.578,69.000,82.578,59.125,35.000,35.012,34.996,43.152,42.730,40.438,40.960,0.301,50.319,3778.456,3492.365,3768.000,3489.000,0.000,,,,2,1789721290.710,,
3391.403,86.723,88.387,70.562,70.000,69.000,71.000,71.000,71.000,68.000,99.000,67.000,71.000,99.000,69.000,87.016,59.125,35.000,35.012,34.996,43.156,42.742,40.445,38.138,0.320,50.040,3768.410,3492.772,3769.000,3490.000,0.000,,,,2,1789721291.712,,
3392.408,86.520,88.184,70.562,70.000,77.000,71.000,71.000,68.000,68.000,67.000,66.000,65.000,80.297,70.000,80.297,59.125,35.000,35.012,34.996,43.156,42.746,40.449,38.575,0.310,50.643,3778.219,3476.816,3768.000,3489.000,0.000,,,,2,1789721292.722,,
3393.412,86.426,88.090,70.312,78.000,76.000,75.000,73.000,69.000,68.000,67.000,66.000,66.000,83.562,70.000,83.562,59.062,35.000,35.012,34.996,43.160,42.754,40.457,36.777,0.342,48.643,3779.091,3492.670,3767.000,3488.000,0.000,,,,2,1789721293.724,,
3394.414,86.551,88.090,70.312,94.000,72.000,100.000,79.000,76.000,72.000,69.000,70.000,67.000,100.000,72.000,86.938,58.938,35.000,35.012,34.996,43.164,42.762,40.465,46.743,0.327,59.140,3797.308,3491.959,3767.000,3488.000,0.000,,,,2,1789721294.724,,
3395.419,86.375,87.758,70.500,73.000,69.000,75.000,73.000,78.000,71.000,70.000,77.000,66.000,81.000,69.000,81.000,59.062,35.000,35.012,34.996,43.168,42.770,40.473,50.008,0.365,62.568,3777.902,3492.704,3767.000,3488.000,0.000,,,,2,1789721295.730,,
3396.423,86.070,87.453,70.688,74.000,71.000,74.000,71.000,73.000,73.000,72.000,70.000,73.000,76.625,69.000,76.625,59.250,35.000,35.012,34.996,43.172,42.777,40.477,51.475,0.275,63.569,3777.902,3509.148,3767.000,3488.000,0.000,,,,2,1789721296.734,,
3397.428,85.785,87.168,70.688,74.000,68.000,74.000,72.000,69.000,67.000,68.000,66.000,68.000,76.984,68.000,76.984,59.312,35.000,35.012,34.996,43.176,42.789,40.484,44.914,0.314,55.010,3748.555,3475.474,3768.000,3489.000,0.000,,,,2,1789721297.738,,
3398.431,85.551,86.934,70.562,73.000,71.000,76.000,73.000,73.000,71.000,76.000,75.000,71.000,78.266,69.000,78.266,59.312,35.000,35.012,34.996,43.180,42.793,40.488,41.906,0.261,53.856,3768.134,3509.148,3765.000,3487.000,0.000,,,,2,1789721298.740,,
3399.434,85.430,86.812,70.688,75.000,70.000,74.000,79.000,72.000,72.000,70.000,69.000,67.000,81.688,70.000,81.688,59.250,35.000,35.008,34.996,43.184,42.809,40.496,42.475,0.311,52.944,3778.139,3492.298,3769.000,3490.000,0.000,,,,2,1789721299.743,,
3400.438,85.402,86.785,70.750,71.000,69.000,73.000,72.000,72.000,68.000,69.000,87.000,67.000,87.000,70.000,84.484,59.312,35.000,35.008,34.996,43.188,42.820,40.508,37.729,0.307,50.205,3778.814,3476.346,3770.000,3491.000,0.000,,,,2,1789721300.750,,
3401.442,85.203,86.586,70.625,72.000,70.000,74.000,73.000,72.000,69.000,78.000,69.000,69.000,79.000,70.000,79.000,59.375,35.000,35.008,34.996,43.191,42.828,40.512,39.953,0.266,51.854,3778.219,3509.251,3770.000,3491.000,0.000,,,,2,1789721301.752,,
3402.446,85.086,86.469,70.562,74.000,69.000,72.000,80.000,69.000,69.000,68.000,67.000,66.000,81.469,69.000,81.469,59.312,35.000,35.008,34.996,43.199,42.840,40.516,38.828,0.312,49.985,3748.555,3501.571,3771.000,3492.000,0.000,,,,2,1789721302.757,,
3403.450,84.961,86.344,70.500,71.000,68.000,71.000,71.000,68.000,80.000,67.000,67.000,65.000,81.094,68.000,81.094,59.250,35.000,35.008,34.996,43.199,42.848,40.520,39.137,0.303,51.045,3767.779,3476.178,3771.000,3492.000,0.000,,,,2,1789721303.760,,
3404.450,85.105,86.488,70.438,75.000,71.000,78.000,83.000,82.000,71.000,72.000,68.000,66.000,89.594,71.000,89.594,59.188,35.000,35.008,34.996,43.207,42.859,40.527,36.993,0.283,48.137,3777.386,3476.649,3773.000,3494.000,0.000,,,,2,1789721304.761,,
3405.452,86.996,88.809,70.625,89.000,83.000,93.000,88.000,94.000,87.000,88.000,87.000,71.000,94.000,75.000,92.672,59.125,35.000,35.008,34.996,43.211,42.871,40.535,63.589,0.270,69.817,3797.549,3492.060,3774.000,3495.000,0.000,,,,2,1789721305.762,,
3406.455,86.969,88.602,71.438,86.000,80.000,90.000,85.000,88.000,85.000,87.000,83.000,70.000,90.000,74.000,86.172,59.312,35.000,35.008,34.996,43.215,42.883,40.539,60.848,0.333,76.151,3777.148,3492.230,3775.000,3496.000,0.000,,,,2,1789721306.767,,
3407.458,86.859,88.328,72.000,78.000,75.000,82.000,78.000,81.000,77.000,78.000,77.000,70.000,83.469,71.000,83.469,59.625,35.000,35.008,34.996,43.219,42.891,40.547,68.634,0.211,82.428,3777.862,3508.875,3776.000,3497.000,0.000,,,,2,1789721307.770,,
3408.459,86.816,88.137,72.438,74.000,73.000,84.000,76.000,73.000,71.000,70.000,68.000,67.000,85.453,71.000,85.453,59.750,35.000,35.008,34.996,43.223,42.898,40.551,48.281,0.352,63.825,3747.619,3509.285,3776.000,3497.000,0.000,,,,2,1789721308.771,,
3409.463,86.797,87.988,72.250,79.000,88.000,78.000,78.000,73.000,70.000,71.000,69.000,68.000,88.000,75.000,86.250,59.875,35.000,35.008,34.996,43.227,42.914,40.559,39.244,0.330,50.466,3777.822,3509.593,3778.000,3499.000,0.000,,,,2,1789721309.773,,
3410.465,87.820,89.199,72.000,75.000,74.000,79.000,78.000,71.000,88.000,68.000,68.000,67.000,90.891,73.000,90.891,59.812,35.000,35.008,34.996,43.230,42.922,40.566,38.308,0.284,50.218,3776.950,3493.178,3780.000,3500.000,0.000,,,,2,1789721310.776,,
3411.466,89.215,90.875,71.750,72.000,70.000,74.000,74.000,71.000,71.000,69.000,98.000,68.000,98.000,71.000,93.406,59.938,35.000,35.008,34.996,43.238,42.930,40.570,38.276,0.253,49.984,3767.070,3492.941,3780.000,3500.000,0.000,,,,2,1789721311.777,,
3412.470,89.598,91.207,71.562,75.000,70.000,80.000,76.000,92.000,72.000,71.000,68.000,67.000,92.000,71.000,90.750,59.812,35.000,35.008,34.996,43.242,42.941,40.578,37.976,0.257,49.823,3776.831,3483.983,3781.000,3501.000,0.000,,,,2,1789721312.780,,
3413.470,89.594,91.039,71.500,74.000,71.000,73.000,95.000,69.000,72.000,68.000,67.000,66.000,95.000,72.000,89.578,59.750,35.000,35.008,34.996,43.246,42.949,40.586,38.388,0.262,49.933,3767.582,3493.043,3781.000,3501.000,0.000,,,,2,1789721313.780,,
3414.470,89.578,90.879,71.312,72.000,70.000,76.000,90.000,72.000,70.000,70.000,67.000,67.000,90.000,70.000,89.094,59.750,35.000,35.008,34.996,43.250,42.957,40.594,38.943,0.283,50.739,3777.664,3510.380,3782.000,3502.000,0.000,,,,2,1789721314.780,,
3415.471,89.457,90.629,71.125,77.000,71.000,76.000,75.000,72.000,69.000,68.000,77.000,65.000,85.641,70.000,85.641,59.812,35.000,35.008,34.996,43.254,42.965,40.602,38.954,0.288,51.120,3777.267,3509.319,3782.000,3502.000,0.000,,,,2,1789721315.781,,
3416.474,89.438,90.492,71.188,75.000,70.000,100.000,76.000,73.000,72.000,69.000,68.000,66.000,100.000,71.000,88.891,59.750,35.000,35.008,34.996,43.262,42.973,40.609,40.410,0.277,50.744,3776.871,3484.860,3782.000,3502.000,0.000,,,,2,1789721316.784,,
3417.477,89.328,90.277,71.188,84.000,81.000,86.000,82.000,82.000,82.000,79.000,84.000,69.000,86.000,74.000,85.859,59.750,35.000,35.008,34.996,43.266,42.980,40.613,52.257,0.305,62.063,3776.831,3509.832,3783.000,3503.000,0.000,,,,2,1789721317.787,,
3418.479,89.203,90.152,71.375,83.000,70.000,74.000,73.000,70.000,72.000,69.000,73.000,67.000,85.391,70.000,85.391,59.812,35.000,35.008,34.996,43.270,42.988,40.621,47.668,0.331,62.198,3777.188,3508.840,3783.000,3503.000,0.000,,,,2,1789721318.789,,
3419.484,89.066,90.016,71.500,73.000,70.000,88.000,73.000,73.000,75.000,68.000,68.000,66.000,88.000,71.000,84.781,59.750,35.000,35.008,34.996,43.273,42.992,40.625,39.344,0.294,51.105,3777.465,3509.456,3782.000,3502.000,0.000,,,,2,1789721319.797,,
3420.487,89.090,90.039,71.375,84.000,70.000,74.000,82.000,69.000,72.000,68.000,68.000,66.000,89.875,71.000,89.875,59.562,35.000,35.008,34.996,43.277,43.000,40.633,39.805,0.296,51.129,3797.308,3508.772,3782.000,3502.000,0.000,,,,2,1789721320.796,,
3421.491,89.117,90.020,71.062,75.000,72.000,73.000,96.000,69.000,72.000,68.000,68.000,67.000,96.000,71.000,89.609,59.812,35.000,35.008,34.996,43.281,43.008,40.641,41.048,0.285,52.547,3777.544,3493.518,3782.000,3502.000,0.000,,,,2,1789721321.804,,
3422.494,89.023,89.836,71.062,92.000,73.000,74.000,76.000,68.000,69.000,67.000,67.000,66.000,92.000,73.000,86.141,59.625,35.000,35.008,34.996,43.289,43.012,40.645,38.523,0.275,50.019,3796.347,3493.484,3782.000,3502.000,0.000,,,,2,1789721322.805,,
3423.498,89.020,89.832,70.875,74.000,86.000,79.000,75.000,72.000,70.000,68.000,69.000,68.000,88.875,74.000,88.875,59.688,35.000,35.008,34.996,43.293,43.020,40.652,38.946,0.265,50.161,3777.346,3525.990,3782.000,3502.000,0.000,,,,2,1789721323.808,,
3424.499,89.000,89.812,70.875,76.000,84.000,79.000,76.000,70.000,70.000,69.000,67.000,67.000,88.469,74.000,88.469,59.625,35.000,35.008,34.996,43.297,43.027,40.660,38.756,0.276,50.518,3776.911,3499.801,3782.000,3502.000,0.000,,,,2,1789721324.810,,
3425.502,88.996,89.730,70.875,75.000,71.000,98.000,77.000,71.000,70.000,70.000,68.000,67.000,98.000,72.000,88.922,59.625,35.000,35.008,34.996,43.301,43.031,40.664,38.620,0.276,50.098,3776.950,3492.060,3781.000,3501.000,0.000,,,,2,1789721325.814,,
3426.506,88.898,89.633,70.875,84.000,70.000,76.000,72.000,81.000,68.000,70.000,67.000,67.000,85.797,70.000,85.797,59.562,35.000,35.008,34.996,43.305,43.035,40.672,37.888,0.262,49.238,3796.708,3509.388,3780.000,3500.000,0.000,,,,2,1789721326.817,,
3427.509,88.910,89.645,70.562,75.000,88.000,76.000,76.000,69.000,69.000,68.000,66.000,66.000,89.312,75.000,89.312,59.500,35.000,35.008,34.996,43.309,43.039,40.676,38.501,0.267,49.726,3796.908,3492.467,3780.000,3500.000,0.000,,,,2,1789721327.823,,
3428.510,88.871,89.605,70.500,85.000,70.000,76.000,73.000,70.000,68.000,68.000,66.000,66.000,87.609,70.000,87.609,59.438,35.000,35.008,34.996,43.312,43.047,40.684,39.956,0.263,51.694,3776.831,3491.857,3780.000,3500.000,0.000,,,,2,1789721328.820,,
3429.513,88.828,89.562,70.438,72.000,79.000,81.000,76.000,72.000,70.000,68.000,68.000,67.000,87.578,71.000,87.578,59.438,35.000,35.008,34.996,43.316,43.051,40.688,38.929,0.265,50.191,3796.547,3492.298,3778.000,3499.000,0.000,,,,2,1789721329.825,,
3430.517,88.922,89.656,70.375,84.000,72.000,76.000,76.000,72.000,71.000,70.000,86.000,67.000,91.719,72.000,91.719,59.375,35.000,35.008,34.996,43.320,43.055,40.695,40.183,0.258,51.216,3777.307,3508.875,3777.000,3498.000,0.000,,,,2,1789721330.826,,
3431.521,88.855,89.590,70.438,74.000,71.000,76.000,76.000,71.000,69.000,94.000,67.000,68.000,94.000,71.000,86.812,59.438,35.000,35.008,34.996,43.324,43.059,40.699,39.034,0.290,50.914,3796.467,3499.529,3776.000,3497.000,0.000,,,,2,1789721331.831,,
3432.524,89.133,90.297,70.375,78.000,72.000,82.000,84.000,81.000,72.000,70.000,68.000,65.000,94.188,71.000,94.188,59.500,35.000,35.008,34.996,43.328,43.062,40.707,41.736,0.285,53.221,3797.268,3525.541,3776.000,3497.000,0.000,,,,2,1789721332.837,,
3433.529,89.105,90.270,70.250,75.000,71.000,76.000,80.000,83.000,70.000,68.000,66.000,65.000,88.297,72.000,88.297,59.375,35.000,35.008,34.996,43.332,43.066,40.711,37.579,0.245,49.085,3747.736,3492.636,3775.000,3496.000,0.000,,,,2,1789721333.839,,
3434.533,89.129,90.293,70.375,76.000,72.000,76.000,75.000,70.000,92.000,68.000,69.000,66.000,92.000,71.000,89.922,59.375,35.000,35.008,34.996,43.336,43.070,40.715,40.381,0.271,51.593,3776.950,3509.901,3774.000,3495.000,0.000,,,,2,1789721334.844,,
3435.535,89.328,90.492,70.188,72.000,71.000,88.000,74.000,75.000,69.000,80.000,69.000,70.000,93.734,71.000,93.734,59.312,35.000,35.008,34.996,43.340,43.074,40.723,38.852,0.246,50.234,3776.673,3491.722,3773.000,3494.000,0.000,,,,2,1789721335.845,,
3436.539,89.324,90.371,70.188,73.000,72.000,74.000,74.000,69.000,68.000,96.000,68.000,68.000,96.000,72.000,89.297,59.250,35.000,35.008,34.996,43.344,43.078,40.730,37.122,0.222,48.676,3767.188,3508.875,3772.000,3493.000,0.000,,,,2,1789721336.850,,
3437.541,89.766,90.844,70.062,97.000,71.000,79.000,76.000,70.000,69.000,67.000,66.000,65.000,97.000,71.000,91.094,59.375,35.000,35.008,34.996,43.348,43.082,40.734,38.926,0.250,50.479,3776.673,3509.354,3771.000,3492.000,0.000,,,,2,1789721337.850,,
3438.541,89.844,90.934,70.062,76.000,83.000,75.000,80.000,71.000,71.000,68.000,66.000,66.000,91.062,72.000,91.062,59.250,35.000,35.008,34.996,43.348,43.082,40.738,40.618,0.278,51.920,3767.542,3500.754,3769.000,3490.000,0.000,,,,2,1789721338.852,,
3439.542,90.617,91.832,70.125,77.000,70.000,100.000,75.000,73.000,70.000,66.000,66.000,65.000,100.000,70.000,92.938,59.188,35.000,35.008,34.996,43.355,43.086,40.742,38.181,0.242,49.804,3766.793,3492.230,3769.000,3490.000,0.000,,,,2,1789721339.853,,
3440.546,90.590,91.684,69.875,76.000,70.000,90.000,75.000,69.000,70.000,67.000,72.000,66.000,90.000,70.000,89.859,59.188,35.000,35.008,34.996,43.355,43.086,40.750,39.632,0.267,51.021,3767.621,3492.128,3765.000,3487.000,0.000,,,,2,1789721340.855,,
3441.551,90.590,91.684,70.000,73.000,70.000,72.000,74.000,83.000,77.000,68.000,68.000,66.000,90.547,70.000,90.547,59.250,35.000,35.008,34.996,43.359,43.086,40.754,38.718,0.276,50.507,3766.991,3517.514,3763.000,3485.000,0.000,,,,2,1789721341.861,,
3442.553,90.559,91.652,69.812,80.000,72.000,74.000,75.000,70.000,85.000,68.000,67.000,65.000,89.547,72.000,89.547,59.250,35.000,35.008,34.996,43.363,43.090,40.758,38.322,0.244,49.583,3748.360,3492.298,3763.000,3485.000,0.000,,,,2,1789721342.864,,
3443.557,90.715,91.969,69.875,75.000,69.000,100.000,74.000,72.000,69.000,67.000,66.000,66.000,100.000,69.000,93.422,59.250,35.000,35.008,34.996,43.363,43.090,40.762,39.604,0.232,51.100,3776.950,3492.399,3760.000,3482.000,0.000,,,,2,1789721343.868,,
3444.562,90.758,92.012,69.750,73.000,71.000,71.000,79.000,69.000,71.000,80.000,67.000,66.000,91.984,70.000,91.984,59.188,35.000,35.008,34.996,43.367,43.090,40.766,36.477,0.224,47.804,3777.544,3492.670,3758.000,3480.000,0.000,,,,2,1789721344.873,,
3445.566,90.598,91.852,69.688,73.000,70.000,74.000,91.000,72.000,70.000,68.000,66.000,66.000,91.000,70.000,85.672,59.188,35.000,35.008,34.996,43.371,43.090,40.770,39.827,0.257,51.467,3757.633,3484.691,3756.000,3478.000,0.000,,,,2,1789721345.876,,
3446.568,90.520,91.773,69.688,74.000,70.000,72.000,74.000,70.000,68.000,94.000,68.000,69.000,94.000,70.000,88.172,59.188,35.000,35.008,34.996,43.375,43.094,40.777,36.378,0.229,47.792,3737.736,3483.815,3756.000,3478.000,0.000,,,,2,1789721346.879,,
3447.571,90.402,91.656,69.562,78.000,72.000,82.000,87.000,74.000,86.000,69.000,68.000,66.000,87.000,71.000,86.750,59.000,35.000,35.008,34.996,43.375,43.090,40.777,39.796,0.271,52.133,3758.182,3475.038,3751.000,3474.000,0.000,,,,2,1789721347.881,,
3448.574,90.355,91.609,69.688,73.000,70.000,89.000,79.000,70.000,70.000,68.000,67.000,66.000,89.000,70.000,88.844,59.125,35.000,35.008,34.996,43.379,43.094,40.781,36.689,0.244,47.570,3757.280,3484.152,3750.000,3473.000,0.000,,,,2,1789721348.885,,
3449.579,90.387,91.641,69.562,72.000,69.000,73.000,74.000,69.000,100.000,67.000,70.000,66.000,100.000,70.000,91.312,58.938,35.000,35.008,34.996,43.379,43.094,40.785,38.781,0.263,50.175,3747.502,3484.219,3748.000,3471.000,0.000,,,,2,1789721349.890,,
3450.584,90.199,91.453,69.625,73.000,69.000,86.000,72.000,75.000,70.000,68.000,68.000,66.000,86.000,69.000,84.391,59.062,35.000,35.008,34.996,43.383,43.090,40.789,38.388,0.283,49.975,3758.378,3484.186,3745.000,3468.000,0.000,,,,2,1789721350.896,,
3451.589,90.078,91.332,69.375,76.000,75.000,75.000,74.000,68.000,68.000,83.000,66.000,66.000,86.344,72.000,86.344,58.875,35.000,35.008,34.996,43.387,43.090,40.793,37.222,0.277,48.698,3737.580,3452.145,3743.000,3466.000,0.000,,,,2,1789721351.899,,
3452.591,89.930,91.184,69.375,77.000,70.000,77.000,86.000,80.000,70.000,71.000,68.000,66.000,86.000,70.000,85.312,58.938,35.000,35.008,34.996,43.387,43.094,40.797,40.667,0.284,52.081,3738.240,3467.573,3742.000,3465.000,0.000,,,,2,1789721352.901,,
3453.594,89.691,90.945,69.438,76.000,69.000,91.000,73.000,71.000,68.000,69.000,69.000,66.000,91.000,69.000,82.406,59.000,35.000,35.008,34.996,43.387,43.094,40.801,38.195,0.300,49.609,3756.574,3467.273,3740.000,3463.000,0.000,,,,2,1789721353.904,,
3454.597,89.730,90.984,69.438,79.000,72.000,76.000,75.000,68.000,86.000,67.000,66.000,65.000,90.859,71.000,90.859,58.812,35.000,35.008,34.996,43.387,43.094,40.805,37.559,0.260,49.245,3738.318,3450.887,3737.000,3461.000,0.000,,,,2,1789721354.908,,
3455.602,89.711,90.965,69.375,81.000,71.000,77.000,73.000,72.000,68.000,79.000,67.000,68.000,89.141,70.000,89.141,58.938,35.000,35.008,34.996,43.391,43.094,40.805,37.707,0.254,48.927,3737.658,3467.507,3735.000,3459.000,0.000,,,,2,1789721355.912,,
3456.606,89.703,90.957,69.250,84.000,73.000,77.000,80.000,68.000,69.000,66.000,67.000,65.000,89.484,70.000,89.484,59.000,35.000,35.008,34.996,43.391,43.090,40.809,37.763,0.258,49.268,3747.931,3458.147,3731.000,3455.000,0.000,,,,2,1789721356.917,,
3457.610,89.645,90.898,69.438,73.000,88.000,77.000,74.000,69.000,68.000,69.000,66.000,66.000,88.000,73.000,87.859,59.000,35.000,35.008,34.996,43.395,43.090,40.809,37.864,0.266,49.128,3720.084,3450.656,3729.000,3453.000,0.000,,,,2,1789721357.922,,
3458.613,89.637,90.891,69.250,84.000,71.000,80.000,73.000,73.000,69.000,79.000,68.000,68.000,89.375,69.000,89.375,58.812,35.000,35.008,34.996,43.395,43.090,40.812,37.295,0.213,48.676,3729.720,3451.979,3727.000,3451.000,0.000,,,,2,1789721358.926,,
3459.616,89.711,90.965,69.125,73.000,70.000,74.000,83.000,68.000,76.000,65.000,67.000,65.000,92.031,70.000,92.031,58.812,35.000,35.008,34.996,43.395,43.090,40.812,37.116,0.221,48.756,3728.252,3449.961,3724.000,3449.000,0.000,,,,2,1789721359.926,,
3460.619,90.453,92.027,69.125,76.000,69.000,100.000,74.000,71.000,69.000,66.000,65.000,65.000,100.000,69.000,94.922,58.875,35.000,35.008,34.996,43.395,43.090,40.816,37.490,0.208,48.751,3748.438,3451.582,3722.000,3447.000,0.000,,,,2,1789721360.929,,
3461.621,91.461,93.180,68.938,74.000,69.000,74.000,73.000,70.000,68.000,98.000,67.000,68.000,98.000,69.000,94.484,58.750,35.000,35.008,34.996,43.398,43.086,40.820,37.172,0.222,48.998,3749.375,3467.540,3750.000,3473.000,0.000,,,,2,1789721361.930,,
3462.623,91.477,93.035,69.062,71.000,70.000,75.000,73.000,81.000,70.000,81.000,67.000,66.000,91.594,70.000,91.594,58.812,35.000,35.008,34.996,43.398,43.086,40.820,37.172,0.219,48.401,3739.172,3483.444,3778.000,3499.000,0.000,,,,2,1789721362.933,,
3463.628,91.379,92.938,69.000,74.000,77.000,71.000,73.000,67.000,79.000,66.000,68.000,65.000,88.406,71.000,88.406,58.812,35.000,35.008,34.996,43.398,43.082,40.824,38.732,0.244,49.861,3768.489,3493.348,3807.000,3525.000,0.000,,,,2,1789721363.943,,
3464.632,91.438,92.996,68.938,72.000,69.000,72.000,74.000,68.000,90.000,66.000,66.000,65.000,93.094,69.000,93.094,58.750,35.000,35.008,34.996,43.398,43.082,40.824,36.712,0.211,48.514,3777.624,3525.782,3841.000,3557.000,0.000,,,,2,1789721364.945,,
3465.635,91.336,92.895,68.875,78.000,69.000,74.000,75.000,68.000,82.000,65.000,66.000,65.000,88.297,70.000,88.297,58.688,35.000,35.008,34.996,43.398,43.078,40.828,37.585,0.219,48.473,3827.914,3560.444,3876.000,3589.000,0.000,,,,2,1789721365.945,,
3466.639,91.328,92.887,68.750,71.000,69.000,76.000,73.000,75.000,85.000,69.000,67.000,65.000,90.984,69.000,90.984,58.750,35.000,35.008,34.996,43.398,43.078,40.828,36.186,0.211,47.391,3859.141,3569.021,3910.000,3621.000,0.000,,,,2,1789721366.949,,
3467.640,91.234,92.793,68.875,84.000,74.000,71.000,73.000,68.000,68.000,66.000,67.000,65.000,88.344,72.000,88.344,58.688,35.000,35.008,34.996,43.402,43.078,40.828,36.425,0.217,48.143,3890.588,3594.931,3911.000,3622.000,0.000,,,,2,1789721367.951,,
3468.645,91.281,92.840,68.750,83.000,70.000,81.000,82.000,69.000,69.000,66.000,65.000,65.000,92.750,70.000,92.750,58.625,35.000,35.008,34.996,43.402,43.074,40.832,37.598,0.218,49.463,3890.083,3622.714,3922.000,3632.000,0.000,,,,2,1789721368.955,,
3469.649,91.246,92.805,68.625,77.000,70.000,76.000,74.000,69.000,86.000,66.000,66.000,65.000,90.188,71.000,90.188,58.625,35.000,35.008,34.996,43.402,43.070,40.832,37.323,0.234,48.595,3889.789,3621.876,3913.000,3624.000,0.000,,,,2,1789721369.960,,
3470.654,91.148,92.707,68.688,71.000,69.000,72.000,73.000,93.000,68.000,68.000,65.000,65.000,93.000,69.000,88.094,58.625,35.000,35.008,34.996,43.402,43.070,40.832,37.925,0.218,49.506,3888.907,3577.533,3889.000,3601.000,0.000,,,,2,1789721370.963,,
3471.659,91.039,92.598,68.625,90.000,69.000,73.000,71.000,68.000,68.000,67.000,67.000,65.000,90.000,69.000,87.688,58.625,35.000,35.008,34.996,43.402,43.070,40.836,38.477,0.231,50.093,3849.609,3577.462,3859.000,3574.000,0.000,,,,2,1789721371.971,,
3472.664,90.918,92.496,68.688,70.000,68.000,73.000,72.000,69.000,90.000,67.000,69.000,65.000,90.000,69.000,87.125,58.562,35.000,35.008,34.996,43.402,43.062,40.836,39.552,0.275,51.505,3879.269,3568.738,3834.000,3550.000,0.000,,,,2,1789721372.975,,
3473.668,90.984,92.562,68.750,70.000,67.000,76.000,70.000,96.000,68.000,70.000,66.000,65.000,96.000,68.000,92.719,58.562,35.000,35.008,34.996,43.402,43.059,40.836,38.622,0.258,50.587,3859.472,3567.995,3849.000,3564.000,0.000,,,,2,1789721373.980,,
3474.669,90.883,92.461,68.812,72.000,70.000,74.000,75.000,71.000,89.000,69.000,70.000,65.000,89.000,70.000,87.766,58.500,35.000,35.008,34.996,43.402,43.059,40.836,40.112,0.264,50.436,3838.526,3560.267,3822.000,3539.000,0.000,,,,2,1789721374.979,,
3475.675,90.809,92.387,68.750,73.000,69.000,82.000,75.000,70.000,70.000,67.000,85.000,65.000,88.578,69.000,88.578,58.625,35.000,35.008,34.996,43.402,43.055,40.840,39.154,0.251,51.346,3807.952,3534.228,3802.000,3521.000,0.000,,,,2,1789721375.984,,
3476.681,90.691,92.270,68.750,73.000,69.000,73.000,91.000,69.000,72.000,67.000,66.000,65.000,91.000,70.000,87.047,58.562,35.000,35.008,34.996,43.402,43.051,40.840,39.353,0.247,50.653,3818.049,3525.748,3771.000,3492.000,0.000,,,,2,1789721376.992,,
3477.686,90.609,92.188,68.688,86.000,69.000,84.000,73.000,69.000,68.000,67.000,66.000,65.000,88.062,70.000,88.062,58.625,35.000,35.008,34.996,43.402,43.051,40.840,38.659,0.266,50.361,3788.835,3507.507,3749.000,3472.000,0.000,,,,2,1789721377.997,,
3478.691,90.473,92.051,68.812,73.000,71.000,74.000,73.000,70.000,82.000,69.000,68.000,65.000,86.266,70.000,86.266,58.625,35.000,35.008,34.996,43.402,43.043,40.840,39.972,0.263,51.300,3739.755,3483.545,3721.000,3446.000,0.000,,,,2,1789721379.002,,
3479.696,90.426,92.004,68.875,73.000,69.000,72.000,74.000,74.000,69.000,93.000,68.000,68.000,93.000,69.000,88.891,58.625,35.000,35.008,34.996,43.402,43.043,40.840,38.734,0.255,50.370,3739.327,3450.159,3700.000,3426.000,0.000,,,,2,1789721380.008,,
3480.701,90.336,91.914,68.750,77.000,68.000,70.000,71.000,72.000,67.000,88.000,67.000,69.000,88.000,69.000,87.531,58.500,35.000,35.008,34.996,43.402,43.039,40.840,40.001,0.265,51.854,3709.428,3443.131,3675.000,3403.000,0.000,,,,2,1789721381.014,,
3481.705,90.391,91.969,68.625,88.000,70.000,84.000,74.000,73.000,70.000,69.000,67.000,65.000,92.141,70.000,92.141,58.562,35.000,35.008,34.996,43.402,43.035,40.840,38.791,0.256,50.170,3691.021,3426.483,3686.000,3413.000,0.000,,,,2,1789721382.016,,
3482.709,90.320,91.898,68.750,74.000,69.000,74.000,72.000,95.000,68.000,70.000,66.000,65.000,95.000,70.000,88.188,58.688,35.000,35.008,34.996,43.402,43.031,40.840,39.822,0.273,51.451,3701.039,3419.291,3666.000,3395.000,0.000,,,,2,1789721383.020,,
3483.712,90.238,91.816,68.812,73.000,70.000,90.000,73.000,70.000,73.000,68.000,68.000,66.000,90.000,70.000,87.688,58.562,35.000,35.008,34.996,43.398,43.031,40.840,40.416,0.268,52.037,3691.664,3418.739,3648.000,3378.000,0.000,,,,2,1789721384.022,,
3484.714,90.129,91.707,68.875,71.000,86.000,72.000,73.000,71.000,67.000,69.000,66.000,66.000,86.656,73.000,86.656,58.625,35.000,35.008,34.996,43.398,43.027,40.840,40.383,0.278,51.884,3655.045,3386.992,3645.000,3375.000,0.000,,,,2,1789721385.024,,
3485.716,90.090,91.668,68.812,75.000,70.000,74.000,73.000,73.000,70.000,87.000,71.000,69.000,88.891,70.000,88.891,58.688,35.000,35.008,34.996,43.398,43.027,40.840,38.384,0.258,49.533,3655.527,3371.197,3641.000,3372.000,0.000,,,,2,1789721386.051,,
3486.720,89.969,91.547,68.625,77.000,70.000,83.000,76.000,84.000,71.000,69.000,71.000,66.000,86.297,71.000,86.297,58.688,35.000,35.008,34.996,43.398,43.023,40.840,39.730,0.270,50.947,3654.155,3371.260,3638.000,3369.000,0.000,,,,2,1789721387.030,,
3487.725,89.941,91.520,68.812,71.000,69.000,74.000,72.000,98.000,69.000,71.000,67.000,66.000,98.000,69.000,89.078,58.562,35.000,35.008,34.996,43.398,43.020,40.840,40.784,0.275,52.860,3655.156,3348.090,3634.000,3365.000,0.000,,,,2,1789721388.037,,
3488.729,89.762,91.180,68.812,72.000,69.000,97.000,73.000,69.000,69.000,66.000,66.000,65.000,97.000,69.000,84.203,58.688,35.000,35.008,34.996,43.398,43.020,40.840,38.968,0.271,50.703,3636.878,3356.581,3632.000,3363.000,0.000,,,,2,1789721389.041,,
3489.731,89.742,91.020,68.750,76.000,69.000,98.000,74.000,71.000,69.000,68.000,66.000,66.000,98.000,70.000,89.031,58.625,35.000,35.008,34.996,43.398,43.020,40.840,38.624,0.247,49.360,3618.236,3364.046,3629.000,3361.000,0.000,,,,2,1789721390.041,,
3490.734,89.594,90.871,68.875,72.000,70.000,75.000,73.000,85.000,68.000,70.000,67.000,65.000,85.016,70.000,85.016,58.625,35.000,35.008,34.996,43.398,43.016,40.840,38.817,0.280,50.299,3627.204,3364.423,3625.000,3357.000,0.000,,,,2,1789721391.045,,
3491.737,89.543,90.820,68.812,72.000,70.000,72.000,73.000,72.000,68.000,90.000,68.000,67.000,90.000,70.000,87.953,58.688,35.000,35.008,34.996,43.395,43.016,40.840,39.530,0.245,51.939,3608.987,3348.027,3623.000,3355.000,0.000,,,,2,1789721392.049,,
3492.741,89.578,90.855,68.938,73.000,69.000,76.000,86.000,76.000,69.000,68.000,68.000,65.000,90.750,69.000,90.750,58.688,35.000,35.008,34.996,43.398,43.012,40.840,38.634,0.246,49.939,3609.529,3346.751,3620.000,3352.000,0.000,,,,2,1789721393.052,,
3493.745,89.574,90.852,68.938,79.000,68.000,74.000,72.000,78.000,68.000,70.000,66.000,66.000,89.406,68.000,89.406,58.625,35.000,35.008,34.996,43.398,43.012,40.844,41.008,0.267,52.783,3608.950,3332.901,3616.000,3349.000,0.000,,,,2,1789721394.055,,
3494.750,89.441,90.719,68.812,80.000,69.000,72.000,71.000,68.000,67.000,67.000,70.000,65.000,85.375,69.000,85.375,58.625,35.000,35.008,34.996,43.398,43.012,40.840,40.620,0.278,52.299,3627.606,3332.192,3614.000,3347.000,0.000,,,,2,1789721395.062,,
3495.754,89.410,90.688,68.938,72.000,79.000,71.000,73.000,68.000,75.000,66.000,68.000,65.000,88.438,71.000,88.438,58.812,35.000,35.008,34.996,43.395,43.008,40.840,39.290,0.249,50.884,3609.855,3372.081,3611.000,3344.000,0.000,,,,2,1789721396.064,,
3496.759,89.395,90.672,68.875,71.000,69.000,71.000,71.000,94.000,67.000,70.000,67.000,65.000,94.000,70.000,88.906,58.688,35.000,35.008,34.996,43.395,43.008,40.840,37.519,0.227,48.854,3610.036,3348.900,3608.000,3341.000,0.000,,,,2,1789721397.068,,
3497.759,89.289,90.566,69.000,71.000,74.000,71.000,81.000,67.000,67.000,66.000,66.000,65.000,85.953,72.000,85.953,58.750,35.000,35.008,34.996,43.395,43.008,40.844,38.897,0.253,50.286,3591.381,3347.280,3606.000,3339.000,0.000,,,,2,1789721398.070,,
3498.764,89.230,90.508,68.875,76.000,71.000,74.000,85.000,71.000,69.000,68.000,67.000,66.000,87.391,71.000,87.391,58.750,35.000,35.008,34.996,43.395,43.004,40.844,39.581,0.256,50.924,3627.862,3355.611,3602.000,3336.000,0.000,,,,2,1789721399.074,,
3499.769,89.293,90.570,68.875,73.000,69.000,97.000,73.000,71.000,69.000,67.000,69.000,65.000,97.000,69.000,91.109,58.750,35.000,35.004,34.996,43.395,43.004,40.844,38.374,0.243,49.511,3591.309,3325.052,3599.000,3333.000,0.000,,,,2,1789721400.079,,
3500.769,89.191,90.469,68.812,71.000,72.000,71.000,73.000,82.000,70.000,67.000,67.000,65.000,86.141,71.000,86.141,58.750,35.000,35.004,34.996,43.395,43.004,40.844,37.954,0.250,49.495,3600.108,3341.408,3597.000,3331.000,0.000,,,,2,1789721401.082,,
3501.773,89.164,90.441,68.812,71.000,73.000,71.000,72.000,69.000,70.000,68.000,86.000,67.000,88.234,70.000,88.234,58.750,35.000,35.004,34.996,43.395,43.000,40.840,40.616,0.261,52.387,3600.828,3325.297,3594.000,3328.000,0.000,,,,2,1789721402.083,,
3502.776,89.102,90.379,68.688,72.000,88.000,72.000,75.000,69.000,69.000,67.000,67.000,66.000,88.000,74.000,87.203,58.750,35.000,35.004,34.996,43.395,43.000,40.844,40.183,0.261,51.630,3600.828,3356.049,3591.000,3325.000,0.000,,,,2,1789721403.085,,
3503.778,89.082,90.359,68.875,93.000,70.000,73.000,76.000,68.000,70.000,67.000,68.000,66.000,93.000,70.000,88.516,58.750,35.000,35.004,34.996,43.395,43.000,40.844,39.650,0.255,51.155,3583.088,3319.625,3588.000,3323.000,0.000,,,,2,1789721404.087,,
3504.778,88.984,90.262,69.062,76.000,71.000,92.000,76.000,69.000,70.000,68.000,67.000,66.000,92.000,71.000,85.984,58.750,35.000,35.004,34.996,43.395,43.000,40.844,39.492,0.264,50.850,3583.017,3333.549,3586.000,3321.000,0.000,,,,2,1789721405.091,,
3505.781,88.934,90.211,68.875,72.000,69.000,71.000,93.000,81.000,70.000,67.000,67.000,66.000,93.000,70.000,87.359,58.812,35.000,35.004,34.996,43.395,42.996,40.844,39.185,0.247,50.537,3582.945,3310.101,3582.000,3317.000,0.000,,,,2,1789721406.094,,
3506.785,89.051,90.328,69.000,80.000,69.000,79.000,74.000,70.000,69.000,67.000,84.000,65.000,91.812,70.000,91.812,58.750,35.000,35.004,34.996,43.395,42.996,40.844,38.129,0.235,49.600,3591.094,3317.116,3580.000,3315.000,0.000,,,,2,1789721407.098,,
3507.786,89.059,90.336,68.812,87.000,71.000,74.000,74.000,71.000,68.000,76.000,67.000,68.000,89.391,71.000,89.391,58.812,35.000,35.004,34.996,43.395,42.996,40.848,38.599,0.232,49.688,3582.731,3317.116,3578.000,3313.000,0.000,,,,2,1789721408.097,,
3508.790,89.133,90.328,68.938,75.000,73.000,98.000,76.000,72.000,71.000,68.000,68.000,66.000,98.000,71.000,89.594,58.812,35.000,35.004,34.996,43.398,43.000,40.848,38.947,0.245,50.536,3582.197,3318.645,3576.000,3312.000,0.000,,,,2,1789721409.100,,
3509.792,89.211,90.438,68.812,84.000,69.000,74.000,73.000,74.000,69.000,78.000,68.000,68.000,90.703,69.000,90.703,58.750,35.000,35.004,34.996,43.398,43.000,40.848,38.897,0.253,50.603,3573.804,3302.843,3574.000,3310.000,0.000,,,,2,1789721410.102,,
3510.797,89.176,90.402,68.875,83.000,77.000,79.000,75.000,72.000,69.000,69.000,67.000,66.000,88.156,71.000,88.156,58.750,35.000,35.004,34.996,43.398,42.996,40.848,38.765,0.272,50.033,3574.017,3317.025,3570.000,3306.000,0.000,,,,2,1789721411.110,,
3511.800,89.125,90.352,68.812,70.000,69.000,71.000,72.000,69.000,93.000,67.000,69.000,65.000,93.000,69.000,87.578,58.875,35.000,35.004,34.996,43.402,43.004,40.848,38.571,0.273,49.972,3574.052,3303.116,3570.000,3306.000,0.000,,,,2,1789721412.111,,
3512.804,89.012,90.238,68.938,72.000,69.000,76.000,72.000,70.000,83.000,68.000,66.000,66.000,85.500,69.000,85.500,58.812,35.000,35.004,34.996,43.402,43.004,40.852,47.282,0.273,60.115,3556.469,3303.055,3568.000,3304.000,0.000,,,,2,1789721413.118,,
3513.808,88.930,90.156,69.125,72.000,88.000,72.000,75.000,68.000,68.000,67.000,66.000,66.000,88.000,73.000,86.312,58.812,35.000,35.004,34.996,43.406,43.012,40.852,38.213,0.298,49.459,3573.662,3303.116,3568.000,3304.000,0.000,,,,2,1789721414.118,,
3514.813,88.742,89.969,69.125,72.000,72.000,73.000,72.000,72.000,68.000,70.000,66.000,67.000,82.922,69.000,82.922,58.875,35.000,35.004,34.996,43.410,43.016,40.852,39.302,0.305,50.469,3556.363,3302.116,3568.000,3304.000,0.000,,,,2,1789721415.123,,
3515.816,88.691,89.918,69.062,87.000,74.000,74.000,75.000,71.000,68.000,67.000,66.000,65.000,87.219,73.000,87.219,59.000,35.000,35.004,34.996,43.414,43.020,40.852,38.573,0.284,50.188,3574.194,3302.964,3567.000,3303.000,0.000,,,,2,1789721416.127,,
3516.820,88.680,89.906,69.000,76.000,69.000,94.000,76.000,71.000,69.000,68.000,66.000,65.000,94.000,70.000,88.266,58.938,35.000,35.004,34.996,43.414,43.027,40.855,39.902,0.300,51.063,3573.839,3317.820,3567.000,3303.000,0.000,,,,2,1789721417.131,,
3517.824,88.836,90.180,69.125,72.000,69.000,76.000,74.000,98.000,70.000,72.000,68.000,66.000,98.000,70.000,91.234,59.062,35.000,35.004,34.996,43.418,43.031,40.855,40.854,0.281,52.192,3573.343,3302.813,3566.000,3302.000,0.000,,,,2,1789721418.134,,
3518.827,88.805,90.148,69.062,75.000,71.000,81.000,74.000,71.000,78.000,71.000,69.000,67.000,87.906,71.000,87.906,58.938,35.000,35.004,34.996,43.418,43.035,40.859,39.801,0.282,51.402,3556.469,3288.482,3565.000,3301.000,0.000,,,,2,1789721419.137,,
3519.830,88.926,90.270,69.188,86.000,72.000,91.000,76.000,68.000,69.000,67.000,66.000,66.000,92.219,72.000,92.219,59.000,35.000,35.004,34.996,43.422,43.043,40.859,39.622,0.270,51.088,3556.153,3303.389,3566.000,3302.000,0.000,,,,2,1789721420.140,,
3520.833,88.828,90.172,69.188,72.000,69.000,72.000,72.000,69.000,87.000,68.000,68.000,66.000,87.000,69.000,85.828,59.000,35.000,35.004,34.996,43.422,43.039,40.859,41.948,0.285,52.487,3556.855,3303.237,3561.000,3298.000,0.000,,,,2,1789721421.144,,
3521.833,88.828,90.172,69.125,71.000,69.000,73.000,85.000,79.000,70.000,73.000,68.000,67.000,88.906,70.000,88.906,59.000,35.000,35.004,34.996,43.422,43.039,40.863,39.627,0.304,51.398,3556.188,3288.212,3559.000,3296.000,0.000,,,,2,1789721422.144,,
3522.836,88.773,90.117,69.188,72.000,70.000,76.000,74.000,80.000,70.000,71.000,80.000,65.000,87.047,70.000,87.047,58.875,35.000,35.004,34.996,43.422,43.039,40.863,38.219,0.321,49.789,3555.802,3287.852,3557.000,3294.000,0.000,,,,2,1789721423.147,,
3523.839,88.570,89.914,69.188,83.000,69.000,73.000,71.000,71.000,68.000,68.000,68.000,66.000,83.000,69.000,82.234,58.938,35.000,35.004,34.996,43.422,43.039,40.863,39.768,0.289,50.880,3555.907,3287.701,3555.000,3292.000,0.000,,,,2,1789721424.149,,
3524.843,88.500,89.844,69.250,87.000,77.000,79.000,76.000,74.000,70.000,70.000,69.000,66.000,87.000,72.000,86.344,58.875,35.000,35.004,34.996,43.422,43.039,40.867,38.247,0.310,51.501,3556.047,3287.701,3553.000,3290.000,0.000,,,,2,1789721425.154,,
3525.846,88.230,89.574,69.375,75.000,70.000,77.000,73.000,74.000,69.000,80.000,70.000,68.000,80.000,70.000,79.891,59.000,35.000,35.004,34.996,43.422,43.043,40.867,41.319,0.329,52.120,3556.012,3303.389,3552.000,3289.000,0.000,,,,2,1789721426.159,,
3526.847,87.984,89.328,69.125,72.000,70.000,77.000,71.000,69.000,68.000,68.000,71.000,67.000,80.375,68.000,80.375,59.000,35.000,35.004,34.996,43.426,43.047,40.871,38.458,0.317,49.581,3555.240,3296.039,3551.000,3288.000,0.000,,,,2,1789721427.158,,
3527.852,87.867,89.211,69.125,71.000,69.000,69.000,71.000,68.000,68.000,67.000,91.000,67.000,91.000,70.000,84.188,59.062,35.000,35.004,34.996,43.426,43.047,40.871,35.509,0.276,47.067,3547.497,3303.085,3548.000,3286.000,0.000,,,,2,1789721428.162,,
3528.856,87.797,89.141,69.188,70.000,69.000,70.000,71.000,82.000,67.000,68.000,65.000,66.000,85.656,68.000,85.656,59.000,35.000,35.004,34.996,43.426,43.051,40.871,39.287,0.248,50.579,3547.322,3281.617,3547.000,3285.000,0.000,,,,2,1789721429.170,,
3529.861,87.777,89.121,69.000,73.000,69.000,72.000,73.000,69.000,92.000,68.000,69.000,67.000,92.000,70.000,87.156,58.812,35.000,35.004,34.996,43.426,43.055,40.875,39.123,0.266,51.392,3555.064,3273.114,3546.000,3284.000,0.000,,,,2,1789721430.173,,
3530.864,87.652,88.996,69.000,72.000,87.000,72.000,75.000,69.000,69.000,67.000,67.000,67.000,87.000,73.000,83.797,59.000,35.000,35.004,34.996,43.426,43.059,40.879,40.123,0.251,51.583,3547.462,3294.712,3545.000,3283.000,0.000,,,,2,1789721431.175,,
3531.869,87.672,89.016,69.188,72.000,69.000,74.000,73.000,92.000,69.000,69.000,67.000,66.000,92.000,70.000,88.141,58.875,35.000,35.004,34.996,43.430,43.059,40.879,40.497,0.229,52.482,3538.362,3295.014,3543.000,3281.000,0.000,,,,2,1789721432.180,,
3532.873,87.688,89.031,69.062,79.000,72.000,74.000,75.000,69.000,82.000,67.000,67.000,66.000,88.141,72.000,88.141,58.875,35.000,35.004,34.996,43.430,43.062,40.879,40.580,0.228,51.981,3556.469,3288.752,3542.000,3280.000,0.000,,,,2,1789721433.182,,
3533.874,87.621,88.965,69.062,72.000,73.000,83.000,73.000,70.000,69.000,67.000,67.000,66.000,85.656,70.000,85.656,58.875,35.000,35.004,34.996,43.430,43.066,40.879,40.042,0.243,51.665,3547.218,3296.039,3542.000,3280.000,0.000,,,,2,1789721434.184,,
3534.878,87.641,88.984,69.188,76.000,70.000,72.000,73.000,68.000,86.000,68.000,68.000,67.000,88.266,70.000,88.266,58.812,35.000,35.004,34.996,43.430,43.074,40.887,40.252,0.241,51.950,3555.099,3280.152,3542.000,3280.000,0.000,,,,2,1789721435.190,,
3535.881,88.082,89.422,69.000,71.000,69.000,70.000,71.000,70.000,67.000,97.000,68.000,70.000,97.000,70.000,89.406,58.938,35.000,35.004,34.996,43.434,43.078,40.887,40.930,0.244,52.652,3538.605,3265.988,3541.000,3279.000,0.000,,,,2,1789721436.191,,
3536.885,87.855,89.195,69.000,80.000,68.000,72.000,70.000,71.000,67.000,68.000,65.000,66.000,80.859,67.000,80.859,58.812,35.000,35.004,34.996,43.434,43.082,40.887,36.120,0.278,47.145,3521.609,3280.302,3540.000,3278.000,0.000,,,,2,1789721437.195,,
3537.889,87.750,89.090,69.062,71.000,68.000,71.000,89.000,69.000,70.000,67.000,67.000,66.000,89.000,69.000,84.531,58.812,35.000,35.004,34.996,43.434,43.086,40.887,37.442,0.263,50.087,3555.872,3281.079,3540.000,3278.000,0.000,,,,2,1789721438.198,,
3538.890,87.523,88.863,68.938,71.000,69.000,71.000,78.000,69.000,68.000,69.000,66.000,66.000,80.516,68.000,80.516,58.812,35.000,35.004,34.996,43.434,43.086,40.887,37.124,0.265,46.919,3520.989,3281.588,3538.000,3276.000,0.000,,,,2,1789721439.200,,
3539.894,87.414,88.754,69.000,72.000,84.000,72.000,74.000,68.000,69.000,67.000,66.000,66.000,84.000,73.000,84.000,58.938,35.000,35.004,34.996,43.434,43.090,40.887,36.805,0.270,48.997,3546.064,3266.432,3537.000,3275.000,0.000,,,,2,1789721440.204,,
3540.898,87.332,88.672,68.875,71.000,69.000,71.000,70.000,70.000,67.000,85.000,66.000,68.000,85.000,68.000,84.812,58.875,35.000,35.004,34.996,43.438,43.094,40.891,37.898,0.270,48.852,3537.805,3266.876,3535.000,3274.000,0.000,,,,2,1789721441.208,,
3541.899,87.059,88.398,68.875,70.000,67.000,80.000,69.000,72.000,66.000,68.000,64.000,65.000,80.000,67.000,78.547,58.938,35.000,35.004,34.996,43.438,43.098,40.891,33.862,0.286,46.311,3537.527,3280.033,3534.000,3273.000,0.000,,,,2,1789721442.209,,
3542.903,86.762,88.102,68.812,69.000,68.000,74.000,70.000,68.000,76.000,66.000,65.000,65.000,77.594,67.000,77.594,58.688,35.000,35.004,34.996,43.441,43.105,40.895,33.656,0.295,44.239,3511.990,3281.438,3535.000,3274.000,0.000,,,,2,1789721443.214,,
3543.905,86.695,88.035,68.688,72.000,68.000,78.000,78.000,74.000,70.000,69.000,67.000,66.000,84.547,68.000,84.547,58.625,35.000,35.004,34.996,43.441,43.109,40.895,37.245,0.272,48.061,3537.006,3280.960,3534.000,3273.000,0.000,,,,2,1789721444.215,,
3544.907,86.543,87.883,68.688,70.000,71.000,69.000,75.000,67.000,78.000,67.000,65.000,66.000,81.922,71.000,81.922,58.625,35.000,35.004,34.996,43.441,43.109,40.895,36.341,0.248,48.548,3537.492,3266.640,3532.000,3271.000,0.000,,,,2,1789721445.217,,
3545.911,86.531,87.871,68.938,71.000,68.000,91.000,71.000,69.000,67.000,67.000,65.000,66.000,91.000,68.000,86.062,58.562,35.000,35.004,34.996,43.445,43.117,40.898,39.123,0.259,50.240,3547.008,3266.284,3533.000,3272.000,0.000,,,,2,1789721446.224,,
3546.914,86.348,87.688,68.688,71.000,68.000,72.000,70.000,75.000,75.000,70.000,67.000,66.000,80.734,67.000,80.734,58.625,35.000,35.004,34.996,43.441,43.121,40.898,35.981,0.285,47.404,3546.344,3281.229,3532.000,3271.000,0.000,,,,2,1789721447.225,,
3547.919,86.379,87.719,68.688,72.000,71.000,79.000,73.000,82.000,69.000,67.000,67.000,66.000,87.312,69.000,87.312,58.562,35.000,35.004,34.996,43.445,43.125,40.898,38.241,0.260,48.967,3537.458,3288.692,3531.000,3270.000,0.000,,,,2,1789721448.230,,
3548.923,86.230,87.570,68.750,70.000,69.000,69.000,71.000,68.000,87.000,67.000,67.000,66.000,87.000,69.000,81.688,58.562,35.000,35.004,34.996,43.445,43.133,40.902,36.160,0.274,48.107,3537.492,3266.699,3532.000,3271.000,0.000,,,,2,1789721449.235,,
3549.928,86.129,87.336,68.688,75.000,71.000,74.000,90.000,68.000,70.000,66.000,66.000,66.000,90.000,71.000,82.969,58.500,35.000,35.004,34.996,43.445,43.137,40.902,36.959,0.282,48.105,3537.354,3266.165,3531.000,3270.000,0.000,,,,2,1789721450.238,,
3550.930,85.891,87.098,68.625,70.000,67.000,70.000,70.000,67.000,67.000,66.000,81.000,66.000,81.000,67.000,78.469,58.562,35.000,35.004,34.996,43.449,43.141,40.902,35.905,0.282,48.341,3554.958,3265.869,3531.000,3270.000,0.000,,,,2,1789721451.240,,
3551.935,85.684,86.891,68.625,73.000,69.000,71.000,71.000,67.000,86.000,66.000,66.000,66.000,86.000,69.000,79.219,58.562,35.000,35.004,34.996,43.449,43.145,40.902,37.885,0.265,45.832,3511.887,3281.020,3530.000,3269.000,0.000,,,,2,1789721452.244,,
3552.939,85.621,86.828,68.688,74.000,68.000,72.000,73.000,67.000,68.000,66.000,77.000,65.000,83.766,68.000,83.766,58.562,35.000,35.004,34.996,43.449,43.148,40.906,34.320,0.272,48.879,3520.507,3280.780,3530.000,3269.000,0.000,,,,2,1789721453.249,,
3553.943,85.418,86.625,68.812,77.000,68.000,70.000,69.000,69.000,65.000,74.000,65.000,67.000,79.109,67.000,79.109,58.562,35.000,35.004,34.996,43.449,43.152,40.906,35.254,0.277,46.185,3519.887,3265.899,3529.000,3268.000,0.000,,,,2,1789721454.252,,
3554.947,85.184,86.391,68.562,76.000,70.000,72.000,71.000,68.000,66.000,65.000,64.000,66.000,77.906,68.000,83.781,58.438,35.000,35.004,34.996,43.453,43.160,40.910,38.613,0.247,46.763,3521.230,3265.928,3530.000,3269.000,0.000,,,,2,1789721455.257,,
3555.952,85.141,86.348,68.688,70.000,76.000,73.000,70.000,68.000,67.000,68.000,65.000,66.000,89.000,69.000,80.844,58.500,35.000,35.004,34.996,43.453,43.164,40.910,36.913,0.259,49.850,3520.782,3266.995,3529.000,3268.000,0.000,,,,2,1789721456.262,,
3556.956,85.004,86.211,68.500,71.000,68.000,71.000,89.000,68.000,69.000,66.000,66.000,66.000,80.844,69.000,84.391,58.438,35.000,35.004,34.996,43.453,43.168,40.910,36.741,0.261,48.756,3520.094,3266.906,3528.000,3267.000,0.000,,,,2,1789721457.265,,
3557.956,84.988,86.195,68.500,70.000,77.000,70.000,72.000,67.000,67.000,67.000,65.000,66.000,89.000,69.000,85.391,58.500,35.000,35.004,34.996,43.457,43.176,40.910,39.097,0.230,47.715,3520.335,3266.847,3529.000,3268.000,0.000,,,,2,1789721458.264,,
3558.961,85.000,86.207,68.688,98.000,72.000,75.000,74.000,69.000,68.000,67.000,66.000,66.000,85.391,72.000,89.156,58.438,35.000,35.004,34.996,43.461,43.195,40.914,40.854,0.246,50.920,3520.473,3265.662,3530.000,3269.000,0.000,,,,2,1789721459.270,,
3559.965,86.039,87.438,68.562,72.000,69.000,91.000,71.000,68.000,67.000,66.000,64.000,66.000,91.000,69.000,87.438,58.500,35.000,35.004,34.996,43.465,43.203,40.914,38.820,0.240,51.916,3520.610,3280.840,3532.000,3271.000,0.000,,,,2,1789721460.277,,
3560.969,86.195,87.422,68.625,85.000,69.000,74.000,72.000,68.000,67.000,66.000,66.000,66.000,85.000,69.000,80.344,58.562,35.000,35.004,34.996,43.473,43.211,40.914,39.553,0.263,51.045,3512.058,3266.847,3533.000,3272.000,0.000,,,,2,1789721461.279,,
3561.973,86.172,87.273,68.688,72.000,74.000,74.000,71.000,76.000,69.000,70.000,67.000,66.000,85.469,69.000,85.469,58.500,35.000,35.004,34.996,43.473,43.219,40.918,36.725,0.275,50.578,3537.249,3265.958,3533.000,3272.000,0.000,,,,2,1789721462.283,,
3562.978,86.164,87.156,68.750,71.000,69.000,71.000,88.000,73.000,69.000,70.000,67.000,67.000,88.000,69.000,85.906,58.625,35.000,35.004,34.996,43.477,43.227,40.918,40.638,0.264,48.155,3528.962,3266.580,3534.000,3273.000,0.000,,,,2,1789721463.292,,
3563.980,86.105,87.000,68.688,71.000,68.000,94.000,71.000,69.000,67.000,66.000,65.000,66.000,94.000,68.000,84.234,58.625,35.000,35.004,34.996,43.480,43.238,40.918,36.709,0.235,52.172,3546.274,3266.254,3535.000,3274.000,0.000,,,,2,1789721464.290,,
3564.984,86.102,86.906,68.812,72.000,85.000,73.000,73.000,71.000,68.000,68.000,66.000,67.000,85.953,72.000,85.953,58.625,35.000,35.004,34.996,43.484,43.246,40.918,41.535,0.251,48.676,3537.458,3265.543,3538.000,3276.000,0.000,,,,2,1789721465.298,,
3565.989,85.922,86.727,68.938,70.000,67.000,75.000,71.000,75.000,67.000,67.000,66.000,66.000,80.422,67.000,80.422,58.625,35.000,35.004,34.996,43.484,43.250,40.918,38.407,0.268,52.898,3545.995,3265.218,3539.000,3277.000,0.000,,,,2,1789721466.300,,
3566.992,85.742,86.547,68.812,69.000,67.000,68.000,70.000,66.000,66.000,81.000,65.000,67.000,81.000,67.000,80.188,58.500,35.000,35.004,34.996,43.488,43.258,40.918,36.635,0.266,50.304,3519.887,3280.451,3539.000,3277.000,0.000,,,,2,1789721467.303,,
3567.994,85.520,86.324,68.750,71.000,77.000,72.000,71.000,69.000,67.000,67.000,66.000,66.000,78.594,70.000,78.594,58.688,35.000,35.004,34.996,43.492,43.266,40.922,35.728,0.276,48.364,3545.785,3265.691,3540.000,3278.000,0.000,,,,2,1789721468.304,,
3568.997,85.383,86.188,68.875,74.000,67.000,71.000,74.000,83.000,68.000,68.000,65.000,66.000,83.000,67.000,81.094,58.688,35.000,35.004,34.996,43.496,43.277,40.922,35.714,0.271,46.816,3520.679,3264.891,3541.000,3279.000,0.000,,,,2,1789721469.307,,
3570.001,85.309,86.113,68.688,73.000,75.000,73.000,80.000,72.000,69.000,72.000,68.000,67.000,83.016,69.000,83.016,58.625,35.000,35.004,34.996,43.500,43.285,40.922,40.704,0.321,47.119,3545.261,3280.093,3543.000,3281.000,0.000,,,,2,1789721470.312,,
3571.002,85.469,86.273,68.938,72.000,69.000,76.000,73.000,95.000,69.000,71.000,67.000,66.000,95.000,69.000,90.031,58.688,35.000,35.004,34.996,43.500,43.297,40.922,39.312,0.301,52.036,3546.134,3286.531,3544.000,3282.000,0.000,,,,2,1789721471.316,,
3572.006,85.633,86.668,69.000,74.000,86.000,76.000,75.000,71.000,70.000,69.000,66.000,66.000,88.750,72.000,88.750,58.750,35.000,35.004,34.996,43.508,43.301,40.926,39.194,0.275,50.587,3546.309,3287.792,3546.000,3284.000,0.000,,,,2,1789721472.318,,
3573.010,87.523,89.023,68.938,74.000,69.000,76.000,73.000,87.000,79.000,72.000,68.000,66.000,93.203,70.000,93.203,58.875,35.000,35.004,34.996,43.512,43.312,40.926,39.753,0.287,50.515,3545.890,3272.073,3546.000,3284.000,0.000,,,,2,1789721473.321,,
3574.014,87.973,89.457,68.938,78.000,79.000,80.000,75.000,77.000,71.000,69.000,70.000,66.000,89.312,72.000,89.312,58.875,35.000,35.004,34.996,43.516,43.316,40.926,41.529,0.292,51.075,3546.728,3280.182,3548.000,3286.000,0.000,,,,2,1789721474.326,,
3575.014,88.383,89.844,69.125,93.000,79.000,86.000,79.000,75.000,74.000,71.000,71.000,67.000,93.000,74.000,89.625,58.812,35.000,35.004,34.996,43.520,43.324,40.926,48.201,0.301,52.826,3545.715,3294.260,3548.000,3286.000,0.000,,,,2,1789721475.323,,
3576.016,88.902,90.371,69.625,83.000,77.000,83.000,85.000,94.000,75.000,76.000,72.000,68.000,94.000,73.000,90.453,58.938,35.000,35.004,34.996,43.520,43.332,40.930,60.793,0.363,59.754,3545.925,3287.461,3549.000,3287.000,0.000,,,,2,1789721476.326,,
3577.020,89.098,90.480,70.312,83.000,80.000,83.000,80.000,77.000,83.000,88.000,72.000,70.000,89.688,72.000,89.688,59.125,35.000,35.004,34.996,43.523,43.340,40.930,58.683,0.354,73.130,3545.855,3294.561,3551.000,3288.000,0.000,,,,2,1789721477.332,,
3578.022,89.043,90.285,70.562,91.000,76.000,80.000,81.000,75.000,76.000,72.000,73.000,68.000,91.000,74.000,87.438,59.375,35.000,35.004,34.996,43.531,43.344,40.930,53.970,0.354,72.838,3546.029,3287.641,3552.000,3289.000,0.000,,,,2,1789721478.332,,
3579.022,89.645,90.945,70.812,92.000,73.000,83.000,78.000,100.000,74.000,74.000,71.000,68.000,100.000,73.000,91.453,59.688,35.000,35.004,34.996,43.531,43.352,40.934,51.063,0.315,66.468,3563.721,3309.371,3552.000,3289.000,0.000,,,,2,1789721479.335,,
3580.023,90.109,91.418,71.000,86.000,75.000,95.000,83.000,80.000,78.000,86.000,76.000,70.000,95.000,74.000,91.500,59.875,35.000,35.004,34.996,43.539,43.355,40.934,59.740,0.327,62.888,3572.031,3287.071,3553.000,3290.000,0.000,,,,2,1789721480.334,,
3581.023,90.004,91.180,71.500,84.000,77.000,87.000,79.000,85.000,80.000,85.000,78.000,70.000,87.000,74.000,86.766,60.188,35.000,35.004,34.996,43.547,43.363,40.938,53.861,0.359,71.379,3546.099,3287.761,3553.000,3290.000,0.000,,,,2,1789721481.333,,
3582.028,90.484,91.836,71.875,94.000,77.000,84.000,82.000,85.000,78.000,79.000,78.000,71.000,94.000,75.000,93.391,60.438,35.000,35.004,34.996,43.551,43.371,40.941,69.107,0.313,66.035,3572.705,3286.471,3554.000,3291.000,0.000,,,,2,1789721482.338,,
3583.030,90.461,91.812,72.312,83.000,85.000,80.000,79.000,80.000,75.000,75.000,80.000,70.000,89.828,75.000,89.828,60.500,35.000,35.004,34.996,43.555,43.379,40.941,51.441,0.332,80.661,3537.701,3294.561,3555.000,3292.000,0.000,,,,2,1789721483.341,,
3584.034,90.461,91.676,72.375,78.000,73.000,79.000,78.000,97.000,74.000,75.000,71.000,69.000,97.000,73.000,90.391,60.688,35.000,35.004,34.996,43.562,43.391,40.945,51.460,0.331,64.093,3572.315,3302.540,3556.000,3293.000,0.000,,,,2,1789721484.345,,
3585.036,90.387,91.602,72.562,81.000,73.000,86.000,77.000,76.000,72.000,80.000,71.000,70.000,88.172,73.000,88.172,60.875,35.000,35.004,34.996,43.566,43.402,40.945,49.436,0.297,65.031,3546.099,3301.268,3559.000,3296.000,0.000,,,,2,1789721485.351,,
3586.039,90.422,91.637,72.688,84.000,89.000,83.000,80.000,76.000,75.000,72.000,72.000,70.000,91.469,78.000,91.469,60.938,35.000,35.004,34.996,43.574,43.414,40.953,51.396,0.291,61.981,3555.169,3286.681,3561.000,3298.000,0.000,,,,2,1789721486.349,,
3587.043,90.410,91.625,72.750,79.000,74.000,95.000,80.000,77.000,75.000,75.000,92.000,71.000,95.000,74.000,90.094,61.062,35.000,35.004,34.996,43.582,43.426,40.957,53.996,0.294,64.225,3545.959,3301.571,3565.000,3301.000,0.000,,,,2,1789721487.354,,
3588.047,90.445,91.660,72.875,82.000,74.000,90.000,81.000,76.000,75.000,75.000,73.000,70.000,91.516,73.000,91.516,61.312,35.000,35.004,34.996,43.586,43.434,40.957,50.654,0.275,67.643,3572.457,3316.078,3567.000,3303.000,0.000,,,,2,1789721488.357,,
3589.050,90.723,92.066,72.938,83.000,75.000,98.000,79.000,79.000,75.000,73.000,71.000,70.000,98.000,74.000,93.234,61.375,35.000,35.004,34.996,43.598,43.449,40.965,47.141,0.261,62.421,3571.818,3287.041,3569.000,3305.000,0.000,,,,2,1789721489.365,,
3590.052,90.695,92.039,72.812,85.000,75.000,86.000,79.000,76.000,73.000,73.000,73.000,70.000,89.953,74.000,89.953,61.312,35.000,35.004,34.996,43.602,43.461,40.969,46.617,0.254,59.410,3572.066,3301.753,3572.000,3308.000,0.000,,,,2,1789721490.363,,
3591.056,91.449,92.887,72.938,78.000,73.000,78.000,77.000,100.000,74.000,75.000,71.000,69.000,100.000,74.000,93.719,61.562,35.000,35.004,34.996,43.613,43.477,40.977,44.980,0.280,58.465,3571.748,3317.208,3575.000,3311.000,0.000,,,,2,1789721491.366,,
3592.060,91.414,92.852,72.875,82.000,88.000,81.000,81.000,76.000,74.000,72.000,71.000,70.000,90.359,77.000,90.359,61.625,35.000,35.004,34.996,43.617,43.488,40.984,45.028,0.317,56.943,3571.712,3316.597,3580.000,3315.000,0.000,,,,2,1789721492.370,,
3593.064,91.453,92.891,72.938,79.000,84.000,80.000,82.000,82.000,76.000,74.000,72.000,70.000,92.688,76.000,92.688,61.562,35.000,35.004,34.996,43.625,43.504,40.988,50.122,0.272,57.056,3580.451,3317.208,3583.000,3322.000,0.000,,,,2,1789721493.373,,
3594.068,91.438,92.875,73.125,82.000,89.000,81.000,80.000,77.000,76.000,73.000,72.000,70.000,90.984,77.000,90.984,61.688,35.000,35.004,34.996,43.633,43.516,40.996,47.139,0.296,62.124,3581.198,3317.972,3591.000,3325.000,0.000,,,,2,1789721494.376,,
3595.072,91.453,92.891,73.125,79.000,73.000,87.000,80.000,76.000,74.000,75.000,71.000,70.000,91.906,73.000,91.906,61.750,35.000,35.004,34.996,43.645,43.531,41.004,43.932,0.331,54.782,3580.487,3317.086,3595.000,3329.000,0.000,,,,2,1789721495.384,,
3596.074,91.391,92.828,73.000,87.000,75.000,77.000,87.000,73.000,73.000,72.000,71.000,69.000,89.453,75.000,89.453,61.750,35.000,35.004,34.996,43.652,43.547,41.012,42.327,0.311,54.017,3597.770,3326.157,3599.000,3333.000,0.000,,,,2,1789721496.383,,
3597.078,91.301,92.738,73.000,79.000,72.000,84.000,78.000,80.000,83.000,72.000,71.000,69.000,88.531,73.000,88.531,61.750,35.000,35.004,34.996,43.664,43.559,41.020,41.242,0.300,52.085,3597.805,3331.853,3602.000,3336.000,0.000,,,,2,1789721497.387,,
3598.078,91.207,92.645,72.812,80.000,82.000,88.000,79.000,74.000,74.000,71.000,72.000,69.000,88.297,75.000,88.297,61.875,35.000,35.004,34.996,43.672,43.574,41.027,40.641,0.304,52.594,3598.344,3324.683,3607.000,3340.000,0.000,,,,2,1789721498.387,,
3599.083,91.262,92.699,72.812,81.000,74.000,79.000,91.000,79.000,74.000,73.000,71.000,69.000,92.922,75.000,92.922,61.750,35.000,35.004,34.996,43.680,43.590,41.039,42.078,0.301,53.160,3597.770,3346.191,3611.000,3344.000,0.000,,,,2,1789721499.393,,
