t,mode,cpu,gpu,chassis,power,leading,die,demand,output,rpm
0.00,active,63.78,51.35,37.97,37.36,power,cpu,28.72,0.26,1846/1709
0.50,active,63.78,51.35,37.97,37.51,power,cpu,29.02,12.83,2321/2149
1.01,active,63.68,51.50,37.98,37.35,power,cpu,28.71,25.43,2797/2590
1.51,active,63.61,51.61,37.98,37.31,power,cpu,28.61,28.61,2918/2701
2.01,active,63.45,51.70,37.98,36.96,power,cpu,27.93,28.61,2918/2701
2.51,active,63.33,51.76,37.98,36.30,power,cpu,26.60,28.61,2918/2701
3.01,active,63.13,51.82,37.99,35.57,power,cpu,25.15,28.61,2918/2701
3.52,active,62.98,51.86,37.99,34.88,power,cpu,23.77,28.61,2918/2701
4.01,active,62.86,51.89,38.00,34.61,power,cpu,23.22,28.61,2918/2701
4.51,active,62.76,51.91,38.00,34.20,power,cpu,22.41,28.61,2918/2701
5.02,active,62.59,51.93,38.01,33.44,power,cpu,20.89,28.61,2918/2701
5.52,active,62.46,51.95,38.01,32.71,power,cpu,19.43,28.61,2918/2701
6.03,active,62.32,51.96,38.02,32.04,power,cpu,18.09,28.61,2918/2701
6.53,active,62.21,51.97,38.03,31.40,power,cpu,16.81,28.61,2918/2701
7.03,active,62.09,51.98,38.03,30.63,power,cpu,15.26,28.61,2918/2701
7.54,active,61.99,51.98,38.04,29.90,power,cpu,13.79,28.61,2918/2701
8.04,active,61.86,51.97,38.05,29.18,power,cpu,12.36,28.61,2918/2701
8.55,active,61.76,51.97,38.05,28.49,power,cpu,10.99,28.61,2918/2701
9.05,active,61.65,52.00,38.06,28.02,power,cpu,10.04,28.61,2918/2701
9.55,active,61.55,52.03,38.06,27.52,power,cpu,9.04,28.61,2918/2701
10.05,active,61.44,52.06,38.07,26.93,power,cpu,7.86,28.61,2918/2701
10.56,active,61.36,52.08,38.08,26.47,power,cpu,6.93,28.61,2918/2701
11.06,active,61.24,52.11,38.08,25.89,power,cpu,5.77,28.61,2918/2701
11.56,active,61.14,52.13,38.09,25.33,power,cpu,4.67,28.61,2918/2701
12.06,active,61.04,52.15,38.10,24.98,power,cpu,3.96,28.61,2918/2701
12.56,active,60.95,52.17,38.10,24.64,power,cpu,3.28,28.61,2918/2701
13.06,active,60.85,52.19,38.11,24.17,power,cpu,2.35,28.61,2918/2701
13.57,active,60.78,52.21,38.11,23.73,hotspot,cpu,1.94,28.61,2918/2701
14.07,active,60.68,52.23,38.12,23.35,hotspot,cpu,1.70,28.61,2918/2701
14.58,active,60.60,52.24,38.13,22.99,hotspot,cpu,1.51,28.61,2918/2701
15.08,active,60.52,52.25,38.13,22.79,hotspot,cpu,1.29,28.61,2918/2701
15.58,active,60.45,52.26,38.14,22.60,hotspot,cpu,1.12,28.61,2918/2701
16.08,active,60.36,52.28,38.15,22.31,hotspot,cpu,0.91,28.61,2918/2701
16.59,active,60.30,52.29,38.15,22.18,hotspot,cpu,0.74,28.61,2918/2701
17.09,active,60.20,52.30,38.16,21.79,hotspot,cpu,0.50,28.61,2918/2701
17.59,active,60.12,52.31,38.16,21.42,hotspot,cpu,0.31,28.61,2918/2701
18.10,active,60.03,52.32,38.17,21.26,hotspot,cpu,0.07,28.61,2918/2701
18.60,active,59.96,52.32,38.17,21.10,hotspot,cpu,0.00,28.61,2918/2701
19.11,active,59.87,52.33,38.18,20.76,hotspot,cpu,0.00,28.61,2918/2701
19.61,active,59.76,52.34,38.19,20.50,hotspot,cpu,0.00,28.61,2918/2701
20.11,active,59.67,52.35,38.19,20.26,hotspot,cpu,0.00,28.61,2918/2701
20.61,active,59.61,52.35,38.20,20.02,hotspot,cpu,0.00,28.61,2918/2701
21.11,active,59.50,52.36,38.21,19.94,hotspot,cpu,0.00,28.61,2918/2701
21.62,active,59.42,52.37,38.21,19.89,hotspot,cpu,0.00,27.61,2918/2701
22.12,active,59.34,52.37,38.22,19.80,hotspot,cpu,0.00,26.60,2918/2701
22.62,active,59.23,52.38,38.22,19.56,hotspot,cpu,0.00,25.59,2803/2596
23.12,active,59.15,52.38,38.23,19.33,hotspot,cpu,0.00,24.59,2803/2596
23.62,active,59.08,52.38,38.23,19.27,hotspot,cpu,0.00,23.59,2803/2596
24.13,active,59.00,52.38,38.24,19.22,hotspot,cpu,0.00,22.58,2689/2490
24.63,active,58.94,52.39,38.25,19.17,hotspot,cpu,0.00,21.58,2689/2490
25.14,active,58.87,52.39,38.25,19.11,hotspot,cpu,0.00,20.57,2689/2490
25.64,active,58.77,52.40,38.26,18.87,hotspot,cpu,0.00,19.56,2575/2384
26.14,active,58.69,52.41,38.26,18.64,hotspot,cpu,0.00,18.56,2575/2384
26.64,active,58.76,52.41,38.26,18.67,hotspot,cpu,0.00,17.55,2575/2384
27.14,active,58.81,52.42,38.27,18.71,hotspot,cpu,0.00,16.55,2462/2279
27.65,active,58.69,52.43,38.27,18.68,hotspot,cpu,0.00,15.54,2462/2279
28.15,active,58.59,52.43,38.28,18.57,hotspot,cpu,0.00,14.53,2462/2279
28.66,active,58.48,52.42,38.28,18.42,hotspot,cpu,0.00,13.52,2347/2173
29.16,active,58.39,52.41,38.29,18.27,hotspot,cpu,0.00,12.51,2347/2173
29.67,active,58.30,52.40,38.29,18.24,hotspot,cpu,0.00,11.50,2347/2173
30.17,active,58.22,52.40,38.30,18.21,hotspot,cpu,0.00,10.50,2233/2067
30.67,active,58.11,52.40,38.30,18.21,hotspot,cpu,0.00,9.49,2233/2067
31.18,active,58.03,52.40,38.31,18.07,hotspot,cpu,0.00,8.48,2233/2067
31.68,active,57.93,52.40,38.31,17.89,hotspot,cpu,0.00,7.48,2119/1962
32.18,active,57.85,52.40,38.32,17.71,hotspot,cpu,0.00,6.48,2119/1962
32.68,active,57.76,52.40,38.32,17.77,hotspot,cpu,0.00,5.48,2119/1962
33.18,active,57.70,52.41,38.32,17.82,hotspot,cpu,0.00,4.48,2005/1857
33.68,active,57.63,52.41,38.33,17.86,hotspot,cpu,0.00,3.48,2005/1857
34.19,active,57.57,52.42,38.33,17.89,hotspot,cpu,0.00,2.47,2005/1857
34.69,active,57.50,52.41,38.34,17.74,hotspot,cpu,0.00,1.46,1891/1751
35.20,active,57.44,52.41,38.34,17.59,hotspot,cpu,0.00,0.45,1891/1751
35.70,active,57.37,52.41,38.34,17.60,hotspot,cpu,0.00,0.00,1836/1700
36.20,active,57.32,52.41,38.35,17.60,hotspot,cpu,0.00,0.00,1836/1700
36.70,active,57.26,52.42,38.35,17.60,hotspot,cpu,0.00,0.00,1836/1700
37.21,active,57.21,52.42,38.36,17.46,hotspot,cpu,0.00,0.00,1836/1700
37.71,active,57.14,52.43,38.36,17.40,hotspot,cpu,0.00,0.00,1836/1700
38.21,active,57.09,52.43,38.36,17.35,hotspot,cpu,0.00,0.00,1836/1700
38.71,active,57.04,52.42,38.37,17.41,hotspot,cpu,0.00,0.00,1836/1700
39.21,active,56.99,52.41,38.37,17.47,hotspot,cpu,0.00,0.00,1836/1700
39.72,active,57.00,52.41,38.38,17.49,hotspot,cpu,0.00,0.00,1836/1700
40.22,active,57.00,52.40,38.38,17.45,hotspot,cpu,0.00,0.00,1836/1700
40.72,active,56.90,52.40,38.38,17.44,hotspot,cpu,0.00,0.00,1836/1700
41.23,active,56.82,52.40,38.39,17.42,hotspot,cpu,0.00,0.00,1836/1700
41.73,active,56.74,52.40,38.39,17.46,hotspot,cpu,0.00,0.00,1836/1700
42.23,active,56.68,52.41,38.39,17.49,hotspot,cpu,0.00,0.00,1836/1700
42.73,active,56.62,52.41,38.40,17.45,hotspot,cpu,0.00,0.00,1836/1700
43.24,active,56.57,52.41,38.40,17.35,hotspot,cpu,0.00,0.00,1836/1700
43.74,active,56.51,52.42,38.40,17.25,hotspot,cpu,0.00,0.00,1836/1700
44.24,active,56.45,52.43,38.41,17.16,hotspot,cpu,0.00,0.00,1836/1700
44.74,active,56.40,52.44,38.41,17.17,hotspot,cpu,0.00,0.00,1836/1700
45.25,active,56.35,52.45,38.41,17.18,hotspot,cpu,0.00,0.00,1836/1700
45.75,active,56.30,52.45,38.42,17.08,hotspot,cpu,0.00,0.00,1836/1700
46.25,active,56.26,52.46,38.42,17.03,hotspot,cpu,0.00,0.00,1836/1700
46.75,active,56.21,52.46,38.42,16.94,hotspot,cpu,0.00,0.00,1836/1700
47.26,active,56.17,52.47,38.43,16.84,hotspot,cpu,0.00,0.00,1836/1700
47.76,active,56.12,52.47,38.43,16.90,hotspot,cpu,0.00,0.00,1836/1700
48.26,active,56.08,52.48,38.43,16.95,hotspot,cpu,0.00,0.00,1836/1700
48.76,active,56.04,52.48,38.44,16.90,hotspot,cpu,0.00,0.00,1836/1700
49.27,active,56.00,52.48,38.44,17.01,hotspot,cpu,0.00,0.00,1836/1700
49.77,active,55.96,52.47,38.44,16.96,hotspot,cpu,0.00,0.00,1836/1700
50.27,active,55.92,52.47,38.45,16.92,hotspot,cpu,0.00,0.00,1836/1700
50.77,active,55.86,52.46,38.45,16.98,hotspot,cpu,0.00,0.00,1836/1700
51.28,active,55.81,52.46,38.45,17.04,hotspot,cpu,0.00,0.00,1836/1700
51.78,active,55.75,52.46,38.45,17.08,hotspot,cpu,0.00,0.00,1836/1700
52.28,active,55.71,52.46,38.46,16.97,hotspot,cpu,0.00,0.00,1836/1700
52.78,active,56.22,52.47,38.46,16.99,hotspot,cpu,0.00,0.00,1836/1700
53.29,active,56.62,52.47,38.46,17.02,hotspot,cpu,0.00,0.00,1836/1700
53.79,active,56.36,52.47,38.47,17.22,hotspot,cpu,0.00,0.00,1836/1700
54.30,active,56.17,52.47,38.47,17.40,hotspot,cpu,0.00,0.00,1836/1700
54.80,active,56.00,52.47,38.47,17.35,hotspot,cpu,0.00,0.00,1836/1700
55.30,active,55.87,52.48,38.47,17.21,hotspot,cpu,0.00,0.00,1836/1700
55.80,active,55.76,52.48,38.48,17.11,hotspot,cpu,0.00,0.00,1836/1700
56.31,active,55.67,52.48,38.48,17.02,hotspot,cpu,0.00,0.00,1836/1700
56.81,active,55.58,52.49,38.48,17.05,hotspot,cpu,0.00,0.00,1836/1700
57.31,active,55.52,52.49,38.48,17.08,hotspot,cpu,0.00,0.00,1836/1700
57.81,active,55.46,52.49,38.49,17.14,hotspot,cpu,0.00,0.00,1836/1700
58.32,active,55.42,52.49,38.49,17.10,hotspot,cpu,0.00,0.00,1836/1700
58.82,active,55.37,52.48,38.49,17.02,hotspot,cpu,0.00,0.00,1836/1700
59.32,active,55.34,52.47,38.49,16.94,hotspot,cpu,0.00,0.00,1836/1700
59.82,active,55.30,52.47,38.50,17.06,hotspot,cpu,0.00,0.00,1836/1700
60.33,active,55.27,52.46,38.50,17.17,hotspot,cpu,0.00,0.00,1836/1700
60.83,active,55.24,52.47,38.50,17.15,hotspot,cpu,0.00,0.00,1836/1700
61.33,active,55.21,52.47,38.51,17.13,hotspot,cpu,0.00,0.00,1836/1700
61.83,active,55.18,52.47,38.51,17.01,hotspot,cpu,0.00,0.00,1836/1700
62.34,active,55.15,52.47,38.51,16.90,hotspot,cpu,0.00,0.00,1836/1700
62.84,active,55.12,52.48,38.51,16.94,hotspot,cpu,0.00,0.00,1836/1700
63.34,active,55.10,52.48,38.52,16.98,hotspot,cpu,0.00,0.00,1836/1700
63.84,active,55.06,52.48,38.52,16.83,hotspot,cpu,0.00,0.00,1836/1700
64.35,active,55.04,52.48,38.52,16.69,hotspot,cpu,0.00,0.00,1836/1700
64.85,active,55.01,52.49,38.52,16.64,hotspot,cpu,0.00,0.00,1836/1700
65.35,active,54.99,52.49,38.53,16.60,hotspot,cpu,0.00,0.00,1836/1700
65.85,active,54.96,52.49,38.53,16.69,hotspot,cpu,0.00,0.00,1836/1700
66.36,active,54.94,52.49,38.53,16.77,hotspot,cpu,0.00,0.00,1836/1700
66.86,active,54.92,52.50,38.53,16.74,hotspot,cpu,0.00,0.00,1836/1700
67.36,active,54.91,52.50,38.54,16.72,hotspot,cpu,0.00,0.00,1836/1700
67.87,active,54.89,52.50,38.54,16.63,hotspot,cpu,0.00,0.00,1836/1700
68.37,active,54.87,52.50,38.54,16.55,hotspot,cpu,0.00,0.00,1836/1700
68.87,active,54.84,52.50,38.54,16.58,hotspot,cpu,0.00,0.00,1836/1700
69.37,active,54.83,52.49,38.54,16.62,hotspot,cpu,0.00,0.00,1836/1700
69.88,active,54.81,52.49,38.55,16.54,hotspot,cpu,0.00,0.00,1836/1700
70.38,active,54.80,52.49,38.55,16.46,hotspot,cpu,0.00,0.00,1836/1700
70.88,active,54.76,52.49,38.55,16.41,hotspot,cpu,0.00,0.00,1836/1700
71.38,active,54.72,52.49,38.55,16.37,hotspot,cpu,0.00,0.00,1836/1700
71.89,active,54.70,52.49,38.56,16.47,hotspot,cpu,0.00,0.00,1836/1700
72.39,active,54.68,52.49,38.56,16.56,hotspot,cpu,0.00,0.00,1836/1700
72.89,active,54.66,52.49,38.56,16.56,hotspot,cpu,0.00,0.00,1836/1700
73.40,active,54.65,52.49,38.56,16.56,hotspot,cpu,0.00,0.00,1836/1700
73.90,active,54.64,52.50,38.57,16.51,hotspot,cpu,0.00,0.00,1836/1700
74.40,active,54.63,52.50,38.57,16.46,hotspot,cpu,0.00,0.00,1836/1700
74.91,active,54.62,52.50,38.57,16.51,hotspot,cpu,0.00,0.00,1836/1700
75.41,active,54.61,52.50,38.57,16.55,hotspot,cpu,0.00,0.00,1836/1700
75.91,active,54.60,52.50,38.57,16.56,hotspot,cpu,0.00,0.00,1836/1700
76.41,active,54.59,52.50,38.58,16.47,hotspot,cpu,0.00,0.00,1836/1700
76.91,active,54.57,52.50,38.58,16.43,hotspot,cpu,0.00,0.00,1836/1700
77.42,active,54.56,52.50,38.58,16.39,hotspot,cpu,0.00,0.00,1836/1700
77.92,active,54.54,52.51,38.58,16.43,hotspot,cpu,0.00,0.00,1836/1700
78.42,active,54.53,52.52,38.58,16.46,hotspot,cpu,0.00,0.00,1836/1700
78.93,active,54.51,52.53,38.59,16.34,hotspot,cpu,0.00,0.00,1836/1700
79.43,active,54.50,52.53,38.59,16.22,hotspot,cpu,0.00,0.00,1836/1700
79.93,active,54.49,52.53,38.59,16.20,hotspot,cpu,0.00,0.00,1836/1700
80.44,active,54.48,52.54,38.59,16.17,hotspot,cpu,0.00,0.00,1836/1700
80.94,active,54.54,52.55,38.59,16.34,hotspot,cpu,0.00,0.00,1836/1700
81.44,active,54.58,52.55,38.60,16.51,hotspot,cpu,0.00,0.00,1836/1700
81.94,active,54.58,52.56,38.60,16.44,hotspot,cpu,0.00,0.00,1836/1700
82.45,active,54.58,52.56,38.60,16.39,hotspot,cpu,0.00,0.00,1836/1700
82.95,active,54.57,52.57,38.60,16.33,hotspot,cpu,0.00,0.00,1836/1700
83.45,active,54.56,52.57,38.60,16.27,hotspot,cpu,0.00,0.00,1836/1700
83.95,active,54.56,52.58,38.61,16.35,hotspot,cpu,0.00,0.00,1836/1700
84.45,active,54.56,52.58,38.61,16.42,hotspot,cpu,0.00,0.00,1836/1700
84.95,active,54.55,52.60,38.61,16.32,hotspot,cpu,0.00,0.00,1836/1700
85.45,active,54.55,52.61,38.61,16.24,hotspot,cpu,0.00,0.00,1836/1700
85.96,active,54.55,52.61,38.61,16.19,hotspot,cpu,0.00,0.00,1836/1700
86.46,active,54.54,52.62,38.62,16.14,hotspot,cpu,0.00,0.00,1836/1700
86.96,active,54.54,52.63,38.62,16.25,hotspot,cpu,0.00,0.00,1836/1700
87.46,active,54.54,52.64,38.62,16.35,hotspot,cpu,0.00,0.00,1836/1700
87.96,active,54.54,52.65,38.62,16.25,hotspot,cpu,0.00,0.00,1836/1700
88.47,active,54.54,52.66,38.62,16.15,hotspot,cpu,0.00,0.00,1836/1700
88.97,active,54.54,52.66,38.63,16.11,hotspot,cpu,0.00,0.00,1836/1700
89.47,active,54.54,52.66,38.63,16.07,hotspot,cpu,0.00,0.00,1836/1700
89.97,active,54.54,52.66,38.63,16.17,hotspot,cpu,0.00,0.00,1836/1700
90.48,active,54.54,52.66,38.63,16.26,hotspot,cpu,0.00,0.00,1836/1700
90.98,active,54.53,52.67,38.63,16.18,hotspot,cpu,0.00,0.00,1836/1700
91.48,active,54.53,52.67,38.63,16.10,hotspot,cpu,0.00,0.00,1836/1700
91.98,active,54.52,52.67,38.64,16.02,hotspot,cpu,0.00,0.00,1836/1700
92.48,active,54.50,52.67,38.64,15.95,hotspot,cpu,0.00,0.00,1836/1700
92.98,active,54.50,52.68,38.64,16.08,hotspot,cpu,0.00,0.00,1836/1700
93.48,active,54.50,52.68,38.64,16.21,hotspot,cpu,0.00,0.00,1836/1700
93.99,active,54.50,52.68,38.64,16.13,hotspot,cpu,0.00,0.00,1836/1700
94.49,active,54.50,52.69,38.64,16.05,hotspot,cpu,0.00,0.00,1836/1700
94.99,active,54.49,52.69,38.65,16.02,hotspot,cpu,0.00,0.00,1836/1700
95.50,active,54.49,52.69,38.65,15.99,hotspot,cpu,0.00,0.00,1836/1700
96.00,active,54.49,52.70,38.65,16.08,hotspot,cpu,0.00,0.00,1836/1700
96.50,active,54.49,52.70,38.65,16.16,hotspot,cpu,0.00,0.00,1836/1700
97.01,active,54.50,52.71,38.65,16.13,hotspot,cpu,0.00,0.00,1836/1700
97.51,active,54.50,52.72,38.66,16.10,hotspot,cpu,0.00,0.00,1836/1700
98.01,active,54.50,52.73,38.66,16.03,hotspot,cpu,0.00,0.00,1836/1700
98.51,active,54.50,52.73,38.66,15.97,hotspot,cpu,0.00,0.00,1836/1700
99.01,active,54.50,52.73,38.66,16.05,hotspot,cpu,0.00,0.00,1836/1700
99.51,active,54.50,52.73,38.66,16.12,hotspot,cpu,0.00,0.00,1836/1700
100.02,active,54.50,52.74,38.66,16.12,hotspot,cpu,0.00,0.00,1836/1700
100.52,active,54.51,52.74,38.67,16.13,hotspot,cpu,0.00,0.00,1836/1700
101.02,active,54.51,52.74,38.67,16.08,hotspot,cpu,0.00,0.00,1836/1700
101.53,active,54.50,52.74,38.67,16.03,hotspot,cpu,0.00,0.00,1836/1700
102.03,active,54.51,52.75,38.67,16.16,hotspot,cpu,0.00,0.00,1836/1700
102.53,active,54.51,52.76,38.67,16.28,hotspot,cpu,0.00,0.00,1836/1700
103.04,active,54.52,52.76,38.67,16.21,hotspot,cpu,0.00,0.00,1836/1700
103.54,active,54.52,52.77,38.68,16.15,hotspot,cpu,0.00,0.00,1836/1700
104.04,active,55.73,52.78,38.68,16.11,hotspot,cpu,0.00,0.00,1836/1700
104.54,active,56.68,52.79,38.68,16.07,hotspot,cpu,0.00,0.00,1836/1700
105.04,active,56.16,52.80,38.68,16.16,hotspot,cpu,0.00,0.00,1836/1700
105.55,active,55.76,52.81,38.68,16.24,hotspot,cpu,0.00,0.00,1836/1700
106.05,active,55.46,52.82,38.68,16.16,hotspot,cpu,0.00,0.00,1836/1700
106.55,active,55.22,52.83,38.69,16.08,hotspot,cpu,0.00,0.00,1836/1700
107.05,active,55.02,52.84,38.69,16.02,hotspot,cpu,0.00,0.00,1836/1700
107.56,active,54.87,52.85,38.69,15.96,hotspot,cpu,0.00,0.00,1836/1700
108.06,active,55.12,52.86,38.69,16.04,hotspot,cpu,0.00,0.00,1836/1700
108.56,active,55.31,52.87,38.69,16.11,hotspot,cpu,0.00,0.00,1836/1700
109.06,active,55.47,52.86,38.69,16.10,hotspot,cpu,0.00,0.00,1836/1700
109.56,active,55.58,52.86,38.70,16.13,hotspot,cpu,0.00,0.00,1836/1700
110.07,active,55.45,52.86,38.70,16.08,hotspot,cpu,0.00,0.00,1836/1700
110.57,active,55.35,52.85,38.70,16.04,hotspot,cpu,0.00,0.00,1836/1700
111.07,active,55.50,52.85,38.70,16.12,hotspot,cpu,0.00,0.00,1836/1700
111.57,active,55.61,52.86,38.70,16.19,hotspot,cpu,0.00,0.00,1836/1700
112.07,active,55.70,52.86,38.70,16.12,hotspot,cpu,0.00,0.00,1836/1700
112.57,active,55.76,52.86,38.71,16.20,hotspot,cpu,0.00,0.00,1836/1700
113.07,active,55.46,52.87,38.71,16.10,hotspot,cpu,0.00,0.00,1836/1700
113.58,active,55.22,52.88,38.71,16.01,hotspot,cpu,0.00,0.00,1836/1700
114.08,active,55.44,52.88,38.71,16.51,hotspot,cpu,0.00,0.00,1836/1700
114.58,active,55.62,52.89,38.71,16.99,hotspot,cpu,0.00,0.00,1836/1700
115.08,active,55.48,52.90,38.71,16.86,hotspot,cpu,0.00,0.00,1836/1700
115.58,active,55.37,52.91,38.71,16.88,hotspot,cpu,0.00,0.00,1836/1700
116.09,active,55.25,52.91,38.72,16.78,hotspot,cpu,0.00,0.00,1836/1700
116.59,active,56.53,52.91,38.72,16.68,hotspot,cpu,0.00,0.00,1836/1700
117.09,active,57.52,52.91,38.72,16.77,hotspot,cpu,0.00,0.00,1836/1700
117.60,active,58.29,52.92,38.72,16.85,hotspot,cpu,0.00,0.00,1836/1700
118.10,active,57.78,52.93,38.73,16.78,hotspot,cpu,0.00,0.00,1836/1700
118.60,active,58.72,52.93,38.73,16.86,hotspot,cpu,0.00,0.00,1836/1700
119.11,active,59.45,52.93,38.73,16.86,hotspot,cpu,0.00,0.00,1836/1700
119.61,active,62.90,52.94,38.73,18.77,hotspot,cpu,7.24,7.24,2110/1953
120.11,active,65.59,52.96,38.74,20.59,hotspot,cpu,13.98,13.98,2364/2189
120.61,active,68.13,52.97,38.74,23.04,hotspot,cpu,20.32,20.32,2604/2411
121.12,active,70.10,52.98,38.74,25.23,hotspot,cpu,25.26,25.26,2791/2584
121.62,active,71.65,52.99,38.74,27.46,hotspot,cpu,29.12,29.12,2937/2719
122.13,active,72.84,53.44,38.75,29.57,hotspot,cpu,33.35,33.35,3097/2867
122.63,active,73.98,54.00,38.75,31.61,hotspot,cpu,37.93,37.93,3270/3028
123.13,active,74.87,54.45,38.75,33.54,hotspot,cpu,41.48,41.48,3404/3152
123.63,active,75.93,55.01,38.75,35.45,hotspot,cpu,45.73,45.73,3565/3301
124.14,active,76.77,55.46,38.76,37.13,hotspot,cpu,49.06,49.06,3691/3417
124.64,active,77.32,55.80,38.76,38.74,hotspot,cpu,51.30,51.30,3691/3417
125.14,active,77.76,56.07,38.76,40.32,hotspot,cpu,53.03,53.03,3840/3556
125.64,active,78.34,56.72,38.77,41.73,hotspot,cpu,55.38,55.38,3840/3556
126.14,active,78.80,57.22,38.77,43.07,hotspot,cpu,57.21,57.21,3999/3702
126.64,active,79.51,57.62,38.78,44.54,hotspot,cpu,60.04,60.04,3999/3702
127.15,active,80.06,57.92,38.78,45.70,hotspot,cpu,62.25,62.25,4189/3879
127.65,active,80.55,58.20,38.78,46.73,hotspot,cpu,64.18,64.18,4189/3879
128.15,active,80.92,58.42,38.79,47.71,hotspot,cpu,65.69,65.69,4319/3999
128.65,active,81.37,58.77,38.80,48.69,hotspot,cpu,67.46,67.46,4319/3999
129.16,active,81.71,59.04,38.80,49.62,hotspot,cpu,68.85,68.85,4439/4110
129.66,active,82.12,59.48,38.81,50.50,hotspot,cpu,70.62,70.62,4439/4110
130.16,active,82.45,59.82,38.81,51.39,hotspot,cpu,72.23,72.23,4566/4228
130.66,active,82.86,60.16,38.82,52.21,hotspot,cpu,74.29,74.29,4566/4228
131.16,active,83.18,60.43,38.83,52.94,hotspot,cpu,75.90,75.90,4705/4357
131.66,active,83.55,60.79,38.84,53.73,hotspot,cpu,77.75,77.75,4705/4357
132.17,active,83.84,61.07,38.85,54.43,hotspot,cpu,79.19,79.19,4829/4472
132.67,active,84.19,61.50,38.86,55.02,hotspot,cpu,80.97,80.97,4829/4472
133.18,active,84.47,61.84,38.87,55.57,hotspot,cpu,82.35,82.35,4949/4582
133.68,active,84.80,62.19,38.88,56.14,hotspot,cpu,84.01,84.01,4949/4582
134.18,active,85.06,62.46,38.88,56.68,hotspot,cpu,85.29,85.29,4949/4582
134.68,active,85.34,62.82,38.90,57.24,hotspot,cpu,86.72,86.72,5114/4735
135.18,active,85.57,63.10,38.91,57.78,hotspot,cpu,87.83,87.83,5114/4735
135.68,active,85.84,63.42,38.92,58.21,hotspot,cpu,89.21,89.21,5114/4735
136.18,active,86.06,63.67,38.93,58.71,hotspot,cpu,90.28,90.28,5249/4860
136.68,active,86.31,63.93,38.94,59.16,hotspot,cpu,91.57,91.57,5249/4860
137.19,active,86.52,64.14,38.95,59.65,hotspot,cpu,92.58,92.58,5249/4860
137.69,active,86.76,64.40,38.97,60.15,hotspot,cpu,93.79,93.79,5381/4983
138.19,active,86.95,64.61,38.98,60.63,hotspot,cpu,94.74,94.74,5381/4983
138.69,active,88.07,64.92,39.00,61.14,hotspot,cpu,100.00,100.00,5616/5200
139.20,active,88.94,65.16,39.01,61.83,hotspot,cpu,100.00,100.00,5616/5200
139.70,active,89.67,65.45,39.03,62.76,hotspot,cpu,100.00,100.00,5616/5200
140.20,active,90.23,65.67,39.04,63.65,hotspot,cpu,100.00,100.00,5616/5200
140.70,active,91.06,65.98,39.06,64.51,hotspot,cpu,100.00,100.00,5616/5200
141.21,active,91.72,66.22,39.07,65.39,hotspot,cpu,100.00,100.00,5616/5200
141.71,active,92.45,66.61,39.09,66.23,hotspot,cpu,100.00,100.00,5616/5200
142.21,active,93.02,66.92,39.11,66.89,hotspot,cpu,100.00,100.00,5616/5200
142.71,active,93.68,67.23,39.13,67.60,hotspot,cpu,100.00,100.00,5616/5200
143.21,active,94.19,67.47,39.14,68.33,hotspot,cpu,100.00,100.00,5616/5200
143.71,active,94.66,67.81,39.16,69.00,hotspot,cpu,100.00,100.00,5616/5200
144.22,active,95.02,68.07,39.18,69.69,hotspot,cpu,100.00,100.00,5616/5200
144.72,active,95.52,68.50,39.20,70.15,hotspot,cpu,100.00,100.00,5616/5200
145.22,active,95.91,68.83,39.22,70.79,hotspot,cpu,100.00,100.00,5616/5200
145.72,active,96.37,69.15,39.24,71.41,hotspot,cpu,100.00,100.00,5616/5200
146.22,active,96.73,69.39,39.26,71.95,hotspot,cpu,100.00,100.00,5616/5200
146.73,active,97.11,69.75,39.29,72.53,hotspot,cpu,100.00,100.00,5616/5200
147.23,active,97.40,70.03,39.31,73.02,hotspot,cpu,100.00,100.00,5616/5200
147.73,active,97.73,70.33,39.33,73.50,hotspot,cpu,100.00,100.00,5616/5200
148.23,active,97.99,70.56,39.35,73.96,hotspot,cpu,100.00,100.00,5616/5200
148.74,active,98.30,70.81,39.38,74.39,hotspot,cpu,100.00,100.00,5616/5200
149.24,active,98.53,71.00,39.40,74.85,hotspot,cpu,100.00,100.00,5616/5200
149.74,active,98.80,71.27,39.42,75.30,hotspot,cpu,100.00,100.00,5616/5200
150.24,active,99.00,71.47,39.45,75.73,hotspot,cpu,100.00,100.00,5616/5200
150.75,active,99.23,71.81,39.47,76.06,hotspot,cpu,100.00,100.00,5616/5200
151.25,active,99.40,72.08,39.50,76.28,hotspot,cpu,100.00,100.00,5616/5200
151.75,active,99.60,72.28,39.52,76.67,hotspot,cpu,100.00,100.00,5616/5200
152.25,active,99.75,72.43,39.55,77.00,hotspot,cpu,100.00,100.00,5616/5200
152.76,active,99.91,72.64,39.58,77.40,hotspot,cpu,100.00,100.00,5616/5200
153.26,active,100.04,72.80,39.60,77.73,hotspot,cpu,100.00,100.00,5616/5200
153.76,active,100.22,73.07,39.63,78.08,hotspot,cpu,100.00,100.00,5616/5200
154.26,active,100.36,73.27,39.65,78.30,hotspot,cpu,100.00,100.00,5616/5200
154.77,active,100.40,73.44,39.69,78.01,hotspot,cpu,100.00,100.00,5616/5200
155.27,active,100.44,73.57,39.71,77.74,hotspot,cpu,100.00,100.00,5616/5200
155.77,active,100.40,73.74,39.74,77.44,hotspot,cpu,100.00,100.00,5616/5200
156.27,active,100.37,73.88,39.77,77.21,hotspot,cpu,100.00,100.00,5616/5200
156.77,active,100.36,74.03,39.80,77.23,hotspot,cpu,100.00,100.00,5616/5200
157.28,active,100.36,74.15,39.83,77.34,hotspot,cpu,100.00,100.00,5616/5200
157.78,active,100.37,74.28,39.86,77.52,hotspot,cpu,100.00,100.00,5616/5200
158.28,active,100.38,74.37,39.89,77.73,hotspot,cpu,100.00,100.00,5616/5200
158.78,active,100.40,74.45,39.92,77.91,hotspot,cpu,100.00,100.00,5616/5200
159.28,active,100.42,74.51,39.95,78.09,hotspot,cpu,100.00,100.00,5616/5200
159.78,active,100.40,74.62,39.98,77.92,hotspot,cpu,100.00,100.00,5616/5200
160.28,active,100.38,74.70,40.01,77.75,hotspot,cpu,100.00,100.00,5616/5200
160.78,active,100.36,74.78,40.05,77.57,hotspot,cpu,100.00,100.00,5616/5200
161.29,active,100.35,74.84,40.08,77.39,hotspot,cpu,100.00,100.00,5616/5200
161.79,active,100.34,74.91,40.11,77.19,hotspot,cpu,100.00,100.00,5616/5200
162.29,active,100.32,74.97,40.14,77.01,hotspot,cpu,100.00,100.00,5616/5200
162.79,active,100.31,75.02,40.18,76.67,hotspot,cpu,100.00,100.00,5616/5200
163.29,active,100.30,75.06,40.20,76.35,hotspot,cpu,100.00,100.00,5616/5200
163.79,active,100.29,75.10,40.24,76.43,hotspot,cpu,100.00,100.00,5616/5200
164.29,active,100.29,75.14,40.27,76.46,hotspot,cpu,100.00,100.00,5616/5200
164.80,active,100.30,75.16,40.31,76.57,hotspot,cpu,100.00,100.00,5616/5200
165.30,active,100.31,75.19,40.34,76.71,hotspot,cpu,100.00,100.00,5616/5200
165.80,active,100.32,75.21,40.38,76.83,hotspot,cpu,100.00,100.00,5616/5200
166.30,active,100.33,75.22,40.41,76.74,hotspot,cpu,100.00,100.00,5616/5200
166.81,active,100.35,75.24,40.44,76.82,hotspot,cpu,100.00,100.00,5616/5200
167.31,active,100.37,75.26,40.47,76.91,hotspot,cpu,100.00,100.00,5616/5200
167.81,active,100.38,75.42,40.51,76.75,hotspot,cpu,100.00,100.00,5616/5200
168.32,active,100.38,75.55,40.54,76.61,hotspot,cpu,100.00,100.00,5616/5200
168.82,active,100.38,75.65,40.58,76.26,hotspot,cpu,100.00,100.00,5616/5200
169.33,active,100.39,75.73,40.61,75.93,hotspot,cpu,100.00,100.00,5616/5200
169.83,active,100.38,75.68,40.65,75.76,hotspot,cpu,100.00,100.00,5616/5200
170.33,active,100.37,75.64,40.68,75.60,hotspot,cpu,100.00,100.00,5616/5200
170.83,active,100.37,75.72,40.72,75.49,hotspot,cpu,100.00,100.00,5616/5200
171.33,active,100.36,75.78,40.75,75.39,hotspot,cpu,100.00,100.00,5616/5200
171.84,active,100.36,75.83,40.79,75.15,hotspot,cpu,100.00,100.00,5616/5200
172.34,active,100.35,75.87,40.82,74.92,hotspot,cpu,100.00,100.00,5616/5200
172.84,active,100.34,75.90,40.86,74.80,hotspot,cpu,100.00,100.00,5616/5200
173.34,active,100.34,75.92,40.89,74.64,hotspot,cpu,100.00,100.00,5616/5200
173.84,active,100.33,75.94,40.93,74.58,hotspot,cpu,100.00,100.00,5616/5200
174.34,active,100.33,75.95,40.96,74.48,hotspot,cpu,100.00,100.00,5616/5200
174.84,active,100.32,75.96,41.00,74.24,hotspot,cpu,100.00,100.00,5616/5200
175.34,active,100.32,75.97,41.03,74.01,hotspot,cpu,100.00,100.00,5616/5200
175.85,active,100.31,75.98,41.07,73.89,hotspot,cpu,100.00,100.00,5616/5200
176.35,active,100.31,75.98,41.10,73.82,hotspot,cpu,100.00,100.00,5616/5200
176.85,active,100.30,75.99,41.14,73.81,hotspot,cpu,100.00,100.00,5616/5200
177.35,active,100.30,75.99,41.17,73.79,hotspot,cpu,100.00,100.00,5616/5200
177.86,active,100.29,75.99,41.21,73.59,hotspot,cpu,100.00,100.00,5616/5200
178.36,active,100.29,75.99,41.24,73.40,hotspot,cpu,100.00,100.00,5616/5200
178.86,active,100.28,76.00,41.28,73.35,hotspot,cpu,100.00,100.00,5616/5200
179.36,active,100.28,76.00,41.31,73.32,hotspot,cpu,100.00,100.00,5616/5200
179.87,active,100.26,76.01,41.35,73.33,hotspot,cpu,100.00,100.00,5616/5200
180.37,active,100.24,76.02,41.38,73.35,hotspot,cpu,100.00,100.00,5616/5200
180.87,active,100.23,76.04,41.42,73.18,hotspot,cpu,100.00,100.00,5616/5200
181.38,active,100.21,76.05,41.45,73.01,hotspot,cpu,100.00,100.00,5616/5200
181.88,active,100.20,76.07,41.49,73.00,hotspot,cpu,100.00,100.00,5616/5200
182.38,active,100.19,76.08,41.52,72.94,hotspot,cpu,100.00,100.00,5616/5200
182.88,active,100.19,76.10,41.56,73.00,hotspot,cpu,100.00,100.00,5616/5200
183.38,active,100.18,76.11,41.59,73.01,hotspot,cpu,100.00,100.00,5616/5200
183.88,active,100.17,76.31,41.63,72.85,hotspot,cpu,100.00,100.00,5616/5200
184.38,active,100.17,76.46,41.66,72.70,hotspot,cpu,100.00,100.00,5616/5200
184.88,active,100.16,76.42,41.70,72.71,hotspot,cpu,100.00,100.00,5616/5200
185.38,active,100.16,76.38,41.73,72.72,hotspot,cpu,100.00,100.00,5616/5200
185.88,active,100.15,76.52,41.77,72.76,hotspot,cpu,100.00,100.00,5616/5200
186.38,active,100.15,76.62,41.80,72.81,hotspot,cpu,100.00,100.00,5616/5200
186.88,active,100.15,76.71,41.84,72.66,hotspot,cpu,100.00,100.00,5616/5200
187.39,active,100.14,76.77,41.87,72.51,hotspot,cpu,100.00,100.00,5616/5200
187.89,active,100.13,76.69,41.91,72.37,hotspot,cpu,100.00,100.00,5616/5200
188.39,active,100.12,76.63,41.93,72.24,hotspot,cpu,100.00,100.00,5616/5200
188.90,active,100.10,76.62,41.97,72.04,hotspot,cpu,100.00,100.00,5616/5200
189.40,active,100.08,76.61,42.00,71.85,hotspot,cpu,100.00,100.00,5616/5200
189.90,active,100.04,76.70,42.04,71.47,hotspot,cpu,100.00,100.00,5616/5200
190.40,active,100.01,76.77,42.07,71.10,hotspot,cpu,100.00,100.00,5616/5200
190.90,active,99.97,76.74,42.11,70.91,hotspot,cpu,100.00,100.00,5616/5200
191.41,active,99.95,76.73,42.14,70.68,hotspot,cpu,100.00,100.00,5616/5200
191.91,active,99.91,76.72,42.18,70.89,hotspot,cpu,100.00,100.00,5616/5200
192.41,active,99.88,76.71,42.20,70.75,hotspot,cpu,100.00,100.00,5616/5200
192.91,active,99.83,76.71,42.24,70.25,hotspot,cpu,100.00,100.00,5616/5200
193.41,active,99.80,76.71,42.27,69.77,hotspot,cpu,100.00,100.00,5616/5200
193.92,active,99.74,76.72,42.31,69.41,hotspot,cpu,100.00,100.00,5616/5200
194.42,active,99.69,76.72,42.34,69.02,hotspot,cpu,100.00,100.00,5616/5200
194.92,active,99.64,76.73,42.37,68.88,hotspot,cpu,100.00,100.00,5616/5200
195.43,active,99.60,76.74,42.40,68.69,hotspot,cpu,100.00,100.00,5616/5200
195.93,active,99.56,76.75,42.44,68.46,hotspot,cpu,100.00,100.00,5616/5200
196.43,active,99.52,76.75,42.47,68.23,hotspot,cpu,100.00,100.00,5616/5200
196.94,active,99.50,76.76,42.50,68.26,hotspot,cpu,100.00,100.00,5616/5200
197.44,active,99.48,76.77,42.53,68.34,hotspot,cpu,100.00,100.00,5616/5200
197.94,active,99.46,76.78,42.57,68.55,hotspot,cpu,100.00,100.00,5616/5200
198.44,active,99.45,76.79,42.59,68.78,hotspot,cpu,100.00,100.00,5616/5200
198.94,active,99.57,76.81,42.63,68.87,hotspot,cpu,100.00,100.00,5616/5200
199.45,active,99.67,76.83,42.66,68.96,hotspot,cpu,100.00,100.00,5616/5200
199.95,active,99.74,76.85,42.69,68.95,hotspot,cpu,100.00,100.00,5616/5200
200.45,active,99.80,76.87,42.72,69.00,hotspot,cpu,100.00,100.00,5616/5200
200.96,active,99.71,76.88,42.75,69.04,hotspot,cpu,100.00,100.00,5616/5200
201.46,active,99.64,76.90,42.78,69.09,hotspot,cpu,100.00,100.00,5616/5200
201.96,active,99.56,76.91,42.81,68.72,hotspot,cpu,100.00,100.00,5616/5200
202.46,active,99.50,76.92,42.84,68.32,hotspot,cpu,100.00,100.00,5616/5200
202.96,active,99.43,76.92,42.87,68.03,hotspot,cpu,100.00,100.00,5616/5200
203.46,active,99.37,76.93,42.90,67.72,hotspot,cpu,100.00,100.00,5616/5200
203.96,active,99.30,76.93,42.93,67.45,hotspot,cpu,100.00,100.00,5616/5200
204.47,active,99.24,76.93,42.96,67.25,hotspot,cpu,100.00,100.00,5616/5200
204.97,active,99.18,76.92,42.99,67.07,hotspot,cpu,100.00,100.00,5616/5200
205.47,active,99.14,76.92,43.02,66.90,hotspot,cpu,100.00,100.00,5616/5200
205.98,active,99.10,76.92,43.05,66.90,hotspot,cpu,100.00,100.00,5616/5200
206.48,active,99.06,76.91,43.07,66.91,hotspot,cpu,100.00,100.00,5616/5200
206.98,active,99.03,76.91,43.10,66.98,hotspot,cpu,100.00,100.00,5616/5200
207.49,active,99.00,76.91,43.13,67.09,hotspot,cpu,100.00,100.00,5616/5200
207.99,active,99.00,76.92,43.16,67.22,hotspot,cpu,100.00,100.00,5616/5200
208.50,active,99.00,76.92,43.19,67.34,hotspot,cpu,100.00,100.00,5616/5200
209.00,active,98.99,76.91,43.22,67.59,hotspot,cpu,100.00,100.00,5616/5200
209.50,active,98.98,76.90,43.24,67.84,hotspot,cpu,100.00,100.00,5616/5200
210.00,active,98.97,76.89,43.27,67.96,hotspot,cpu,100.00,100.00,5616/5200
210.51,active,98.95,76.88,43.30,68.07,hotspot,cpu,100.00,100.00,5616/5200
211.01,active,98.93,76.87,43.33,67.89,hotspot,cpu,100.00,100.00,5616/5200
211.51,active,98.92,76.87,43.35,67.71,hotspot,cpu,100.00,100.00,5616/5200
212.01,active,98.89,76.86,43.38,67.63,hotspot,cpu,100.00,100.00,5616/5200
212.51,active,98.87,76.85,43.40,67.79,hotspot,cpu,100.00,100.00,5616/5200
213.02,active,98.85,76.84,43.43,67.85,hotspot,cpu,100.00,100.00,5616/5200
213.52,active,98.83,76.84,43.45,67.90,hotspot,cpu,100.00,100.00,5616/5200
214.02,active,98.80,76.83,43.48,67.71,hotspot,cpu,100.00,100.00,5616/5200
214.53,active,98.78,76.82,43.50,67.53,hotspot,cpu,100.00,100.00,5616/5200
215.03,active,98.75,76.82,43.53,67.50,hotspot,cpu,100.00,100.00,5616/5200
215.53,active,98.72,76.81,43.55,67.42,hotspot,cpu,100.00,100.00,5616/5200
216.03,active,98.69,76.81,43.58,67.44,hotspot,cpu,100.00,100.00,5616/5200
216.53,active,98.66,76.80,43.60,67.46,hotspot,cpu,100.00,100.00,5616/5200
217.04,active,98.63,76.79,43.63,67.28,hotspot,cpu,100.00,100.00,5616/5200
217.54,active,98.60,76.79,43.66,67.31,hotspot,cpu,100.00,100.00,5616/5200
218.05,active,98.56,76.78,43.69,67.28,hotspot,cpu,100.00,100.00,5616/5200
218.55,active,98.53,76.78,43.71,67.26,hotspot,cpu,100.00,100.00,5616/5200
219.06,active,98.49,76.75,43.73,67.29,hotspot,cpu,100.00,100.00,5616/5200
219.56,active,98.46,76.74,43.75,67.33,hotspot,cpu,100.00,100.00,5616/5200
220.06,active,98.40,76.72,43.78,67.21,hotspot,cpu,100.00,100.00,5616/5200
220.56,active,98.36,76.70,43.81,67.24,hotspot,cpu,100.00,100.00,5616/5200
221.06,active,98.31,76.68,43.83,67.19,hotspot,cpu,100.00,100.00,5616/5200
221.56,active,98.28,76.66,43.85,67.20,hotspot,cpu,100.00,100.00,5616/5200
222.06,active,98.23,76.64,43.88,67.24,hotspot,cpu,100.00,100.00,5616/5200
222.56,active,98.18,76.63,43.90,67.28,hotspot,cpu,100.00,100.00,5616/5200
223.07,active,98.14,76.62,43.93,67.28,hotspot,cpu,100.00,100.00,5616/5200
223.57,active,98.10,76.60,43.95,67.35,hotspot,cpu,100.00,100.00,5616/5200
224.07,active,98.07,76.59,43.97,67.37,hotspot,cpu,100.00,100.00,5616/5200
224.57,active,98.05,76.58,44.00,67.66,hotspot,cpu,100.00,100.00,5616/5200
225.08,active,98.03,76.57,44.02,67.89,hotspot,cpu,100.00,100.00,5616/5200
225.58,active,98.02,76.56,44.03,68.16,hotspot,cpu,100.00,100.00,5616/5200
226.08,active,98.01,76.56,44.05,68.23,hotspot,cpu,100.00,100.00,5616/5200
226.59,active,98.01,76.54,44.08,68.46,hotspot,cpu,100.00,100.00,5616/5200
227.09,active,98.01,76.53,44.10,68.63,hotspot,cpu,100.00,100.00,5616/5200
227.59,active,98.00,76.52,44.11,68.84,hotspot,cpu,100.00,100.00,5616/5200
228.09,active,98.01,76.52,44.14,69.00,hotspot,cpu,100.00,100.00,5616/5200
228.59,active,97.99,76.49,44.16,68.98,hotspot,cpu,100.00,100.00,5616/5200
229.10,active,97.98,76.48,44.18,68.91,hotspot,cpu,100.00,100.00,5616/5200
229.60,active,97.98,76.46,44.19,68.85,hotspot,cpu,100.00,100.00,5616/5200
230.10,active,97.94,76.44,44.21,68.75,hotspot,cpu,100.00,100.00,5616/5200
230.60,active,97.92,76.43,44.23,68.65,hotspot,cpu,100.00,100.00,5616/5200
231.11,active,97.88,76.41,44.25,68.60,hotspot,cpu,100.00,100.00,5616/5200
231.61,active,97.84,76.39,44.28,68.55,hotspot,cpu,100.00,100.00,5616/5200
232.11,active,97.80,76.37,44.30,68.33,hotspot,cpu,100.00,100.00,5616/5200
232.61,active,97.77,76.36,44.31,68.66,hotspot,cpu,100.00,100.00,5616/5200
233.11,active,97.75,76.34,44.33,68.63,hotspot,cpu,100.00,100.00,5616/5200
233.62,active,97.73,76.32,44.35,68.86,hotspot,cpu,100.00,100.00,5616/5200
234.12,active,97.71,76.31,44.37,69.07,hotspot,cpu,100.00,100.00,5616/5200
234.62,active,97.70,76.29,44.39,69.23,hotspot,cpu,100.00,100.00,5616/5200
235.12,active,97.70,76.27,44.41,69.28,hotspot,cpu,100.00,100.00,5616/5200
235.63,active,97.70,76.25,44.43,69.38,hotspot,cpu,100.00,100.00,5616/5200
236.13,active,97.70,76.24,44.45,69.52,hotspot,cpu,100.00,100.00,5616/5200
236.63,active,97.79,76.22,44.47,69.82,hotspot,cpu,100.00,100.00,5616/5200
237.13,active,97.85,76.21,44.48,70.12,hotspot,cpu,100.00,100.00,5616/5200
237.63,active,97.89,76.20,44.50,70.28,hotspot,cpu,100.00,100.00,5616/5200
238.13,active,97.91,76.19,44.52,70.29,hotspot,cpu,100.00,100.00,5616/5200
238.63,active,97.88,76.17,44.54,70.26,hotspot,cpu,100.00,100.00,5616/5200
239.13,active,97.86,76.15,44.55,70.27,hotspot,cpu,100.00,100.00,5616/5200
239.64,active,97.85,76.13,44.57,70.24,hotspot,cpu,100.00,100.00,5616/5200
240.14,active,97.85,76.12,44.59,70.21,hotspot,cpu,100.00,100.00,5616/5200
240.64,active,97.83,76.11,44.61,70.11,hotspot,cpu,100.00,100.00,5616/5200
241.15,active,97.82,76.09,44.62,69.86,hotspot,cpu,100.00,100.00,5616/5200
241.65,active,97.79,76.08,44.64,69.71,hotspot,cpu,100.00,100.00,5616/5200
242.15,active,97.77,76.07,44.66,69.57,hotspot,cpu,100.00,100.00,5616/5200
242.65,active,97.74,76.06,44.67,69.45,hotspot,cpu,100.00,100.00,5616/5200
243.15,active,97.72,76.04,44.69,69.37,hotspot,cpu,100.00,100.00,5616/5200
243.65,active,97.68,76.04,44.71,69.24,hotspot,cpu,100.00,100.00,5616/5200
244.16,active,97.66,76.03,44.72,69.12,hotspot,cpu,100.00,100.00,5616/5200
244.66,active,97.64,76.02,44.74,69.27,hotspot,cpu,100.00,100.00,5616/5200
245.16,active,97.63,76.01,44.75,69.42,hotspot,cpu,100.00,100.00,5616/5200
245.66,active,97.71,76.00,44.77,69.70,hotspot,cpu,100.00,100.00,5616/5200
246.16,active,97.78,75.99,44.78,69.95,hotspot,cpu,100.00,100.00,5616/5200
246.67,active,98.28,75.98,44.80,70.27,hotspot,cpu,100.00,100.00,5616/5200
247.17,active,98.66,75.97,44.81,70.57,hotspot,cpu,100.00,100.00,5616/5200
247.68,active,98.47,75.97,44.83,70.79,hotspot,cpu,100.00,100.00,5616/5200
248.18,active,98.32,75.96,44.84,71.09,hotspot,cpu,100.00,100.00,5616/5200
248.68,active,98.19,75.95,44.86,71.04,hotspot,cpu,100.00,100.00,5616/5200
249.18,active,98.10,75.94,44.87,71.04,hotspot,cpu,100.00,100.00,5616/5200
249.69,active,98.06,75.93,44.89,70.86,hotspot,cpu,100.00,100.00,5616/5200
250.19,active,98.03,75.92,44.90,70.60,hotspot,cpu,100.00,100.00,5616/5200
250.69,active,98.00,75.91,44.92,70.36,hotspot,cpu,100.00,100.00,5616/5200
251.19,active,97.97,75.90,44.93,70.14,hotspot,cpu,100.00,100.00,5616/5200
251.70,active,97.93,75.89,44.95,70.01,hotspot,cpu,100.00,100.00,5616/5200
252.20,active,97.90,75.88,44.96,69.89,hotspot,cpu,100.00,100.00,5616/5200
252.70,active,97.86,75.87,44.98,69.74,hotspot,cpu,100.00,100.00,5616/5200
253.21,active,97.84,75.86,44.99,69.51,hotspot,cpu,100.00,100.00,5616/5200
253.71,active,97.81,75.84,45.00,69.45,hotspot,cpu,100.00,100.00,5616/5200
254.21,active,97.79,75.83,45.02,69.45,hotspot,cpu,100.00,100.00,5616/5200
254.72,active,97.78,75.82,45.03,69.63,hotspot,cpu,100.00,100.00,5616/5200
255.22,active,97.77,75.81,45.04,69.75,hotspot,cpu,100.00,100.00,5616/5200
255.72,active,97.77,75.81,45.06,69.77,hotspot,cpu,100.00,100.00,5616/5200
256.22,active,97.77,75.81,45.07,69.74,hotspot,cpu,100.00,100.00,5616/5200
256.72,active,97.77,75.80,45.09,69.86,hotspot,cpu,100.00,100.00,5616/5200
257.22,active,97.78,75.80,45.10,69.97,hotspot,cpu,100.00,100.00,5616/5200
257.72,active,97.78,75.79,45.11,70.08,hotspot,cpu,100.00,100.00,5616/5200
258.23,active,97.79,75.78,45.13,70.23,hotspot,cpu,100.00,100.00,5616/5200
258.73,active,97.80,75.76,45.14,70.24,hotspot,cpu,100.00,100.00,5616/5200
259.23,active,97.80,75.75,45.15,70.19,hotspot,cpu,100.00,100.00,5616/5200
259.73,active,97.80,75.73,45.17,70.30,hotspot,cpu,100.00,100.00,5616/5200
260.23,active,97.81,75.72,45.18,70.41,hotspot,cpu,100.00,100.00,5616/5200
260.74,active,97.81,75.72,45.19,70.57,hotspot,cpu,100.00,100.00,5616/5200
261.24,active,97.82,75.71,45.20,70.73,hotspot,cpu,100.00,100.00,5616/5200
261.74,active,97.82,75.71,45.22,70.68,hotspot,cpu,100.00,100.00,5616/5200
262.24,active,97.83,75.71,45.23,70.63,hotspot,cpu,100.00,100.00,5616/5200
262.74,active,97.82,75.71,45.24,70.45,hotspot,cpu,100.00,100.00,5616/5200
263.25,active,97.82,75.70,45.25,70.28,hotspot,cpu,100.00,100.00,5616/5200
263.75,active,97.80,75.70,45.27,70.14,hotspot,cpu,100.00,100.00,5616/5200
264.25,active,97.78,75.70,45.28,70.01,hotspot,cpu,100.00,100.00,5616/5200
264.75,active,97.75,75.71,45.29,69.84,hotspot,cpu,100.00,100.00,5616/5200
265.26,active,97.73,75.71,45.30,69.52,hotspot,cpu,100.00,100.00,5616/5200
265.76,active,97.72,75.71,45.32,69.55,hotspot,cpu,100.00,100.00,5616/5200
266.26,active,97.71,75.71,45.33,69.63,hotspot,cpu,100.00,100.00,5616/5200
266.76,active,97.71,75.71,45.34,69.79,hotspot,cpu,100.00,100.00,5616/5200
267.27,active,97.71,75.71,45.35,69.95,hotspot,cpu,100.00,100.00,5616/5200
267.77,active,97.72,75.71,45.36,70.11,hotspot,cpu,100.00,100.00,5616/5200
268.28,active,97.72,75.72,45.37,70.11,hotspot,cpu,100.00,100.00,5616/5200
268.78,active,97.73,75.71,45.39,70.16,hotspot,cpu,100.00,100.00,5616/5200
269.28,active,97.73,75.70,45.40,70.21,hotspot,cpu,100.00,100.00,5616/5200
269.78,active,97.79,75.70,45.41,70.36,hotspot,cpu,100.00,100.00,5616/5200
270.29,active,97.84,75.70,45.42,70.50,hotspot,cpu,100.00,100.00,5616/5200
270.80,active,97.82,75.70,45.43,70.44,hotspot,cpu,100.00,100.00,5616/5200
271.30,active,97.81,75.70,45.44,70.42,hotspot,cpu,100.00,100.00,5616/5200
271.80,active,97.81,75.70,45.46,70.51,hotspot,cpu,100.00,100.00,5616/5200
272.30,active,97.80,75.70,45.47,70.59,hotspot,cpu,100.00,100.00,5616/5200
272.80,active,97.80,75.71,45.48,70.73,hotspot,cpu,100.00,100.00,5616/5200
273.30,active,97.81,75.71,45.49,70.87,hotspot,cpu,100.00,100.00,5616/5200
273.80,active,97.81,75.72,45.50,70.78,hotspot,cpu,100.00,100.00,5616/5200
274.31,active,97.82,75.72,45.51,70.69,hotspot,cpu,100.00,100.00,5616/5200
274.82,active,97.83,75.73,45.52,70.77,hotspot,cpu,100.00,100.00,5616/5200
275.32,active,97.83,75.73,45.53,70.84,hotspot,cpu,100.00,100.00,5616/5200
275.82,active,97.84,75.74,45.55,70.95,hotspot,cpu,100.00,100.00,5616/5200
276.33,active,97.85,75.74,45.56,71.05,hotspot,cpu,100.00,100.00,5616/5200
276.83,active,97.86,75.75,45.57,70.98,hotspot,cpu,100.00,100.00,5616/5200
277.33,active,97.87,75.75,45.58,70.91,hotspot,cpu,100.00,100.00,5616/5200
277.84,active,97.88,75.76,45.59,70.85,hotspot,cpu,100.00,100.00,5616/5200
278.35,active,97.88,75.76,45.60,70.74,hotspot,cpu,100.00,100.00,5616/5200
278.85,active,98.13,75.76,45.61,70.59,hotspot,cpu,100.00,100.00,5616/5200
279.35,active,98.32,75.76,45.62,70.50,hotspot,cpu,100.00,100.00,5616/5200
279.85,active,98.21,75.76,45.63,70.39,hotspot,cpu,100.00,100.00,5616/5200
280.36,active,98.12,75.76,45.64,70.15,hotspot,cpu,100.00,100.00,5616/5200
280.86,active,98.03,75.76,45.65,69.99,hotspot,cpu,100.00,100.00,5616/5200
281.37,active,97.97,75.77,45.66,69.84,hotspot,cpu,100.00,100.00,5616/5200
281.87,active,97.92,75.77,45.67,69.98,hotspot,cpu,100.00,100.00,5616/5200
282.37,active,97.89,75.77,45.68,70.12,hotspot,cpu,100.00,100.00,5616/5200
282.88,active,97.86,75.78,45.69,70.09,hotspot,cpu,100.00,100.00,5616/5200
283.38,active,97.85,75.78,45.70,70.06,hotspot,cpu,100.00,100.00,5616/5200
283.88,active,97.84,75.79,45.71,70.17,hotspot,cpu,100.00,100.00,5616/5200
284.38,active,97.83,75.79,45.72,70.27,hotspot,cpu,100.00,100.00,5616/5200
284.88,active,97.87,75.79,45.73,70.41,hotspot,cpu,100.00,100.00,5616/5200
285.39,active,97.90,75.80,45.74,70.55,hotspot,cpu,100.00,100.00,5616/5200
285.89,active,97.89,75.80,45.75,70.48,hotspot,cpu,100.00,100.00,5616/5200
286.39,active,97.89,75.80,45.76,70.41,hotspot,cpu,100.00,100.00,5616/5200
286.89,active,97.89,75.81,45.77,70.49,hotspot,cpu,100.00,100.00,5616/5200
287.39,active,97.89,75.81,45.78,70.57,hotspot,cpu,100.00,100.00,5616/5200
287.90,active,97.90,75.82,45.79,70.66,hotspot,cpu,100.00,100.00,5616/5200
288.40,active,97.90,75.82,45.80,70.78,hotspot,cpu,100.00,100.00,5616/5200
288.90,active,97.92,75.82,45.81,70.70,hotspot,cpu,100.00,100.00,5616/5200
289.41,active,97.94,75.81,45.82,70.63,hotspot,cpu,100.00,100.00,5616/5200
289.91,active,97.94,75.81,45.83,70.71,hotspot,cpu,100.00,100.00,5616/5200
290.41,active,97.94,75.81,45.84,70.78,hotspot,cpu,100.00,100.00,5616/5200
290.92,active,97.96,75.85,45.85,70.92,hotspot,cpu,100.00,100.00,5616/5200
291.42,active,97.97,75.89,45.86,71.05,hotspot,cpu,100.00,100.00,5616/5200
291.93,active,97.98,75.88,45.87,70.96,hotspot,cpu,100.00,100.00,5616/5200
292.43,active,97.98,75.87,45.88,70.88,hotspot,cpu,100.00,100.00,5616/5200
292.93,active,97.98,75.87,45.89,70.72,hotspot,cpu,100.00,100.00,5616/5200
293.44,active,97.98,75.87,45.90,70.56,hotspot,cpu,100.00,100.00,5616/5200
293.95,active,97.97,75.87,45.91,70.43,hotspot,cpu,100.00,100.00,5616/5200
294.45,active,97.96,75.87,45.91,70.30,hotspot,cpu,100.00,100.00,5616/5200
294.95,active,97.94,75.87,45.92,70.00,hotspot,cpu,100.00,100.00,5616/5200
295.45,active,97.93,75.87,45.93,69.71,hotspot,cpu,100.00,100.00,5616/5200
295.95,active,97.92,75.86,45.94,69.74,hotspot,cpu,100.00,100.00,5616/5200
296.46,active,97.92,75.86,45.95,69.77,hotspot,cpu,100.00,100.00,5616/5200
296.97,active,97.92,75.86,45.96,69.90,hotspot,cpu,100.00,100.00,5616/5200
297.48,active,97.92,75.86,45.97,70.08,hotspot,cpu,100.00,100.00,5616/5200
297.98,active,97.92,75.86,45.98,70.04,hotspot,cpu,100.00,100.00,5616/5200
298.49,active,97.93,75.86,45.99,69.99,hotspot,cpu,100.00,100.00,5616/5200
298.99,active,97.94,75.86,45.99,70.07,hotspot,cpu,100.00,100.00,5616/5200
299.49,active,97.95,75.87,46.00,70.18,hotspot,cpu,100.00,100.00,5616/5200
300.00,active,97.96,75.88,46.01,70.34,hotspot,cpu,100.00,100.00,5616/5200
300.50,active,97.97,75.88,46.02,70.48,hotspot,cpu,100.00,100.00,5616/5200
301.00,active,97.98,75.88,46.03,70.43,hotspot,cpu,100.00,100.00,5616/5200
301.51,active,98.00,75.89,46.04,70.48,hotspot,cpu,100.00,100.00,5616/5200
302.01,active,98.01,75.89,46.05,70.56,hotspot,cpu,100.00,100.00,5616/5200
302.51,active,98.02,75.89,46.05,70.64,hotspot,cpu,100.00,100.00,5616/5200
303.02,active,98.04,75.90,46.07,70.80,hotspot,cpu,100.00,100.00,5616/5200
303.53,active,98.05,75.90,46.07,70.95,hotspot,cpu,100.00,100.00,5616/5200
304.03,active,98.07,75.90,46.08,70.92,hotspot,cpu,100.00,100.00,5616/5200
304.53,active,98.08,75.91,46.09,70.85,hotspot,cpu,100.00,100.00,5616/5200
305.03,active,98.09,75.91,46.10,70.66,hotspot,cpu,100.00,100.00,5616/5200
305.54,active,98.09,75.91,46.11,70.48,hotspot,cpu,100.00,100.00,5616/5200
306.04,active,98.29,75.91,46.12,70.39,hotspot,cpu,100.00,100.00,5616/5200
306.54,active,98.45,75.92,46.13,70.26,hotspot,cpu,100.00,100.00,5616/5200
307.04,active,98.37,75.92,46.14,70.17,hotspot,cpu,100.00,100.00,5616/5200
307.55,active,98.31,75.92,46.14,70.08,hotspot,cpu,100.00,100.00,5616/5200
308.05,active,98.26,75.92,46.15,69.95,hotspot,cpu,100.00,100.00,5616/5200
308.55,active,98.22,75.93,46.16,69.83,hotspot,cpu,100.00,100.00,5616/5200
309.05,active,98.18,75.92,46.17,69.72,hotspot,cpu,100.00,100.00,5616/5200
309.56,active,98.15,75.94,46.18,69.82,hotspot,cpu,100.00,100.00,5616/5200
310.06,active,98.13,75.95,46.19,69.72,hotspot,cpu,100.00,100.00,5616/5200
310.56,active,98.11,75.95,46.20,69.85,hotspot,cpu,100.00,100.00,5616/5200
311.07,active,98.11,75.94,46.21,69.93,hotspot,cpu,100.00,100.00,5616/5200
311.58,active,98.10,75.94,46.22,70.06,hotspot,cpu,100.00,100.00,5616/5200
312.08,active,98.12,75.94,46.22,70.25,hotspot,cpu,100.00,100.00,5616/5200
312.58,active,98.13,75.93,46.23,70.43,hotspot,cpu,100.00,100.00,5616/5200
313.08,active,98.14,75.95,46.24,70.38,hotspot,cpu,100.00,100.00,5616/5200
313.59,active,98.16,75.95,46.25,70.47,hotspot,cpu,100.00,100.00,5616/5200
314.10,active,98.17,75.96,46.26,70.51,hotspot,cpu,100.00,100.00,5616/5200
314.61,active,98.20,75.96,46.27,70.65,hotspot,cpu,100.00,100.00,5616/5200
315.11,active,98.22,75.96,46.27,70.78,hotspot,cpu,100.00,100.00,5616/5200
315.61,active,98.24,75.96,46.28,70.85,hotspot,cpu,100.00,100.00,5616/5200
316.11,active,98.23,75.97,46.29,70.58,hotspot,cpu,100.00,100.00,5616/5200
316.61,active,98.23,75.98,46.29,70.51,hotspot,cpu,100.00,100.00,5616/5200
317.11,active,98.22,75.98,46.30,70.33,hotspot,cpu,100.00,100.00,5616/5200
317.62,active,98.20,75.99,46.31,70.20,hotspot,cpu,100.00,100.00,5616/5200
318.12,active,98.18,75.99,46.32,70.07,hotspot,cpu,100.00,100.00,5616/5200
318.63,active,98.17,76.00,46.33,69.96,hotspot,cpu,100.00,100.00,5616/5200
319.13,active,98.15,76.01,46.34,69.66,hotspot,cpu,100.00,100.00,5616/5200
319.63,active,98.13,76.02,46.35,69.63,hotspot,cpu,100.00,100.00,5616/5200
320.13,active,98.13,76.02,46.35,69.65,hotspot,cpu,100.00,100.00,5616/5200
320.63,active,98.13,76.03,46.36,69.78,hotspot,cpu,100.00,100.00,5616/5200
321.13,active,98.13,76.03,46.37,69.95,hotspot,cpu,100.00,100.00,5616/5200
321.63,active,98.14,76.03,46.38,70.11,hotspot,cpu,100.00,100.00,5616/5200
322.13,active,98.14,76.04,46.39,70.13,hotspot,cpu,100.00,100.00,5616/5200
322.64,active,98.16,76.04,46.39,70.24,hotspot,cpu,100.00,100.00,5616/5200
323.14,active,98.16,76.04,46.40,70.34,hotspot,cpu,100.00,100.00,5616/5200
323.65,active,98.22,76.04,46.41,70.56,hotspot,cpu,100.00,100.00,5616/5200
324.15,active,98.27,76.05,46.41,70.76,hotspot,cpu,100.00,100.00,5616/5200
324.66,active,98.26,76.05,46.42,70.81,hotspot,cpu,100.00,100.00,5616/5200
325.16,active,98.26,76.06,46.43,70.70,hotspot,cpu,100.00,100.00,5616/5200
325.66,active,98.24,76.06,46.44,70.52,hotspot,cpu,100.00,100.00,5616/5200
326.17,active,98.23,76.06,46.44,70.34,hotspot,cpu,100.00,100.00,5616/5200
326.67,active,98.22,76.06,46.45,70.21,hotspot,cpu,100.00,100.00,5616/5200
327.17,active,98.20,76.06,46.46,70.04,hotspot,cpu,100.00,100.00,5616/5200
327.68,active,98.19,76.06,46.47,70.03,hotspot,cpu,100.00,100.00,5616/5200
328.18,active,98.18,76.06,46.47,69.87,hotspot,cpu,100.00,100.00,5616/5200
328.68,active,98.16,76.06,46.48,69.72,hotspot,cpu,100.00,100.00,5616/5200
329.18,active,98.15,76.06,46.49,69.57,hotspot,cpu,100.00,100.00,5616/5200
329.68,active,98.14,76.06,46.49,69.50,hotspot,cpu,100.00,100.00,5616/5200
330.19,active,98.14,76.06,46.50,69.44,hotspot,cpu,100.00,100.00,5616/5200
330.69,active,98.14,76.06,46.51,69.62,hotspot,cpu,100.00,100.00,5616/5200
331.19,active,98.14,76.06,46.51,69.76,hotspot,cpu,100.00,100.00,5616/5200
331.69,active,98.15,76.06,46.52,69.88,hotspot,cpu,100.00,100.00,5616/5200
332.19,active,98.16,76.06,46.53,70.01,hotspot,cpu,100.00,100.00,5616/5200
332.69,active,98.18,76.07,46.54,70.19,hotspot,cpu,100.00,100.00,5616/5200
333.19,active,98.19,76.07,46.54,70.37,hotspot,cpu,100.00,100.00,5616/5200
333.69,active,98.21,76.08,46.55,70.37,hotspot,cpu,100.00,100.00,5616/5200
334.20,active,98.22,76.09,46.55,70.47,hotspot,cpu,100.00,100.00,5616/5200
334.70,active,98.23,76.09,46.56,70.37,hotspot,cpu,100.00,100.00,5616/5200
335.20,active,98.24,76.10,46.57,70.34,hotspot,cpu,100.00,100.00,5616/5200
335.71,active,98.24,76.11,46.58,70.16,hotspot,cpu,100.00,100.00,5616/5200
336.21,active,98.24,76.12,46.58,70.03,hotspot,cpu,100.00,100.00,5616/5200
336.71,active,98.23,76.12,46.59,69.77,hotspot,cpu,100.00,100.00,5616/5200
337.23,active,98.22,76.12,46.59,69.47,hotspot,cpu,100.00,100.00,5616/5200
337.73,active,98.21,76.13,46.60,69.34,hotspot,cpu,100.00,100.00,5616/5200
338.23,active,98.20,76.13,46.61,69.17,hotspot,cpu,100.00,100.00,5616/5200
338.73,active,98.19,76.13,46.62,69.11,hotspot,cpu,100.00,100.00,5616/5200
339.23,active,98.18,76.13,46.62,69.01,hotspot,cpu,100.00,100.00,5616/5200
339.74,active,98.16,76.13,46.63,68.98,hotspot,cpu,100.00,100.00,5616/5200
340.24,active,98.15,76.12,46.63,68.85,hotspot,cpu,100.00,100.00,5616/5200
340.74,active,98.15,76.12,46.64,69.07,hotspot,cpu,100.00,100.00,5616/5200
341.24,active,98.15,76.12,46.65,69.27,hotspot,cpu,100.00,100.00,5616/5200
341.75,active,98.34,76.13,46.66,69.48,hotspot,cpu,100.00,100.00,5616/5200
342.25,active,98.49,76.13,46.66,69.63,hotspot,cpu,100.00,100.00,5616/5200
342.76,active,98.43,76.14,46.67,69.80,hotspot,cpu,100.00,100.00,5616/5200
343.26,active,98.39,76.15,46.67,69.95,hotspot,cpu,100.00,100.00,5616/5200
343.77,active,98.36,76.15,46.68,70.07,hotspot,cpu,100.00,100.00,5616/5200
344.28,active,98.35,76.16,46.69,70.19,hotspot,cpu,100.00,100.00,5616/5200
344.78,active,98.32,76.17,46.69,70.10,hotspot,cpu,100.00,100.00,5616/5200
345.29,active,98.31,76.17,46.70,70.03,hotspot,cpu,100.00,100.00,5616/5200
345.79,active,98.29,76.18,46.70,69.78,hotspot,cpu,100.00,100.00,5616/5200
346.30,active,98.27,76.18,46.71,69.50,hotspot,cpu,100.00,100.00,5616/5200
346.80,active,98.25,76.18,46.72,69.39,hotspot,cpu,100.00,100.00,5616/5200
347.30,active,98.24,76.18,46.72,69.28,hotspot,cpu,100.00,100.00,5616/5200
347.80,active,98.21,76.19,46.73,69.15,hotspot,cpu,100.00,100.00,5616/5200
348.30,active,98.20,76.19,46.73,69.09,hotspot,cpu,100.00,100.00,5616/5200
348.81,active,98.18,76.19,46.74,68.88,hotspot,cpu,100.00,100.00,5616/5200
349.32,active,98.16,76.19,46.74,68.64,hotspot,cpu,100.00,100.00,5616/5200
349.83,active,98.14,76.19,46.75,68.56,hotspot,cpu,100.00,100.00,5616/5200
350.33,active,98.12,76.19,46.76,68.68,hotspot,cpu,100.00,100.00,5616/5200
350.84,active,98.12,76.19,46.76,68.76,hotspot,cpu,100.00,100.00,5616/5200
351.35,active,98.11,76.19,46.77,68.83,hotspot,cpu,100.00,100.00,5616/5200
351.85,active,98.12,76.19,46.77,68.87,hotspot,cpu,100.00,100.00,5616/5200
352.36,active,98.12,76.20,46.78,68.90,hotspot,cpu,100.00,100.00,5616/5200
352.86,active,98.13,76.21,46.79,69.09,hotspot,cpu,100.00,100.00,5616/5200
353.36,active,98.14,76.21,46.79,69.26,hotspot,cpu,100.00,100.00,5616/5200
353.86,active,98.19,76.22,46.80,69.47,hotspot,cpu,100.00,100.00,5616/5200
354.37,active,98.23,76.23,46.80,69.67,hotspot,cpu,100.00,100.00,5616/5200
354.88,active,98.23,76.24,46.81,69.52,hotspot,cpu,100.00,100.00,5616/5200
355.38,active,98.23,76.25,46.81,69.39,hotspot,cpu,100.00,100.00,5616/5200
355.88,active,98.22,76.26,46.82,69.27,hotspot,cpu,100.00,100.00,5616/5200
356.38,active,98.21,76.26,46.82,69.15,hotspot,cpu,100.00,100.00,5616/5200
356.89,active,98.20,76.27,46.83,69.04,hotspot,cpu,100.00,100.00,5616/5200
357.39,active,98.20,76.28,46.84,68.94,hotspot,cpu,100.00,100.00,5616/5200
357.89,active,98.18,76.29,46.84,68.79,hotspot,cpu,100.00,100.00,5616/5200
358.40,active,98.17,76.29,46.84,68.54,hotspot,cpu,100.00,100.00,5616/5200
358.91,active,98.15,76.29,46.85,68.46,hotspot,cpu,100.00,100.00,5616/5200
359.41,active,98.14,76.29,46.86,68.38,hotspot,cpu,100.00,100.00,5616/5200
359.92,active,98.13,76.29,46.86,68.35,hotspot,cpu,100.00,100.00,5616/5200
360.42,active,98.11,76.29,46.87,68.31,hotspot,cpu,100.00,100.00,5616/5200
360.92,active,98.10,76.29,46.87,68.10,hotspot,cpu,100.00,100.00,5616/5200
361.42,active,98.09,76.29,46.88,67.89,hotspot,cpu,100.00,100.00,5616/5200
361.93,active,98.09,76.28,46.88,68.10,hotspot,cpu,100.00,100.00,5616/5200
362.43,active,98.08,76.28,46.89,68.30,hotspot,cpu,100.00,100.00,5616/5200
362.93,active,98.12,76.28,46.89,68.56,hotspot,cpu,100.00,100.00,5616/5200
363.43,active,98.15,76.29,46.90,68.82,hotspot,cpu,100.00,100.00,5616/5200
363.93,active,98.20,76.29,46.90,68.85,hotspot,cpu,100.00,100.00,5616/5200
364.44,active,98.23,76.30,46.91,68.88,hotspot,cpu,100.00,100.00,5616/5200
364.94,active,98.23,76.30,46.91,69.06,hotspot,cpu,100.00,100.00,5616/5200
365.44,active,98.23,76.30,46.92,69.24,hotspot,cpu,100.00,100.00,5616/5200
365.94,active,98.23,76.31,46.92,69.17,hotspot,cpu,100.00,100.00,5616/5200
366.44,active,98.22,76.31,46.93,69.12,hotspot,cpu,100.00,100.00,5616/5200
366.95,active,98.21,76.32,46.93,68.86,hotspot,cpu,100.00,100.00,5616/5200
367.46,active,98.20,76.33,46.94,68.80,hotspot,cpu,100.00,100.00,5616/5200
367.96,active,98.19,76.34,46.94,68.71,hotspot,cpu,100.00,100.00,5616/5200
368.46,active,98.18,76.34,46.95,68.62,hotspot,cpu,100.00,100.00,5616/5200
368.96,active,98.17,76.35,46.95,68.53,hotspot,cpu,100.00,100.00,5616/5200
369.47,active,98.16,76.36,46.96,68.44,hotspot,cpu,100.00,100.00,5616/5200
369.97,active,98.15,76.36,46.96,68.21,hotspot,cpu,100.00,100.00,5616/5200
370.48,active,98.15,76.37,46.97,67.98,hotspot,cpu,100.00,100.00,5616/5200
370.98,active,98.13,76.37,46.97,67.93,hotspot,cpu,100.00,100.00,5616/5200
371.48,active,98.12,76.37,46.98,67.82,hotspot,cpu,100.00,100.00,5616/5200
371.98,active,98.10,76.38,46.98,67.81,hotspot,cpu,100.00,100.00,5616/5200
372.48,active,98.09,76.38,46.98,67.76,hotspot,cpu,100.00,100.00,5616/5200
372.98,active,98.09,76.39,46.99,67.85,hotspot,cpu,100.00,100.00,5616/5200
373.49,active,98.09,76.40,46.99,67.84,hotspot,cpu,100.00,100.00,5616/5200
373.99,active,98.10,76.40,47.00,68.03,hotspot,cpu,100.00,100.00,5616/5200
374.50,active,98.11,76.40,47.00,68.26,hotspot,cpu,100.00,100.00,5616/5200
375.00,active,98.15,76.40,47.01,68.53,hotspot,cpu,100.00,100.00,5616/5200
375.51,active,98.18,76.41,47.01,68.78,hotspot,cpu,100.00,100.00,5616/5200
376.01,active,98.19,76.41,47.02,68.78,hotspot,cpu,100.00,100.00,5616/5200
376.51,active,98.19,76.42,47.02,68.77,hotspot,cpu,100.00,100.00,5616/5200
377.01,active,98.19,76.42,47.03,68.68,hotspot,cpu,100.00,100.00,5616/5200
377.52,active,98.19,76.42,47.03,68.54,hotspot,cpu,100.00,100.00,5616/5200
378.03,active,98.19,76.43,47.03,68.51,hotspot,cpu,100.00,100.00,5616/5200
378.53,active,98.19,76.43,47.04,68.48,hotspot,cpu,100.00,100.00,5616/5200
379.03,active,98.18,76.43,47.04,68.26,hotspot,cpu,100.00,100.00,5616/5200
379.53,active,98.17,76.43,47.05,68.24,hotspot,cpu,100.00,100.00,5616/5200
380.03,active,98.17,76.43,47.05,68.17,hotspot,cpu,100.00,100.00,5616/5200
380.54,active,98.16,76.43,47.05,68.11,hotspot,cpu,100.00,100.00,5616/5200
381.04,active,98.15,76.43,47.06,68.05,hotspot,cpu,100.00,100.00,5616/5200
381.55,active,98.14,76.43,47.06,67.99,hotspot,cpu,100.00,100.00,5616/5200
382.05,active,98.13,76.44,47.07,67.79,hotspot,cpu,100.00,100.00,5616/5200
382.56,active,98.12,76.44,47.07,67.74,hotspot,cpu,100.00,100.00,5616/5200
383.06,active,98.10,76.44,47.08,67.69,hotspot,cpu,100.00,100.00,5616/5200
383.56,active,98.09,76.44,47.08,67.65,hotspot,cpu,100.00,100.00,5616/5200
384.06,active,98.08,76.44,47.08,67.66,hotspot,cpu,100.00,100.00,5616/5200
384.56,active,98.07,76.43,47.09,67.68,hotspot,cpu,100.00,100.00,5616/5200
385.07,active,98.07,76.44,47.09,67.71,hotspot,cpu,100.00,100.00,5616/5200
385.57,active,98.08,76.44,47.09,67.74,hotspot,cpu,100.00,100.00,5616/5200
386.07,active,98.11,76.43,47.10,68.00,hotspot,cpu,100.00,100.00,5616/5200
386.58,active,98.31,76.44,47.10,68.32,hotspot,cpu,100.00,100.00,5616/5200
387.08,active,98.46,76.44,47.11,68.62,hotspot,cpu,100.00,100.00,5616/5200
387.58,active,98.58,76.44,47.11,68.91,hotspot,cpu,100.00,100.00,5616/5200
388.08,active,98.51,76.44,47.12,68.78,hotspot,cpu,100.00,100.00,5616/5200
388.58,active,98.45,76.45,47.12,68.69,hotspot,cpu,100.00,100.00,5616/5200
389.08,active,98.40,76.45,47.12,68.61,hotspot,cpu,100.00,100.00,5616/5200
389.59,active,98.36,76.45,47.13,68.49,hotspot,cpu,100.00,100.00,5616/5200
390.09,active,98.34,76.46,47.13,68.45,hotspot,cpu,100.00,100.00,5616/5200
390.60,active,98.32,76.46,47.13,68.42,hotspot,cpu,100.00,100.00,5616/5200
391.10,active,98.31,76.47,47.14,68.20,hotspot,cpu,100.00,100.00,5616/5200
391.60,active,98.29,76.47,47.14,68.13,hotspot,cpu,100.00,100.00,5616/5200
392.10,active,98.27,76.48,47.15,68.02,hotspot,cpu,100.00,100.00,5616/5200
392.60,active,98.26,76.49,47.15,68.03,hotspot,cpu,100.00,100.00,5616/5200
393.10,active,98.24,76.49,47.16,67.99,hotspot,cpu,100.00,100.00,5616/5200
393.61,active,98.23,76.50,47.16,67.98,hotspot,cpu,100.00,100.00,5616/5200
394.11,active,98.22,76.51,47.16,67.87,hotspot,cpu,100.00,100.00,5616/5200
394.62,active,98.20,76.51,47.17,67.81,hotspot,cpu,100.00,100.00,5616/5200
395.12,active,98.18,76.51,47.17,67.70,hotspot,cpu,100.00,100.00,5616/5200
395.62,active,98.17,76.51,47.18,67.70,hotspot,cpu,100.00,100.00,5616/5200
396.12,active,98.15,76.51,47.18,67.71,hotspot,cpu,100.00,100.00,5616/5200
396.63,active,98.14,76.52,47.18,67.51,hotspot,cpu,100.00,100.00,5616/5200
397.13,active,98.13,76.52,47.19,67.42,hotspot,cpu,100.00,100.00,5616/5200
397.63,active,98.11,76.52,47.19,67.39,hotspot,cpu,100.00,100.00,5616/5200
398.13,active,98.09,76.52,47.19,67.31,hotspot,cpu,100.00,100.00,5616/5200
398.63,active,98.07,76.52,47.20,67.28,hotspot,cpu,100.00,100.00,5616/5200
399.13,active,98.06,76.51,47.20,67.30,hotspot,cpu,100.00,100.00,5616/5200
399.64,active,98.05,76.51,47.20,67.25,hotspot,cpu,100.00,100.00,5616/5200
400.14,active,98.04,76.51,47.21,67.21,hotspot,cpu,100.00,100.00,5616/5200
400.65,active,98.03,76.51,47.21,67.46,hotspot,cpu,100.00,100.00,5616/5200
401.16,active,98.02,76.51,47.22,67.70,hotspot,cpu,100.00,100.00,5616/5200
401.66,active,98.24,76.51,47.22,68.04,hotspot,cpu,100.00,100.00,5616/5200
402.16,active,98.41,76.51,47.22,68.36,hotspot,cpu,100.00,100.00,5616/5200
402.67,active,98.38,76.51,47.22,68.61,hotspot,cpu,100.00,100.00,5616/5200
403.17,active,98.36,76.51,47.23,68.70,hotspot,cpu,100.00,100.00,5616/5200
403.67,active,98.30,76.52,47.23,68.58,hotspot,cpu,100.00,100.00,5616/5200
404.18,active,98.26,76.52,47.23,68.51,hotspot,cpu,100.00,100.00,5616/5200
404.68,active,98.23,76.53,47.24,68.47,hotspot,cpu,100.00,100.00,5616/5200
405.18,active,98.20,76.53,47.24,68.43,hotspot,cpu,100.00,100.00,5616/5200
405.68,active,98.17,76.54,47.25,68.21,hotspot,cpu,100.00,100.00,5616/5200
406.18,active,98.15,76.54,47.25,67.99,hotspot,cpu,100.00,100.00,5616/5200
406.69,active,98.13,76.55,47.25,67.93,hotspot,cpu,100.00,100.00,5616/5200
407.19,active,98.11,76.55,47.26,67.87,hotspot,cpu,100.00,100.00,5616/5200
407.69,active,98.10,76.56,47.26,67.83,hotspot,cpu,100.00,100.00,5616/5200
408.19,active,98.08,76.56,47.26,67.83,hotspot,cpu,100.00,100.00,5616/5200
408.70,active,98.07,76.57,47.27,67.64,hotspot,cpu,100.00,100.00,5616/5200
409.20,active,98.06,76.57,47.27,67.51,hotspot,cpu,100.00,100.00,5616/5200
409.70,active,98.06,76.56,47.27,67.43,hotspot,cpu,100.00,100.00,5616/5200
410.20,active,98.07,76.56,47.28,67.40,hotspot,cpu,100.00,100.00,5616/5200
410.71,active,98.06,76.56,47.28,67.42,hotspot,cpu,100.00,100.00,5616/5200
411.21,active,98.06,76.56,47.28,67.43,hotspot,cpu,100.00,100.00,5616/5200
411.71,active,98.05,76.56,47.29,67.26,hotspot,cpu,100.00,100.00,5616/5200
412.22,active,98.05,76.56,47.29,67.10,hotspot,cpu,100.00,100.00,5616/5200
412.72,active,98.03,76.56,47.29,67.08,hotspot,cpu,100.00,100.00,5616/5200
413.23,active,98.02,76.56,47.30,67.06,hotspot,cpu,100.00,100.00,5616/5200
413.73,active,98.03,76.56,47.30,67.29,hotspot,cpu,100.00,100.00,5616/5200
414.23,active,98.03,76.56,47.30,67.55,hotspot,cpu,100.00,100.00,5616/5200
414.73,active,98.25,76.56,47.31,67.74,hotspot,cpu,100.00,100.00,5616/5200
415.24,active,98.42,76.56,47.31,68.02,hotspot,cpu,100.00,100.00,5616/5200
415.75,active,98.55,76.56,47.31,68.24,hotspot,cpu,100.00,100.00,5616/5200
416.25,active,98.65,76.57,47.31,68.40,hotspot,cpu,100.00,100.00,5616/5200
416.75,active,98.54,76.57,47.32,68.34,hotspot,cpu,100.00,100.00,5616/5200
417.25,active,98.46,76.57,47.32,68.35,hotspot,cpu,100.00,100.00,5616/5200
417.76,active,98.39,76.58,47.33,68.32,hotspot,cpu,100.00,100.00,5616/5200
418.26,active,98.34,76.58,47.33,68.10,hotspot,cpu,100.00,100.00,5616/5200
418.76,active,98.30,76.58,47.33,68.04,hotspot,cpu,100.00,100.00,5616/5200
419.27,active,98.27,76.58,47.33,67.99,hotspot,cpu,100.00,100.00,5616/5200
419.78,active,98.12,76.58,47.34,66.22,hotspot,cpu,100.00,100.00,5616/5200
420.28,active,98.00,76.57,47.34,64.56,hotspot,cpu,100.00,100.00,5616/5200
420.79,active,97.77,76.56,47.34,62.35,hotspot,cpu,100.00,100.00,5616/5200
421.29,active,97.59,76.54,47.35,60.05,hotspot,cpu,100.00,100.00,5616/5200
421.80,active,97.31,76.52,47.35,57.99,hotspot,cpu,100.00,100.00,5616/5200
422.31,active,97.10,76.50,47.35,56.02,hotspot,cpu,100.00,100.00,5616/5200
422.81,active,96.79,76.45,47.36,54.22,hotspot,cpu,100.00,100.00,5616/5200
423.32,active,96.55,76.42,47.36,52.57,hotspot,cpu,100.00,100.00,5616/5200
423.82,active,96.22,76.37,47.36,50.91,hotspot,cpu,100.00,100.00,5616/5200
424.33,active,95.97,76.33,47.36,49.29,hotspot,cpu,100.00,100.00,5616/5200
424.83,active,95.63,76.27,47.36,47.74,hotspot,cpu,100.00,100.00,5616/5200
425.33,active,95.37,76.22,47.37,46.21,hotspot,cpu,100.00,100.00,5616/5200
425.84,active,95.02,76.15,47.37,44.94,hotspot,cpu,100.00,100.00,5616/5200
426.35,active,94.75,76.09,47.37,43.77,hotspot,cpu,100.00,100.00,5616/5200
426.86,active,94.39,76.02,47.37,42.37,hotspot,cpu,100.00,100.00,5616/5200
427.36,active,94.11,75.96,47.37,41.04,hotspot,cpu,100.00,100.00,5616/5200
427.86,active,93.77,75.87,47.37,40.23,hotspot,cpu,100.00,100.00,5616/5200
428.37,active,93.50,75.80,47.37,39.40,hotspot,cpu,100.00,100.00,5616/5200
428.87,active,93.17,75.71,47.37,38.62,hotspot,cpu,100.00,100.00,5616/5200
429.38,active,92.91,75.64,47.37,37.84,hotspot,cpu,100.00,100.00,5616/5200
429.88,active,92.56,75.53,47.37,36.71,hotspot,cpu,100.00,100.00,5616/5200
430.39,active,92.29,75.45,47.37,35.62,hotspot,cpu,100.00,100.00,5616/5200
430.89,active,91.95,75.35,47.36,34.69,hotspot,cpu,100.00,100.00,5616/5200
431.40,active,91.68,75.27,47.36,34.04,hotspot,cpu,100.00,100.00,5616/5200
431.91,active,91.33,75.16,47.36,33.33,hotspot,cpu,100.00,100.00,5616/5200
432.41,active,91.06,75.07,47.36,32.61,hotspot,cpu,100.00,100.00,5616/5200
432.91,active,90.72,74.95,47.35,31.78,hotspot,cpu,100.00,100.00,5616/5200
433.42,active,90.45,74.86,47.35,30.99,hotspot,cpu,100.00,100.00,5616/5200
433.93,active,90.11,74.74,47.35,30.30,hotspot,cpu,100.00,100.00,5616/5200
434.43,active,89.84,74.64,47.34,29.61,hotspot,cpu,100.00,100.00,5616/5200
434.93,active,89.50,74.52,47.34,29.04,hotspot,cpu,100.00,100.00,5616/5200
435.43,active,89.23,74.42,47.33,28.50,hotspot,cpu,100.00,100.00,5616/5200
435.94,active,88.90,74.29,47.32,27.91,hotspot,cpu,100.00,100.00,5616/5200
436.44,active,88.64,74.19,47.32,27.30,hotspot,cpu,100.00,100.00,5616/5200
436.94,active,88.30,74.06,47.31,26.77,hotspot,cpu,100.00,100.00,5616/5200
437.45,active,88.03,73.96,47.31,26.22,hotspot,cpu,100.00,100.00,5616/5200
437.95,active,87.72,73.82,47.30,25.94,hotspot,cpu,98.60,100.00,5616/5200
438.46,active,87.47,73.72,47.29,25.67,hotspot,cpu,97.36,100.00,5616/5200
438.97,active,87.16,73.58,47.28,25.16,hotspot,cpu,95.78,100.00,5616/5200
439.48,active,86.91,73.48,47.28,24.67,hotspot,cpu,94.54,100.00,5616/5200
439.98,active,86.59,73.34,47.27,24.26,hotspot,cpu,92.97,100.00,5616/5200
440.49,active,86.34,73.23,47.26,23.86,hotspot,cpu,91.72,100.00,5616/5200
441.00,active,86.03,73.10,47.25,23.58,hotspot,cpu,90.17,100.00,5616/5200
441.50,active,85.79,72.99,47.24,23.31,hotspot,cpu,88.96,100.00,5616/5200
442.01,active,85.48,72.85,47.23,23.13,hotspot,cpu,87.42,100.00,5616/5200
442.51,active,85.25,72.74,47.22,22.76,hotspot,cpu,86.24,100.00,5616/5200
443.01,active,84.95,72.60,47.20,22.49,hotspot,cpu,84.75,100.00,5616/5200
443.52,active,84.71,72.49,47.19,22.24,hotspot,cpu,83.57,100.00,5616/5200
444.02,active,84.43,72.35,47.18,22.35,hotspot,cpu,82.14,100.00,5616/5200
444.53,active,84.21,72.24,47.17,22.25,hotspot,cpu,81.04,100.00,5616/5200
445.04,active,83.92,72.09,47.16,21.91,hotspot,cpu,79.62,100.00,5616/5200
445.54,active,83.71,71.98,47.14,21.60,hotspot,cpu,78.54,100.00,5616/5200
446.05,active,83.42,71.84,47.13,21.29,hotspot,cpu,77.09,100.00,5616/5200
446.56,active,83.19,71.72,47.12,20.99,hotspot,cpu,75.96,100.00,5616/5200
447.07,active,82.91,71.57,47.10,20.83,hotspot,cpu,74.53,100.00,5616/5200
447.58,active,82.68,71.46,47.09,20.73,hotspot,cpu,73.41,100.00,5616/5200
448.09,active,82.40,71.31,47.07,20.52,hotspot,cpu,72.02,100.00,5616/5200
448.60,active,82.19,71.20,47.06,20.42,hotspot,cpu,70.94,100.00,5616/5200
449.11,active,81.90,71.05,47.04,20.15,hotspot,cpu,69.61,100.00,5616/5200
449.61,active,81.68,70.94,47.03,19.95,hotspot,cpu,68.74,100.00,5616/5200
450.11,active,81.41,70.80,47.01,19.85,hotspot,cpu,67.64,100.00,5616/5200
450.62,active,81.19,70.64,46.99,19.85,hotspot,cpu,66.77,100.00,5616/5200
451.13,active,80.93,70.51,46.97,19.85,hotspot,cpu,65.70,100.00,5616/5200
451.64,active,80.60,70.35,46.95,19.69,hotspot,cpu,64.41,100.00,5616/5200
452.14,active,80.36,70.22,46.93,19.50,hotspot,cpu,63.43,100.00,5616/5200
452.65,active,80.07,70.07,46.91,19.55,hotspot,cpu,62.27,100.00,5616/5200
453.16,active,79.84,69.96,46.90,19.64,hotspot,cpu,61.36,100.00,5616/5200
453.66,active,79.56,69.81,46.88,19.59,hotspot,cpu,60.24,100.00,5616/5200
454.16,active,79.34,69.70,46.86,19.48,hotspot,cpu,59.38,100.00,5616/5200
454.67,active,79.07,69.56,46.84,19.29,hotspot,cpu,58.26,100.00,5616/5200
455.17,active,78.85,69.45,46.82,19.15,hotspot,cpu,57.39,100.00,5616/5200
455.68,active,78.58,69.32,46.80,19.09,hotspot,cpu,56.32,100.00,5616/5200
456.18,active,78.37,69.22,46.78,19.03,hotspot,cpu,55.49,100.00,5616/5200
456.68,active,78.12,69.08,46.76,19.02,hotspot,cpu,54.46,100.00,5616/5200
457.19,active,77.92,68.97,46.74,18.86,hotspot,cpu,53.67,100.00,5616/5200
457.69,active,77.63,68.84,46.72,18.74,hotspot,cpu,52.51,98.99,5616/5200
458.20,active,77.41,68.73,46.70,18.62,hotspot,cpu,51.62,97.99,5616/5200
458.71,active,77.13,68.59,46.68,18.71,hotspot,cpu,50.54,96.97,5501/5094
459.21,active,76.93,68.49,46.66,18.79,hotspot,cpu,49.70,95.96,5501/5094
459.72,active,76.67,68.36,46.64,18.79,hotspot,cpu,48.68,94.95,5501/5094
460.22,active,76.47,68.25,46.62,18.79,hotspot,cpu,47.89,93.93,5387/4988
460.73,active,76.21,68.13,46.60,18.61,hotspot,cpu,46.86,92.93,5387/4988
461.23,active,76.02,68.03,46.58,18.44,hotspot,cpu,46.07,91.92,5387/4988
461.73,active,75.77,67.90,46.56,18.41,hotspot,cpu,45.09,90.92,5273/4882
462.23,active,75.58,67.81,46.54,18.38,hotspot,cpu,44.32,89.92,5273/4882
462.73,active,75.34,67.68,46.51,18.30,hotspot,cpu,43.38,88.92,5273/4882
463.24,active,75.16,67.58,46.49,18.12,hotspot,cpu,42.63,87.90,5159/4776
463.75,active,74.92,67.45,46.47,18.01,hotspot,cpu,41.68,86.89,5159/4776
464.25,active,74.74,67.35,46.45,17.90,hotspot,cpu,40.95,85.88,5159/4776
464.76,active,74.51,67.22,46.42,17.94,hotspot,cpu,40.03,84.86,5044/4670
465.26,active,74.33,67.12,46.40,18.04,hotspot,cpu,39.31,83.85,5044/4670
465.77,active,74.10,66.99,46.38,17.99,hotspot,cpu,38.40,82.83,5044/4670
466.28,active,73.92,66.90,46.36,17.85,hotspot,cpu,37.70,81.82,4929/4564
466.79,active,73.70,66.77,46.33,17.86,hotspot,cpu,36.80,80.80,4929/4564
467.29,active,73.53,66.68,46.31,17.83,hotspot,cpu,36.11,79.79,4929/4564
467.80,active,73.31,66.56,46.29,17.97,hotspot,cpu,35.25,78.79,4814/4458
468.31,active,73.14,66.47,46.27,18.10,hotspot,cpu,34.57,77.77,4814/4458
468.81,active,72.93,66.35,46.24,18.05,hotspot,cpu,33.73,76.76,4814/4458
469.31,active,72.77,66.25,46.22,17.95,hotspot,cpu,33.08,75.76,4700/4351
469.82,active,72.56,66.13,46.20,17.88,hotspot,cpu,32.24,74.74,4700/4351
470.33,active,72.40,66.03,46.17,17.82,hotspot,cpu,31.60,73.72,4700/4351
470.83,active,72.20,65.91,46.15,17.91,hotspot,cpu,30.80,72.71,4584/4245
471.34,active,72.05,65.81,46.13,18.00,hotspot,cpu,30.18,71.69,4584/4245
471.85,active,71.85,65.69,46.10,17.84,hotspot,cpu,29.63,70.67,4584/4245
472.36,active,71.70,65.60,46.08,17.79,hotspot,cpu,29.25,69.66,4469/4138
472.86,active,71.51,65.48,46.05,17.70,hotspot,cpu,28.78,68.66,4469/4138
473.36,active,71.36,65.39,46.03,17.63,hotspot,cpu,28.40,67.65,4469/4138
473.87,active,71.17,65.27,46.00,17.64,hotspot,cpu,27.93,66.63,4355/4032
474.38,active,71.03,65.17,45.98,17.65,hotspot,cpu,27.57,65.62,4355/4032
474.89,active,70.85,65.06,45.95,17.67,hotspot,cpu,27.12,64.60,4355/4032
475.40,active,70.71,64.97,45.93,17.53,hotspot,cpu,26.76,63.58,4239/3925
475.91,active,70.53,64.85,45.90,17.44,hotspot,cpu,26.32,62.57,4239/3925
476.41,active,70.39,64.77,45.88,17.35,hotspot,cpu,25.97,61.55,4239/3925
476.92,active,70.22,64.66,45.85,17.39,hotspot,cpu,25.54,60.53,4124/3819
477.43,active,70.08,64.58,45.83,17.43,hotspot,cpu,25.21,59.52,4124/3819
477.94,active,69.92,64.48,45.80,17.32,hotspot,cpu,24.79,58.51,4124/3819
478.44,active,69.79,64.40,45.78,17.21,hotspot,cpu,24.48,57.49,4009/3712
478.95,active,69.63,64.29,45.76,17.14,hotspot,cpu,24.07,56.49,4009/3712
479.45,active,69.50,64.21,45.74,17.08,hotspot,cpu,23.75,55.48,4009/3712
479.96,active,69.34,64.10,45.73,17.13,hotspot,cpu,23.36,54.46,3895/3606
480.47,active,69.22,64.02,45.71,17.18,hotspot,cpu,23.05,53.45,3895/3606
480.97,active,69.07,63.92,45.70,17.07,hotspot,cpu,22.67,52.43,3895/3606
481.48,active,68.95,63.83,45.69,16.97,hotspot,cpu,22.37,51.42,3780/3500
481.98,active,68.79,63.73,45.67,16.90,hotspot,cpu,21.98,50.41,3780/3500
482.49,active,68.67,63.65,45.66,16.87,hotspot,cpu,21.67,49.40,3780/3500
483.00,active,68.51,63.55,45.65,16.98,hotspot,cpu,21.28,48.39,3665/3394
483.50,active,68.39,63.47,45.64,17.03,hotspot,cpu,20.99,47.39,3665/3394
484.01,active,68.25,63.36,45.63,17.09,hotspot,cpu,20.62,46.37,3665/3394
484.51,active,68.13,63.28,45.62,16.99,hotspot,cpu,20.34,45.35,3550/3287
485.02,active,67.98,63.17,45.60,16.89,hotspot,cpu,19.96,44.33,3550/3287
485.53,active,67.87,63.09,45.59,16.85,hotspot,cpu,19.67,43.32,3550/3287
486.03,active,67.71,62.99,45.58,16.90,hotspot,cpu,19.28,42.32,3436/3181
486.54,active,67.59,62.91,45.57,16.95,hotspot,cpu,18.97,41.31,3436/3181
487.04,active,67.44,62.81,45.56,16.99,hotspot,cpu,18.61,40.29,3436/3181
487.55,active,67.33,62.73,45.55,16.88,hotspot,cpu,18.33,39.29,3321/3075
488.06,active,67.20,62.63,45.54,17.04,hotspot,cpu,18.01,38.27,3321/3075
488.56,active,67.11,62.55,45.53,17.20,hotspot,cpu,17.76,37.25,3321/3075
489.07,active,66.98,62.45,45.52,17.23,hotspot,cpu,17.45,36.23,3206/2968
489.58,active,66.89,62.37,45.51,17.25,hotspot,cpu,17.21,35.22,3206/2968
490.09,active,66.77,62.27,45.49,17.15,hotspot,cpu,16.92,34.21,3206/2968
490.59,active,66.68,62.20,45.48,17.20,hotspot,cpu,16.69,33.19,3091/2862
491.10,active,66.55,62.10,45.47,17.09,hotspot,cpu,16.37,32.18,3091/2862
491.61,active,66.45,62.03,45.46,17.15,hotspot,cpu,16.12,31.17,3091/2862
492.11,active,66.32,61.94,45.45,17.20,hotspot,cpu,15.80,30.16,2976/2756
492.61,active,66.22,61.87,45.44,17.23,hotspot,cpu,15.56,29.15,2976/2756
493.12,active,66.10,61.78,45.42,17.16,hotspot,cpu,15.25,28.13,2976/2756
493.63,active,65.94,61.67,45.41,16.99,hotspot,cpu,14.85,27.13,2861/2649
494.13,active,65.81,61.58,45.40,16.84,hotspot,cpu,14.54,26.12,2861/2649
494.64,active,65.67,61.48,45.38,16.92,hotspot,cpu,14.17,25.11,2861/2649
495.14,active,65.56,61.41,45.37,17.00,hotspot,cpu,13.89,24.09,2747/2543
495.65,active,65.41,61.32,45.36,17.09,hotspot,cpu,13.52,23.08,2747/2543
496.16,active,65.29,61.25,45.34,16.97,hotspot,cpu,13.23,22.07,2747/2543
496.66,active,65.15,61.16,45.33,16.98,hotspot,cpu,12.87,21.06,2632/2437
497.17,active,65.04,61.10,45.32,16.98,hotspot,cpu,12.60,20.05,2632/2437
497.67,active,64.91,61.02,45.31,17.05,hotspot,cpu,12.27,19.04,2632/2437
498.18,active,64.81,60.96,45.30,17.12,hotspot,cpu,12.02,18.02,2517/2331
498.69,active,64.68,60.88,45.28,17.17,hotspot,cpu,11.71,17.00,2517/2331
499.19,active,64.59,60.82,45.27,17.08,hotspot,cpu,11.47,15.99,2517/2331
499.69,active,64.47,60.74,45.26,17.12,hotspot,cpu,11.18,14.99,2403/2225
500.20,active,64.38,60.68,45.25,17.17,hotspot,cpu,10.96,13.99,2403/2225
500.71,active,64.27,60.61,45.23,17.28,hotspot,cpu,10.67,12.97,2403/2225
501.21,active,64.18,60.55,45.22,17.38,hotspot,cpu,10.45,11.96,2288/2119
501.71,active,64.07,60.48,45.21,17.43,hotspot,cpu,10.17,10.95,2288/2119
502.22,active,63.98,60.42,45.20,17.33,hotspot,cpu,9.95,9.95,2288/2119
502.73,active,63.86,60.35,45.18,17.24,hotspot,cpu,9.66,9.66,2288/2119
503.23,active,63.77,60.29,45.17,17.16,hotspot,cpu,9.43,9.43,2288/2119
503.74,active,63.68,60.21,45.16,17.46,hotspot,cpu,9.19,9.19,2288/2119
504.25,active,63.60,60.15,45.15,17.74,hotspot,cpu,9.00,9.00,2288/2119
504.75,active,63.51,60.07,45.13,17.69,hotspot,cpu,8.76,8.76,2167/2007
505.26,active,63.43,60.00,45.12,17.69,hotspot,cpu,8.58,8.58,2167/2007
505.77,active,63.32,59.93,45.11,17.64,hotspot,cpu,8.29,8.29,2167/2007
506.28,active,63.23,59.87,45.10,17.60,hotspot,cpu,8.07,8.07,2167/2007
506.78,active,63.12,59.80,45.08,17.66,hotspot,cpu,7.80,7.80,2167/2007
507.28,active,63.04,59.74,45.07,17.71,hotspot,cpu,7.59,7.59,2167/2007
507.79,active,62.93,59.67,45.06,17.76,hotspot,cpu,7.32,7.32,2167/2007
508.30,active,62.85,59.61,45.05,17.66,hotspot,cpu,7.12,7.12,2167/2007
508.81,active,62.74,59.54,45.03,17.61,hotspot,cpu,6.85,6.85,2167/2007
509.31,active,62.66,59.49,45.02,17.56,hotspot,cpu,6.65,6.65,2167/2007
509.81,active,62.57,59.42,45.00,17.67,hotspot,cpu,6.43,6.43,2167/2007
510.32,active,62.50,59.37,44.99,17.78,hotspot,cpu,6.26,6.26,2167/2007
510.83,active,62.41,59.31,44.98,17.65,hotspot,cpu,6.03,6.03,2167/2007
511.34,active,62.34,59.26,44.97,17.53,hotspot,cpu,5.85,5.85,2167/2007
511.84,active,62.24,59.19,44.95,17.42,hotspot,cpu,5.61,5.61,2048/1896
512.35,active,62.17,59.14,44.94,17.31,hotspot,cpu,5.42,5.42,2048/1896
512.86,active,62.08,59.08,44.93,17.39,hotspot,cpu,5.19,5.19,2048/1896
513.37,active,62.01,59.03,44.92,17.46,hotspot,cpu,5.02,5.02,2048/1896
513.87,active,61.93,58.95,44.90,17.59,hotspot,cpu,4.82,4.82,2048/1896
514.38,active,61.87,58.89,44.89,17.56,hotspot,cpu,4.66,4.66,2048/1896
514.88,active,61.78,58.81,44.87,17.47,hotspot,cpu,4.46,4.46,2048/1896
515.39,active,61.72,58.75,44.86,17.38,hotspot,cpu,4.30,4.30,2048/1896
515.90,active,61.64,58.68,44.85,17.38,hotspot,cpu,4.09,4.09,2048/1896
516.41,active,61.57,58.62,44.83,17.39,hotspot,cpu,3.93,3.93,2048/1896
516.91,active,61.49,58.55,44.82,17.25,hotspot,cpu,3.73,3.73,2048/1896
517.42,active,61.43,58.50,44.81,17.12,hotspot,cpu,3.57,3.57,2048/1896
517.93,active,61.34,58.43,44.79,17.03,hotspot,cpu,3.36,3.36,2048/1896
518.43,active,61.28,58.38,44.78,17.00,hotspot,cpu,3.20,3.20,2048/1896
518.93,active,61.19,58.32,44.76,17.08,hotspot,cpu,2.96,2.96,2048/1896
519.44,active,61.11,58.27,44.75,17.12,hotspot,cpu,2.78,2.78,2048/1896
519.94,active,61.03,58.20,44.74,17.01,hotspot,cpu,2.57,2.57,1933/1790
520.45,active,60.96,58.15,44.72,16.90,hotspot,cpu,2.41,2.41,1933/1790
520.96,active,60.88,58.09,44.71,16.79,hotspot,cpu,2.19,2.19,1933/1790
521.47,active,60.81,58.04,44.70,16.68,hotspot,cpu,2.02,2.02,1933/1790
521.97,active,60.73,57.98,44.68,16.72,hotspot,cpu,1.83,1.83,1933/1790
522.48,active,60.67,57.94,44.67,16.76,hotspot,cpu,1.67,1.67,1933/1790
522.99,active,60.60,57.88,44.65,16.65,hotspot,cpu,1.49,1.49,1933/1790
523.50,active,60.54,57.83,44.64,16.79,hotspot,cpu,1.35,1.35,1933/1790
524.01,active,60.48,57.77,44.63,17.02,hotspot,cpu,1.21,1.21,1933/1790
524.51,active,60.44,57.72,44.61,17.13,hotspot,cpu,1.10,1.10,1933/1790
525.02,active,60.41,57.66,44.60,17.58,hotspot,cpu,1.03,1.03,1933/1790
525.53,active,60.39,57.62,44.59,17.91,hotspot,cpu,0.97,0.97,1933/1790
526.03,active,60.36,57.56,44.57,17.85,hotspot,cpu,0.89,0.89,1933/1790
526.54,active,60.33,57.52,44.56,17.80,hotspot,cpu,0.83,0.83,1933/1790
527.05,active,60.29,57.46,44.54,17.80,hotspot,cpu,0.72,0.72,1933/1790
527.56,active,60.25,57.41,44.53,17.75,hotspot,cpu,0.63,0.63,1933/1790
528.07,active,60.21,57.36,44.51,17.83,hotspot,cpu,0.53,0.53,1933/1790
528.57,active,60.18,57.32,44.50,17.91,hotspot,cpu,0.45,0.45,1933/1790
529.08,active,61.03,57.26,44.49,17.91,hotspot,cpu,2.58,2.58,1933/1790
529.58,active,61.69,57.22,44.48,18.06,hotspot,cpu,4.23,4.23,1933/1790
530.09,active,61.27,57.16,44.46,18.10,hotspot,cpu,3.17,4.23,1933/1790
530.60,active,60.94,57.11,44.45,18.13,hotspot,cpu,2.34,4.23,1933/1790
531.11,active,60.65,57.06,44.43,18.31,hotspot,cpu,1.63,4.23,1933/1790
531.61,active,60.43,57.02,44.42,18.26,hotspot,cpu,1.08,4.23,1933/1790
532.12,active,60.24,56.97,44.40,18.21,hotspot,cpu,0.60,4.23,1933/1790
532.63,active,60.06,56.92,44.38,18.03,hotspot,cpu,0.14,4.23,1933/1790
533.14,active,59.91,56.87,44.37,17.86,hotspot,cpu,0.00,4.23,1933/1790
533.64,active,59.79,56.81,44.35,17.89,hotspot,cpu,0.00,4.23,1933/1790
534.15,active,59.69,56.76,44.34,17.97,hotspot,cpu,0.00,4.23,1933/1790
534.65,active,59.59,56.70,44.32,18.04,hotspot,cpu,0.00,4.23,1933/1790
535.16,active,59.52,56.65,44.31,18.00,hotspot,cpu,0.00,4.23,1933/1790
535.67,active,59.44,56.60,44.29,18.01,hotspot,cpu,0.00,4.23,1933/1790
536.18,active,59.38,56.55,44.28,18.03,hotspot,cpu,0.00,4.23,1933/1790
536.68,active,59.32,56.51,44.26,18.31,hotspot,cpu,0.00,4.23,1933/1790
537.18,active,59.28,56.47,44.25,18.58,hotspot,cpu,0.00,4.23,1933/1790
537.69,active,59.23,56.42,44.23,18.66,hotspot,cpu,0.00,4.23,1933/1790
538.20,active,59.20,56.39,44.22,18.58,hotspot,cpu,0.00,4.23,1933/1790
538.71,active,65.22,56.34,44.21,18.96,hotspot,cpu,13.05,13.05,2329/2157
539.21,active,69.83,56.30,44.19,19.31,hotspot,cpu,24.58,24.58,2765/2560
539.72,active,67.98,56.26,44.18,19.42,hotspot,cpu,19.96,24.58,2765/2560
540.22,active,66.54,56.23,44.17,19.53,hotspot,cpu,16.36,24.58,2765/2560
540.73,active,65.36,56.20,44.15,19.58,hotspot,cpu,13.41,24.58,2765/2560
541.24,active,64.45,56.17,44.14,19.58,hotspot,cpu,11.12,24.58,2765/2560
541.75,active,63.69,56.14,44.12,19.36,hotspot,cpu,9.23,24.58,2765/2560
542.25,active,63.11,56.11,44.11,19.15,hotspot,cpu,7.78,24.58,2765/2560
542.76,active,62.61,56.07,44.09,19.09,hotspot,cpu,6.52,24.58,2765/2560
543.26,active,62.22,56.03,44.08,19.03,hotspot,cpu,5.55,24.58,2765/2560
543.77,active,61.88,55.99,44.07,18.82,hotspot,cpu,4.69,24.58,2765/2560
544.28,active,61.61,55.95,44.05,18.67,hotspot,cpu,4.02,24.58,2765/2560
544.79,active,61.36,55.91,44.04,18.56,hotspot,cpu,3.39,24.58,2765/2560
545.30,active,61.16,55.87,44.03,18.45,hotspot,cpu,2.91,24.58,2765/2560
545.81,active,61.80,55.83,44.01,18.57,hotspot,cpu,4.50,24.58,2765/2560
546.31,active,62.29,55.80,44.00,18.68,hotspot,cpu,5.73,24.58,2765/2560
546.81,active,64.93,55.76,43.98,19.83,hotspot,cpu,12.33,24.58,2765/2560
547.32,active,67.00,55.74,43.97,21.08,hotspot,cpu,17.50,24.58,2765/2560
547.82,active,66.72,55.71,43.96,21.94,hotspot,cpu,16.81,24.58,2765/2560
548.33,active,66.51,55.69,43.94,22.71,hotspot,cpu,16.27,24.58,2765/2560
548.84,active,66.28,55.67,43.93,22.48,hotspot,cpu,15.71,24.58,2765/2560
549.35,active,66.11,55.65,43.92,22.26,hotspot,cpu,15.27,24.58,2765/2560
549.86,active,65.91,55.63,43.90,21.88,hotspot,cpu,14.78,24.58,2765/2560
550.36,active,65.76,55.61,43.89,21.52,hotspot,cpu,14.41,24.58,2765/2560
550.86,active,65.59,55.58,43.87,21.33,hotspot,cpu,13.98,24.58,2765/2560
551.37,active,65.46,55.56,43.86,21.14,hotspot,cpu,13.64,24.58,2765/2560
551.88,active,65.29,55.53,43.85,20.99,hotspot,cpu,13.23,24.58,2765/2560
552.38,active,65.16,55.51,43.83,20.80,hotspot,cpu,12.91,24.58,2765/2560
552.89,active,65.01,55.48,43.82,20.54,hotspot,cpu,12.52,24.58,2765/2560
553.40,active,64.89,55.45,43.81,20.25,hotspot,cpu,12.22,24.58,2765/2560
553.91,active,64.74,55.42,43.79,20.01,hotspot,cpu,11.84,24.58,2765/2560
554.41,active,64.62,55.39,43.78,19.79,hotspot,cpu,11.55,24.58,2765/2560
554.92,active,64.47,55.35,43.76,19.65,hotspot,cpu,11.17,24.58,2765/2560
555.43,active,64.35,55.33,43.75,19.52,hotspot,cpu,10.88,24.58,2765/2560
555.94,active,64.21,55.29,43.74,19.25,hotspot,cpu,10.52,24.58,2765/2560
556.45,active,64.09,55.27,43.73,19.00,hotspot,cpu,10.24,24.58,2765/2560
556.95,active,63.95,55.24,43.71,18.82,hotspot,cpu,9.88,24.58,2765/2560
557.46,active,63.84,55.21,43.70,18.64,hotspot,cpu,9.60,24.58,2765/2560
557.96,active,63.70,55.18,43.68,18.56,hotspot,cpu,9.26,24.58,2765/2560
558.47,active,63.59,55.16,43.67,18.48,hotspot,cpu,8.99,24.58,2765/2560
558.98,active,63.48,55.13,43.66,18.36,hotspot,cpu,8.70,24.58,2765/2560
559.48,active,63.39,55.11,43.64,18.25,hotspot,cpu,8.47,23.58,2765/2560
559.98,active,63.26,55.07,43.63,18.07,hotspot,cpu,8.16,22.58,2765/2560
560.48,active,63.17,55.05,43.62,17.90,hotspot,cpu,7.92,21.57,2651/2455
560.98,active,63.05,55.02,43.60,17.88,hotspot,cpu,7.62,20.57,2651/2455
561.49,active,62.95,54.99,43.59,17.85,hotspot,cpu,7.39,19.55,2651/2455
561.99,active,62.84,54.96,43.58,17.78,hotspot,cpu,7.11,18.54,2537/2349
562.50,active,62.76,54.93,43.56,17.70,hotspot,cpu,6.89,17.53,2537/2349
563.01,active,62.64,54.90,43.55,17.58,hotspot,cpu,6.59,16.51,2537/2349
563.52,active,62.55,54.88,43.54,17.45,hotspot,cpu,6.36,15.50,2422/2242
564.03,active,62.44,54.84,43.52,17.50,hotspot,cpu,6.10,14.48,2422/2242
564.53,active,62.36,54.82,43.51,17.53,hotspot,cpu,5.89,13.46,2422/2242
565.04,active,62.26,54.79,43.50,17.38,hotspot,cpu,5.64,12.46,2307/2136
565.54,active,62.18,54.77,43.49,17.24,hotspot,cpu,5.45,11.44,2307/2136
566.05,active,62.07,54.74,43.47,17.13,hotspot,cpu,5.17,10.44,2307/2136
566.56,active,61.98,54.71,43.46,17.02,hotspot,cpu,4.96,9.42,2192/2030
567.07,active,61.88,54.68,43.44,17.06,hotspot,cpu,4.70,8.40,2192/2030
567.57,active,61.80,54.65,43.43,17.10,hotspot,cpu,4.50,7.39,2192/2030
568.08,active,61.70,54.62,43.42,16.96,hotspot,cpu,4.26,6.38,2077/1923
568.58,active,61.63,54.59,43.41,16.98,hotspot,cpu,4.07,5.37,2077/1923
569.09,active,61.54,54.55,43.39,16.93,hotspot,cpu,3.84,4.35,2077/1923
569.60,active,61.46,54.53,43.38,16.89,hotspot,cpu,3.66,3.66,2077/1923
570.11,active,61.36,54.49,43.37,16.95,hotspot,cpu,3.40,3.40,2077/1923
570.61,active,61.28,54.46,43.35,16.97,hotspot,cpu,3.20,3.20,1957/1812
571.12,active,61.11,54.43,43.34,16.99,hotspot,cpu,2.77,2.77,1957/1812
571.63,active,61.53,54.40,43.32,17.09,hotspot,cpu,3.82,3.82,1957/1812
572.14,active,61.86,54.37,43.31,17.19,hotspot,cpu,4.65,4.65,1957/1812
572.65,active,61.44,54.33,43.29,17.24,hotspot,cpu,3.61,4.65,1957/1812
573.16,active,61.12,54.30,43.28,17.29,hotspot,cpu,2.80,4.65,1957/1812
573.66,active,60.83,54.26,43.26,17.31,hotspot,cpu,2.08,4.65,1957/1812
574.17,active,60.61,54.23,43.25,17.33,hotspot,cpu,1.53,4.65,1957/1812
574.68,active,60.39,54.20,43.23,17.22,hotspot,cpu,0.98,4.65,1957/1812
575.18,active,60.22,54.17,43.22,17.12,hotspot,cpu,0.56,4.65,1957/1812
575.69,active,60.05,54.15,43.21,17.23,hotspot,cpu,0.14,4.65,1957/1812
576.20,active,59.93,54.13,43.19,17.28,hotspot,cpu,0.00,4.65,1957/1812
576.71,active,59.79,54.10,43.18,17.28,hotspot,cpu,0.00,4.65,1957/1812
577.21,active,59.68,54.08,43.17,17.18,hotspot,cpu,0.00,4.65,1957/1812
577.72,active,59.55,54.05,43.15,17.04,hotspot,cpu,0.00,4.65,1957/1812
578.23,active,59.45,54.03,43.14,16.92,hotspot,cpu,0.00,4.65,1957/1812
578.74,active,59.33,54.01,43.13,17.04,hotspot,cpu,0.00,4.65,1957/1812
579.25,active,59.25,53.99,43.12,17.10,hotspot,cpu,0.00,4.65,1957/1812
579.76,active,59.14,53.96,43.10,17.18,hotspot,cpu,0.00,4.65,1957/1812
580.26,active,59.06,53.94,43.09,17.15,hotspot,cpu,0.00,4.65,1957/1812
580.77,active,58.97,53.91,43.08,17.16,hotspot,cpu,0.00,4.65,1957/1812
581.28,active,58.90,53.90,43.06,17.17,hotspot,cpu,0.00,4.65,1957/1812
581.78,active,58.81,53.87,43.05,17.26,hotspot,cpu,0.00,4.65,1957/1812
582.29,active,58.74,53.85,43.04,17.35,hotspot,cpu,0.00,4.65,1957/1812
582.79,active,58.65,53.83,43.02,17.37,hotspot,cpu,0.00,4.65,1957/1812
583.30,active,58.59,53.81,43.01,17.23,hotspot,cpu,0.00,4.65,1957/1812
583.81,active,58.50,53.78,43.00,17.14,hotspot,cpu,0.00,4.65,1957/1812
584.32,active,58.43,53.76,42.99,17.05,hotspot,cpu,0.00,4.65,1957/1812
584.83,active,58.35,53.72,42.97,17.14,hotspot,cpu,0.00,4.65,1957/1812
585.34,active,58.28,53.70,42.96,17.23,hotspot,cpu,0.00,4.65,1957/1812
585.85,active,58.20,53.67,42.95,17.13,hotspot,cpu,0.00,4.65,1957/1812
586.35,active,58.14,53.65,42.94,17.03,hotspot,cpu,0.00,4.65,1957/1812
586.86,active,58.06,53.62,42.92,16.94,hotspot,cpu,0.00,4.65,1957/1812
587.36,active,58.00,53.61,42.91,16.85,hotspot,cpu,0.00,4.65,1957/1812
587.87,active,57.93,53.58,42.90,16.98,hotspot,cpu,0.00,4.65,1957/1812
588.38,active,57.88,53.57,42.89,17.10,hotspot,cpu,0.00,4.65,1957/1812
588.89,active,57.81,53.55,42.87,17.18,hotspot,cpu,0.00,4.65,1957/1812
589.40,active,57.76,53.53,42.86,17.10,hotspot,cpu,0.00,4.65,1957/1812
589.91,active,57.70,53.50,42.85,17.04,hotspot,cpu,0.00,4.65,1957/1812
590.41,active,57.65,53.48,42.83,16.97,hotspot,cpu,0.00,4.65,1957/1812
590.92,active,57.60,53.46,42.82,17.01,hotspot,cpu,0.00,4.65,1957/1812
591.43,active,57.55,53.44,42.81,17.05,hotspot,cpu,0.00,4.65,1957/1812
591.93,active,57.50,53.41,42.79,16.92,hotspot,cpu,0.00,4.65,1957/1812
592.44,active,57.46,53.39,42.78,16.80,hotspot,cpu,0.00,3.63,1957/1812
592.95,active,57.40,53.36,42.77,16.75,hotspot,cpu,0.00,2.62,1957/1812
593.46,active,57.36,53.34,42.76,16.70,hotspot,cpu,0.00,1.61,1957/1812
593.96,active,57.32,53.31,42.74,16.79,hotspot,cpu,0.00,0.59,1957/1812
594.47,active,57.28,53.29,42.73,16.87,hotspot,cpu,0.00,0.00,1836/1700
594.98,active,57.24,53.26,42.72,16.77,hotspot,cpu,0.00,0.00,1836/1700
595.48,active,57.20,53.24,42.71,16.67,hotspot,cpu,0.00,0.00,1836/1700
595.99,active,57.15,53.21,42.69,16.57,hotspot,cpu,0.00,0.00,1836/1700
596.50,active,57.11,53.19,42.68,16.49,hotspot,cpu,0.00,0.00,1836/1700
597.01,active,57.04,53.16,42.67,16.51,hotspot,cpu,0.00,0.00,1836/1700
597.51,active,56.99,53.13,42.66,16.53,hotspot,cpu,0.00,0.00,1836/1700
598.01,active,56.94,53.10,42.65,16.46,hotspot,cpu,0.00,0.00,1836/1700
598.52,active,56.90,53.08,42.64,16.39,hotspot,cpu,0.00,0.00,1836/1700
599.03,active,56.86,53.05,42.62,16.37,hotspot,cpu,0.00,0.00,1836/1700
599.54,active,56.82,53.03,42.61,16.36,hotspot,cpu,0.00,0.00,1836/1700
600.04,active,56.77,53.00,42.60,16.42,hotspot,cpu,0.00,0.00,1836/1700
600.55,active,56.74,52.98,42.59,16.47,hotspot,cpu,0.00,0.00,1836/1700
601.06,active,56.70,52.95,42.57,16.39,hotspot,cpu,0.00,0.00,1836/1700
601.56,active,56.67,52.93,42.56,16.42,hotspot,cpu,0.00,0.00,1836/1700
602.07,active,56.62,52.91,42.55,16.35,hotspot,cpu,0.00,0.00,1836/1700
602.58,active,56.59,52.89,42.54,16.28,hotspot,cpu,0.00,0.00,1836/1700
603.09,active,56.54,52.86,42.53,16.37,hotspot,cpu,0.00,0.00,1836/1700
603.60,active,57.55,52.84,42.51,16.45,hotspot,cpu,0.00,0.00,1836/1700
604.10,active,58.32,52.82,42.50,16.45,hotspot,cpu,0.00,0.00,1836/1700
604.61,active,58.92,52.80,42.49,16.42,hotspot,cpu,0.00,0.00,1836/1700
605.12,active,58.35,52.78,42.48,16.40,hotspot,cpu,0.00,0.00,1836/1700
605.63,active,57.90,52.76,42.46,16.44,hotspot,cpu,0.00,0.00,1836/1700
606.13,active,57.52,52.75,42.45,16.48,hotspot,cpu,0.00,0.00,1836/1700
606.64,active,58.07,52.73,42.43,16.58,hotspot,cpu,0.00,0.00,1836/1700
607.14,active,58.50,52.71,42.42,16.68,hotspot,cpu,0.00,0.00,1836/1700
607.65,active,57.93,52.69,42.41,16.81,hotspot,cpu,0.00,0.00,1836/1700
608.16,active,57.47,52.67,42.40,16.93,hotspot,cpu,0.00,0.00,1836/1700
608.66,active,57.11,52.65,42.39,16.95,hotspot,cpu,0.00,0.00,1836/1700
609.17,active,56.82,52.64,42.38,16.97,hotspot,cpu,0.00,0.00,1836/1700
609.68,active,56.58,52.61,42.36,16.97,hotspot,cpu,0.00,0.00,1836/1700
610.19,active,56.39,52.60,42.35,16.81,hotspot,cpu,0.00,0.00,1836/1700
610.70,active,56.22,52.58,42.34,16.70,hotspot,cpu,0.00,0.00,1836/1700
611.20,active,56.09,52.56,42.33,16.60,hotspot,cpu,0.00,0.00,1836/1700
611.71,active,55.97,52.54,42.32,16.66,hotspot,cpu,0.00,0.00,1836/1700
612.21,active,55.87,52.53,42.31,16.76,hotspot,cpu,0.00,0.00,1836/1700
612.72,active,56.12,52.51,42.29,16.77,hotspot,cpu,0.00,0.00,1836/1700
613.23,active,56.32,52.51,42.28,16.88,hotspot,cpu,0.00,0.00,1836/1700
613.73,active,56.11,52.49,42.27,16.83,hotspot,cpu,0.00,0.00,1836/1700
614.24,active,55.94,52.47,42.26,16.78,hotspot,cpu,0.00,0.00,1836/1700
614.75,active,55.80,52.45,42.25,16.80,hotspot,cpu,0.00,0.00,1836/1700
615.26,active,55.68,52.43,42.23,17.02,hotspot,cpu,0.00,0.00,1836/1700
615.76,active,55.58,52.42,42.22,16.93,hotspot,cpu,0.00,0.00,1836/1700
616.27,active,55.49,52.40,42.21,16.89,hotspot,cpu,0.00,0.00,1836/1700
616.78,active,55.41,52.38,42.20,16.83,hotspot,cpu,0.00,0.00,1836/1700
617.29,active,55.35,52.37,42.19,16.77,hotspot,cpu,0.00,0.00,1836/1700
617.80,active,55.28,52.36,42.18,16.88,hotspot,cpu,0.00,0.00,1836/1700
618.31,active,55.23,52.35,42.17,16.97,hotspot,cpu,0.00,0.00,1836/1700
618.81,active,55.18,52.34,42.15,16.97,hotspot,cpu,0.00,0.00,1836/1700
619.31,active,55.15,52.33,42.14,16.93,hotspot,cpu,0.00,0.00,1836/1700
619.82,active,55.10,52.32,42.13,16.89,hotspot,cpu,0.00,0.00,1836/1700
620.32,active,55.07,52.31,42.12,16.86,hotspot,cpu,0.00,0.00,1836/1700
620.83,active,55.03,52.29,42.11,16.89,hotspot,cpu,0.00,0.00,1836/1700
621.34,active,55.00,52.28,42.10,16.92,hotspot,cpu,0.00,0.00,1836/1700
621.85,active,54.96,52.27,42.09,16.78,hotspot,cpu,0.00,0.00,1836/1700
622.36,active,54.93,52.25,42.08,16.65,hotspot,cpu,0.00,0.00,1836/1700
622.86,active,54.89,52.24,42.06,16.65,hotspot,cpu,0.00,0.00,1836/1700
623.37,active,54.86,52.23,42.05,16.65,hotspot,cpu,0.00,0.00,1836/1700
623.88,active,54.82,52.21,42.04,16.68,hotspot,cpu,0.00,0.00,1836/1700
624.39,active,54.79,52.20,42.03,16.71,hotspot,cpu,0.00,0.00,1836/1700
624.90,active,54.76,52.18,42.02,16.69,hotspot,cpu,0.00,0.00,1836/1700
625.41,active,54.74,52.17,42.01,16.68,hotspot,cpu,0.00,0.00,1836/1700
625.91,active,54.71,52.15,42.00,16.59,hotspot,cpu,0.00,0.00,1836/1700
626.42,active,54.68,52.14,41.99,16.51,hotspot,cpu,0.00,0.00,1836/1700
626.93,active,54.66,52.13,41.98,16.64,hotspot,cpu,0.00,0.00,1836/1700
627.44,active,54.64,52.12,41.97,16.76,hotspot,cpu,0.00,0.00,1836/1700
627.95,active,54.61,52.11,41.96,16.64,hotspot,cpu,0.00,0.00,1836/1700
628.46,active,54.58,52.11,41.95,16.52,hotspot,cpu,0.00,0.00,1836/1700
628.96,active,55.35,52.10,41.94,16.75,hotspot,cpu,0.00,0.00,1836/1700
629.47,active,55.94,52.09,41.93,16.96,hotspot,cpu,0.00,0.00,1836/1700
629.98,active,55.64,52.08,41.92,16.99,hotspot,cpu,0.00,0.00,1836/1700
630.48,active,55.40,52.07,41.91,17.02,hotspot,cpu,0.00,0.00,1836/1700
630.99,active,55.22,52.06,41.90,16.95,hotspot,cpu,0.00,0.00,1836/1700
631.50,active,55.08,52.05,41.89,16.88,hotspot,cpu,0.00,0.00,1836/1700
632.01,active,54.96,52.04,41.88,16.80,hotspot,cpu,0.00,0.00,1836/1700
632.51,active,54.87,52.03,41.87,16.73,hotspot,cpu,0.00,0.00,1836/1700
633.02,active,54.79,52.02,41.85,16.80,hotspot,cpu,0.00,0.00,1836/1700
633.53,active,54.73,52.01,41.84,16.87,hotspot,cpu,0.00,0.00,1836/1700
634.04,active,54.69,52.00,41.83,16.73,hotspot,cpu,0.00,0.00,1836/1700
634.54,active,54.65,51.99,41.82,16.61,hotspot,cpu,0.00,0.00,1836/1700
635.05,active,54.73,51.98,41.81,16.52,hotspot,cpu,0.00,0.00,1836/1700
635.56,active,54.79,51.97,41.80,16.43,hotspot,cpu,0.00,0.00,1836/1700
636.07,active,55.06,51.98,41.79,16.47,hotspot,cpu,0.00,0.00,1836/1700
636.58,active,55.27,51.98,41.78,16.51,hotspot,cpu,0.00,0.00,1836/1700
637.09,active,55.43,51.99,41.77,16.41,hotspot,cpu,0.00,0.00,1836/1700
637.60,active,55.56,51.98,41.76,16.32,hotspot,cpu,0.00,0.00,1836/1700
638.11,active,55.27,51.98,41.75,16.23,hotspot,cpu,0.00,0.00,1836/1700
638.61,active,55.44,51.97,41.74,16.29,hotspot,cpu,0.00,0.00,1836/1700
639.12,active,55.56,51.96,41.73,16.35,hotspot,cpu,0.00,0.00,1836/1700
639.63,active,55.66,51.95,41.72,16.69,hotspot,cpu,0.00,0.00,1836/1700
640.14,active,55.74,51.95,41.71,16.87,hotspot,cpu,0.00,0.00,1836/1700
640.65,active,55.41,51.94,41.70,16.77,hotspot,cpu,0.00,0.00,1836/1700
641.16,active,55.15,51.93,41.69,16.68,hotspot,cpu,0.00,0.00,1836/1700
641.66,active,55.12,51.94,41.68,16.74,hotspot,cpu,0.00,0.00,1836/1700
642.17,active,55.09,51.96,41.67,16.79,hotspot,cpu,0.00,0.00,1836/1700
642.68,active,56.19,51.94,41.66,16.95,hotspot,cpu,0.00,0.00,1836/1700
643.19,active,57.05,51.93,41.65,16.96,hotspot,cpu,0.00,0.00,1836/1700
643.70,active,56.81,51.93,41.64,16.90,hotspot,cpu,0.00,0.00,1836/1700
644.20,active,56.63,51.92,41.63,16.85,hotspot,cpu,0.00,0.00,1836/1700
644.71,active,56.26,51.91,41.62,16.93,hotspot,cpu,0.00,0.00,1836/1700
645.22,active,55.98,51.90,41.61,17.00,hotspot,cpu,0.00,0.00,1836/1700
645.72,active,55.84,51.90,41.60,17.24,hotspot,cpu,0.00,0.00,1836/1700
646.23,active,55.73,51.89,41.59,17.42,hotspot,cpu,0.00,0.00,1836/1700
646.73,active,55.41,51.88,41.58,17.38,hotspot,cpu,0.00,0.00,1836/1700
647.24,active,55.16,51.87,41.58,17.33,hotspot,cpu,0.00,0.00,1836/1700
647.75,active,54.96,51.87,41.57,17.31,hotspot,cpu,0.00,0.00,1836/1700
648.26,active,54.80,51.86,41.56,17.30,hotspot,cpu,0.00,0.00,1836/1700
648.76,active,54.67,51.89,41.55,17.32,hotspot,cpu,0.00,0.00,1836/1700
649.27,active,54.57,51.92,41.54,17.29,hotspot,cpu,0.00,0.00,1836/1700
649.78,active,54.48,51.90,41.53,17.23,hotspot,cpu,0.00,0.00,1836/1700
650.29,active,54.41,51.89,41.52,17.19,hotspot,cpu,0.00,0.00,1836/1700
650.79,active,54.35,51.91,41.51,17.21,hotspot,cpu,0.00,0.00,1836/1700
651.30,active,54.31,51.93,41.51,17.24,hotspot,cpu,0.00,0.00,1836/1700
651.80,active,54.27,51.91,41.50,17.21,hotspot,cpu,0.00,0.00,1836/1700
652.31,active,54.23,51.90,41.49,17.12,hotspot,cpu,0.00,0.00,1836/1700
652.82,active,54.20,51.92,41.48,17.05,hotspot,cpu,0.00,0.00,1836/1700
653.33,active,54.17,51.94,41.47,16.98,hotspot,cpu,0.00,0.00,1836/1700
653.84,active,54.14,51.95,41.46,16.99,hotspot,cpu,0.00,0.00,1836/1700
654.35,active,54.12,51.96,41.45,16.99,hotspot,cpu,0.00,0.00,1836/1700
654.85,active,54.10,51.95,41.44,17.01,hotspot,cpu,0.00,0.00,1836/1700
655.36,active,54.08,51.93,41.43,16.88,hotspot,cpu,0.00,0.00,1836/1700
655.87,active,54.07,51.92,41.42,16.93,hotspot,cpu,0.00,0.00,1836/1700
656.38,active,54.06,51.91,41.41,16.97,hotspot,cpu,0.00,0.00,1836/1700
656.89,active,54.05,51.93,41.40,17.09,hotspot,cpu,0.00,0.00,1836/1700
657.40,active,54.05,51.95,41.40,17.20,hotspot,cpu,0.00,0.00,1836/1700
657.91,active,54.04,51.93,41.39,17.06,hotspot,cpu,0.00,0.00,1836/1700
658.41,active,54.04,51.92,41.38,16.93,hotspot,cpu,0.00,0.00,1836/1700
658.92,active,54.03,51.91,41.37,16.90,hotspot,cpu,0.00,0.00,1836/1700
659.43,active,54.02,51.90,41.37,16.87,hotspot,cpu,0.00,0.00,1836/1700
659.94,active,54.02,51.89,41.36,16.88,hotspot,cpu,0.00,0.00,1836/1700
660.45,active,54.01,51.88,41.35,16.88,hotspot,cpu,0.00,0.00,1836/1700
660.96,active,54.00,51.91,41.34,16.76,hotspot,cpu,0.00,0.00,1836/1700
661.46,active,54.00,51.93,41.33,16.65,hotspot,cpu,0.00,0.00,1836/1700
661.97,active,53.99,51.91,41.32,16.59,hotspot,cpu,0.00,0.00,1836/1700
662.48,active,53.98,51.90,41.32,16.54,hotspot,cpu,0.00,0.00,1836/1700
662.98,active,54.05,51.89,41.31,16.62,hotspot,cpu,0.00,0.00,1836/1700
663.49,active,54.10,51.88,41.30,16.69,hotspot,cpu,0.00,0.00,1836/1700
664.00,active,54.14,51.87,41.29,16.73,hotspot,cpu,0.00,0.00,1836/1700
664.50,active,54.17,51.87,41.28,16.62,hotspot,cpu,0.00,0.00,1836/1700
665.01,active,54.19,51.86,41.27,16.56,hotspot,cpu,0.00,0.00,1836/1700
665.52,active,54.21,51.86,41.26,16.49,hotspot,cpu,0.00,0.00,1836/1700
666.03,active,54.22,51.85,41.25,16.51,hotspot,cpu,0.00,0.00,1836/1700
666.54,active,54.22,51.85,41.25,16.52,hotspot,cpu,0.00,0.00,1836/1700
667.05,active,54.23,51.88,41.24,16.40,hotspot,cpu,0.00,0.00,1836/1700
667.56,active,54.85,51.91,41.23,16.44,hotspot,cpu,0.00,0.00,1836/1700
668.06,active,55.33,51.89,41.22,16.52,hotspot,cpu,0.00,0.00,1836/1700
668.57,active,55.71,51.88,41.22,16.60,hotspot,cpu,0.00,0.00,1836/1700
669.08,active,55.55,51.87,41.21,16.64,hotspot,cpu,0.00,0.00,1836/1700
669.59,active,55.65,51.86,41.20,16.68,hotspot,cpu,0.00,0.00,1836/1700
670.10,active,55.73,51.85,41.19,16.55,hotspot,cpu,0.00,0.00,1836/1700
670.60,active,56.24,51.88,41.18,16.73,hotspot,cpu,0.00,0.00,1836/1700
671.11,active,56.64,51.91,41.18,16.70,hotspot,cpu,0.00,0.00,1836/1700
671.62,active,56.94,51.89,41.17,16.98,hotspot,cpu,0.00,0.00,1836/1700
672.13,active,56.73,51.88,41.16,17.24,hotspot,cpu,0.00,0.00,1836/1700
672.64,active,56.34,51.90,41.15,17.26,hotspot,cpu,0.00,0.00,1836/1700
673.14,active,56.04,51.92,41.15,17.12,hotspot,cpu,0.00,0.00,1836/1700
673.65,active,55.63,51.91,41.14,16.97,hotspot,cpu,0.00,0.00,1836/1700
674.16,active,55.31,51.90,41.13,16.83,hotspot,cpu,0.00,0.00,1836/1700
674.67,active,55.24,51.89,41.12,16.85,hotspot,cpu,0.00,0.00,1836/1700
675.18,active,55.19,51.88,41.12,16.87,hotspot,cpu,0.00,0.00,1836/1700
675.69,active,55.15,51.87,41.11,16.89,hotspot,cpu,0.00,0.00,1836/1700
676.19,active,55.11,51.86,41.10,16.76,hotspot,cpu,0.00,0.00,1836/1700
676.70,active,54.90,51.86,41.10,17.01,hotspot,cpu,0.00,0.00,1836/1700
677.20,active,54.73,51.85,41.09,16.96,hotspot,cpu,0.00,0.00,1836/1700
677.71,active,54.79,51.88,41.08,17.02,hotspot,cpu,0.00,0.00,1836/1700
678.22,active,54.84,51.91,41.08,17.07,hotspot,cpu,0.00,0.00,1836/1700
678.73,active,55.10,51.89,41.07,17.22,hotspot,cpu,0.00,0.00,1836/1700
679.23,active,55.30,51.88,41.07,17.41,hotspot,cpu,0.00,0.00,1836/1700
679.73,active,55.04,51.87,41.06,17.32,hotspot,cpu,0.00,0.00,1836/1700
680.24,active,54.84,51.86,41.05,17.23,hotspot,cpu,0.00,0.00,1836/1700
680.74,active,54.68,51.89,41.05,17.22,hotspot,cpu,0.00,0.00,1836/1700
681.25,active,54.56,51.92,41.04,17.21,hotspot,cpu,0.00,0.00,1836/1700
681.75,active,54.46,51.90,41.03,17.07,hotspot,cpu,0.00,0.00,1836/1700
682.26,active,54.38,51.88,41.03,17.08,hotspot,cpu,0.00,0.00,1836/1700
682.76,active,54.34,51.87,41.02,16.98,hotspot,cpu,0.00,0.00,1836/1700
683.27,active,54.30,51.86,41.02,16.89,hotspot,cpu,0.00,0.00,1836/1700
683.78,active,54.27,51.86,41.01,16.89,hotspot,cpu,0.00,0.00,1836/1700
684.29,active,54.25,51.85,41.01,16.90,hotspot,cpu,0.00,0.00,1836/1700
684.80,active,54.22,51.89,41.00,16.93,hotspot,cpu,0.00,0.00,1836/1700
685.30,active,54.21,51.91,40.99,16.87,hotspot,cpu,0.00,0.00,1836/1700
685.81,active,54.18,51.90,40.99,16.78,hotspot,cpu,0.00,0.00,1836/1700
686.31,active,54.17,51.89,40.98,16.70,hotspot,cpu,0.00,0.00,1836/1700
686.82,active,54.14,51.91,40.98,16.69,hotspot,cpu,0.00,0.00,1836/1700
687.33,active,54.12,51.93,40.97,16.68,hotspot,cpu,0.00,0.00,1836/1700
687.84,active,54.10,51.92,40.96,16.73,hotspot,cpu,0.00,0.00,1836/1700
688.35,active,54.08,51.91,40.96,16.62,hotspot,cpu,0.00,0.00,1836/1700
688.85,active,54.07,51.89,40.95,16.62,hotspot,cpu,0.00,0.00,1836/1700
689.36,active,54.06,51.89,40.95,16.62,hotspot,cpu,0.00,0.00,1836/1700
689.87,active,54.05,51.88,40.94,16.66,hotspot,cpu,0.00,0.00,1836/1700
690.38,active,54.04,51.87,40.94,16.69,hotspot,cpu,0.00,0.00,1836/1700
690.89,active,54.03,51.90,40.93,16.67,hotspot,cpu,0.00,0.00,1836/1700
691.40,active,54.03,51.92,40.93,16.55,hotspot,cpu,0.00,0.00,1836/1700
691.90,active,54.02,51.91,40.92,16.52,hotspot,cpu,0.00,0.00,1836/1700
692.41,active,54.01,51.89,40.91,16.50,hotspot,cpu,0.00,0.00,1836/1700
692.92,active,54.00,51.92,40.91,16.58,hotspot,cpu,0.00,0.00,1836/1700
693.43,active,53.99,51.94,40.90,16.65,hotspot,cpu,0.00,0.00,1836/1700
693.94,active,53.98,51.93,40.90,16.54,hotspot,cpu,0.00,0.00,1836/1700
694.45,active,53.97,51.92,40.89,16.44,hotspot,cpu,0.00,0.00,1836/1700
694.95,active,53.96,51.91,40.89,16.37,hotspot,cpu,0.00,0.00,1836/1700
695.46,active,53.96,51.90,40.88,16.31,hotspot,cpu,0.00,0.00,1836/1700
695.97,active,53.95,51.89,40.87,16.34,hotspot,cpu,0.00,0.00,1836/1700
696.48,active,53.95,51.89,40.87,16.38,hotspot,cpu,0.00,0.00,1836/1700
696.99,active,53.95,51.88,40.86,16.27,hotspot,cpu,0.00,0.00,1836/1700
697.50,active,53.95,51.88,40.86,16.17,hotspot,cpu,0.00,0.00,1836/1700
698.00,active,54.12,51.87,40.85,16.21,hotspot,cpu,0.00,0.00,1836/1700
698.51,active,54.26,51.87,40.85,16.24,hotspot,cpu,0.00,0.00,1836/1700
699.02,active,54.20,51.86,40.84,16.31,hotspot,cpu,0.00,0.00,1836/1700
699.53,active,54.16,51.86,40.84,16.37,hotspot,cpu,0.00,0.00,1836/1700
700.04,active,54.13,51.85,40.83,16.26,hotspot,cpu,0.00,0.00,1836/1700
700.54,active,54.11,51.85,40.83,16.20,hotspot,cpu,0.00,0.00,1836/1700
701.05,active,54.08,51.84,40.82,16.14,hotspot,cpu,0.00,0.00,1836/1700
701.55,active,54.07,51.84,40.81,16.08,hotspot,cpu,0.00,0.00,1836/1700
702.06,active,54.05,51.83,40.81,16.16,hotspot,cpu,0.00,0.00,1836/1700
702.56,active,54.04,51.83,40.80,16.23,hotspot,cpu,0.00,0.00,1836/1700
703.07,active,54.48,51.82,40.80,16.20,hotspot,cpu,0.00,0.00,1836/1700
703.58,active,54.82,51.82,40.79,16.33,hotspot,cpu,0.00,0.00,1836/1700
704.08,active,54.67,51.81,40.79,16.21,hotspot,cpu,0.00,0.00,1836/1700
704.59,active,54.97,51.80,40.78,16.09,hotspot,cpu,0.00,0.00,1836/1700
705.10,active,55.20,51.84,40.77,16.15,hotspot,cpu,0.00,0.00,1836/1700
705.60,active,55.38,51.88,40.77,16.19,hotspot,cpu,0.00,0.00,1836/1700
706.11,active,55.52,51.86,40.76,16.13,hotspot,cpu,0.00,0.00,1836/1700
706.62,active,55.19,51.84,40.75,16.03,hotspot,cpu,0.00,0.00,1836/1700
707.13,active,54.94,51.82,40.75,15.94,hotspot,cpu,0.00,0.00,1836/1700
707.64,active,55.18,51.81,40.74,16.06,hotspot,cpu,0.00,0.00,1836/1700
708.15,active,55.36,51.80,40.74,16.18,hotspot,cpu,0.00,0.00,1836/1700
708.65,active,55.51,51.79,40.73,16.22,hotspot,cpu,0.00,0.00,1836/1700
709.16,active,55.62,51.78,40.72,16.26,hotspot,cpu,0.00,0.00,1836/1700
709.67,active,55.26,51.78,40.72,16.18,hotspot,cpu,0.00,0.00,1836/1700
710.18,active,54.99,51.77,40.71,16.11,hotspot,cpu,0.00,0.00,1836/1700
710.68,active,54.77,51.76,40.71,16.17,hotspot,cpu,0.00,0.00,1836/1700
711.19,active,54.61,51.76,40.70,16.23,hotspot,cpu,0.00,0.00,1836/1700
711.70,active,54.69,51.81,40.69,16.31,hotspot,cpu,0.00,0.00,1836/1700
712.20,active,54.76,51.86,40.69,16.24,hotspot,cpu,0.00,0.00,1836/1700
712.71,active,54.59,51.83,40.68,16.27,hotspot,cpu,0.00,0.00,1836/1700
713.22,active,54.45,51.82,40.68,16.29,hotspot,cpu,0.00,0.00,1836/1700
713.73,active,54.34,51.81,40.67,16.40,hotspot,cpu,0.00,0.00,1836/1700
714.24,active,54.26,51.81,40.67,16.51,hotspot,cpu,0.00,0.00,1836/1700
714.75,active,54.19,51.81,40.66,16.41,hotspot,cpu,0.00,0.00,1836/1700
715.25,active,54.14,51.80,40.65,16.41,hotspot,cpu,0.00,0.00,1836/1700
715.76,active,54.08,51.80,40.65,16.32,hotspot,cpu,0.00,0.00,1836/1700
716.27,active,54.04,51.79,40.64,16.24,hotspot,cpu,0.00,0.00,1836/1700
716.78,active,54.01,51.84,40.63,16.33,hotspot,cpu,0.00,0.00,1836/1700
717.28,active,53.99,51.88,40.63,16.62,hotspot,cpu,0.00,0.00,1836/1700
717.79,active,53.97,51.86,40.62,16.71,hotspot,cpu,0.00,0.00,1836/1700
718.30,active,53.96,51.84,40.62,16.65,hotspot,cpu,0.00,0.00,1836/1700
718.81,active,53.94,51.83,40.61,16.66,hotspot,cpu,0.00,0.00,1836/1700
719.32,active,53.93,51.82,40.60,16.66,hotspot,cpu,0.00,0.00,1836/1700
719.83,active,54.02,51.81,40.60,16.78,hotspot,cpu,0.00,0.00,1836/1700
